Date,Close,High,Low,Open,Volume,log_return,cum_return,rolling_vol_21
2007-07-31,77.05000305175781,77.16999816894531,75.66999816894531,75.69999694824219,3513,0.017148207104760473,101.72960816601095,
2007-08-01,75.3499984741211,77.05999755859375,74.86000061035156,77.0,3930,-0.022310696551668428,99.48508133001283,
2007-08-02,75.76000213623047,76.20999908447266,74.2699966430664,75.22000122070312,6180,0.005426572253207528,100.02641176792335,
2007-08-03,74.75,76.0,74.52999877929688,75.38999938964844,4387,-0.01342126480436644,98.69289953565855,
2007-08-06,71.16999816894531,74.5999984741211,70.87000274658203,74.54000091552734,7201,-0.04907785668751707,93.96620039118024,
2007-08-07,71.80000305175781,72.01000213623047,70.55999755859375,70.80000305175781,6775,0.008813162974489622,94.79799983741955,
2007-08-08,70.98999786376953,72.02999877929688,70.66000366210938,71.44000244140625,5768,-0.011345526598465603,93.72854484556017,
2007-08-09,70.20999908447266,71.08000183105469,69.2699966430664,70.91000366210938,6232,-0.011048253969987851,92.69870750558582,
2007-08-10,70.38999938964844,70.44999694824219,68.97000122070312,69.91000366210938,3947,0.0025604609597272214,92.9363630512059,
2007-08-13,70.2300033569336,71.83000183105469,69.9000015258789,70.95999908447266,4088,-0.002275580978974135,92.72511927350918,
2007-08-14,70.51000213623047,70.80000305175781,69.61000061035156,70.30999755859375,3966,0.003978956057724948,93.09480343933197,
2007-08-15,71.63999938964844,72.19999694824219,70.83000183105469,70.83999633789062,3664,0.015898994645014628,94.5867459865848,
2007-08-16,69.7699966430664,70.62000274658203,69.05000305175781,70.62000274658203,4762,-0.026449498835947376,92.11776948892827,
2007-08-17,70.44000244140625,71.06999969482422,70.04000091552734,70.33000183105469,3279,0.009557248450517973,93.00238239787627,
2007-08-20,69.8499984741211,70.31999969482422,68.94000244140625,69.68000030517578,3852,-0.008411254429488436,92.22339641434564,
2007-08-21,68.69000244140625,70.51000213623047,68.18000030517578,69.76000213623047,5588,-0.01674640008971758,90.6918462883458,
2007-08-22,68.69999694824219,69.36000061035156,68.19000244140625,68.97000122070312,4232,0.00014549103861944134,90.70504209916945,
2007-08-23,69.86000061035156,69.97000122070312,69.11000061035156,69.1500015258789,4087,0.016744093308675826,92.23660229830732,
2007-08-24,70.62000274658203,70.80999755859375,69.5199966430664,69.55000305175781,2786,0.01082018127718256,93.24003794349633,
2007-08-27,70.94999694824219,71.11000061035156,69.48999786376953,70.44000244140625,3128,0.004661931200605477,93.67573138285145,
2007-08-28,70.55000305175781,71.05000305175781,70.19999694824219,71.05000305175781,3421,-0.005653639037767184,93.14761690204062,0.2601716779382673
2007-08-29,72.12999725341797,72.26000213623047,70.7699966430664,70.80000305175781,4245,0.022148286881871697,95.23369327677466,0.26566131629583056
2007-08-30,71.9000015258789,72.45999908447266,71.37999725341797,72.0999984741211,3257,-0.0031937224881215106,94.93002845762223,0.25637281927280314
2007-08-31,72.69000244140625,73.05999755859375,72.05000305175781,72.2300033569336,3257,0.01092757113385389,95.97307168155828,0.2591366363517456
2007-09-04,73.91999816894531,74.05000305175781,72.80000305175781,73.26000213623047,4057,0.01677954547957442,97.59704284901382,0.26340394210173174
2007-09-05,74.33999633789062,74.37999725341797,73.76000213623047,74.12999725341797,3139,0.005665713044810516,98.151569097748,0.19588945662517623
2007-09-06,74.7699966430664,75.63999938964844,73.75,74.77999877929688,4852,0.005767574507547583,98.71930123044386,0.19485084165311717
2007-09-07,75.06999969482422,75.22000122070312,74.27999877929688,74.36000061035156,3685,0.0040043174046696895,99.11539716419001,0.18883600295806907
2007-09-10,75.4800033569336,75.73999786376953,73.86000061035156,74.56999969482422,3082,0.005446757455131721,99.65672760210056,0.18227851313950336
2007-09-11,76.37999725341797,76.4000015258789,74.98999786376953,75.48999786376953,3305,0.01185308086310311,100.84499525706295,0.18453779170282686
2007-09-12,77.68000030517578,77.8499984741211,76.27999877929688,76.37999725341797,3294,0.016876982073767526,102.56139753911222,0.1883632875706239
2007-09-13,77.12000274658203,77.27999877929688,76.30000305175781,76.86000061035156,2470,-0.007235141995013874,101.82202920746664,0.1929303554620643
2007-09-14,76.22000122070312,77.23999786376953,76.06999969482422,76.69000244140625,2912,-0.011738774455446577,100.63375147936623,0.19567053501798437
2007-09-17,76.9800033569336,77.04000091552734,75.54000091552734,75.54000091552734,2573,0.00992178000222942,101.63718712455525,0.16496731728935096
2007-09-18,77.58999633789062,78.33000183105469,76.33000183105469,76.66999816894531,3427,0.007892814244177317,102.44256472973315,0.1644475992402038
2007-09-19,78.47000122070312,78.55999755859375,77.45999908447266,78.04000091552734,3109,0.01127789598804165,103.60444076304825,0.15886280612991904
2007-09-20,79.08999633789062,79.2699966430664,77.81999969482422,77.87000274658203,2426,0.007869996532575047,104.42302425218782,0.13668658742613674
2007-09-21,79.30000305175781,79.94999694824219,78.4800033569336,79.25,2768,0.0026517688962462956,104.70029744969294,0.13543920773610782
2007-09-24,78.91000366210938,79.47000122070312,78.2300033569336,78.6500015258789,2619,-0.00493015818287859,104.18537877970576,0.13626298866449993
2007-09-25,77.62000274658203,78.4800033569336,77.19000244140625,78.41999816894531,4042,-0.016482847615889914,102.48218238161817,0.155111196393273
2007-09-26,77.43000030517578,78.27999877929688,76.37999725341797,77.9000015258789,4071,-0.002450854985794014,102.2313209520364,0.15696387866021902
2007-09-27,80.02999877929688,80.18000030517578,78.01000213623047,78.01000213623047,3604,0.0330272427859414,105.66411544299692,0.18172631493980176
2007-09-28,79.16999816894531,81.02999877929688,78.91999816894531,80.05999755859375,2607,-0.010804133070681452,104.5286511776052,0.18068868428041815
2007-10-01,77.63999938964844,78.94000244140625,76.94000244140625,78.83000183105469,4079,-0.01951466561569759,102.50858407640348,0.19743943471317196
2007-10-02,77.37999725341797,77.44999694824219,76.33000183105469,77.06999969482422,3748,-0.003354436661867946,102.16530160536604,0.1970113576300647
2007-10-03,77.37999725341797,77.80999755859375,76.87000274658203,77.41999816894531,3765,0.0,102.16530160536604,0.19067231539753435
2007-10-04,78.97000122070312,79.23999786376953,76.55999755859375,76.9800033569336,3821,0.02033973518965934,104.26459393719978,0.2005727760405502
2007-10-05,78.9000015258789,79.08000183105469,78.19000244140625,79.04000091552734,3024,-0.0008868017760663132,104.1721728957441,0.20068906635975056
2007-10-08,76.58000183105469,78.33999633789062,76.16000366210938,78.33999633789062,2623,-0.02984527723173224,101.10906257060637,0.22976903679250996
2007-10-09,77.48999786376953,78.16000366210938,75.66999816894531,75.91999816894531,2981,0.011812898248537894,102.31053610953043,0.23238289758858927
2007-10-10,78.5999984741211,78.6500015258789,76.98999786376953,77.44000244140625,5814,0.014222811813905776,103.77607696199793,0.23388522110989352
2007-10-11,80.1500015258789,80.68000030517578,79.0999984741211,79.43000030517578,3076,0.019528218071409132,105.82255583112297,0.23626904931980397
2007-10-12,80.55000305175781,80.88999938964844,79.79000091552734,79.87000274658203,1864,0.004978249416133451,106.35068038507183,0.23436614057872968
2007-10-15,82.75,82.86000061035156,81.37000274658203,81.4000015258789,1211,0.02694586674768672,109.25535032208352,0.2437660156847384
2007-10-16,83.55000305175781,83.79000091552734,82.16999816894531,82.93000030517578,3747,0.009621277310355524,110.31159942998121,0.24367490905616435
2007-10-17,83.12999725341797,84.41000366210938,82.66999816894531,83.27999877929688,4623,-0.005039677064132675,109.757063108109,0.24511873404537757
2007-10-18,84.5999984741211,84.69999694824219,83.13999938964844,83.33999633789062,3256,0.01752863407238848,111.69791505181665,0.2486186205473438
2007-10-19,83.79000091552734,84.66000366210938,83.16999816894531,84.6500015258789,3570,-0.009620569024137523,110.62847013309532,0.25217490538889464
2007-10-22,83.2699966430664,84.06999969482422,81.94999694824219,81.94999694824219,3145,-0.006225379617760706,109.94190519102038,0.25408573511539845
2007-10-23,82.8499984741211,83.58000183105469,82.36000061035156,83.55999755859375,3005,-0.0050565744786813735,109.38737894228619,0.2541315979258477
2007-10-24,84.37000274658203,84.47000122070312,82.69999694824219,82.73999786376953,2766,0.01818019527634323,111.39425023266425,0.2501531178424583
2007-10-25,87.4800033569336,87.56999969482422,85.33000183105469,85.55999755859375,2467,0.03619831345074566,115.50040378173803,0.272483492975874
2007-10-26,88.69000244140625,88.75,87.63999938964844,88.13999938964844,2952,0.013736936733480684,117.09797325440825,0.2558955170630173
2007-10-29,90.31999969482422,90.43000030517578,88.77999877929688,89.58999633789062,2303,0.018211745546804763,119.25006897581265,0.25319573689437247
2007-10-30,87.44000244140625,89.55000305175781,86.91000366210938,88.9800033569336,4041,-0.032406044673364,115.44759031902933,0.272910655613063
2007-10-31,90.62999725341797,90.9000015258789,86.94000244140625,88.30999755859375,2093,0.03583238197203559,119.65936072038245,0.28983651300676044
2007-11-01,89.72000122070312,91.25,88.5999984741211,91.19999694824219,3831,-0.010091530503545462,118.45788718145837,0.2951970796673569
2007-11-02,92.08000183105469,92.2300033569336,90.26000213623047,90.61000061035156,1781,0.025964061041399294,121.5738109693048,0.29900681839573434
2007-11-05,90.48999786376953,92.2699966430664,90.26000213623047,90.58000183105469,1992,-0.017418460543427088,119.47451863747105,0.31000157697942665
2007-11-06,93.26000213623047,93.54000091552734,92.20999908447266,92.31999969482422,2594,0.030151990530679455,123.13177286322802,0.29035376181311245
2007-11-07,93.23999786376953,94.58999633789062,91.75,94.37999725341797,2778,-0.00021452302989436467,123.10536109530467,0.29207004499842776
2007-11-08,92.79000091552734,94.73999786376953,92.5199966430664,93.91999816894531,2421,-0.004837906024713953,122.51122726782349,0.2950679859419997
2007-11-09,93.18000030517578,93.7699966430664,91.80999755859375,92.05000305175781,2177,0.004194224432024354,123.02614593781067,0.292223531453533
2007-11-12,91.9800033569336,92.37999725341797,91.0,92.26000213623047,2000,-0.012961911055652078,121.44178234910213,0.3004147440792987
2007-11-13,88.83000183105469,91.33999633789062,87.91000366210938,91.01000213623047,2488,-0.03484674721348898,117.28281533731968,0.32241104985289565
2007-11-14,91.36000061035156,91.55000305175781,89.41999816894531,89.58000183105469,1082,0.028083301193800037,120.62318878682447,0.33308334428309544
2007-11-15,90.2300033569336,90.6500015258789,88.72000122070312,90.55999755859375,935,-0.012445749377837365,119.13124623957165,0.3366563130319476
2007-11-16,91.62000274658203,91.94999694824219,90.88999938964844,90.93000030517578,1032,0.015287615225976865,120.96647125786195,0.3356012986884182
2007-11-19,92.27999877929688,92.5199966430664,91.0199966430664,92.31999969482422,986,0.007177801640730364,121.83786820971025,0.3321670960221663
2007-11-20,95.48999786376953,95.7300033569336,93.16000366210938,93.4800033569336,2063,0.03419408751356238,126.07605037898671,0.3448442406741236
2007-11-21,94.83999633789062,96.13999938964844,94.04000091552734,95.62999725341797,1649,-0.006830285007212004,125.21784923796208,0.3456483401172205
2007-11-23,95.76000213623047,95.93000030517578,94.01000213623047,94.01000213623047,447,0.009653860974237663,126.43253873398585,0.34325178945447393
2007-11-26,95.31999969482422,96.12000274658203,94.29000091552734,95.97000122070312,1358,-0.004605434528939584,125.85160071732831,0.3267729999448618
2007-11-27,92.5199966430664,93.86000061035156,92.43000030517578,93.86000061035156,2162,-0.029814847949040258,122.15473891282433,0.3448926811671114
2007-11-28,89.80999755859375,93.37000274658203,89.66000366210938,92.95999908447266,2968,-0.029728500581175613,118.57670991769945,0.3563156236992288
2007-11-29,90.22000122070312,91.93000030517578,89.75,91.72000122070312,2605,0.004554845011810667,119.11804035560998,0.33678154517532877
2007-11-30,88.26000213623047,90.1500015258789,87.91000366210938,88.70999908447266,1332,-0.021964117465308002,116.53024112171242,0.32169690201742535
2007-12-03,89.80000305175781,90.02999877929688,87.05000305175781,87.6500015258789,1804,0.017297981246857608,118.5635141068758,0.32618509533841267
2007-12-04,89.52999877929688,90.3499984741211,88.98999786376953,90.0199966430664,1948,-0.003011258280599637,118.20702575187667,0.3123205868245655
2007-12-05,88.48999786376953,91.22000122070312,88.37000274658203,91.0199966430664,1864,-0.011684223873160371,116.83390594086485,0.30921668695953375
2007-12-06,90.18000030517578,90.62999725341797,87.05999755859375,87.5,2366,0.01891814923867868,119.06522689290131,0.29714011754195424
2007-12-07,88.63999938964844,90.41000366210938,87.55000305175781,89.97000122070312,1496,-0.017224460263773514,117.03195390773793,0.3019449514865954
2007-12-10,88.04000091552734,89.83999633789062,87.5,88.20999908447266,1526,-0.006791949055984698,116.23977211338365,0.3022187391937922
2007-12-11,89.98999786376953,90.36000061035156,88.19999694824219,88.51000213623047,1939,0.021907262250071363,118.81436546331953,0.31319369446576956
2007-12-12,94.0199966430664,94.44000244140625,90.38999938964844,90.38999938964844,1383,0.04380896058419591,124.13519843527905,0.3472678123951445
2007-12-13,92.12000274658203,94.33000183105469,92.01000213623047,94.04000091552734,1064,-0.020415385123774023,121.62662443201353,0.33172502395731374
2007-12-14,91.69000244140625,93.30999755859375,91.12999725341797,92.30999755859375,2077,-0.00467875607919295,121.05889229931768,0.3180657382590039
2007-12-17,91.29000091552734,92.33999633789062,90.1500015258789,91.80000305175781,1859,-0.00437208608278455,120.53076774536882,0.3152474005814026
2007-12-18,90.12000274658203,92.87999725341797,89.36000061035156,91.58000183105469,1446,-0.012899116564784149,118.98601173540729,0.3137690019902757
2007-12-19,91.4800033569336,92.27999877929688,89.79000091552734,90.69999694824219,1047,0.014978259809414094,120.78162917495057,0.317406085265343
2007-12-20,90.87999725341797,92.23999786376953,90.70999908447266,92.23999786376953,1137,-0.0065804810996321385,119.98943730745827,0.2917812529808621
2007-12-21,92.45999908447266,92.91999816894531,90.70999908447266,90.76000213623047,885,0.017236183907437273,122.07552375533035,0.2989536048623169
2007-12-24,92.69999694824219,92.3499984741211,91.37999725341797,92.2699966430664,87,0.002592330992808217,122.39239445844446,0.2967125998304827
2007-12-26,93.94000244140625,95.04000091552734,92.83999633789062,93.08000183105469,1335,0.013287866936831766,124.02958158299973,0.3008340157071162
2007-12-27,94.77999877929688,95.86000061035156,93.56999969482422,94.11000061035156,1453,0.00890209707226534,125.13863408046808,0.2829793459982092
2007-12-28,93.87999725341797,95.8499984741211,93.8499984741211,95.19000244140625,1108,-0.00954106193359373,123.95035635236766,0.2631719631156835
2007-12-31,93.8499984741211,95.26000213623047,93.27999877929688,93.9000015258789,1108,-0.0003195949526974563,123.91074877362065,0.26314321961182036
2008-01-02,97.83999633789062,98.0199966430664,94.19999694824219,94.30000305175781,1149,0.041635707175525,129.17876828287146,0.28208299624178484
2008-01-03,97.5999984741211,98.47000122070312,97.06999969482422,97.5,1386,-0.0024559761643021915,128.86189757975737,0.2794372954381316
2008-01-04,96.79000091552734,97.88999938964844,96.20999908447266,97.73999786376953,1240,-0.008333785165140042,127.79245266103601,0.2817109127348784
2008-01-07,94.38999938964844,97.45999908447266,93.7300033569336,96.81999969482422,1826,-0.025108563749322008,124.6237154104809,0.2945035187783531
2008-01-08,95.54000091552734,96.66999816894531,94.51000213623047,95.44000244140625,1082,0.012109888673896377,126.1420697256571,0.2908094415116862
2008-01-09,94.37000274658203,96.70999908447266,94.12000274658203,95.63999938964844,1903,-0.012321762406836656,124.59731371569556,0.28703804410853034
2008-01-10,92.22000122070312,94.83000183105469,92.16999816894531,94.23999786376953,2675,-0.023046215122220895,121.75865305221625,0.2992742680030097
2008-01-11,91.06999969482422,92.55999755859375,90.8499984741211,91.68000030517578,1646,-0.012548601786693436,120.24029873704004,0.2944616657274172
2008-01-14,92.91999816894531,93.0199966430664,91.19999694824219,91.19999694824219,1873,0.020110449967772042,122.6828634667732,0.260045287161875
2008-01-15,90.9800033569336,93.0,90.36000061035156,92.95999908447266,1165,-0.02109914915715018,120.12147600079899,0.26071302221285664
2008-01-16,89.5,90.47000122070312,88.31999969482422,89.94999694824219,918,-0.016401113758537145,118.16741817312963,0.2661337994334862
2008-01-17,88.75,90.69000244140625,88.19999694824219,90.06999969482422,1170,-0.008415196925284472,117.1771884119023,0.2671170659516182
2008-01-18,89.2300033569336,89.95999908447266,88.72000122070312,89.1500015258789,1170,0.005393915177666036,117.81093989126855,0.2646512482924524
2008-01-22,88.44999694824219,88.87000274658203,85.0999984741211,88.5999984741211,2072,-0.008779957430029637,116.78109247815615,0.2599291692212699
2008-01-23,86.62000274658203,88.63999938964844,86.38999938964844,88.47000122070312,1197,-0.020906618608276556,114.36493951634634,0.26799748323260925
2008-01-24,89.06999969482422,89.31999969482422,86.9000015258789,87.66000366210938,1392,0.02789180652264646,117.59968604043377,0.28004879703952645
2008-01-25,90.9000015258789,91.37000274658203,89.41000366210938,90.08999633789062,2660,0.020337443952247986,120.01584907538161,0.2901045307457555
2008-01-28,91.37999725341797,91.73999786376953,89.31999969482422,89.9000015258789,1328,0.005266588108636731,120.64959048160979,0.28645772621106613
2008-01-29,92.0,92.20999908447266,91.04000091552734,91.2699966430664,1358,0.006761970970623982,121.46818404388743,0.2855904983560256
2008-01-30,92.52999877929688,92.76000213623047,91.4800033569336,92.43000030517578,848,0.005744326019386521,122.16794479678599,0.2850202855824209
2008-01-31,92.20999908447266,92.80000305175781,90.19999694824219,91.44999694824219,1865,-0.0034643284460979,121.7454471682545,0.28517696746258037
2008-02-01,89.44000244140625,92.44000244140625,88.9800033569336,91.41999816894531,2110,-0.030500537918958927,118.08820301563559,0.2579859223959261
2008-02-04,90.4000015258789,91.11000061035156,88.66000366210938,89.01000213623047,1760,0.010676247573951962,119.35569590123004,0.26311218522193314
2008-02-05,88.81999969482422,89.7300033569336,88.08999633789062,89.48999786376953,1819,-0.017632437849256232,117.26960945335796,0.267139142980135
2008-02-06,87.77999877929688,89.56999969482422,87.55000305175781,88.51000213623047,1381,-0.011778176074370456,115.89648964234615,0.25775124583739345
2008-02-07,88.51000213623047,88.75,86.8499984741211,87.5,3593,0.008281893762560118,116.86031770878817,0.25516633698581
2008-02-08,91.94000244140625,92.30000305175781,89.11000061035156,89.6500015258789,2755,0.038020652816168586,121.38896888639341,0.2907018976069903
2008-02-11,93.52999877929688,94.51000213623047,91.11000061035156,92.04000091552734,1816,0.017146010462574583,123.4882511450891,0.28602193260125996
2008-02-12,92.86000061035156,94.12999725341797,92.22000122070312,92.56999969482422,1484,-0.007189238230408608,122.60364830927915,0.2834920492497045
2008-02-13,93.31999969482422,93.9800033569336,92.4000015258789,93.52999877929688,708,0.0049414547184312265,123.21098802072198,0.27531043958142515
2008-02-14,95.16000366210938,95.30999755859375,93.06999969482422,93.91000366210938,1054,0.019525280035439727,125.64035693963152,0.2716442770603705
2008-02-15,94.62999725341797,95.77999877929688,94.04000091552734,95.02999877929688,1054,-0.005585202422752726,124.9405861135949,0.26484164405091165
2008-02-19,98.55999755859375,98.72000122070312,94.4800033569336,94.4800033569336,1837,0.04069095351873921,130.1293904653517,0.29219873109614264
2008-02-20,98.41999816894531,99.19999694824219,96.77999877929688,97.4800033569336,1361,-0.0014214581811138188,129.9445483824403,0.29303335048804735
2008-02-21,96.23999786376953,98.91999816894531,95.51000213623047,98.87999725341797,2049,-0.022398967363819276,127.06628014021398,0.3044824760377009
2008-02-22,97.01000213623047,97.55000305175781,95.75,96.26000213623047,1117,0.007969038524401607,128.08292166936468,0.2908219073205083
2008-02-25,97.69000244140625,98.1500015258789,96.3499984741211,97.86000061035156,1547,0.006985136662297676,128.98073038913637,0.27923064940039205
2008-02-26,99.47000122070312,99.75,97.20999908447266,97.6500015258789,2272,0.01805687878018182,131.33087407741382,0.27769799176222304
2008-02-27,98.2699966430664,100.48999786376953,97.98999786376953,100.05999755859375,1629,-0.012137345222370081,129.74650041556725,0.28341269081233555
2008-02-28,100.9000015258789,101.27999877929688,97.51000213623047,98.12999725341797,2029,0.026411184268222327,133.2189125584128,0.29426195594919435
2008-02-29,100.0999984741211,101.23999786376953,99.68000030517578,101.23999786376953,1601,-0.00796027140461876,132.16266345051508,0.29728547806442956
2008-03-03,100.4800033569336,102.26000213623047,99.26000213623047,100.25,2539,0.0037890650512316607,132.66438630967863,0.29612886874733046
2008-03-04,97.5199966430664,101.30999755859375,96.98999786376953,100.5999984741211,5074,-0.029901285378872378,128.7562706543399,0.2952528723762071
2008-03-05,101.63999938964844,102.0199966430664,97.58000183105469,97.5999984741211,3129,0.04137970169694174,134.19593643567848,0.3218082608559904
2008-03-06,102.61000061035156,102.91999816894531,100.29000091552734,101.62000274658203,3977,0.009498247375453317,135.47663520523457,0.3106812503097326
2008-03-07,102.37999725341797,103.94000244140625,101.38999938964844,102.41999816894531,3166,-0.0022440456202766326,135.17296031294413,0.3051763586843939
2008-03-10,104.16000366210938,104.41999816894531,101.19999694824219,102.19000244140625,2395,0.017236859416651644,137.52311407435963,0.3071001353933006
2008-03-11,105.25,105.79000091552734,103.30999755859375,104.94999694824219,2684,0.01041025894373223,138.9622431589038,0.2870519151370422
2008-03-12,106.2699966430664,106.38999938964844,104.0199966430664,105.0999984741211,1607,0.009644521233389582,140.30895120199224,0.2846926281907929
2008-03-13,107.54000091552734,107.86000061035156,105.62999725341797,106.4000015258789,674,0.011879886099017281,141.9857459052945,0.281134434020368
2008-03-14,106.19999694824219,106.9800033569336,105.08000183105469,106.16000366210938,768,-0.012538799823008867,140.21653016053654,0.2891457226078248
2008-03-17,101.75,104.16999816894531,99.69000244140625,102.87000274658203,933,-0.04280525574918436,134.34117093984287,0.3304964365447939
2008-03-18,105.55999755859375,106.11000061035156,101.76000213623047,102.08000183105469,1949,0.036760664184280624,139.3715349034736,0.3484011714476119
2008-03-19,100.72000122070312,104.25,100.18000030517578,103.94999694824219,2602,-0.046935086651124475,132.9812570127927,0.36764658213737805
2008-03-20,100.37999725341797,100.79000091552734,97.9800033569336,99.93000030517578,1843,-0.003381444990918638,132.5323476163379,0.3678740336305649
2008-03-24,99.86000061035156,101.20999908447266,99.05000305175781,99.62000274658203,615,-0.005193745680406202,131.845792747401,0.3588382116804923
2008-03-25,100.5999984741211,101.06999969482422,98.86000061035156,100.26000213623047,1484,0.00738303131332051,132.82281662466664,0.358716136480755
2008-03-26,103.98999786376953,104.12000274658203,101.0199966430664,101.29000091552734,2573,0.033142477631632083,137.2986543395632,0.3746351432644185
2008-03-27,105.0,105.54000091552734,103.44000244140625,104.4000015258789,1559,0.009665630028035036,138.632166571828,0.371493536341723
2008-03-28,103.7699966430664,105.37000274658203,103.04000091552734,105.08999633789062,1039,-0.011783470890087156,137.00818533123444,0.37131891757730784
2008-03-31,100.30000305175781,105.30999755859375,99.16000366210938,103.52999877929688,2274,-0.034011153873247525,132.42673076405856,0.3813421397495702
2008-04-01,100.16999816894531,101.47000122070312,98.9800033569336,100.02999877929688,1611,-0.001297001049987662,132.25508449197082,0.38034939560879805
2008-04-02,103.75,103.97000122070312,99.11000061035156,100.68000030517578,1605,0.03511543476660674,136.9817836364491,0.3992576390008229
2008-04-03,102.5199966430664,104.5,102.12999725341797,102.25,1190,-0.01192629035912043,135.35780239585554,0.38606825560296515
2008-04-04,104.9000015258789,105.02999877929688,102.73999786376953,103.11000061035156,1108,0.022949661196597436,138.5001379516253,0.3674401189353328
2008-04-07,107.13999938964844,107.48999786376953,104.62999725341797,105.61000061035156,1121,0.02112885480776301,141.45762135134567,0.3727985084382328
2008-04-08,106.33999633789062,107.6500015258789,105.72000122070312,107.37999725341797,1189,-0.007494911117596956,140.40137224344792,0.37400365534082836
2008-04-09,108.47000122070312,109.5199966430664,105.79000091552734,105.97000122070312,2562,0.019832174667507006,143.21363121214193,0.37545798065119
2008-04-10,108.19999694824219,109.94999694824219,106.83999633789062,109.23999786376953,2029,-0.0024923100983627643,142.8571428571428,0.37444537395677685
2008-04-11,108.75,109.11000061035156,107.7300033569336,108.70999908447266,1574,0.00507033176119833,143.58331537796468,0.3734975624750825
2008-04-14,109.83999633789062,110.01000213623047,108.12999725341797,108.72000122070312,1079,0.009973058150522985,145.02244446250884,0.37286189619449245
2008-04-15,111.58000183105469,111.87000274658203,110.08999633789062,110.08999633789062,605,0.015717110708306618,147.31978476121566,0.3727746979807643
2008-04-16,112.66000366210938,112.83999633789062,110.12000274658203,111.61000061035156,1213,0.00963262714479702,148.74571803493615,0.3350877063165024
2008-04-17,112.43000030517578,113.20999908447266,111.80000305175781,112.87999725341797,1098,-0.0020436574963894074,148.4420431426457,0.3148791703419097
2008-04-18,113.91999816894531,114.16999816894531,110.66000366210938,111.87999725341797,936,0.013165623114472152,150.40929678113872,0.2585763985146495
2008-04-21,114.43000030517578,114.86000061035156,113.05999755859375,114.30000305175781,1016,0.004466853406041593,151.08265583925197,0.2564610890916589
2008-04-22,115.94999694824219,116.7300033569336,113.95999908447266,114.79000091552734,1396,0.0131957523853941,153.08951705649196,0.2540328247916778
2008-04-23,116.45999908447266,116.63999938964844,114.62999725341797,115.41999816894531,966,0.004388821165732135,153.7628761146052,0.2542045339748626
2008-04-24,114.33999633789062,116.80999755859375,112.69999694824219,115.69000244140625,2426,-0.01837142474008976,150.96382302987288,0.2499798062110339
2008-04-25,116.33999633789062,117.58000183105469,112.5199966430664,113.63999938964844,1229,0.017340473197387574,153.60443572647915,0.2533619756449789
2008-04-28,116.73999786376953,117.47000122070312,116.06999969482422,116.9000015258789,630,0.003432314471631689,154.132560280428,0.24612949818202176
2008-04-29,113.43000030517578,115.83999633789062,113.04000091552734,115.31999969482422,1545,-0.028763312215216254,149.76234949094885,0.23594643771933882
2008-04-30,111.36000061035156,114.62999725341797,111.23999786376953,113.13999938964844,2069,-0.01841770719438752,147.0293157528869,0.24954990639417088
2008-05-01,110.5,112.91999816894531,108.44999694824219,112.11000061035156,1253,-0.007752681109188895,145.89385148749517,0.2276851635800164
2008-05-02,114.55999755859375,114.7699966430664,110.72000122070312,111.25,1433,0.036083160943369746,151.25429203820167,0.24786936082072197
2008-05-05,117.98999786376953,118.56999969482422,114.25,115.19999694824219,693,0.029501175105467896,155.78294321580688,0.25469639209798467
2008-05-06,120.30999755859375,121.0199966430664,117.72000122070312,118.38999938964844,1137,0.019471867746158233,158.8460535409446,0.25348522669909296
2008-05-07,122.31999969482422,122.7300033569336,119.3499984741211,120.61000061035156,1550,0.016568834373106505,161.49987212151254,0.2516162914720753
2008-05-08,122.83999633789062,123.80999755859375,120.93000030517578,122.06999969482422,854,0.004242106634684307,162.18642699044943,0.2470931288239786
2008-05-09,125.4000015258789,125.87000274658203,123.7699966430664,124.25,1383,0.02062597460631915,165.56641809183924,0.25013027748416616
2008-05-12,122.91000366210938,125.16999816894531,122.54000091552734,124.58999633789062,1327,-0.020056230344976438,162.27885810504313,0.2671685418403346
2008-05-13,124.0999984741211,124.94000244140625,121.93000030517578,122.94999694824219,1721,0.009635269893065094,163.85001580979,0.2671050735094046
2008-05-14,121.86000061035156,124.26000213623047,121.62000274658203,123.30000305175781,897,-0.01821483008602457,160.89253241006963,0.2769338816887738
2008-05-15,122.62999725341797,125.52999877929688,120.12999725341797,123.62000274658203,296,0.0062988195476476674,161.9091638660823,0.2763495332023694
2008-05-16,124.98999786376953,126.30999755859375,124.16000366210938,124.87000274658203,1345,0.01906204763429411,165.02508765392875,0.2801426080866794
2008-05-19,125.05999755859375,126.01000213623047,123.6500015258789,124.26000213623047,1030,0.0005598856063530077,165.11750869538446,0.27893810280611675
2008-05-20,127.83999633789062,128.0500030517578,124.54000091552734,125.02999877929688,1055,0.021985850754654923,168.78795873196503,0.28548222663956807
2008-05-21,132.6999969482422,133.58999633789062,127.91999816894531,128.52000427246094,1442,0.03731146496881302,175.20464839056925,0.30543622754867766
2008-05-22,130.50999450683594,135.11000061035156,131.52000427246094,133.82000732421875,1953,-0.01664110825129071,172.31317426438125,0.31571765786924383
2008-05-23,131.57000732421875,133.72999572753906,130.11000061035156,132.22000122070312,1953,0.0080892749561438,173.71271591645444,0.3036654567996546
2008-05-27,128.30999755859375,133.3800048828125,127.87000274658203,132.55999755859375,1968,-0.02508989316607081,169.40850432736957,0.3200348257548895
2008-05-28,130.92999267578125,131.13999938964844,126.08000183105469,128.9600067138672,2178,0.020213581420179445,172.8677005131154,0.3244703248594323
2008-05-29,126.88999938964844,132.5500030517578,126.30000305175781,130.5500030517578,3138,-0.03134220870096279,167.53367173033226,0.3280016419027611
2008-05-30,127.77999877929688,128.97000122070312,125.0999984741211,125.0999984741211,2604,0.006989461022295435,168.70874357447101,0.3164180867346237
2008-06-02,128.02000427246094,129.1999969482422,125.73999786376953,127.11000061035156,1457,0.0018765094662087842,169.02562435072315,0.31267000195669475
2008-06-03,124.58000183105469,128.05999755859375,124.22000122070312,128.0399932861328,1691,-0.027238440563421767,164.48376728915625,0.31540910059409255
2008-06-04,122.0999984741211,124.66999816894531,121.72000122070312,123.44999694824219,1157,-0.020107725904123408,161.20940311318375,0.3116509330016507
2008-06-05,127.54000091552734,127.83999633789062,121.38999938964844,121.98999786376953,1422,0.04358967944578194,168.3918728713569,0.33904241245386463
2008-06-06,137.69000244140625,137.5399932861328,127.27999877929688,128.80999755859375,1510,0.07657475112198119,181.7929843212612,0.4230964575274916
2008-06-09,133.91000366210938,137.47999572753906,132.5,137.11000061035156,1393,-0.027836839332444754,176.80222793637748,0.4387327700757957
2008-06-10,131.02000427246094,137.69000244140625,130.82000732421875,133.2100067138672,1832,-0.0218179439420598,172.98654339563248,0.4432129875140339
2008-06-11,135.02000427246094,137.22999572753906,131.72999572753906,132.60000610351562,930,0.030072931343938004,178.267768788845,0.4456675196691117
2008-06-12,136.08999633789062,136.6699981689453,131.33999633789062,133.55999755859375,723,0.00789345740586396,179.68048610546577,0.4454541867364263
2008-06-13,135.11000061035156,137.4600067138672,134.22000122070312,136.6699981689453,544,-0.007227138673449256,178.386591525086,0.4400211663344111
2008-06-16,134.7100067138672,139.10000610351562,132.97000122070312,135.13999938964844,996,-0.0029648964394221934,177.8584770442752,0.4408235396706155
2008-06-17,133.72000122070312,135.24000549316406,132.00999450683594,134.61000061035156,1411,-0.007376298869189535,176.55136650679572,0.4393107700178923
2008-06-18,136.44000244140625,135.0399932861328,132.1999969482422,133.58999633789062,751,0.02013690476337249,180.1426013858823,0.44303860724285166
2008-06-19,132.0,137.3699951171875,131.97000122070312,136.77000427246094,1667,-0.03308305285769935,174.28043797601228,0.4559812322968848
2008-06-20,134.86000061035156,136.75,131.5500030517578,132.9499969482422,998,0.02143528524588123,178.05651493801028,0.4434253418286391
2008-06-23,135.91000366210938,137.27999877929688,133.69000244140625,136.97000122070312,1175,0.007755721080109622,179.44284063298372,0.43939144305186295
2008-06-24,136.4600067138672,137.72000122070312,135.47000122070312,136.80999755859375,1660,0.004038651675172466,180.16901315380568,0.43889985445232754
2008-06-25,134.3300018310547,137.17999267578125,132.07000732421875,137.02000427246094,1438,-0.015732107881594133,177.35675418511164,0.43284813764764185
2008-06-26,139.8300018310547,140.5500030517578,133.5500030517578,134.94000244140625,1771,0.04012793944168219,184.61843910077883,0.44851400866922136
2008-06-27,140.30999755859375,142.91000366210938,139.02999877929688,140.3800048828125,1472,0.003426830858194931,185.25218050700704,0.43065781226581196
2008-06-30,139.8300018310547,143.86000061035156,139.75999450683594,142.35000610351562,562,-0.0034268308581949032,184.61843910077883,0.4314975077149016
2008-07-01,140.6699981689453,143.36000061035156,140.32000732421875,141.60000610351562,811,0.005989296605314296,185.72749159824718,0.431442701483739
2008-07-02,144.25999450683594,144.89999389648438,140.49000549316406,141.63999938964844,1064,0.025200480244368967,190.46738655354915,0.42097121485392885
2008-07-03,146.0800018310547,146.27000427246094,144.27000427246094,146.0800018310547,1064,0.012537240383954833,192.87035377767333,0.4095336327896372
2008-07-07,141.8699951171875,143.9499969482422,140.3699951171875,143.27000427246094,1332,-0.029243318474879435,187.3118551869557,0.408706974419706
2008-07-08,136.42999267578125,139.42999267578125,135.6199951171875,139.27000427246094,1547,-0.03909950201641058,180.12938542878257,0.3452152978192267
2008-07-09,136.5800018310547,138.85000610351562,136.0800018310547,137.99000549316406,631,0.0010989280494354224,180.32744346879366,0.330517860522722
2008-07-10,142.02999877929688,142.41000366210938,136.22999572753906,136.44000244140625,1035,0.03912775735894565,187.52310903779048,0.3447637431938383
2008-07-11,144.49000549316406,147.42999267578125,141.64999389648438,144.75999450683594,1581,0.01717204472477479,190.7710715189776,0.33515905640460036
2008-07-14,143.9199981689453,145.24000549316406,142.30999755859375,143.75999450683594,699,-0.003952762103574485,190.01848723023232,0.3355932434117729
2008-07-15,138.75,145.50999450683594,136.64999389648438,145.27999877929688,621,-0.03658382429300793,183.1925058270583,0.36094577946792444
2008-07-16,135.80999755859375,140.22999572753906,134.47999572753906,139.0500030517578,415,-0.02141692048719806,179.31080193964297,0.3692355309221501
2008-07-17,131.07000732421875,137.6300048828125,131.0399932861328,136.05999755859375,960,-0.035525244627686026,173.05256274230285,0.38903771319455793
2008-07-18,130.19000244140625,133.13999938964844,130.02000427246094,132.85000610351562,573,-0.006736646849713912,171.89068670898777,0.3817513785750411
2008-07-21,132.61000061035156,133.50999450683594,130.1999969482422,130.72000122070312,859,0.01841755363016749,175.0858256543282,0.37084229979792144
2008-07-22,129.5500030517578,133.7100067138672,127.80000305175781,132.83999633789062,849,-0.023345563727392566,171.0456914519248,0.37100731539724313
2008-07-23,125.29000091552734,129.4499969482422,125.1500015258789,127.2699966430664,1292,-0.03343587299999366,165.42118358767485,0.3846701533522932
2008-07-24,126.44000244140625,126.5199966430664,124.62999725341797,125.05999755859375,1099,0.009136849091502154,166.93953790285104,0.3863931275251678
2008-07-25,124.5199966430664,127.43000030517578,123.44999694824219,126.91000366210938,1159,-0.015301588041813498,164.40454205852419,0.3862260912797846
2008-07-28,125.83999633789062,126.44999694824219,124.55999755859375,125.87000274658203,845,0.010544911034291912,166.14734603535874,0.35646225704121387
2008-07-29,122.70999908447266,126.75,121.27999877929688,125.3499984741211,1267,-0.025187389121153925,162.01479079149965,0.3616627268521526
2008-07-30,127.0999984741211,127.58999633789062,121.55999755859375,122.19999694824219,1633,0.03515032566251284,167.81093485469933,0.3892705126220019
2008-07-31,123.9800033569336,127.48999786376953,122.9800033569336,126.29000091552734,1997,-0.02485387683988159,163.69158549480193,0.39339430895318894
2008-08-01,124.18000030517578,127.91000366210938,122.0,122.01000213623047,855,0.0016118390440890652,163.9556427352073,0.377996244628127
2008-08-04,120.68000030517578,124.8499984741211,120.20999908447266,124.66000366210938,1339,-0.028589711574612403,159.33457051614639,0.3778723468144107
2008-08-05,117.69999694824219,119.80999755859375,117.0,118.08999633789062,1105,-0.02500342848170492,155.40005316602233,0.3753006333231387
2008-08-06,117.0,118.72000122070312,115.69999694824219,117.79000091552734,1216,-0.005965053540200856,154.47584275146536,0.3588926804030086
2008-08-07,117.86000061035156,119.69999694824219,116.30000305175781,117.88999938964844,1534,0.007323549790626205,155.61130701685713,0.3613708470427714
2008-08-08,113.33000183105469,116.27999877929688,113.16999816894531,115.95999908447266,1523,-0.03919355168668525,149.63032087074606,0.33633105978875355
2008-08-11,112.66999816894531,115.08999633789062,111.12000274658203,115.08999633789062,1630,-0.005840756977106477,148.75891384575974,0.32137432581902153
2008-08-12,111.1500015258789,114.25,110.66999816894531,110.7300033569336,1568,-0.013582521786279767,146.75205262851975,0.3201234303040851
2008-08-13,113.47000122070312,114.81999969482422,111.4800033569336,111.91000366210938,1053,0.02065784142252425,149.81516295365745,0.32676355497469856
2008-08-14,113.68000030517578,115.51000213623047,111.6500015258789,114.51000213623047,1132,0.0018489909125261018,150.09242607802454,0.32608097973581385
2008-08-15,112.55000305175781,112.95999908447266,110.36000061035156,112.26000213623047,952,-0.009989892005935223,148.6004835307717,0.31103638494400443
2008-08-18,111.94000244140625,113.80999755859375,110.87000274658203,113.12999725341797,1145,-0.005434559194258797,147.79509585245574,0.3110963735595594
2008-08-19,113.25,115.33000183105469,110.75,111.11000061035156,1106,0.011634729089976177,149.5246939453287,0.30488631680429085
2008-08-20,114.36000061035156,115.4800033569336,111.6500015258789,114.08999633789062,1149,0.009753608428074744,150.99023479779618,0.30479182773158103
2008-08-21,120.16000366210938,120.79000091552734,117.30999755859375,117.30999755859375,802,0.04947284570154831,158.64801564720955,0.3434163283888384
2008-08-22,113.91999816894531,118.98999786376953,113.55999755859375,118.5199966430664,1049,-0.05332778690226345,150.40929678113866,0.3837194417985174
2008-08-25,114.02999877929688,115.4800033569336,113.2300033569336,114.79000091552734,422,0.0009651293736592042,150.55453128530306,0.3823333913802058
2008-08-26,114.62999725341797,116.33000183105469,113.75,114.33000183105469,961,0.005247965202343862,151.34671307965732,0.3801954225614533
2008-08-27,116.22000122070312,117.27999877929688,115.16000366210938,115.80000305175781,1082,0.013775430983836112,153.44600541149106,0.37735601943749514
2008-08-28,114.16999816894531,118.29000091552734,112.9000015258789,117.76000213623047,1015,-0.01779640750007331,150.73937336821444,0.3545218929602206
2008-08-29,114.05000305175781,116.69999694824219,113.98999786376953,116.69999694824219,1015,-0.0010515741618026856,150.5809430532264,0.3473340441439465
2008-09-02,108.33999633789062,109.22000122070312,105.41999816894531,106.55000305175781,618,-0.05136257906072022,143.0419849400541,0.3832201675315317
2008-09-03,108.05999755859375,108.20999908447266,106.22000122070312,107.0999984741211,812,-0.002587790604888072,142.67230077423133,0.3748270645512505
2008-09-04,106.30000305175781,108.66000366210938,105.19000244140625,108.51000213623047,1352,-0.01642129176603956,140.3485688538772,0.3702826134245625
2008-09-05,104.08999633789062,106.2300033569336,103.4800033569336,105.87000274658203,802,-0.02100943971158587,137.43068295976585,0.3744963638414953
2008-09-08,103.44000244140625,105.5,102.43000030517578,105.43000030517578,938,-0.006264116279482014,136.57249189187922,0.37154945777222037
2008-09-09,100.33999633789062,101.9800033569336,100.66000366210938,101.80000305175781,826,-0.03042737550664809,132.4795341536291,0.36288543390730427
2008-09-10,98.97000122070312,101.30000305175781,98.12000274658203,100.81999969482422,1153,-0.013747596316430414,130.67072090326218,0.3639295947357738
2008-09-11,97.63999938964844,100.0199966430664,97.06999969482422,98.66000366210938,1060,-0.013529546968952685,128.9147110424659,0.36391605212810907
2008-09-12,97.58000183105469,98.91000366210938,96.5,98.29000091552734,255,-0.0006146661213767249,128.83549588497186,0.35140148639913577
2008-09-15,94.23999786376953,95.75,94.22000122070312,94.55000305175781,589,-0.034827875917046426,124.42566744360768,0.36232088716907734
2008-09-16,89.22000122070312,91.93000030517578,89.08000183105469,90.18000030517578,689,-0.0547394538532325,117.79773400730673,0.39560238427274313
2008-09-17,94.83999633789062,94.25,89.16999816894531,91.81999969482422,751,0.06108597920158738,125.21784923796193,0.46801029737166716
2008-09-18,95.19000244140625,98.43000030517578,94.37000274658203,98.43000030517578,840,0.0036836973272803084,125.67996451837844,0.4646282307906186
2008-09-19,99.61000061035156,100.41000366210938,96.22000122070312,98.08999633789062,974,0.04538764737355554,131.51571616032513,0.4972965606250402
2008-09-22,106.04000091552734,106.30999755859375,102.20999908447266,102.20999908447266,1252,0.06255382277013037,140.00528638283973,0.517525918361339
2008-09-23,103.08000183105469,105.13999938964844,100.76000213623047,103.83000183105469,848,-0.02831098650701984,136.09718080063905,0.49545618548843234
2008-09-24,102.44999694824219,105.7699966430664,101.93000030517578,105.5999984741211,750,-0.006130558650466571,135.26538135439975,0.49503235748593627
2008-09-25,104.5999984741211,104.97000122070312,100.77999877929688,101.04000091552734,668,0.020768692145939127,138.10404201787904,0.5019908597489305
2008-09-26,103.54000091552734,103.19000244140625,101.66999816894531,102.33999633789062,1058,-0.010185516727057147,136.7045205120819,0.49792942671343837
2008-09-29,93.9800033569336,99.0999984741211,94.47000122070312,98.51000213623047,433,-0.09687599092168435,124.08239504570821,0.5894730464543538
2008-09-30,98.16999816894531,98.83000183105469,95.55000305175781,95.98999786376953,678,0.04361862165822521,129.61447179536444,0.616985881098325
2008-10-01,95.33000183105469,97.4000015258789,92.91000366210938,97.4000015258789,855,-0.029356075339528054,125.86480660128984,0.6016300102611449
2008-10-02,90.55999755859375,93.19000244140625,90.5199966430664,92.3499984741211,1068,-0.0513319882171444,119.56693967892664,0.6214228427362443
2008-10-03,90.25,92.11000061035156,88.12000274658203,90.81999969482422,993,-0.0034289902828908295,119.15764793435683,0.6209428326117498
2008-10-06,83.68000030517578,88.18000030517578,83.94999694824219,86.80999755859375,887,-0.07558359324943939,110.48323562893086,0.6629361470010174
2008-10-07,84.66000366210938,87.80999755859375,82.91000366210938,86.12000274658203,849,0.011643274385892194,111.77714028244866,0.6672298840870047
2008-10-08,84.36000061035156,85.19999694824219,81.63999938964844,83.0999984741211,1069,-0.0035499155037866815,111.3810443487025,0.6631119785341987
2008-10-09,82.66000366210938,84.88999938964844,82.2699966430664,84.41000366210938,583,-0.020357509458787993,109.1365275858424,0.6641955796086089
2008-10-10,74.08999633789062,78.69000244140625,74.25,78.69000244140625,971,-0.10945533238615363,97.82149251067213,0.7507016282960439
2008-10-13,77.45999908447266,78.44000244140625,76.05000305175781,78.01000213623047,756,0.04448114126653504,102.27092853078335,0.7760116599778083
2008-10-14,74.52999877929688,79.33999633789062,74.77999877929688,79.23999786376953,765,-0.038559949752328834,98.40243052732967,0.7775619629279744
2008-10-15,70.80000305175781,72.2300033569336,70.37999725341797,71.9800033569336,400,-0.05134266871132392,93.47769348911632,0.7752495471963614
2008-10-17,69.5999984741211,71.75,67.77999877929688,67.77999877929688,703,-0.017094498386770827,91.89331982726976,0.729599175881759
2008-10-20,72.02999877929688,73.12000274658203,69.62999725341797,71.20999908447266,897,0.03431813653729642,95.10166465657186,0.746856939955854
2008-10-21,69.72000122070312,69.9800033569336,68.16999816894531,68.94000244140625,253,-0.032595443793651986,92.05176021539582,0.7179747365760565
2008-10-22,64.5199966430664,66.51000213623047,64.66000366210938,66.44999694824219,519,-0.07751203693281289,85.18616116033677,0.6856740523652536
2008-10-23,65.91999816894531,67.30999755859375,64.4800033569336,64.4800033569336,461,0.021466656596636175,87.03459206258873,0.7028850302727142
2008-10-24,62.04999923706055,63.540000915527344,61.06999969482422,61.79999923706055,577,-0.060501358469237126,81.92500790489497,0.7132690083693489
2008-10-27,61.40999984741211,63.4900016784668,60.2400016784668,61.349998474121094,386,-0.010367813498489161,81.08001264783202,0.6966742572415188
2008-10-28,60.290000915527344,62.529998779296875,59.4900016784668,62.36000061035156,200,-0.018406418169860692,79.60127094797184,0.694998031960863
2008-10-29,65.47000122070312,66.69999694824219,63.75,64.5,318,0.0824257734115214,86.44045823510753,0.7398950774549171
2008-10-30,63.709999084472656,66.41999816894531,62.290000915527344,66.41999816894531,491,-0.027250519340061702,84.11671624161539,0.7064511068652425
2008-10-31,65.31999969482422,66.0999984741211,60.9900016784668,61.20000076293945,275,0.024956741672086034,86.24241026823445,0.7228220813500227
2008-11-03,60.47999954223633,64.16999816894531,60.2599983215332,63.040000915527344,635,-0.07698553912781926,79.85212734098458,0.7429102939642799
2008-11-04,66.44000244140625,67.66999816894531,61.130001068115234,61.33000183105469,955,0.09398659718868993,87.72115700466364,0.8393852043477373
2008-11-05,61.869998931884766,65.48999786376953,61.41999816894531,64.62000274658203,928,-0.07126392921208986,81.68735235927488,0.8355545446388544
2008-11-06,57.43000030517578,61.209999084472656,56.810001373291016,61.119998931884766,1167,-0.07446857208895474,75.82519398597385,0.8547894482191739
2008-11-07,57.349998474121094,59.06999969482422,57.189998626708984,57.59000015258789,515,-0.0013940032211322594,75.71956706055649,0.8552963834374486
2008-11-10,59.08000183105469,61.61000061035156,56.13999938964844,61.59000015258789,980,0.029719671687032913,78.00370147530163,0.8712780908073631
2008-11-11,55.709999084472656,57.540000915527344,54.97999954223633,57.11000061035156,723,-0.05873284105706187,73.5542654551904,0.8188613994446872
2008-11-12,52.369998931884766,55.619998931884766,52.0,55.619998931884766,290,-0.061825759703077,69.14444205039521,0.8066061372411595
2008-11-14,54.2400016784668,56.08000183105469,53.61000061035156,55.529998779296875,191,0.035084786681483245,71.61341854805174,0.8238486272017177
2008-11-17,52.310001373291016,56.0099983215332,52.220001220703125,54.470001220703125,299,-0.036231090941869916,69.0652268929012,0.8171154322493145
2008-11-18,51.84000015258789,53.119998931884766,51.779998779296875,52.68000030517578,125,-0.009025528647995563,68.44468129749664,0.8172598505754435
2008-11-19,51.720001220703125,52.779998779296875,51.43000030517578,52.470001220703125,186,-0.002317477481653499,68.2862459459396,0.7996155619305539
2008-11-20,48.08000183105469,50.189998626708984,47.45000076293945,48.970001220703125,624,-0.07297824919535352,63.48033164396727,0.8222368001590825
2008-11-21,49.189998626708984,49.91999816894531,47.54999923706055,49.869998931884766,605,0.022823994578703,64.94586745986575,0.803516547691154
2008-11-24,53.93000030517578,54.4900016784668,49.540000915527344,50.15999984741211,318,0.09199659211871984,71.20412176691293,0.8754694775178132
2008-11-25,50.349998474121094,53.58000183105469,50.41999816894531,53.29999923706055,615,-0.06868832614874355,66.47742262243462,0.8819075719489241
2008-11-26,53.91999816894531,54.310001373291016,50.790000915527344,52.06999969482422,758,0.06850284378619081,71.19091588295124,0.9228091598599334
2008-11-28,53.4900016784668,53.4900016784668,53.4900016784668,53.4900016784668,26,-0.008006680723086962,70.6231887868244,0.9217776391068778
2008-12-01,47.970001220703125,50.41999816894531,47.9900016784668,50.15999984741211,1103,-0.1089189109610428,63.33509713980289,0.929570641777674
2008-12-02,45.439998626708984,48.91999816894531,45.5,48.29999923706055,900,-0.054183096770369775,59.99471865372905,0.9387487069001441
2008-12-03,45.439998626708984,46.25,44.95000076293945,45.13999938964844,869,0.0,59.99471865372905,0.9289277367449024
2008-12-04,42.279998779296875,45.5,42.22999954223633,44.5,519,-0.07207861206066653,55.82255079455394,0.9251015961843536
2008-12-05,39.7400016784668,42.04999923706055,39.380001068115234,41.939998626708984,496,-0.06195585277028041,52.46897649765646,0.8433819519236228
2008-12-08,43.41999816894531,44.029998779296875,42.34000015258789,43.06999969482422,433,0.08856184291950304,57.327699225768455,0.9106977541741729
2008-12-09,41.529998779296875,43.869998931884766,41.36000061035156,43.04999923706055,548,-0.04450409403000154,54.8323210333266,0.892550454679178
2008-12-10,42.400001525878906,45.099998474121094,41.119998931884766,43.220001220703125,284,0.020732369976244686,55.98099118268001,0.9001948087926631
2008-12-11,47.38999938964844,48.310001373291016,44.150001525878906,44.150001525878906,452,0.11126282487454302,62.56931704023394,0.9903364744195855
2008-12-12,46.40999984741211,47.040000915527344,43.40999984741211,44.56999969482422,668,-0.020896273134903536,61.27541742328516,0.9756821358481287
2008-12-15,44.599998474121094,49.7599983215332,44.52000045776367,49.540000915527344,261,-0.03978112515177468,58.88566111969167,0.9634692946218762
2008-12-17,45.529998779296875,48.29999923706055,45.470001220703125,47.439998626708984,747,0.02063759772224151,60.11354642653909,0.9566714089367863
2008-12-18,43.36000061035156,46.33000183105469,43.25,46.0099983215332,902,-0.04883405132796341,57.24848406827444,0.9622814882357021
2008-12-19,44.0,45.040000915527344,43.33000183105469,44.029998779296875,568,0.014652262710496907,58.093479325337405,0.9657430982491524
2008-12-22,41.45000076293945,44.380001068115234,41.33000183105469,43.470001220703125,445,-0.05970173393069795,54.72669914447824,0.9819547389357711
2008-12-23,40.36000061035156,41.90999984741211,39.369998931884766,41.90999984741211,772,-0.026648689379470278,53.28756502336508,0.957651403968666
2008-12-24,36.61000061035156,39.22999954223633,37.0,38.45000076293945,112,-0.09751776680423123,48.33641621722837,0.9981933035632204
2008-12-26,38.369998931884766,38.650001525878906,37.06999969482422,37.33000183105469,64,0.04695443261775,50.66015317415149,0.9488670548835852
2008-12-29,40.54999923706055,40.790000915527344,38.22999954223633,39.880001068115234,430,0.05525988532502687,53.53842141637782,0.9595785357310754
2008-12-30,40.150001525878906,40.63999938964844,38.66999816894531,39.779998779296875,377,-0.009913283349412839,53.01030189899798,0.9158839905038585
2008-12-31,45.59000015258789,45.66999816894531,39.54999923706055,39.54999923706055,14,0.12706591917508375,60.19276662060212,1.0384225898953798
2009-01-02,46.90999984741211,46.90999984741211,46.90999984741211,46.90999984741211,50,0.028542471515277373,61.93557059743673,0.9767966356263027
2009-01-05,49.619998931884766,49.97999954223633,46.400001525878906,46.400001525878906,560,0.056163087650166046,65.51359959256162,0.9759803388974517
2009-01-06,50.529998779296875,52.130001068115234,49.599998474121094,51.779998779296875,203,0.018173238408075935,66.7150781680547,0.9770269702655335
2009-01-07,45.86000061035156,50.54999923706055,45.72999954223633,50.43000030517578,244,-0.09697390440705289,60.549249939032244,1.0051916419255678
2009-01-08,44.66999816894531,46.34000015258789,43.79999923706055,45.810001373291016,370,-0.02629119636545242,58.97808216114736,0.9831136840690724
2009-01-09,44.41999816894531,44.630001068115234,42.849998474121094,43.97999954223633,457,-0.005612317128445543,58.64800557407157,0.9359377708212356
2009-01-12,42.90999984741211,43.380001068115234,42.650001525878906,42.959999084472656,256,-0.03458488179744334,56.65434520422422,0.9304647998173856
2009-01-13,44.83000183105469,45.209999084472656,44.25,44.41999816894531,74,0.04377270356431762,59.18933601198211,0.9398238061614196
2009-01-14,45.08000183105469,45.61000061035156,43.84000015258789,44.84000015258789,139,0.005561130777716826,59.519412599057894,0.8532543047478423
2009-01-16,46.56999969482422,48.869998931884766,46.060001373291016,48.75,139,0.03251782065176122,61.48666623755089,0.8586941583943498
2009-01-20,43.619998931884766,45.599998474121094,43.20000076293945,44.25,216,-0.06544081415457131,57.59176150274288,0.8781150850338456
2009-01-21,45.02000045776367,45.16999816894531,43.380001068115234,43.58000183105469,191,0.03159110935993371,59.44019240499485,0.8823346643331186
2009-01-22,45.38999938964844,45.38999938964844,43.41999816894531,44.720001220703125,140,0.008184957374952227,59.92870434362768,0.8649454308529404
2009-01-23,48.369998931884766,48.47999954223633,43.93000030517578,44.65999984741211,208,0.0635879617311624,63.8632166571827,0.8900837441415619
2009-01-26,46.959999084472656,49.5,46.83000183105469,47.66999816894531,259,-0.029583608728764314,62.00158490753805,0.86856191133522
2009-01-27,43.72999954223633,46.33000183105469,43.59000015258789,46.150001525878906,235,-0.07126180106706924,57.73699600690725,0.9027321044011225
2009-01-28,44.900001525878906,46.130001068115234,43.900001525878906,44.630001068115234,423,0.02640347377527392,59.2817570534378,0.8262853684018573
2009-01-29,45.400001525878906,45.970001220703125,44.189998626708984,44.22999954223633,105,0.01107430992482117,59.941910227589354,0.8151867009263227
2009-01-30,45.880001068115234,47.47999954223633,45.630001068115234,45.83000183105469,114,0.01051717688482883,60.57565667038657,0.7970437085131006
2009-02-02,43.81999969482422,45.16999816894531,44.400001525878906,44.9900016784668,36,-0.045938988338781295,57.855823779717284,0.8155926515512861
2009-02-03,44.08000183105469,44.5099983215332,43.900001525878906,44.40999984741211,143,0.005915879180994511,58.19910625075476,0.6827192699945168
2009-02-04,44.150001525878906,44.97999954223633,43.68000030517578,44.5,538,0.0015867552272008,58.29152729221045,0.6740526467127792
2009-02-05,46.459999084472656,46.470001220703125,44.18000030517578,44.880001068115234,134,0.05099874602533951,61.3414317333865,0.6685671891683298
2009-02-06,46.209999084472656,47.060001373291016,44.22999954223633,44.81999969482422,206,-0.005395502566697588,61.01135514631072,0.6640731803506019
2009-02-09,46.02000045776367,48.20000076293945,46.43000030517578,48.20000076293945,42,-0.004120110515574898,60.760498753297966,0.5722783270657591
2009-02-10,44.61000061035156,47.060001373291016,44.65999984741211,47.060001373291016,68,-0.031118031732160923,58.89886700365333,0.5753261678181917
2009-02-11,44.279998779296875,45.29999923706055,44.06999969482422,45.16999816894531,240,-0.007424982549503687,58.463163491160174,0.5755806380451796
2009-02-13,46.2599983215332,46.2599983215332,46.2599983215332,46.2599983215332,240,0.04374454024734907,61.07736945641208,0.580472753933097
2009-02-17,42.45000076293945,42.45000076293945,42.45000076293945,42.45000076293945,240,-0.08595068978994647,56.04700549278135,0.6383527683380563
2009-02-18,40.75,40.75,40.75,40.75,240,-0.04087109104314535,53.802483693352244,0.6510139372314906
2009-02-19,43.279998779296875,43.279998779296875,43.279998779296875,43.279998779296875,240,0.060234766646568225,57.14285714285705,0.6775760077616831
2009-02-20,43.13999938964844,43.13999938964844,43.13999938964844,43.13999938964844,240,-0.003239979520588373,56.95801505994565,0.6390847279917431
2009-02-23,42.36000061035156,42.279998779296875,42.279998779296875,42.279998779296875,2,-0.018246091670968884,55.92817771997131,0.6307910190677156
2009-02-24,43.84000015258789,43.439998626708984,42.4900016784668,42.4900016784668,4,0.03434211097844048,57.88223051107164,0.6429731767194993
2009-02-25,45.41999816894531,45.47999954223633,44.18000030517578,44.209999084472656,176,0.0354058502432467,59.96831192237468,0.6136862132539258
2009-02-26,47.61000061035156,47.459999084472656,46.599998474121094,46.849998474121094,7,0.04709033966267588,62.8597860485627,0.6291155685527701
2009-02-27,47.20000076293945,46.56999969482422,46.27000045776367,46.27000045776367,4,-0.008648927270764812,62.31846064722117,0.5738971720253113
2009-03-02,43.15999984741211,44.61000061035156,43.0,44.369998931884766,13,-0.08947977190094769,56.9844217913,0.6511671714056355
2009-03-03,44.560001373291016,44.599998474121094,42.90999984741211,43.540000915527344,9,0.03192248958341339,58.83285269355197,0.6603343067003664
2009-03-04,46.9900016784668,47.150001525878906,46.0,46.95000076293945,18,0.053098222396436426,62.041197522854084,0.685593746629791
2009-03-05,44.779998779296875,45.939998626708984,44.040000915527344,45.939998626708984,12,-0.04817326492378203,59.123316665311734,0.6875676849873867
2009-03-06,45.939998626708984,46.13999938964844,44.43000030517578,44.540000915527344,13,0.02557458345720701,60.6548718278806,0.692680579618163
2009-03-09,45.349998474121094,45.939998626708984,45.279998779296875,45.59000015258789,16,-0.0129260244533865,59.875890880918995,0.6946029790024738
2009-03-10,45.150001525878906,46.86000061035156,45.029998779296875,46.7400016784668,7,-0.004419829255660172,59.61183364051358,0.670737744975678
2009-03-11,42.54999923706055,44.619998931884766,42.4900016784668,44.27000045776367,20,-0.05931047656980043,56.17903411298406,0.7001794075037878
2009-03-12,46.20000076293945,46.439998626708984,43.2400016784668,43.43000030517578,74,0.08229997751257295,60.99815429891806,0.7612206961931245
2009-03-13,45.880001068115234,47.290000915527344,45.16999816894531,46.72999954223633,35,-0.006950499059735845,60.57565667038658,0.753260254875991
2009-03-16,46.459999084472656,46.72999954223633,43.790000915527344,44.02000045776367,83,0.012562392094753518,61.34143173338651,0.7535129990012664
2009-03-17,48.2400016784668,48.630001068115234,46.290000915527344,46.93000030517578,52,0.0375968795764656,63.691580458233,0.749541828149399
2009-03-18,47.65999984741211,48.880001068115234,46.09000015258789,47.58000183105469,99,-0.012096118744013463,62.92580035866406,0.680872007761983
2009-03-19,50.66999816894531,51.16999816894531,49.58000183105469,50.9900016784668,91,0.06124151488195427,66.8999202509661,0.6850942464213733
2009-03-20,51.220001220703125,51.599998474121094,49.939998626708984,50.2400016784668,36,0.01079612125296937,67.62609277178804,0.6607317806427954
2009-03-23,53.470001220703125,53.81999969482422,51.18000030517578,51.619998931884766,59,0.04299066718639519,70.59678205547006,0.6701452543918605
2009-03-24,53.5,53.540000915527344,52.540000915527344,53.060001373291016,5,0.0005608821116385042,70.63638963421708,0.6632095138387534
2009-03-25,51.75,53.459999084472656,51.20000076293945,51.91999816894531,82,-0.03325722175648235,68.32585352468661,0.674626176616747
2009-03-26,53.459999084472656,53.77000045776367,52.5099983215332,53.290000915527344,79,0.032509261439829705,70.58357617150838,0.6732112005972103
2009-03-27,51.97999954223633,52.220001220703125,51.220001220703125,51.95000076293945,92,-0.028074673178498537,68.62952338040806,0.6682175485422837
2009-03-30,47.9900016784668,50.529998779296875,47.689998626708984,50.380001068115234,74,-0.07986632956131111,63.36150387115724,0.728288820202508
2009-03-31,49.22999954223633,49.66999816894531,47.5099983215332,49.09000015258789,31,0.025510493626140943,64.99868092257447,0.6538324500902544
2009-04-01,48.439998626708984,48.66999816894531,47.290000915527344,47.619998931884766,82,-0.01617729413709943,63.955637698638434,0.6512768341546262
2009-04-02,52.75,53.02000045776367,51.41999816894531,51.540000915527344,194,0.08523788202163604,69.64615987298974,0.6901755640049734
2009-04-03,53.470001220703125,53.5,51.560001373291016,52.290000915527344,10,0.013556999434146504,70.59678205547006,0.6622431514468735
2009-04-06,52.2400016784668,53.09000015258789,51.18000030517578,52.25,76,-0.02327225469223166,68.9728058514455,0.6679172789190709
2009-04-07,51.220001220703125,51.849998474121094,50.88999938964844,51.310001373291016,37,-0.019718412494163635,67.62609277178804,0.6707660850562407
2009-04-08,51.59000015258789,53.540000915527344,50.599998474121094,50.970001220703125,70,0.007197753610334096,68.11460471042086,0.6697431497891568
2009-04-09,54.060001373291016,54.209999084472656,52.619998931884766,53.06999969482422,29,0.046766708037129276,71.37576300243167,0.6388003782438908
2009-04-13,52.13999938964844,53.56999969482422,50.959999084472656,53.34000015258789,62,-0.03616216945204893,68.84077219467379,0.6039979293141233
2009-04-14,51.959999084472656,53.529998779296875,51.630001068115234,53.529998779296875,130,-0.0034582226167919347,68.6031166490537,0.6031925807836306
2009-05-01,52.849998474121094,53.029998779296875,50.619998931884766,51.70000076293945,53,0.016983509261815587,69.77818849319245,0.6039993589571229
2009-05-04,54.58000183105469,54.650001525878906,52.439998626708984,52.630001068115234,90,0.032209865383915307,72.06232290793757,0.6007433961440233
2009-05-05,54.119998931884766,54.79999923706055,53.65999984741211,54.79999923706055,254,-0.008463765261747424,71.45497815992569,0.599504387704705
2009-05-06,56.150001525878906,56.279998779296875,54.75,54.959999084472656,183,0.036822924792965846,74.13520347184794,0.5767152709971395
2009-05-07,56.470001220703125,58.189998626708984,55.5099983215332,58.099998474121094,188,0.005682836942088943,74.55770110037943,0.5763273694482769
2009-05-08,58.13999938964844,58.29999923706055,56.880001068115234,57.63999938964844,95,0.0291443393311789,76.76261028449251,0.5666344520416192
2009-05-11,57.47999954223633,57.7400016784668,56.5099983215332,56.61000061035156,68,-0.011416831385820123,75.89120829607522,0.5690609909518143
2009-05-12,57.939998626708984,58.81999969482422,57.22999954223633,58.459999084472656,34,0.007970915392306792,76.4985480075181,0.5532855989881611
2009-05-13,57.34000015258789,58.7400016784668,56.93000030517578,58.290000915527344,17,-0.010409505522922443,75.70636621316382,0.5467061831982102
2009-05-15,55.97999954223633,58.20000076293945,55.900001525878906,57.790000915527344,17,-0.02400398720629539,73.91074877362054,0.5439341012075745
2009-05-18,58.470001220703125,58.79999923706055,57.52000045776367,57.93000030517578,52,0.04351934715496967,77.19831379698567,0.46823712459397515
2009-05-19,58.91999816894531,59.25,57.720001220703125,59.040000915527344,97,0.007666737452460145,77.79244762446686,0.46456980838042816
2009-05-20,60.59000015258789,60.75,59.189998626708984,59.529998779296875,96,0.027949304957799733,79.99736184514897,0.4600953508442649
2009-05-21,59.93000030517578,60.2400016784668,58.849998474121094,58.97999954223633,142,-0.01095264591296745,79.12595985673167,0.37674367108311974
2009-05-22,60.779998779296875,60.869998931884766,59.630001068115234,60.31999969482422,18,0.014083547842388421,80.24821823816171,0.376879788853175
2009-05-26,61.2400016784668,61.2599983215332,59.13999938964844,59.349998474121094,34,0.0075398307928106895,80.8555629861736,0.36141803652444887
2009-05-27,62.5,62.68000030517578,61.36000061035156,61.939998626708984,67,0.020365958544858974,82.51914676894518,0.34977164208723815
2009-05-28,64.38999938964844,64.62000274658203,62.52000045776367,63.040000915527344,70,0.029791775328755717,85.01452496138705,0.3566059716068672
2009-05-29,65.5199966430664,65.6500015258789,64.36000061035156,64.91000366210938,34,0.017397056238451097,86.5064675086399,0.33274169486927785
2009-06-01,67.97000122070312,67.9800033569336,66.62999725341797,67.18000030517578,39,0.036711061008423966,89.74122410586536,0.3020296739589538
2009-06-02,68.16999816894531,68.5,67.20999908447266,67.23999786376953,68,0.002938109196582557,90.00528134627078,0.29853039335790654
2009-06-03,65.87999725341797,68.19000244140625,64.91000366210938,67.31999969482422,94,-0.03416969489581087,86.98177859988006,0.3395511791016611
2009-06-04,68.70999908447266,69.45999908447266,67.5199966430664,67.88999938964844,73,0.04205987209971252,90.71824798313102,0.34906955325264827
2009-06-05,68.33999633789062,69.8499984741211,67.38999938964844,68.7699966430664,109,-0.005399542617942937,90.22973100792917,0.3470765149075653
2009-06-08,67.87999725341797,68.75,67.0,67.88999938964844,24,-0.006753793196819388,89.6223912964863,0.3391343104012826
2009-06-09,69.62000274658203,69.80000305175781,68.62999725341797,69.36000061035156,27,0.025310521930632688,91.91973159519311,0.34347848838559897
2009-06-10,70.80000305175781,71.13999938964844,70.08000183105469,70.25,13,0.016807121969256083,93.47769348911633,0.33740522345318824
2009-06-11,71.79000091552734,72.2300033569336,70.86000061035156,71.58000183105469,23,0.013886159537647954,94.78479395345778,0.32903437781618156
2009-06-12,70.91999816894531,71.23999786376953,70.04000091552734,71.0,20,-0.012192747953832097,93.63612380410437,0.33833613718055905
2009-06-15,69.44000244140625,69.44000244140625,68.62999725341797,69.44000244140625,2,-0.02108934987681857,91.68207604957304,0.34818418755496167
2009-06-16,70.23999786376953,72.33999633789062,69.68000030517578,72.0999984741211,25,0.011454813402962482,92.73831508433273,0.3266866597114145
2009-06-17,70.8499984741211,70.9000015258789,69.06999969482422,69.45999908447266,35,0.008647025686379964,93.54370276264866,0.30425169721370393
2009-06-18,71.05999755859375,71.41000366210938,69.94999694824219,70.05999755859375,34,0.0029596116359741865,93.82096588701576,0.30497600742556
2009-06-19,69.19000244140625,71.87999725341797,68.72000122070312,71.41000366210938,36,-0.02666817743965571,91.35199946249726,0.320339797167668
2009-06-22,66.9800033569336,66.9800033569336,66.16999816894531,66.9800033569336,36,-0.032462261311750805,88.43412364152393,0.3428297263661435
2009-06-23,68.80000305175781,69.18000030517578,66.6500015258789,67.11000061035156,56,0.026809671811737462,90.83708079251008,0.3497053191024792
2009-06-24,68.33000183105469,69.31999969482422,68.05000305175781,68.19999694824219,515,-0.006854853706325915,90.21653519710553,0.352400616504354
2009-06-25,69.77999877929688,70.51000213623047,68.55000305175781,68.87999725341797,110,0.02099848267511596,92.13097537288985,0.352749869725257
2009-06-26,68.91999816894531,70.4800033569336,68.54000091552734,69.04000091552734,4,-0.012401033173131168,90.99551110749812,0.34597327806169714
2009-06-29,70.98999786376953,71.41000366210938,69.44000244140625,69.72000122070312,78,0.02959260686740183,93.72854484556005,0.3547307497848755
2009-06-30,69.30000305175781,71.6500015258789,68.44999694824219,70.83999633789062,61,-0.024094041726536848,91.49723396666164,0.34612104516333103
2009-07-01,68.79000091552734,71.2699966430664,68.16000366210938,71.20999908447266,72,-0.007386551385825239,90.82387490854839,0.34720975149158473
2009-07-02,66.6500015258789,67.75,66.62999725341797,67.75,20,-0.03160332932831608,87.99842012903076,0.3440870924114481
2009-07-06,64.05000305175781,64.62999725341797,63.33000183105469,64.05000305175781,12,-0.03979099352939042,84.56562563807024,0.33641877984263036
2009-07-07,63.22999954223633,64.81999969482422,62.72999954223633,64.5199966430664,20,-0.012885211158371816,83.48296979881819,0.33799070046318924
2009-07-08,60.43000030517578,62.5,60.36000061035156,62.45000076293945,23,-0.04529318940732424,79.78611303088326,0.3674591148726295
2009-07-09,61.099998474121094,62.119998931884766,59.880001068115234,61.369998931884766,55,0.011026165780543103,80.67071586669321,0.35548702876606936
2009-07-10,60.52000045776367,60.77000045776367,59.56999969482422,60.279998779296875,24,-0.009537944720084802,79.9049408036933,0.3455643179688682
2009-07-13,60.689998626708984,61.5099983215332,59.540000915527344,60.279998779296875,20,0.002805020735805221,80.1293904653517,0.3390050173126937
2009-07-14,60.86000061035156,62.209999084472656,60.52000045776367,61.900001525878906,23,0.0027972372778035746,80.35384516357911,0.34064114638690707
2009-07-15,63.09000015258789,63.77000045776367,61.970001220703125,61.97999954223633,2,0.03598612630368785,83.29812771590679,0.3677938152640379
2009-07-17,65.37999725341797,65.86000061035156,63.13999938964844,64.08000183105469,2,0.0356540784852565,86.32162542572848,0.38996129340053737
2009-07-20,66.44000244140625,66.6500015258789,65.30999755859375,65.4000015258789,3,0.01608296220457415,87.72115700466367,0.39369208547660006
2009-07-21,66.87000274658203,67.8499984741211,66.11000061035156,67.66000366210938,6,0.006451155648219148,88.28888913735953,0.39454964111486607
2009-07-22,67.20999908447266,67.38999938964844,65.55000305175781,66.45999908447266,15,0.005071555220639881,88.73778846067634,0.38567185761678346
2009-07-23,69.25,69.69999694824219,66.73999786376953,68.0199966430664,32,0.029901112707465188,91.43121461999128,0.3828440775729248
2009-07-24,70.31999969482422,70.29000091552734,69.08000183105469,70.31999969482422,32,0.015333103969658776,92.8439420097501,0.37530723204264677
2009-07-27,70.80999755859375,71.05999755859375,70.11000061035156,70.5999984741211,16,0.006943950148306008,93.49088929993997,0.37469310056430977
2009-07-28,69.87999725341797,70.97000122070312,69.11000061035156,69.87999725341797,16,-0.013220753223822525,92.26300399309254,0.37121803898051714
2009-07-29,66.52999877929688,69.19000244140625,66.19999694824219,69.0199966430664,42,-0.04912649055595481,87.83997974090468,0.40685130017792975
2009-07-30,70.11000061035156,70.29000091552734,67.56999969482422,68.91000366210938,18,0.05241249051886854,92.566678885383,0.4356156241417035
2009-07-31,71.69999694824219,72.05999755859375,68.26000213623047,69.83999633789062,18,0.022425259118199377,94.66596114407871,0.43379800828483145
2009-08-03,73.55000305175781,73.91000366210938,72.91000366210938,72.94000244140625,7,0.02547478349703085,97.10853594694991,0.44009059108254855
2009-08-04,74.27999877929688,74.66000366210938,72.5999984741211,73.29000091552734,15,0.009876231510964725,98.0723539402539,0.4218549039031904
2009-08-05,75.51000213623047,75.5,73.25,74.37999725341797,16,0.016423406055331293,99.69633518084748,0.3901317218589703
2009-08-06,74.83000183105469,75.81999969482422,74.08999633789062,74.73999786376953,5,-0.009046227544236382,98.79852646107582,0.38778188067050895
2009-08-07,73.58999633789062,75.5,73.20999908447266,74.47000122070312,7,-0.01670980138696944,97.16133933652058,0.3489651227057587
2009-08-10,73.5,74.19000244140625,73.13999938964844,73.31999969482422,3,-0.001223690956033186,97.04251660027955,0.3508131092258683
2009-08-11,72.45999908447266,74.12999725341797,71.95999908447266,72.77999877929688,18,-0.014250733386794237,95.66939678926775,0.3542796475282279
2009-08-12,72.88999938964844,73.45999908447266,72.16999816894531,72.91000366210938,5,0.0059167741885267555,96.23712892196362,0.3538048305307784
2009-08-13,73.4800033569336,73.9000015258789,73.9000015258789,73.9000015258789,2,0.008061859011397643,97.01611490549423,0.35316335780574004
2009-08-14,72.41000366210938,71.94000244140625,71.94000244140625,71.94000244140625,8,-0.014668844056557188,95.60338751573542,0.34789843961893296
2009-08-17,70.54000091552734,70.05999755859375,69.26000213623047,70.05000305175781,11,-0.026164524188618463,93.13441101807888,0.3486686856777417
2009-08-18,72.37000274658203,73.0199966430664,69.51000213623047,70.0199966430664,16,0.025611949043232093,95.55057405302672,0.3544754625823769
2009-08-19,74.58999633789062,74.81999969482422,71.26000213623047,73.0,11,0.030214514040573872,98.48164568482372,0.36586131218200335
2009-08-20,73.33000183105469,73.33000183105469,73.19000244140625,73.33000183105469,11,-0.017036573794781018,96.81806693862116,0.37388872087260366
2009-08-21,74.19000244140625,74.69999694824219,74.04000091552734,74.51000213623047,8,0.011659576033147722,97.95353120401288,0.36324692235516004
2009-08-24,74.26000213623047,74.56999969482422,73.93000030517578,74.26000213623047,8,0.0009430744069218207,98.04595224546858,0.3606422790930677
2009-08-25,71.81999969482422,73.9000015258789,71.16999816894531,73.62999725341797,23,-0.033409492967078694,94.82440153220479,0.3810278323984678
2009-08-26,71.6500015258789,72.3499984741211,70.68000030517578,71.8499984741211,7,-0.0023698089782944894,94.59995187054638,0.3778830196068487
2009-08-27,72.51000213623047,72.77999877929688,70.47000122070312,70.88999938964844,2,0.011931337274218317,95.73541613593811,0.3318293301791352
2009-08-28,72.79000091552734,73.37999725341797,71.9800033569336,73.37999725341797,2,0.0038540828631340473,96.1051003017609,0.28157670128479156
2009-08-31,69.6500015258789,70.5199966430664,68.93000030517578,70.51000213623047,13,-0.0440958735741956,91.95933917394014,0.3127114977672559
2009-09-01,67.7300033569336,70.9800033569336,67.66999816894531,69.58999633789062,22,-0.027953459343345977,89.42435340275127,0.309652311806841
2009-09-02,67.66000366210938,68.5,66.83999633789062,67.44000244140625,39,-0.0010340453125412135,89.33193236129556,0.3058076527197457
2009-09-03,67.12000274658203,68.41000366210938,67.01000213623047,67.38999938964844,4,-0.008013114398315292,88.61896572443531,0.29636671161235145
2009-09-04,66.81999969482422,67.48999786376953,66.0199966430664,66.81999969482422,4,-0.004479670717943049,88.22286979068916,0.2961214103408313
2009-09-08,69.41999816894531,70.0199966430664,68.05000305175781,69.4000015258789,15,0.03817255169568962,91.65566428164966,0.3289054879031355
2009-09-09,69.83000183105469,70.80999755859375,69.72000122070312,70.33000183105469,6,0.005888759022380978,92.19699471956021,0.3302490193127875
2009-09-10,69.86000061035156,70.55999755859375,69.16999816894531,70.05999755859375,4,0.0004295050359186346,92.23660229830722,0.327537659061368
2009-09-11,67.69000244140625,70.69999694824219,67.05999755859375,70.45999908447266,21,-0.03155475352749354,89.37153994004257,0.3419065381819181
2009-09-14,67.44000244140625,67.91999816894531,66.95999908447266,67.41000366210938,13,-0.0037001446932142103,89.04146335296679,0.33930224545146376
2009-09-16,71.66999816894531,71.66000366210938,69.29000091552734,69.9800033569336,13,0.06083387456265579,94.62635356533168,0.40422207163344165
2009-09-17,71.55000305175781,72.16999816894531,70.9800033569336,71.16999816894531,80,-0.0016756758028557365,94.46792325034366,0.39337916746778495
2009-09-18,71.31999969482422,71.75,71.75,71.75,114,-0.003219759938585123,94.1642483580532,0.38289117507726383
2009-09-21,68.69000244140625,69.26000213623047,68.13999938964844,69.12000274658203,22,-0.03757312494780266,90.69184628834567,0.3859337430051974
2009-09-22,70.52999877929688,70.68000030517578,69.5999984741211,69.76000213623047,8,0.02643447014434266,93.12120513411718,0.3965565947005536
2009-09-23,67.98999786376953,69.41000366210938,67.5199966430664,69.20999908447266,9,-0.036677529793921436,89.76762580065068,0.41089433666448516
2009-09-24,64.81999969482422,67.45999908447266,66.05000305175781,67.45999908447266,20,-0.047746411113241675,85.5822570940829,0.43706536312348243
2009-09-25,65.11000061035156,65.05000305175781,64.56999969482422,64.80000305175781,12,0.004463963617579178,85.96514714386737,0.4272371440989151
2009-09-28,65.54000091552734,66.16999816894531,64.83000183105469,66.16999816894531,17,0.0065825006167237465,86.53287927656324,0.4289666440576908
2009-09-29,65.48999786376953,65.83999633789062,64.8499984741211,65.70999908447266,4,-0.0007632306288784469,86.46685992989288,0.4251723602060532
2009-09-30,69.06999969482422,69.25,65.04000091552734,65.29000091552734,14,0.0532230520717504,91.19355907437117,0.46994303074764393
2009-10-01,69.19000244140625,69.72000122070312,67.69999694824219,68.4800033569336,26,0.001735900113728781,91.35199946249723,0.44498221007443733
2009-10-02,68.06999969482422,68.36000061035156,66.80000305175781,67.45999908447266,27,-0.01631979581965929,89.87325272606805,0.43764221739784304
2009-10-05,68.04000091552734,68.44000244140625,65.94999694824219,65.94999694824219,2,-0.0004408019932127854,89.83364514732104,0.437625308145565
2009-10-06,68.55999755859375,69.68000030517578,68.3499984741211,69.19999694824219,2,0.007613457696364353,90.52020001625792,0.43724785307102293
2009-10-07,67.19999694824219,69.06999969482422,66.8499984741211,68.9800033569336,2,-0.02003603656370744,88.72458257671464,0.44299218292548564
2009-10-08,69.7699966430664,70.1500015258789,67.23999786376953,67.37999725341797,11,0.037530867720819844,92.11776948892813,0.44230545444629815
2009-10-09,70.0,70.30000305175781,69.11000061035156,69.26000213623047,18,0.0032911722124989596,92.42144438121859,0.44197883130575266
2009-10-12,71.36000061035156,71.66999816894531,71.5,71.66999816894531,4,0.019242254775527844,94.21706182076188,0.446923987318441
2009-10-13,72.4000015258789,72.48999786376953,71.30999755859375,71.54000091552734,4,0.014468823642459244,95.5901816317737,0.4328842620665092
2009-10-14,73.0999984741211,73.25,72.4000015258789,73.13999938964844,9,0.00962202541453024,96.51439204633067,0.43266725681681606
2009-10-16,76.98999786376953,76.27999877929688,76.05999755859375,76.05999755859375,4,0.05184716966122525,101.65038293537879,0.418643560242092
2009-10-19,77.7699966430664,77.80000305175781,76.58999633789062,77.3499984741211,2,0.010080193998858322,102.68022027535312,0.4188249156859453
2009-10-20,77.23999786376953,77.9800033569336,76.5199966430664,76.52999877929688,8,-0.006838279638695494,101.98045952245455,0.419793994249972
2009-10-21,79.69000244140625,80.19999694824219,76.3499984741211,77.18000030517578,58,0.031226708142685786,105.21521611968004,0.40162421188244596
2009-10-22,79.51000213623047,79.70999908447266,78.6500015258789,79.4800033569336,8,-0.0022613112651143127,104.97756057405996,0.3964627448023046
2009-10-23,78.91999816894531,79.54000091552734,78.23999786376953,79.4000015258789,22,-0.007448168827823865,104.19857459052935,0.369073790571655
2009-10-26,77.26000213623047,80.02999877929688,76.69999694824219,78.38999938964844,48,-0.02125827306498736,102.00687129037793,0.3286726433787182
2009-10-27,77.91999816894531,78.30000305175781,76.48999786376953,77.05000305175781,16,0.00850625094709318,102.87826824222621,0.3283670273843621
2009-10-28,75.86000061035156,76.91999816894531,75.72000122070312,76.80000305175781,23,-0.026793091528602018,100.15844038812595,0.3504982783587792
2009-10-29,78.04000091552734,78.55999755859375,76.77999877929688,77.76000213623047,5,0.02833198317990876,103.03670863035228,0.3568505956564411
2009-10-30,75.19999694824219,77.05000305175781,75.2699966430664,76.9800033569336,14,-0.03707033711251682,99.28703336313964,0.3508139793470987
2009-11-02,76.55000305175781,77.0199966430664,75.25,75.62000274658203,12,0.017792971595987205,101.06945499185929,0.3538762510838378
2009-11-03,78.11000061035156,78.23999786376953,75.16000366210938,75.48999786376953,26,0.020173935466311632,103.129129671808,0.34896225519951646
2009-11-04,78.88999938964844,79.37999725341797,78.12999725341797,78.52999877929688,18,0.009936371934050246,104.15896701178235,0.3481929979527123
2009-11-05,77.98999786376953,78.4800033569336,77.95999908447266,78.30999755859375,2,-0.011473883418931904,102.97068928368193,0.35402989665452567
2009-11-06,75.87000274658203,77.1500015258789,75.30999755859375,77.01000213623047,2,-0.027559200400181397,100.17164627208766,0.36190920751683014
2009-11-09,77.7699966430664,78.20999908447266,77.7699966430664,77.7699966430664,2,0.02473432399081655,102.68022027535315,0.3502913213845917
2009-11-10,77.5,78.66999816894531,76.58000183105469,77.5,2,-0.00347777318265842,102.32374199349206,0.35153117893974495
2009-11-11,77.94999694824219,78.55999755859375,77.33999633789062,77.8499984741211,9,0.005789619994287084,102.91787582097325,0.34765744260987363
2009-11-12,76.0199966430664,76.76000213623047,75.69999694824219,76.6500015258789,12,-0.025071136951044785,100.3696841658227,0.3597232859222356
2009-11-13,75.55000305175781,75.9800033569336,75.33999633789062,75.9000015258789,3,-0.006201690289913365,99.74914864355618,0.3598542967080959
2009-11-16,78.76000213623047,79.20999908447266,76.63999938964844,77.87000274658203,5,0.04161055178158625,103.98733081283265,0.34319512321183954
2009-11-17,78.97000122070312,79.48999786376953,78.2300033569336,78.97000122070312,5,0.002662768073081523,104.26459393719973,0.3417034468360897
2009-11-18,79.47000122070312,80.06999969482422,78.7300033569336,79.68000030517578,2,0.0063115583453426955,104.9247471113513,0.3410697839464742
2009-11-19,77.63999938964844,78.25,77.2699966430664,77.93000030517578,6,-0.023296856873134077,102.50858407640347,0.3331056197375682
2009-11-20,77.19999694824219,77.19999694824219,76.70999908447266,77.19999694824219,6,-0.0056833329393184235,101.92764605974591,0.3334484391689081
2009-11-23,77.45999908447266,79.51000213623047,77.19999694824219,79.31999969482422,12,0.0033622447670615574,102.27092853078337,0.3330820729363271
2009-11-24,76.45999908447266,77.77999877929688,76.08999633789062,76.2699966430664,2,-0.012993945972921653,100.95062218248023,0.3279042087515767
2009-11-25,78.44000244140625,78.56999969482422,76.38999938964844,76.41999816894531,2,0.025566316158323055,103.56483318430116,0.3389450699313736
2009-11-27,77.18000030517578,77.18000030517578,74.91999816894531,77.18000030517578,3,-0.01619367238909986,101.90124436496058,0.3301374760836593
2009-11-30,78.47000122070312,79.22000122070312,76.5199966430664,78.47000122070312,3,0.016576041632133776,103.60444076304816,0.3201549566545654
2009-12-01,79.3499984741211,79.66000366210938,78.36000061035156,79.3499984741211,3,0.01115202604700496,104.76630672322523,0.2916127152102788
2009-12-02,77.87999725341797,79.5999984741211,77.55000305175781,78.54000091552734,4,-0.018699282505538525,102.82545477951754,0.29497119271274114
2009-12-03,78.36000061035156,78.86000061035156,77.48999786376953,78.22000122070312,1,0.006144455628258863,103.45920625888377,0.28727610023303
2009-12-04,77.5199966430664,79.69999694824219,77.0199966430664,78.16999816894531,10,-0.010777676586997508,102.35014368827737,0.2873484345827961
2009-12-07,76.43000030517578,77.95999908447266,76.55000305175781,76.43000030517578,10,-0.014160631030740735,100.91101460373322,0.2887492267115831
2009-12-08,75.19000244140625,76.79000091552734,75.31999969482422,75.19000244140625,10,-0.016357017387910795,99.273837552316,0.27816141004147876
2009-12-09,72.38999938964844,76.0999984741211,72.08999633789062,75.29000091552734,13,-0.03795011598614614,95.57697574781204,0.2911650557901147
2009-12-10,71.86000061035156,72.88999938964844,71.22000122070312,71.86000061035156,13,-0.007348369694622265,94.87721499491346,0.2914843362104209
2009-12-11,71.87999725341797,72.52999877929688,71.08000183105469,71.5999984741211,105,0.00027823352570736053,94.9036166896988,0.2898685979083212
2009-12-14,71.88999938964844,72.29000091552734,71.26000213623047,71.88999938964844,105,0.0001391408010037793,94.91682257366048,0.2795985972964164
2009-12-15,72.05000305175781,72.73999786376953,71.69000244140625,72.05000305175781,105,0.002223200295937356,95.12807642449525,0.2797770307828318
2009-12-16,73.55000305175781,73.75,73.55000305175781,73.55000305175781,4,0.020605123738092736,97.10853594694994,0.24565885352830322
2009-12-17,73.37000274658203,73.37000274658203,72.62000274658203,73.37000274658203,4,-0.0024503183791579324,96.87088040132984,0.24474266646191642
2009-12-18,73.75,73.75,73.75,73.75,1,0.00516582505935304,97.37259318735533,0.2441953491195945
2009-12-21,72.98999786376953,73.95999908447266,72.94999694824219,72.98999786376953,1,-0.010358579023829029,96.36915754216632,0.2349555451388953
2009-12-22,73.45999908447266,73.83999633789062,72.58000183105469,73.45999908447266,1,0.0064186117324840225,96.98970313757086,0.23690769669085374
2009-12-23,75.44999694824219,75.12999725341797,75.44999694824219,75.44999694824219,1,0.026729116837853097,99.61710995021542,0.2570012847666442
2009-12-24,76.30999755859375,75.93000030517578,76.30999755859375,76.30999755859375,1,0.011333814541836258,100.75257421560715,0.2568135766968604
2009-12-28,77.31999969482422,77.31999969482422,77.31999969482422,77.31999969482422,1,0.01314869108493728,102.08608644787193,0.24448722275008938
2009-12-29,77.63999938964844,77.86000061035156,76.87000274658203,77.63999938964844,1,0.004130100046295362,102.50858407640342,0.238301647933703
2009-12-30,78.02999877929688,78.56999969482422,78.02999877929688,78.02999877929688,1,0.00501060204514009,103.02350274639058,0.23161214930668447
2009-12-31,77.93000030517578,78.5999984741211,77.87000274658203,77.93000030517578,1,-0.001282360713152649,102.89147412618789,0.22786224686547246
2010-01-04,80.12000274658203,79.81999969482422,80.12000274658203,80.12000274658203,97,0.02771455330697698,105.78294825237589,0.23855115690431541
2010-01-05,80.58999633789062,80.26000213623047,80.58999633789062,80.58999633789062,97,0.0058489818167098,106.4034837746424,0.23847852137596015
2010-01-06,81.88999938964844,81.69999694824219,80.12999725341797,81.12999725341797,7,0.016002348933605807,108.11988605669166,0.2393802183554395
2010-01-07,81.51000213623047,81.51000213623047,81.62999725341797,81.51000213623047,7,-0.004651137514219974,107.61817327066616,0.23317118202111736
2010-01-08,81.37000274658203,81.52999877929688,81.08999633789062,81.37000274658203,7,-0.001719049851767337,107.43333118775477,0.2231052792775035
2010-01-11,80.97000122070312,81.70999908447266,81.01000213623047,80.97000122070312,7,-0.004927957688783903,106.90520663380592,0.1677825142330977
2010-01-12,79.30000305175781,79.30000305175781,79.02999877929688,79.30000305175781,7,-0.020840563649508887,104.70029744969283,0.1861382161921987
2010-01-13,78.30999755859375,79.0199966430664,77.25,78.52999877929688,18,-0.012562889537835619,103.39318691221335,0.19507495330942587
2010-01-14,77.81999969482422,78.47000122070312,78.01000213623047,77.81999969482422,6,-0.006276813951823226,102.7462396220235,0.1979529141062538
2010-01-15,77.11000061035156,77.81999969482422,76.87999725341797,77.55000305175781,4,-0.009165481874642504,101.80882332350482,0.20294568823107564
2010-01-19,77.62999725341797,77.75,76.26000213623047,77.62999725341797,200,0.0067209332769626135,102.4953781924417,0.19344682800188795
2010-01-20,76.31999969482422,76.31999969482422,75.87000274658203,76.31999969482422,200,-0.017018891895771382,100.76578009956879,0.20447986972585983
2010-01-21,74.58000183105469,76.45999908447266,74.29000091552734,74.58000183105469,1,-0.02306262383917095,98.46844987400002,0.22143786770298204
2010-01-22,72.83000183105469,73.9000015258789,72.45999908447266,73.72000122070312,1,-0.023744415930912564,96.15791376446954,0.23421966669342975
2010-01-25,73.69000244140625,73.7300033569336,72.83000183105469,73.68000030517578,1,0.011739154538361826,97.29337802986127,0.2367977061230246
2010-01-26,73.29000091552734,73.29000091552734,72.91000366210938,73.29000091552734,15,-0.005442951480070743,96.76525347591243,0.21666583711511814
2010-01-27,72.23999786376953,73.54000091552734,71.37000274658203,72.97000122070312,5,-0.014430306892171157,95.37892778093892,0.21599307068905826
2010-01-28,72.12999725341797,72.61000061035156,71.72000122070312,72.12999725341797,9,-0.0015238711000726678,95.23369327677455,0.2083498517076529
2010-01-29,71.45999908447266,73.18000030517578,71.2300033569336,71.45999908447266,9,-0.009332168653842222,94.34909044096457,0.20751107689998852
2010-02-01,73.11000061035156,73.58000183105469,71.66000366210938,72.13999938964844,8,0.02282732487010701,96.52759793029233,0.22559501182319908
2010-02-02,76.05999755859375,76.18000030517578,73.81999969482422,74.30999755859375,27,0.0395573057480625,100.42249762853135,0.2697770782876022
2010-02-03,75.91999816894531,76.86000061035156,75.5,76.58999633789062,224,-0.0018423402182277864,100.23765554561994,0.24851315013423794
2010-02-04,72.12999725341797,74.81999969482422,71.44999694824219,74.81999969482422,35,-0.05121012174609943,95.23369327677456,0.29787689914497834
2010-02-05,69.58999633789062,72.5,67.94999694824219,71.69000244140625,30,-0.035849182204677886,91.88011394330805,0.3052594517799459
2010-02-08,70.11000061035156,70.44999694824219,69.2300033569336,70.0999984741211,5,0.007444619691821619,92.56667888538297,0.3096509044758294
2010-02-09,72.12999725341797,72.36000061035156,70.47000122070312,71.11000061035156,211,0.02840456251285624,95.23369327677455,0.3330375789891296
2010-02-10,72.54000091552734,72.91000366210938,70.94000244140625,71.37999725341797,16,0.005668138038395988,95.77502371468508,0.33537761789891485
2010-02-11,73.05000305175781,73.05000305175781,73.05000305175781,73.05000305175781,41,0.007006033497238936,96.44838277279831,0.3329152600739416
2010-02-12,72.9000015258789,72.93000030517578,71.68000030517578,72.48999786376953,11,-0.002055520027259483,96.25033480592523,0.33146050253497
2010-02-16,75.68000030517578,75.98999786376953,73.83999633789062,74.16999816894531,12,0.037425268830336506,99.92078484250582,0.3600362513985925
2010-02-17,76.2699966430664,76.3499984741211,75.43000030517578,75.97000122070312,7,0.007765703386259916,100.69976075289841,0.3601694411231993
2010-02-18,77.77999877929688,77.83000183105469,75.4000015258789,75.91000366210938,50,0.01960468087096284,102.69342615931478,0.36614935522764736
2010-02-19,78.19000244140625,78.2699966430664,76.73999786376953,77.05999755859375,35,0.0052574803271487605,103.23475659722531,0.36112987362996757
2010-02-22,78.61000061035156,78.69999694824219,77.94999694824219,78.2699966430664,119,0.005357132209520456,103.78928284595949,0.3503776462857038
2010-02-23,77.25,77.81999969482422,76.6500015258789,77.36000061035156,28,-0.017452009792109445,101.99366540641621,0.34507554379975103
2010-02-24,78.08999633789062,78.4000015258789,76.83000183105469,77.33000183105469,87,0.010815045000718271,103.10271790388457,0.3447888331385639
2010-02-25,76.29000091552734,77.51000213623047,75.30999755859375,77.44000244140625,76,-0.02332008067581472,100.72617252082176,0.35554275003930264
2010-02-26,77.58999633789062,77.91000366210938,76.0999984741211,76.7300033569336,17,0.016896625604885026,102.44256472973301,0.35395933052483836
2010-03-01,76.88999938964844,78.37000274658203,76.30999755859375,77.54000091552734,11,-0.009062684601537611,101.51835431517604,0.35623734162095205
2010-03-02,78.18000030517578,79.2300033569336,77.47000122070312,77.94999694824219,27,0.016638043162204838,103.22155071326364,0.35622950158774574
2010-03-03,79.25,79.54000091552734,77.93000030517578,77.93000030517578,29,0.013593548489079222,104.63427810302244,0.3515775400074714
2010-03-04,78.54000091552734,79.20999908447266,78.16000366210938,79.0,26,-0.008999351950697572,103.6968618045038,0.32893038531974206
2010-03-05,79.88999938964844,80.5,79.36000061035156,79.62000274658203,80,0.01704262004735867,105.4792733600854,0.3329729799964634
2010-03-08,80.47000122070312,80.79000091552734,79.4800033569336,80.45999908447266,18,0.007233778473657539,106.24505345965434,0.2699314964228187
2010-03-09,79.91000366210938,80.37000274658203,78.79000091552734,79.38999938964844,18,-0.006983412113414643,105.50568512800875,0.23020531479188344
2010-03-10,80.4800033569336,81.43000030517578,79.2300033569336,79.94999694824219,43,0.007107700848535733,106.25825934361602,0.23019241673374854
2010-03-11,80.27999877929688,80.48999786376953,79.66999816894531,79.76000213623047,11,-0.002488239340262015,105.99419203007257,0.21781130589922026
2010-03-12,79.38999938964844,81.23999786376953,78.79000091552734,81.23999786376953,3,-0.011148100673561416,104.81912018593383,0.22492984973288832
2010-03-15,77.88999938964844,77.88999938964844,77.88999938964844,77.88999938964844,6,-0.019074840953220148,102.83866066347915,0.23869523641203189
2010-03-16,79.0199966430664,79.0199966430664,79.0199966430664,79.0199966430664,16,0.014403375405382094,104.33060321073198,0.2410529610609171
2010-03-17,81.95999908447266,82.05000305175781,80.83000183105469,81.4000015258789,31,0.03653036969911389,108.2123070981473,0.239496792507714
2010-03-18,81.4800033569336,81.79000091552734,80.93000030517578,81.38999938964844,31,-0.005873679642198555,107.57856569191912,0.24130207834009046
2010-03-19,79.87999725341797,81.36000061035156,79.2300033569336,80.83999633789062,96,-0.019832158394321033,105.4660674761237,0.24603588751281133
2010-03-22,80.54000091552734,80.62000274658203,78.01000213623047,78.81999969482422,70,0.008228492626907407,106.33747450111002,0.2468566880358893
2010-03-23,80.69999694824219,81.1500015258789,79.86000061035156,79.94000244140625,201,0.001984570669150309,106.54871827880675,0.24645336726008124
2010-03-24,79.62000274658203,79.87999725341797,78.98999786376953,79.37999725341797,29,-0.013473185391517893,105.12279507822426,0.24301049695644192
2010-03-25,79.61000061035156,80.44000244140625,79.47000122070312,80.11000061035156,24,-0.00012563130104573098,105.10958919426258,0.24063551715655077
2010-03-26,79.29000091552734,80.6500015258789,78.80999755859375,80.29000091552734,28,-0.004027691936381795,104.68709156573111,0.2249178269293552
2010-03-29,81.16999816894531,81.88999938964844,79.87000274658203,80.11000061035156,21,0.023433669383940137,107.16926387421128,0.2314772187382373
2010-03-30,81.27999877929688,81.5199966430664,80.73999786376953,81.27999877929688,2,0.0013542705968632206,107.31449837837566,0.22790564305257466
2010-03-31,82.69999694824219,82.77999877929688,81.29000091552734,82.37999725341797,20,0.017319596316420924,109.18933097541297,0.22844453557508482
2010-04-01,84.01000213623047,84.30000305175781,83.25,83.62000274658203,14,0.01571629967694393,110.91893914142392,0.22983683346619627
2010-04-05,85.87999725341797,86.08999633789062,84.37000274658203,85.11000061035156,22,0.022015076223910402,113.3879055659424,0.2348687142971572
2010-04-06,86.1500015258789,86.37999725341797,85.6500015258789,86.05999755859375,37,0.0031390396568697163,113.74439392094153,0.23022255318230422
2010-04-07,85.58999633789062,86.44999694824219,85.30000305175781,85.6500015258789,58,-0.006521569578956273,113.00501551615794,0.2324020065349147
2010-04-08,84.80999755859375,85.2699966430664,84.2300033569336,84.55000305175781,37,-0.009154979520032466,111.97517817618359,0.23368820867952372
2010-04-09,84.83000183105469,85.66999816894531,83.98999786376953,85.58000183105469,54,0.00023584381779800774,112.00158994410694,0.2333168540821594
2010-04-12,84.7699966430664,85.5199966430664,84.58000183105469,84.79000091552734,88,-0.0007076083848102852,111.92236471347488,0.2329177324892839
2010-04-13,84.72000122070312,84.80999755859375,84.25,84.27999877929688,12,-0.0005899513179947271,111.85635543994255,0.22788755297270913
2010-04-14,86.1500015258789,85.19999694824219,84.86000061035156,85.18000030517578,15,0.016738264983995648,113.74439392094153,0.21752307494403042
2010-04-15,87.16999816894531,87.12999725341797,87.16999816894531,87.16999816894531,14,0.01177023333210063,115.09110196402999,0.2162457668994429
2010-04-16,85.98999786376953,87.33999633789062,85.1500015258789,87.2699966430664,63,-0.013629228437897191,113.53314007010678,0.1915390934769908
2010-04-19,84.2300033569336,84.31999969482422,83.58000183105469,83.68000030517578,34,-0.020679793398385323,111.20940814975266,0.20582093001305826
2010-04-20,84.80000305175781,85.4800033569336,84.5199966430664,85.0999984741211,54,0.006744386603925184,111.96198236535993,0.1910424918789264
2010-04-21,85.69999694824219,86.16000366210938,84.70999908447266,85.19999694824219,87,0.010557211208390628,113.15025002032233,0.19203687672651085
2010-04-22,85.66999816894531,85.83000183105469,84.16000366210938,84.83999633789062,56,-0.00035010539135263175,113.11064244157532,0.19235588742470902
2010-04-23,87.25,87.31999969482422,85.4000015258789,85.83000183105469,55,0.018274876479931756,115.19672888944737,0.1898419026942661
2010-04-26,86.83000183105469,87.51000213623047,86.51000213623047,87.51000213623047,35,-0.0048253559221713305,114.64220264071318,0.19192700298402246
2010-04-27,85.77999877929688,86.69999694824219,85.4800033569336,86.20999908447266,18,-0.012166340302257227,113.25587694573969,0.19825419134481867
2010-04-28,86.16000366210938,86.27999877929688,85.08999633789062,85.5,37,0.0044202104936148295,113.75759980490321,0.1849592094247078
2010-04-29,86.9000015258789,87.55000305175781,86.91999816894531,87.25,22,0.008551974478643962,114.73462368216884,0.185908395903384
2010-04-30,87.44000244140625,87.6500015258789,86.76000213623047,87.1500015258789,25,0.006194821958847192,115.44759031902909,0.17912047860314684
2010-05-03,88.94000244140625,89.45999908447266,88.30999755859375,88.45999908447266,89,0.017009140743372383,117.42804984148378,0.18036010816848294
2010-05-05,82.61000061035156,84.95999908447266,82.16000366210938,84.95999908447266,95,-0.07383126656982303,109.0705082391719,0.3100859502098713
2010-05-06,79.83000183105469,82.36000061035156,79.41000366210938,82.36000061035156,49,-0.034231349368131755,105.40005820259131,0.3289602369937081
2010-05-07,78.2699966430664,80.62999725341797,77.58999633789062,80.5,94,-0.019735051667033737,103.34037344950457,0.33357675267749504
2010-05-10,80.12000274658203,81.48999786376953,79.58999633789062,81.33000183105469,60,0.023361200150872882,105.78294825237577,0.3463349630933487
2010-05-11,80.48999786376953,80.81999969482422,79.97000122070312,79.9800033569336,56,0.004607381486849591,106.27145515443956,0.3471334570592122
2010-05-12,81.19999694824219,81.69000244140625,80.5199966430664,81.3499984741211,57,0.00878228301908652,107.2088714529582,0.34930096137788685
2010-05-13,80.11000061035156,80.11000061035156,79.91000366210938,80.11000061035156,1,-0.013514511738463316,105.76974236841407,0.3514833162674378
2010-05-14,77.18000030517578,77.18000030517578,77.18000030517578,77.18000030517578,230,-0.03726033778239271,101.90124436496042,0.36349461763116253
2010-05-17,75.0999984741211,77.62999725341797,75.06999969482422,77.62999725341797,20,-0.02731982161142382,99.1550047429368,0.36566747904965125
2010-05-18,74.43000030517578,76.48999786376953,74.05000305175781,76.48999786376953,32,-0.008961447980136318,98.27040190712682,0.3649737044038147
2010-05-19,73.69000244140625,74.33000183105469,72.93000030517578,73.75,55,-0.00999195256231621,97.29337802986117,0.3617435968102783
2010-05-20,71.83999633789062,72.45999908447266,70.37000274658203,72.2699966430664,45,-0.025425764891641955,94.85080322698997,0.36421023874743397
2010-05-21,71.68000030517578,72.77999877929688,70.62999725341797,71.36000061035156,445,-0.0022296000938832375,94.63955944929324,0.3586982122967694
2010-05-24,71.16999816894531,71.94999694824219,71.05999755859375,71.73999786376953,117,-0.0071404173408709005,93.96620039118,0.3575220024661789
2010-05-25,69.55000305175781,69.91999816894531,68.2300033569336,68.62000274658203,63,-0.023025393335210885,91.82731055373729,0.3465264900146502
2010-05-26,71.73999786376953,72.06999969482422,70.77999877929688,71.12999725341797,75,0.03100248007867094,94.71877460678725,0.3753339171874244
2010-05-27,74.66000366210938,74.80000305175781,72.93000030517578,73.1500015258789,48,0.03989608021018489,98.57407679941727,0.4115413483144414
2010-05-28,74.0199966430664,75.58000183105469,73.33999633789062,74.77999877929688,26,-0.008609240930625182,97.7290714692163,0.40961116594101615
2010-06-01,72.70999908447266,75.05999755859375,72.36000061035156,73.93000030517578,89,-0.017856367535824653,95.99947337634337,0.40699640194533504
2010-06-02,73.75,74.4000015258789,72.31999969482422,72.66999816894531,77,0.014202081149455193,97.37259318735518,0.41155620227009204
2010-06-03,75.41000366210938,75.47000122070312,73.9800033569336,74.55999755859375,117,0.022258945557274493,99.56430656064461,0.4159713110689195
2010-06-04,72.08999633789062,76.48999786376953,71.51000213623047,75.4000015258789,300,-0.04502465315984896,95.18087981406575,0.36755730326651187
2010-06-07,72.08999633789062,72.80000305175781,71.61000061035156,72.30000305175781,46,0.0,95.18087981406575,0.35387315838739736
2010-06-08,72.08999633789062,72.5999984741211,71.4000015258789,71.94000244140625,61,0.0,95.18087981406575,0.3500005318998317
2010-06-09,72.08999633789062,74.6500015258789,72.83000183105469,72.86000061035156,126,0.0,95.18087981406575,0.3361410498961026
2010-06-10,75.29000091552734,75.86000061035156,74.5199966430664,74.54000091552734,459,0.04343204840468867,99.40586617251854,0.3748428731395956
2010-06-11,74.3499984741211,75.54000091552734,73.58999633789062,75.3499984741211,154,-0.012563683638796834,98.16477498170944,0.37355067687097676
2010-06-14,75.19999694824219,76.0999984741211,75.83000183105469,75.8499984741211,88,0.011367537990661078,99.2870333631395,0.375668743633347
2010-06-15,76.19999694824219,76.19999694824219,76.19999694824219,76.19999694824219,244,0.013210232269377191,100.60733971144262,0.3579597189262813
2010-06-16,78.13999938964844,78.54000091552734,76.7300033569336,76.95999908447266,239,0.02514065917263948,103.16873725055484,0.35475052548517494
2010-06-17,78.68000030517578,79.05999755859375,78.19999694824219,78.51000213623047,316,0.006886915583629813,103.88170388741509,0.3528856838046772
2010-06-18,78.22000122070312,78.63999938964844,77.3499984741211,77.44000244140625,71,-0.005863612466163046,103.27436417597222,0.3513092996668262
2010-06-21,78.81999969482422,79.77999877929688,77.75,79.38999938964844,256,0.0076413829616600966,104.06654597032647,0.336132556990464
2010-06-22,78.04000091552734,79.05999755859375,77.81999969482422,77.83999633789062,166,-0.009945240408626892,103.03670863035212,0.3391039699799591
2010-06-23,76.2699966430664,77.91999816894531,75.69999694824219,77.91999816894531,351,-0.022941895324092066,100.6997607528983,0.3499185236112252
2010-06-24,76.47000122070312,76.54000091552734,75.45999908447266,75.94999694824219,66,0.002618890856965121,100.96382806644175,0.3366376860174323
2010-06-25,78.12000274658203,78.47000122070312,76.36000061035156,76.45999908447266,195,0.021347618147680398,103.1423355557695,0.32863276230136257
2010-06-28,77.58999633789062,77.72000122070312,77.16999816894531,77.61000061035156,96,-0.0068076354593343226,102.4425647297329,0.30330538631844384
2010-06-29,75.44000244140625,76.16000366210938,74.86000061035156,76.16000366210938,161,-0.028100835020216926,99.60391413939162,0.3188767041857348
2010-06-30,75.01000213623047,75.94999694824219,74.05999755859375,75.58999633789062,242,-0.005716204226606236,99.03618200669577,0.31258804908847837
2010-07-01,72.33999633789062,74.26000213623047,71.58000183105469,74.12000274658203,300,-0.03624429056044403,95.51095640114153,0.3347837879512414
2010-07-02,71.6500015258789,72.70999908447266,71.4800033569336,72.48999786376953,156,-0.009584000329909316,94.59995187054623,0.32503648485598075
2010-07-06,71.44999694824219,73.23999786376953,71.01000213623047,72.44999694824219,232,-0.0027953139063871804,94.33588455700279,0.2858777508577217
2010-07-07,73.51000213623047,73.73999786376953,72.26000213623047,72.26000213623047,116,0.02842361878232248,97.05572248424107,0.302861473797249
2010-07-08,74.70999908447266,75.16999816894531,73.97000122070312,74.2699966430664,231,0.016192459286892745,98.64008607294961,0.30739615691134126
2010-07-09,75.41999816894531,75.83999633789062,74.44000244140625,74.52999877929688,206,0.009458527818810897,99.57750237146827,0.3084814001409053
2010-07-12,74.37000274658203,75.58000183105469,73.93000030517578,74.98999786376953,192,-0.014019795905580648,98.19118674963282,0.2738653881049451
2010-07-13,76.6500015258789,76.91999816894531,74.8499984741211,74.94000244140625,143,0.030196953578393918,101.20148361206185,0.28989060865403227
2010-07-14,76.7699966430664,76.98999786376953,76.19999694824219,76.66000366210938,561,0.0015642698877334185,101.35991392704989,0.2876455279022859
2010-07-16,75.37000274658203,76.19000244140625,74.66999816894531,76.06999969482422,92,-0.018404540815957986,99.51149309793593,0.2915360736270243
2010-07-19,75.62000274658203,77.18000030517578,74.79000091552734,75.18000030517578,259,0.0033114804869331825,99.8415696850117,0.2767576387753404
2010-07-20,76.22000122070312,76.4800033569336,74.7699966430664,75.08999633789062,408,0.007903076677608971,100.633751479366,0.2771705429682585
2010-07-21,75.37000274658203,77.20999908447266,75.08000183105469,76.93000030517578,576,-0.011214557164542036,99.51149309793594,0.2788436930641488
2010-07-22,77.81999969482422,77.91000366210938,75.5199966430664,75.62000274658203,521,0.031989109338153264,102.74623962202338,0.30106551324482006
2010-07-23,77.44999694824219,77.83999633789062,76.94999694824219,77.47000122070312,120,-0.004765936174912301,102.25772264682153,0.29957247063655995
2010-07-26,77.5,77.6500015258789,76.62999725341797,76.87999725341797,116,0.0006454088993657722,102.32374199349188,0.288093972460042
2010-07-27,76.12999725341797,78.08999633789062,75.54000091552734,77.66000366210938,304,-0.017835567118706385,100.51491866998691,0.2950619015169399
2010-07-28,76.05999755859375,76.26000213623047,74.8499984741211,76.05999755859375,269,-0.0009198988389073914,100.42249762853122,0.28445303227545604
2010-07-29,77.58999633789062,78.12999725341797,75.66000366210938,76.30000305175781,497,0.019916035305956023,102.44256472973292,0.2928410111244529
2010-07-30,78.18000030517578,78.30000305175781,76.2300033569336,76.7699966430664,161,0.0075753585606673675,103.22155071326355,0.2752554637828352
2010-08-02,80.81999969482422,81.08999633789062,79.1500015258789,79.25,146,0.03321059160602354,106.70715866693274,0.29440662881272767
2010-08-03,82.68000030517578,82.77999877929688,81.04000091552734,81.04000091552734,270,0.022753282630280317,109.16292928062758,0.2632040230308988
2010-08-04,82.19999694824219,82.79000091552734,81.62999725341797,82.31999969482422,219,-0.0058224735684886285,108.52917780126134,0.2606427138726029
2010-08-05,81.61000061035156,81.75,81.0999984741211,81.75,54,-0.007203453976092583,107.75020189086877,0.2630683106829784
2010-08-06,80.16000366210938,81.5199966430664,79.56999969482422,81.16999816894531,264,-0.017927127938482664,105.83576171508446,0.263022364965435
2010-08-09,80.98999786376953,81.2699966430664,80.4000015258789,81.01000213623047,156,0.010300980862875429,106.93160832859114,0.2603949426345458
2010-08-10,79.5999984741211,79.95999908447266,78.51000213623047,79.38999938964844,266,-0.017311590203421996,105.09638331030085,0.2694757926093649
2010-08-11,77.63999938964844,79.02999877929688,77.43000030517578,79.02999877929688,188,-0.0249313232414977,102.50858407640328,0.28036988506935634
2010-08-12,75.5199966430664,76.77999877929688,75.33000183105469,76.48999786376953,283,-0.02768527305318373,99.70953099167099,0.2788441578223268
2010-08-13,75.11000061035156,75.75,74.75,75.5199966430664,116,-0.005443763562299806,99.16821062689849,0.27918140991739104
2010-08-16,74.8499984741211,74.8499984741211,74.8499984741211,74.8499984741211,119,-0.003467623344209454,98.82492815586103,0.27218333352991625
2010-08-17,76.93000030517578,77.69000244140625,76.4800033569336,76.7699966430664,302,0.027409830957958105,101.57116777788467,0.28855455421680176
2010-08-18,76.47000122070312,76.66999816894531,75.33000183105469,75.95999908447266,247,-0.005997398418474113,100.96382806644179,0.2882715996653044
2010-08-19,75.30000305175781,76.73999786376953,75.0199966430664,76.73999786376953,260,-0.01541834768545806,99.41907205648026,0.29071827655857246
2010-08-20,74.26000213623047,74.77999877929688,74.01000213623047,74.51000213623047,160,-0.013907697817999248,98.04595224546846,0.26971383805302557
2010-08-23,73.62000274658203,74.8499984741211,73.2699966430664,74.83000183105469,421,-0.008655712257412898,97.2009569884055,0.2705101031578111
2010-08-24,72.37999725341797,73.13999938964844,72.12999725341797,72.80000305175781,284,-0.01698678506952981,95.56376986385024,0.27485740944183684
2010-08-25,73.4800033569336,73.79000091552734,71.75,72.55000305175781,328,0.015083325843023857,97.0161149054941,0.2765045406637835
2010-08-26,75.0199966430664,75.55000305175781,74.36000061035156,74.80999755859375,255,0.020741393874637266,99.04937781751946,0.28723524716234616
2010-08-27,76.6500015258789,76.97000122070312,74.41000366210938,75.38999938964844,329,0.021494925318360534,101.20148361206188,0.2887083425664917
2010-08-30,76.5999984741211,76.66999816894531,76.04000091552734,76.27999877929688,148,-0.000652568398463596,101.1354642653915,0.287182593601166
2010-08-31,74.63999938964844,76.70999908447266,74.43000030517578,75.83000183105469,762,-0.02592050846463868,98.54766503149396,0.2711009736589986
2010-09-01,76.3499984741211,76.73999786376953,75.37000274658203,75.37000274658203,297,0.022651463317508176,100.80538767831572,0.27097557357492164
2010-09-02,76.93000030517578,77.0199966430664,75.26000213623047,75.66000366210938,161,0.007567909758446665,101.57116777788467,0.2736686252668227
2010-09-03,76.66999816894531,77.43000030517578,75.33999633789062,76.5199966430664,193,-0.0033854477492522546,101.22788530684721,0.2732763170263251
2010-09-07,77.73999786376953,78.31999969482422,75.56999969482422,75.80999755859375,242,0.01385942425639028,102.64061269660603,0.2735439818908044
2010-09-08,78.16999816894531,78.75,77.2300033569336,77.48999786376953,210,0.005516020863321567,103.20834482930191,0.27144601551630476
2010-09-09,77.47000122070312,78.79000091552734,77.12000274658203,78.01000213623047,250,-0.00899513840731234,102.28413441474493,0.2669054326277494
2010-09-10,78.16000366210938,78.37999725341797,77.16999816894531,77.66000366210938,643,0.008867274187617097,103.19514901847826,0.2545822159088399
2010-09-13,79.02999877929688,79.37000274658203,77.91999816894531,78.3499984741211,1451,0.011069457182275607,104.34380909469365,0.23555645870189618
2010-09-14,79.16000366210938,79.9000015258789,78.61000061035156,78.61000061035156,1067,0.0016436552256721133,104.51545536678137,0.2339465174604267
2010-09-15,78.91000366210938,78.66000366210938,78.56999969482422,78.66000366210938,551,-0.0031631580548553235,104.1853787797056,0.23385100449540216
2010-09-16,78.4800033569336,79.61000061035156,77.93000030517578,79.44999694824219,502,-0.005464150910138098,103.61764664700974,0.21686739139945965
2010-09-17,78.20999908447266,79.1500015258789,77.2699966430664,79.1500015258789,425,-0.0034463531239837582,103.26115829201059,0.21601607099341832
2010-09-20,79.31999969482422,79.9000015258789,77.68000030517578,77.72000122070312,218,0.014092794896689029,104.72669914447812,0.2117799318537522
2010-09-21,78.41999816894531,79.94000244140625,78.12999725341797,79.56999969482422,364,-0.011411326289342624,103.5384214163777,0.20951087035104077
2010-09-22,77.94999694824219,78.7699966430664,77.48999786376953,78.38999938964844,298,-0.006011417161264038,102.91787582097317,0.2079157780290584
2010-09-23,78.11000061035156,78.44000244140625,76.69000244140625,76.94999694824219,516,0.0020505410826178946,103.12912967180792,0.19525152883686622
2010-09-24,78.87000274658203,79.38999938964844,78.05999755859375,78.37000274658203,396,0.009682864797859476,104.13256531699693,0.19213059671587246
2010-09-27,78.56999969482422,79.06999969482422,77.68000030517578,78.79000091552734,393,-0.0038110189304615036,103.73646938325078,0.18275802398232438
2010-09-28,78.70999908447266,79.52999877929688,77.79000091552734,78.1500015258789,402,0.0017802572191023063,103.92131146616217,0.1687585314504862
2010-09-29,80.7699966430664,80.91999816894531,78.33999633789062,78.80999755859375,586,0.025835367369858316,106.64113932026243,0.1887331812240643
2010-09-30,82.30999755859375,82.37000274658203,81.22000122070312,81.55999755859375,426,0.01888700943087386,108.6744123054258,0.16611572455055093
2010-10-01,83.75,83.7699966430664,82.5,82.5,413,0.017343593381737053,110.57565667038646,0.15976773053534657
2010-10-04,83.27999877929688,84.4000015258789,83.06999969482422,83.3499984741211,228,-0.005627761056281001,109.9551110749819,0.16298319311835385
2010-10-05,84.83999633789062,84.9000015258789,83.4000015258789,83.4000015258789,791,0.01855867688269468,112.01478575493063,0.16846779940662757
2010-10-06,85.05999755859375,85.81999969482422,84.36000061035156,84.47000122070312,298,0.002589774591731342,112.30525476325937,0.1653444942354526
2010-10-07,83.43000030517578,86.01000213623047,82.94000244140625,85.52999877929688,325,-0.019348900551471593,110.15315904185496,0.1843547650092321
2010-10-08,84.02999877929688,84.55000305175781,81.9000015258789,82.43000030517578,353,0.007165902841285498,110.94534083620924,0.17942842081791566
2010-10-11,83.72000122070312,84.02999877929688,83.3499984741211,83.87999725341797,122,-0.0036959512545533236,110.53604909163946,0.1802960554346976
2010-10-12,83.5,83.95999908447266,82.98999786376953,83.29000091552734,184,-0.002631280301771748,110.24558008331067,0.17907311426281255
2010-10-13,84.63999938964844,84.94000244140625,84.13999938964844,84.22000122070312,174,0.013560329042031442,111.75072851452519,0.18297016615029138
2010-10-14,84.52999877929688,84.52999877929688,84.52999877929688,84.52999877929688,136,-0.0013004743990688713,111.6054940103608,0.18226799793693554
2010-10-15,82.44999694824219,84.51000213623047,82.0199966430664,83.86000061035156,1214,-0.024914474507601342,108.85925438833719,0.20504982515398573
2010-10-18,84.37000274658203,84.37999725341797,81.97000122070312,81.97000122070312,165,0.023019908739376295,111.39425023266409,0.2158359772570566
2010-10-19,81.0999984741211,83.44000244140625,81.05000305175781,83.0999984741211,515,-0.03952897842496324,107.07684283275557,0.2586965705340045
2010-10-20,83.5999984741211,83.58000183105469,81.6500015258789,82.11000061035156,258,0.03036055953193178,110.37760870351339,0.27338254647648025
2010-10-21,81.83000183105469,83.80999755859375,81.58999633789062,83.02999877929688,313,-0.021399554922900507,108.0406708991976,0.28476625832470076
2010-10-22,82.95999908447266,83.11000061035156,81.97000122070312,81.97000122070312,199,0.01371460596988831,109.53261344645044,0.287484318921342
2010-10-25,83.54000091552734,84.16000366210938,82.80000305175781,83.81999969482422,266,0.006967017142675228,110.29839354601938,0.28682639203631055
2010-10-26,83.66000366210938,83.80999755859375,83.06999969482422,83.12999725341797,815,0.0014354397595922953,110.45683393414545,0.28589100166766607
2010-10-27,83.2300033569336,83.37000274658203,81.86000061035156,82.98999786376953,371,-0.005153109696551623,109.8891018014496,0.28726596302176943
2010-10-28,83.58999633789062,83.86000061035156,83.08000183105469,83.37000274658203,163,0.004315951809468045,110.36440281955173,0.27479160738766095
2010-10-29,83.1500015258789,83.5,82.2300033569336,83.06999969482422,411,-0.005277627910831832,109.78347487603222,0.26834959968076916
2010-11-01,84.62000274658203,85.33000183105469,84.0,84.0,496,0.017524453759900867,111.7243268197399,0.2684934693412669
2010-11-02,85.41000366210938,85.73999786376953,84.66999816894531,85.0999984741211,337,0.009292555085120795,112.76737004367594,0.2691822936251052
2010-11-03,86.37999725341797,86.87999725341797,85.26000213623047,86.20999908447266,1276,0.01129290290117336,114.04805874009402,0.26441397928923005
2010-11-04,88.0,88.22000122070312,87.33000183105469,87.5,421,0.018580678742156076,116.18695865067477,0.27144367875377445
2010-11-05,88.11000061035156,88.47000122070312,87.36000061035156,87.8499984741211,421,0.0012492263275861884,116.33219315483916,0.2605564597220541
2010-11-08,88.45999908447266,88.55000305175781,87.36000061035156,87.7300033569336,3096,0.003964421284768452,116.79429836211763,0.2600850119245076
2010-11-09,88.33000183105469,88.97000122070312,87.19000244140625,88.4000015258789,326,-0.0014706406038171853,116.62266216316792,0.25953647513745304
2010-11-10,88.95999908447266,89.30000305175781,87.9800033569336,88.2300033569336,738,0.007106998724078838,117.4544515362692,0.259277986098837
2010-11-11,88.80999755859375,89.41000366210938,88.61000061035156,89.37000274658203,384,-0.001687591430628247,117.25640356939613,0.25683361651444053
2010-11-12,86.33999633789062,87.87000274658203,85.81999969482422,87.87000274658203,240,-0.02820628106784394,113.99524527738534,0.27764200899294555
2010-11-15,86.69999694824219,86.69999694824219,86.69999694824219,86.69999694824219,145,0.004160900875092995,114.47055636862551,0.2612194238891871
2010-11-16,84.7300033569336,86.51000213623047,84.52999877929688,86.5,631,-0.022984078757885995,111.8695613239043,0.26404486801097565
2010-11-17,83.27999877929688,85.05000305175781,82.97000122070312,84.41999816894531,1014,-0.017261360180662693,109.95511107498194,0.23102950316187995
2010-11-18,85.05000305175781,85.4000015258789,84.43000030517578,84.80000305175781,428,0.021030945074901292,112.29205895243577,0.2181241397030599
2010-11-19,84.33999633789062,85.5199966430664,83.88999938964844,84.6500015258789,1103,-0.008383149826172654,111.35463258077908,0.2057263404793665
2010-11-22,83.95999908447266,85.13999938964844,83.12000274658203,84.81999969482422,402,-0.004515720849518913,110.8529197947536,0.20167263594035412
2010-11-23,83.25,83.9000015258789,82.45999908447266,83.30000305175781,321,-0.008492355187551348,109.91550349623493,0.2026027004261265
2010-11-24,85.83999633789062,86.05999755859375,83.44999694824219,83.5999984741211,321,0.030636926799850552,113.33509210323378,0.22903873011275255
2010-11-26,85.58000183105469,86.08999633789062,84.9000015258789,86.08999633789062,29,-0.003033423275908335,112.99181970533436,0.22841183295428044
2010-11-29,87.33999633789062,87.48999786376953,85.58000183105469,86.12999725341797,251,0.02035687374356925,115.31555162568847,0.23763075370958536
2010-11-30,85.91999816894531,87.30000305175781,85.7699966430664,87.08999633789062,244,-0.016391896678668232,113.44071902865116,0.24497785518940698
2010-12-01,88.87000274658203,88.98999786376953,87.19000244140625,87.2300033569336,393,0.03375804920660229,117.33562880002819,0.2640211106486142
2010-12-02,90.69000244140625,90.81999969482422,88.88999938964844,89.06999969482422,657,0.02027246572382414,119.73858595101436,0.27033196040806856
2010-12-03,91.41999816894531,91.83999633789062,90.12000274658203,90.66999816894531,550,0.008017128494736977,120.70240394431835,0.2692799769232148
2010-12-06,91.44999694824219,91.80000305175781,90.88999938964844,90.9800033569336,359,0.0003280885915346569,120.74201152306536,0.2630688267637832
2010-12-07,91.38999938964844,92.8499984741211,90.73999786376953,92.45999908447266,294,-0.0006562848605217689,120.66279636557134,0.2632047221504438
2010-12-08,90.7699966430664,91.73999786376953,90.16000366210938,90.69999694824219,485,-0.0068072590498906614,119.84420280329371,0.2646986841056058
2010-12-09,90.98999786376953,91.58000183105469,90.30000305175781,91.0999984741211,433,0.0024207893352772847,120.1346718116225,0.2645420904815346
2010-12-10,90.4800033569336,91.55000305175781,89.88999938964844,91.29000091552734,372,-0.005620717981706636,119.4613228266473,0.26476427462256785
2010-12-13,91.19000244140625,92.27999877929688,90.58999633789062,90.69999694824219,419,0.007816399809062307,120.39873912516595,0.2656814477643723
2010-12-14,91.20999908447266,91.72000122070312,90.69000244140625,91.45999908447266,398,0.00021926143617582912,120.42514081995125,0.24326086994114984
2010-12-15,92.19999694824219,92.0999984741211,91.0,91.23999786376953,776,0.010795567308731487,121.73224128429271,0.2448732056094363
2010-12-16,91.70999908447266,92.29000091552734,91.81999969482422,91.81999969482422,213,-0.005328682875221156,121.08529399410284,0.22841707121911617
2010-12-17,91.66999816894531,92.37000274658203,90.9800033569336,91.4000015258789,417,-0.0004362625887325433,121.03248053139414,0.21599628677268218
2010-12-20,92.73999786376953,92.88999938964844,91.05000305175781,91.70999908447266,420,0.011604703929428176,122.44520792115297,0.20931000844342004
2010-12-21,93.19999694824219,93.4000015258789,92.36000061035156,92.77999877929688,349,0.004947833018665856,123.05254763259583,0.20430931261621232
2010-12-22,93.6500015258789,93.91999816894531,93.27999877929688,93.45999908447266,508,0.004816756236156302,123.64669153321506,0.2015111775438781
2010-12-23,94.25,94.54000091552734,93.5,93.61000061035156,550,0.006386381144601538,124.43887332756933,0.1952664329728932
2010-12-27,93.8499984741211,94.47000122070312,93.12000274658203,94.47000122070312,196,-0.004253079554301548,123.91074877362047,0.1760562815363827
2010-12-28,94.37999725341797,94.4000015258789,93.76000213623047,94.04000091552734,155,0.005631410423108139,124.61050952651904,0.17408845768382616
2010-12-29,94.13999938964844,94.36000061035156,93.66000366210938,93.86000061035156,269,-0.0025461277073761898,124.29363882340493,0.1659587397268104
2010-12-30,93.08999633789062,93.94999694824219,92.3499984741211,93.94999694824219,511,-0.01121630170060263,122.90731312843144,0.15893453481046999
2010-12-31,94.75,95.12000274658203,92.20999908447266,92.41000366210938,266,0.017675116173587767,125.09902650172089,0.12739378772509927
2011-01-03,94.83999633789062,96.16000366210938,94.91000366210938,95.44999694824219,266,0.0009493786211152618,125.21784923796193,0.1110126911988963
2011-01-04,93.52999877929688,95.3499984741211,92.5999984741211,95.22000122070312,586,-0.013908995188652108,123.48825114508901,0.12182111179074237
2011-01-05,95.5,95.69999694824219,92.41999816894531,93.43000030517578,1265,0.0208440200916858,126.08925626294824,0.13963913672191142
2011-01-06,94.5199966430664,96.0199966430664,94.02999877929688,95.66000366210938,1439,-0.010314830683568369,124.79535160943047,0.14587846414141745
2011-01-07,93.33000183105469,94.56999969482422,92.69000244140625,94.56999969482422,772,-0.012669797606317238,123.22419390468362,0.15144485249441583
2011-01-10,95.69999694824219,95.80999755859375,94.05000305175781,94.12999725341797,851,0.02507664737331289,126.35331350335368,0.1723976382719602
2011-01-11,97.61000061035156,97.80000305175781,96.20999908447266,96.33999633789062,1355,0.01976168686972346,128.87510346371892,0.17977682467513467
2011-01-12,98.12000274658203,98.83000183105469,97.80999755859375,97.80999755859375,503,0.005211293942524291,129.54846252183214,0.17923484454980512
2011-01-13,98.05999755859375,98.62999725341797,97.81999969482422,98.23999786376953,391,-0.0006117360563381438,129.4692372912001,0.17944878174169648
2011-01-18,97.80000305175781,98.19000244140625,96.6500015258789,98.0999984741211,445,-0.0026549030811825786,129.12596489330065,0.1785566807283979
2011-01-19,98.16000366210938,98.55000305175781,97.62999725341797,98.26000213623047,369,0.003674229465369237,129.60127598454082,0.1760941744084404
2011-01-20,96.58000183105469,97.79000091552734,95.5999984741211,97.79000091552734,804,-0.016227138305869627,127.51518953666876,0.18831595654854855
2011-01-21,97.5999984741211,97.81999969482422,96.58999633789062,96.58999633789062,675,0.010505778380703034,128.86189757975723,0.18768278750689174
2011-01-24,96.61000061035156,98.0199966430664,96.33000183105469,97.9000015258789,683,-0.010195215937938125,127.55479711541578,0.19239703746294085
2011-01-25,95.25,95.91999816894531,94.86000061035156,95.91999816894531,668,-0.014177247840293034,125.75917967587247,0.1996481929210099
2011-01-26,97.91000366210938,97.9800033569336,96.05999755859375,96.05999755859375,1073,0.027543712761981528,129.27119939746504,0.21955838809142708
2011-01-27,97.38999938964844,98.94999694824219,97.11000061035156,97.6500015258789,1752,-0.005325197062770593,128.58463445539013,0.21996272527552324
2011-01-28,99.41999816894531,99.55000305175781,97.05999755859375,98.0,2302,0.02062975254313755,131.2648547307434,0.22922707331998207
2011-01-31,101.01000213623047,101.66999816894531,98.55999755859375,99.41999816894531,1505,0.015866260740636694,133.36414706257713,0.23298582419554253
2011-02-01,101.73999786376953,102.04000091552734,100.41999816894531,100.48999786376953,1352,0.007200975407865681,134.3279650558811,0.22713518160517648
2011-02-02,102.33999633789062,102.44999694824219,101.33000183105469,101.9800033569336,1008,0.005880049195530194,135.1201468502354,0.2219545952738237
2011-02-03,101.76000213623047,103.45999908447266,101.44999694824219,103.45999908447266,722,-0.005683447008548511,134.3543768238045,0.2241571533140161
2011-02-04,99.83000183105469,102.12000274658203,99.47000122070312,101.55999755859375,1085,-0.019148362894581182,131.80618516865394,0.22990228153172332
2011-02-07,99.25,100.81999969482422,98.94000244140625,100.52999877929688,1008,-0.005826838122761737,131.04040506908498,0.22241400325432606
2011-02-08,99.91999816894531,100.3499984741211,97.55999755859375,98.97000122070312,2279,0.006727927924815158,131.92500790489495,0.21848517675939041
2011-02-09,101.81999969482422,102.0999984741211,100.30000305175781,100.30000305175781,5013,0.018836697984866386,134.4335919812985,0.21791691685103662
2011-02-10,100.87000274658203,102.81999969482422,100.5999984741211,101.97000122070312,1049,-0.009373959181309087,133.17930497966572,0.20870749297994198
2011-02-11,101.43000030517578,102.0,100.7699966430664,101.41999816894531,754,0.005536322100965058,133.91867331131132,0.1995022445557498
2011-02-14,103.08000183105469,104.27999877929688,101.08000183105469,101.69999694824219,955,0.01613649515096014,136.0971808006391,0.20534099719869267
2011-02-15,101.63999938964844,103.69999694824219,101.31999969482422,103.44000244140625,1325,-0.014068251100667098,134.19593643567842,0.21293571088625904
2011-02-16,103.77999877929688,104.4800033569336,101.62999725341797,101.62999725341797,940,0.020836109730251184,137.02139121519608,0.22221862673363127
2011-02-17,102.58999633789062,104.26000213623047,102.4800033569336,104.25,1104,-0.011532835774113731,135.45022343731117,0.22766459465487984
2011-02-18,102.5199966430664,103.4800033569336,100.94999694824219,102.80000305175781,1687,-0.00068255765138044,135.3578023958555,0.21806152850183746
2011-02-22,105.77999877929688,108.58000183105469,103.98999786376953,104.41999816894531,1617,0.031303585346128295,139.6620039118023,0.238239236887718
2011-02-23,111.25,112.0,107.0,107.0,2032,0.050418466948533934,146.88408124872248,0.2818141352127134
2011-02-24,111.36000061035156,118.02999877929688,109.87000274658203,112.19999694824219,2335,0.0009882810206468277,147.02931575288687,0.2723842940064499
2011-02-25,112.13999938964844,113.69999694824219,111.11000061035156,111.94000244140625,746,0.006979883185765903,148.0591530928612,0.2623934334621724
2011-02-28,111.80000305175781,114.44000244140625,111.55000305175781,114.19999694824219,840,-0.0030364972351825115,147.61025376954439,0.26121514039835453
2011-03-01,115.41999816894531,116.69999694824219,111.94000244140625,112.37000274658203,1160,0.03186604540096474,152.38975630359334,0.27153128868677406
2011-03-02,116.3499984741211,117.80999755859375,115.16000366210938,116.0999984741211,2052,0.008025243215197356,153.6176416104408,0.26969618475282847
2011-03-03,114.79000091552734,116.5,113.7300033569336,116.5,1958,-0.013498496580664989,151.55796693049209,0.27862753127856826
2011-03-04,115.97000122070312,116.4800033569336,115.23999786376953,116.12000274658203,1072,0.010227167441560008,153.1159288244153,0.27906031963177774
2011-03-07,115.04000091552734,117.9000015258789,114.69000244140625,116.30000305175781,1859,-0.008051645563561173,151.8880435175679,0.2804219327547149
2011-03-08,113.05999755859375,114.8499984741211,112.25,113.8499984741211,1653,-0.017361272277830447,149.27383251574696,0.278476916124784
2011-03-09,115.94000244140625,116.12000274658203,112.98999786376953,112.98999786376953,2496,0.02515420731583872,153.0763212456683,0.28265075206481405
2011-03-10,115.43000030517578,116.5,113.54000091552734,116.5,2094,-0.004408548698446326,152.40296218755503,0.28560238782567804
2011-03-11,113.83999633789062,115.62000274658203,112.41000366210938,115.30999755859375,1526,-0.013870366657957144,150.3036698557213,0.2907637183332199
2011-03-14,113.66999816894531,113.9800033569336,111.41999816894531,111.41999816894531,1746,-0.001494424022574789,150.07922019406288,0.28700547607093396
2011-03-15,108.5199966430664,113.54000091552734,108.08000183105469,113.41000366210938,1085,-0.04636504073315337,143.2796404856742,0.33896418747301554
2011-03-16,110.62000274658203,111.0999984741211,110.25,110.37000274658203,1596,0.019166472538561543,146.0522918756212,0.3405779383235262
2011-03-17,114.9000015258789,115.33999633789062,110.83000183105469,110.83000183105469,858,0.03796126873925592,151.70320143465645,0.3544362003250961
2011-03-18,113.93000030517578,116.33000183105469,113.08999633789062,116.0,1686,-0.00847797074612027,150.42250266510035,0.35335312253407586
2011-03-21,114.95999908447266,116.0,114.69999694824219,114.9800033569336,705,0.009000006418242447,151.78241659215047,0.3487851280006501
2011-03-22,115.69999694824219,115.98999786376953,114.23999786376953,114.56999969482422,650,0.006416374016266441,152.75944046941615,0.3480860459048233
2011-03-23,115.55000305175781,116.33000183105469,115.18000030517578,115.69999694824219,818,-0.0012972446920567514,152.56140257568111,0.3360534019933729
2011-03-24,115.72000122070312,115.8499984741211,114.54000091552734,115.5999984741211,1117,0.0014701275255979464,152.78585223733953,0.29100018899587243
2011-03-25,115.58999633789062,116.08000183105469,115.2699966430664,115.80000305175781,872,-0.0011240750324116892,152.61420596525176,0.2911733210853158
2011-03-28,114.80000305175781,115.81999969482422,114.54000091552734,114.93000030517578,528,-0.0068579051555659664,151.57117281445377,0.29200139060157293
2011-03-30,115.12999725341797,115.29000091552734,114.94000244140625,115.29000091552734,586,0.0028703903604970146,152.00686625380894,0.2916596326320241
2011-03-31,117.36000061035156,117.43000030517578,116.18000030517578,116.18000030517578,853,0.019184238206185415,154.95115384270562,0.27795348210973964
2011-04-01,118.69999694824219,118.8499984741211,116.83999633789062,117.79000091552734,896,0.011353136870379548,156.72035951432557,0.2792803105211956
2011-04-04,121.05999755859375,121.30000305175781,119.05000305175781,119.05000305175781,961,0.01968699439084621,159.83628330217198,0.28129709992569285
2011-04-05,122.22000122070312,122.81999969482422,120.19999694824219,120.47000122070312,1512,0.00953643915789206,161.36784350130986,0.28106911444014376
2011-04-06,122.30000305175781,123.37000274658203,121.55000305175781,122.0999984741211,929,0.0006543581916526284,161.4734704267272,0.2785579549410274
2011-04-07,122.66999816894531,122.9000015258789,121.4000015258789,122.37000274658203,1326,0.0030207404718151695,161.96197732879102,0.2686366552314253
2011-04-08,126.6500015258789,126.87000274658203,122.9000015258789,122.9000015258789,1320,0.031929580377692036,167.2168010272182,0.2763115266277712
2011-04-11,123.9800033569336,127.30000305175781,123.69999694824219,126.80000305175781,1380,-0.021307099145496545,163.691585494802,0.2888664399516429
2011-04-12,120.91999816894531,125.0999984741211,120.58999633789062,125.0999984741211,1362,-0.024991134581623095,159.6514412192606,0.29961396938026347
2011-04-13,122.87999725341797,122.36000061035156,121.5,121.55999755859375,1128,0.01607909227905779,162.23924045315812,0.3025562759654607
2011-04-14,122.36000061035156,122.9000015258789,122.5999984741211,122.5999984741211,934,-0.004240722776754863,161.55268558422122,0.2442899148018797
2011-04-15,123.44999694824219,123.70999908447266,121.73999786376953,122.37000274658203,452,0.008868666799725106,162.9918146687654,0.23970732773151537
2011-04-18,121.61000061035156,122.69999694824219,121.06999969482422,122.69999694824219,825,-0.015016983058756319,160.56245582299388,0.21779802121062283
2011-04-19,121.33000183105469,122.22000122070312,119.2699966430664,121.23999786376953,1099,-0.002305086856527676,160.1927716571711,0.21483482431738016
2011-04-21,123.98999786376953,124.4000015258789,123.19999694824219,124.33000183105469,966,0.021686778807389725,163.70478130562563,0.22361744432559927
2011-04-25,123.66000366210938,124.70999908447266,122.87000274658203,124.63999938964844,326,-0.0026650062179330893,163.2690878662705,0.22438821545815796
2011-04-26,124.13999938964844,124.30999755859375,123.56999969482422,124.01000213623047,1089,0.003874062324104623,163.90282927249868,0.22380580423195637
2011-04-27,125.12999725341797,125.4800033569336,123.69000244140625,123.97000122070312,912,0.007943218858267142,165.2099297368401,0.22422012164830857
2011-04-28,125.0199966430664,126.19000244140625,124.25,125.73999786376953,796,-0.0008794772746415826,165.06469523267572,0.22415509174031684
2011-04-29,125.88999938964844,126.02999877929688,125.0,125.0,582,0.006934807277381825,166.21336538202914,0.2210129095757889
2011-05-02,125.12000274658203,126.11000061035156,123.76000213623047,125.5,667,-0.006135206181291823,165.19673392601646,0.22397559896254568
2011-05-03,122.44999694824219,124.12999725341797,121.80999755859375,123.80000305175781,1289,-0.021570540272888104,161.6715083204622,0.23337395469265293
2011-05-04,121.19000244140625,123.01000213623047,120.56999969482422,123.01000213623047,829,-0.010343176350021415,160.00792957425966,0.23454264169124509
2011-05-05,110.80000305175781,118.22000122070312,110.37999725341797,118.22000122070312,1969,-0.08963278026955027,146.28994742124127,0.3832865017564651
2011-05-06,109.12999725341797,114.0999984741211,108.3499984741211,111.69000244140625,2944,-0.015186994899108843,144.08502816399013,0.38167346631960747
2011-05-09,115.9000015258789,115.94999694824219,110.61000061035156,110.61000061035156,1184,0.06018795655416927,153.0235077829596,0.44416246147820737
2011-05-10,117.62999725341797,117.80000305175781,114.61000061035156,114.61000061035156,1082,0.014816318111832693,155.30763212456668,0.44789355394071007
2011-05-11,112.56999969482422,116.94000244140625,112.68000030517578,116.94000244140625,2908,-0.043968833967290906,148.62688522555706,0.45259762233574896
2011-05-12,112.9800033569336,113.2699966430664,110.87999725341797,110.87999725341797,2746,0.00363559395402557,149.16821566346758,0.44993890762093713
2011-05-13,113.83000183105469,114.05000305175781,111.9000015258789,112.05000305175781,628,0.007495281813244558,150.29047404489762,0.44527766282967424
2011-05-16,112.7300033569336,113.73999786376953,113.19999694824219,113.33000183105469,462,-0.009710514588027453,148.8381390763918,0.4403790730771339
2011-05-17,109.98999786376953,111.33999633789062,108.63999938964844,111.23999786376953,462,-0.024606175687986235,145.22049242938184,0.4460719847866227
2011-05-18,112.30000305175781,113.04000091552734,111.05999755859375,111.7300033569336,287,0.020784455772462015,148.27040694369592,0.4526268516879183
2011-05-19,111.41999816894531,112.88999938964844,111.73999786376953,112.11000061035156,246,-0.007867060760581378,147.10853091038084,0.4512105790629358
2011-05-20,112.38999938964844,112.66000366210938,109.3499984741211,111.5999984741211,416,0.008668131940655422,148.38922967993693,0.4533771736781665
2011-05-23,110.0999984741211,110.37999725341797,109.33000183105469,109.5,423,-0.02058593022991163,145.36572693354623,0.4472244397415935
2011-05-24,112.52999877929688,112.68000030517578,110.48999786376953,110.72000122070312,398,0.021830812044497123,148.57407176284835,0.45722819206806686
2011-05-25,114.93000030517578,115.0199966430664,111.23999786376953,112.45999908447266,768,0.021103408121882158,151.74280901340344,0.4650288883975704
2011-05-26,115.05000305175781,115.36000061035156,114.26000213623047,114.5,579,0.001043592970880092,151.90124940152953,0.46346929754257143
2011-05-27,115.02999877929688,115.54000091552734,114.48999786376953,115.54000091552734,498,-0.00017388971098868008,151.87483763360618,0.4635355842312163
2011-05-31,116.7300033569336,116.86000061035156,114.62999725341797,114.62999725341797,696,0.014670651126798974,154.11936446960428,0.46659227102789486
2011-06-01,114.52999877929688,116.16000366210938,114.5,115.97000122070312,537,-0.01902681767142166,151.21468445945462,0.46960316485013737
2011-06-02,115.54000091552734,115.66999816894531,113.80000305175781,114.3499984741211,879,0.008780011525764148,152.5481966917194,0.46723017896971536
2011-06-03,115.83999633789062,116.16000366210938,113.58999633789062,114.94000244140625,902,0.00259309874687364,152.94428255232754,0.46673556865983806
2011-06-06,114.4800033569336,115.55000305175781,114.1500015258789,114.9000015258789,443,-0.011809732452378143,151.14867518592226,0.34489582888523473
2011-06-07,116.77999877929688,117.05999755859375,114.87999725341797,115.48999786376953,1104,0.01989164783086184,154.18537374313664,0.3448461616314521
2011-06-08,117.8499984741211,118.56999969482422,116.1500015258789,116.19999694824219,1192,0.00912080403212788,155.59810113289544,0.27732578665235835
2011-06-09,119.56999969482422,119.5999984741211,117.62999725341797,118.4000015258789,609,0.014489354944707511,157.86902966367893,0.27711972604759405
2011-06-10,118.77999877929688,119.38999938964844,117.66000366210938,119.19000244140625,910,-0.006628939068506329,156.8259864397429,0.22676076382248164
2011-06-13,119.0999984741211,120.05999755859375,117.30000305175781,118.52999877929688,1241,0.0026904312388035087,157.24848406827437,0.22672775487551794
2011-06-14,120.16000366210938,120.70999908447266,119.88999938964844,119.95999908447266,885,0.00886075494325757,158.64801564720952,0.22715484224883414
2011-06-15,117.0999984741211,118.44999694824219,117.87999725341797,118.44999694824219,972,-0.025795960919657607,154.60787137166812,0.2443051911884619
2011-06-16,114.0199966430664,114.44000244140625,113.12000274658203,113.7300033569336,665,-0.026654415411294062,150.54132540134137,0.24718194388523085
2011-06-17,113.20999908447266,113.79000091552734,111.87999725341797,112.91000366210938,859,-0.0071293491587795755,149.47188048262,0.23881806428880456
2011-06-20,111.69000244140625,112.54000091552734,111.5,112.06999969482422,667,-0.013517294591528008,147.46501926538,0.24205794547405352
2011-06-21,110.94999694824219,112.5,110.0,112.38999938964844,1160,-0.0066475765386080875,146.4879853149763,0.24105158668027593
2011-06-22,114.20999908447266,114.31999969482422,110.9800033569336,110.9800033569336,1653,0.0289592291734418,150.79218683092316,0.2502536846555851
2011-06-23,107.26000213623047,113.20999908447266,105.80000305175781,113.20999908447266,1434,-0.06278303757518591,141.61606173947166,0.3251354859250386
2011-06-24,105.12000274658203,108.44999694824219,103.72000122070312,108.44999694824219,850,-0.020153232606791242,138.79060695995403,0.3190976074961402
2011-06-27,105.98999786376953,106.75,102.4000015258789,104.91999816894531,672,0.00824214901978077,139.93926703616938,0.3215666915900341
2011-06-28,108.77999877929688,108.81999969482422,106.80000305175781,107.26000213623047,537,0.025982752888909607,143.62292295671168,0.33775000419463436
2011-06-29,112.4000015258789,112.58000183105469,108.9800033569336,108.9800033569336,756,0.032736468261971706,148.40243556389865,0.35479796608921704
2011-06-30,112.4800033569336,112.91999816894531,111.41999816894531,112.0199966430664,598,0.0007115068720440855,148.50806248931602,0.3492679306001858
2011-07-01,111.7699966430664,111.8499984741211,109.94000244140625,110.58000183105469,651,-0.00633229954384899,147.57063611765935,0.3479330951561617
2011-07-06,113.62000274658203,114.08000183105469,112.58000183105469,113.6500015258789,521,0.01641641293916272,150.01321092053055,0.3532761384192988
2011-07-07,118.58999633789062,118.25,114.19999694824219,114.19999694824219,986,0.04281256379389696,156.57512501016114,0.38160141699929706
2011-07-08,118.33000183105469,119.79000091552734,117.18000030517578,118.0199966430664,966,-0.002194788225675445,156.23185261226172,0.37594806898754407
2011-07-11,117.23999786376953,118.12000274658203,115.37000274658203,116.62000274658203,1016,-0.00925424924891696,154.79271345457954,0.37610637178475204
2011-07-12,117.75,117.80999755859375,115.30000305175781,115.44000244140625,682,0.0043406352748393785,155.4660725126928,0.3727239473709398
2011-07-14,118.31999969482422,118.75,118.19999694824219,118.33000183105469,610,0.004829082926776421,156.2186467283001,0.37255256952778226
2011-07-15,117.26000213623047,117.6500015258789,115.25,115.80000305175781,497,-0.008999106069338703,154.81912522250295,0.3736150338801021
2011-07-18,116.05000305175781,116.9000015258789,114.79000091552734,116.5,484,-0.010372550736596884,153.22155574983273,0.3733272829270188
2011-07-20,118.1500015258789,118.52999877929688,117.20999908447266,118.3499984741211,725,0.017933857530309027,155.99419706664168,0.3684022454776593
2011-07-21,117.51000213623047,119.04000091552734,116.94999694824219,118.3499984741211,540,-0.005431562022689725,155.14920180957873,0.3558687703032971
2011-07-22,118.66999816894531,118.77999877929688,117.66999816894531,117.66999816894531,425,0.009823061722257831,156.68075193557857,0.35557305693164176
2011-07-25,117.94000244140625,118.16999816894531,117.12999725341797,117.98999786376953,419,-0.00617047497447792,155.71693394227458,0.35236636883166544
2011-07-26,118.27999877929688,118.80000305175781,117.05000305175781,117.0999984741211,578,0.002878643391056973,156.1658332655914,0.35076030581738593
2011-07-27,117.43000030517578,118.27999877929688,117.31999969482422,118.27999877929688,915,-0.007212270688045247,155.04357488416136,0.3392834230138754
2011-07-28,117.36000061035156,118.19000244140625,117.08999633789062,117.8499984741211,1446,-0.0005962749403744875,154.95115384270565,0.24709723807337333
2011-07-29,116.73999786376953,117.05999755859375,115.80000305175781,116.5,631,-0.005296917558804062,154.132560280428,0.23357291537357447
2011-08-01,116.80999755859375,119.94999694824219,114.94000244140625,118.08999633789062,1488,0.0005994407903430918,154.22498132188372,0.23373362281269336
2011-08-02,116.45999908447266,118.22000122070312,115.91999816894531,116.25,835,-0.0030008037192723585,153.76287611460523,0.2216197523722267
2011-08-03,113.2300033569336,115.80999755859375,113.26000213623047,115.80999755859375,905,-0.028126680574689797,149.49829225054344,0.21986385588638235
2011-08-04,107.25,113.5999984741211,107.06999969482422,113.38999938964844,1386,-0.054258620164854846,141.60285585551,0.2900006790659947
2011-08-05,109.37000274658203,109.9000015258789,105.69000244140625,107.06999969482422,1324,0.01957409665176284,144.40190894024232,0.29916597179020876
2011-08-08,103.73999786376953,106.91999816894531,103.47000122070312,106.8499984741211,1080,-0.05284890612879329,136.9685777524874,0.3414874267980521
2011-08-09,102.56999969482422,105.16999816894531,99.05999755859375,101.63999938964844,1756,-0.011342258987069075,135.4238217425259,0.29575049213429805
2011-08-10,106.68000030517578,106.58000183105469,103.66000366210938,104.37999725341797,1410,0.039288212830451995,140.85028163990273,0.3362267141950779
2011-08-11,108.0199966430664,108.02999877929688,104.66999816894531,106.44000244140625,1058,0.01248266191330213,142.61948731152265,0.3411049584130625
2011-08-12,108.02999877929688,108.9000015258789,107.66999816894531,108.87999725341797,891,9.259094144436643e-05,142.63269319548434,0.34012783329255825
2011-08-15,109.91000366210938,109.91999816894531,108.19999694824219,108.19999694824219,964,0.01725292737074738,145.1148755771025,0.34689408716746756
2011-08-17,110.5999984741211,111.62999725341797,110.58000183105469,110.7300033569336,572,0.006258192891887759,146.0258801076978,0.3478776220758452
2011-08-18,106.98999786376953,109.26000213623047,106.47000122070312,109.26000213623047,1462,-0.03318472310798267,141.25957338447247,0.36280259667338505
2011-08-19,108.62000274658203,109.30000305175781,106.43000030517578,106.52999877929688,1062,0.01512022570897455,143.41167917901493,0.36079730983182035
2011-08-22,108.36000061035156,108.08999633789062,105.33000183105469,106.3499984741211,1287,-0.002396555043330482,143.06839670797746,0.3607992615960668
2011-08-23,109.30999755859375,110.0999984741211,107.51000213623047,108.8499984741211,1025,0.008728837121519756,144.3226837096102,0.3602959425827519
2011-08-24,110.1500015258789,110.7699966430664,109.19999694824219,109.5,3287,0.007655227130046324,145.43174628021663,0.36238130068118524
2011-08-26,111.36000061035156,111.52999877929688,109.4000015258789,110.23999786376953,1719,0.010925114965908122,147.02931575288684,0.36515841519680026
2011-08-29,111.87999725341797,112.62999725341797,111.05999755859375,111.05999755859375,1153,0.0046586417174056755,147.71587062182374,0.36569515788945023
2011-08-30,114.0199966430664,114.19999694824219,111.4000015258789,111.4000015258789,800,0.01894699837741269,150.5413254013414,0.37303887413598735
2011-08-31,114.8499984741211,115.05999755859375,113.73999786376953,114.01000213623047,896,0.0072530736874510116,151.6371820879861,0.37390860312243174
2011-09-01,114.29000091552734,115.27999877929688,114.08000183105469,114.08000183105469,770,-0.004887829929195172,150.89781375634055,0.37413713671656024
2011-09-02,112.33000183105469,113.58999633789062,111.41000366210938,112.05000305175781,1048,-0.017298101965918845,148.310014522443,0.3783365348682501
2011-09-06,112.88999938964844,112.98999786376953,110.8499984741211,110.93000030517578,871,0.004972903912699581,149.04938285408855,0.3664136164249205
2011-09-07,115.80000305175781,115.76000213623047,113.06999969482422,113.06999969482422,1062,0.025450703625737654,152.89147916275687,0.3190635878645245
2011-09-08,114.55000305175781,116.48999786376953,114.19999694824219,115.58000183105469,770,-0.010853155951811862,151.24109622737797,0.31733770232757214
2011-09-09,112.7699966430664,113.88999938964844,111.08999633789062,113.88999938964844,684,-0.015661119064547764,148.8909424659625,0.25633367684933284
2011-09-12,112.25,113.02999877929688,110.98999786376953,111.62999725341797,480,-0.004621789853865558,148.2043875970256,0.25229935318996743
2011-09-13,111.88999938964844,112.4000015258789,111.37000274658203,112.4000015258789,299,-0.0032122862576588742,147.72907650578543,0.21875029493740855
2011-09-14,112.4000015258789,112.41999816894531,111.58000183105469,111.58000183105469,260,0.004547710670320862,148.40243556389865,0.21578980648865836
2011-09-15,115.33999633789062,115.33999633789062,115.33999633789062,115.33999633789062,1362,0.025820305401682155,152.28412937817598,0.23095695889681717
2011-09-16,112.22000122070312,114.18000030517578,111.61000061035156,112.77999877929688,741,-0.0274230152361141,148.16478001827855,0.24774719377224555
2011-09-19,109.13999938964844,112.0,108.80000305175781,111.83999633789062,850,-0.02782978503488079,144.09823404795182,0.2660779401507037
2011-09-20,110.54000091552734,111.41000366210938,108.93000030517578,109.18000030517578,762,0.012745998521720947,145.9466649502038,0.24173472010735625
2011-09-21,110.36000061035156,112.4000015258789,109.69999694824219,110.62000274658203,1922,-0.001629699807798196,145.7090094045837,0.23680430615706352
2011-09-22,105.48999786376953,108.94999694824219,105.0,108.6500015258789,1204,-0.04513161343646822,139.2791138620178,0.28528510671897567
2011-09-23,103.97000122070312,106.87999725341797,103.48999786376953,105.70999908447266,1050,-0.01451373371237207,137.27225264477778,0.28637201105543114
2011-09-27,107.13999938964844,107.22000122070312,105.08999633789062,105.55000305175781,822,0.03003397702525218,141.45762135134555,0.3060731498601434
2011-09-28,103.80999755859375,107.1500015258789,103.63999938964844,106.72000122070312,985,-0.0315741030689197,137.060998793943,0.3197520551990177
2011-09-29,103.94999694824219,105.7699966430664,102.5,104.9000015258789,814,0.0013477032589539859,137.24584087685443,0.318912669537735
2011-09-30,102.76000213623047,104.7699966430664,101.83000183105469,102.33999633789062,831,-0.01151379191585842,135.6746831721076,0.3092060932059299
2011-10-03,101.70999908447266,102.5999984741211,100.91000366210938,101.8499984741211,1000,-0.0102705753940691,134.28835747713407,0.3064374944148847
2011-10-04,99.79000091552734,101.86000061035156,99.37999725341797,101.16000366210938,539,-0.019057630565393367,131.7533717059452,0.3098268859911635
2011-10-06,105.7300033569336,105.63999938964844,101.75,103.30000305175781,706,0.0578207194237313,139.59599463826996,0.3784062399748781
2011-10-07,105.87999725341797,106.29000091552734,104.41000366210938,105.4000015258789,699,0.0014176449238901224,139.794032532005,0.37767590734584533
2011-10-10,108.94999694824219,109.19999694824219,105.77999877929688,106.08000183105469,376,0.028582681961619172,143.84737261837006,0.38079713899614487
2011-10-11,110.7300033569336,111.11000061035156,107.52999877929688,108.30000305175781,426,0.01620580264640242,146.19752637978556,0.3851908846495989
2011-10-12,111.36000061035156,112.6500015258789,110.87999725341797,111.86000061035156,337,0.005673366040592293,147.02931575288682,0.38246879654496335
2011-10-13,111.11000061035156,111.37000274658203,109.30999755859375,110.16999816894531,118,-0.002247494977860034,146.69923916581104,0.38224251990926245
2011-10-14,114.68000030517578,114.73999786376953,113.18000030517578,113.80999755859375,1820,0.031624936587140086,151.4127324263277,0.3978436928521347
2011-10-17,110.16000366210938,112.31999969482422,109.73999786376953,112.0,849,-0.040211756012328376,145.4449521641783,0.4225090090832637
2011-10-18,111.1500015258789,111.76000213623047,108.44999694824219,109.5199966430664,1582,0.008946766474362872,146.75205262851975,0.4129694006397992
2011-10-19,108.38999938964844,111.83999633789062,108.25,111.30000305175781,1933,-0.025144825941721242,143.10800428672448,0.41125758791521627
2011-10-20,109.76000213623047,110.12999725341797,107.3499984741211,108.0,1872,0.012560355243726423,144.91682761022943,0.4025744765135408
2011-10-21,109.55999755859375,111.88999938964844,109.33000183105469,109.91000366210938,1024,-0.001823861329176062,144.652760296686,0.4000409895080448
2011-10-24,111.44999694824219,111.54000091552734,109.87000274658203,110.2699966430664,1467,0.01710371033843329,147.14813848912786,0.4045675685424596
2011-10-25,110.91999816894531,111.75,109.68000030517578,111.41000366210938,2164,-0.004766828209881818,146.4483777362293,0.3699231081159195
2011-10-26,108.91000366210938,110.91999816894531,108.83000183105469,110.56999969482422,2194,-0.018287317526999296,143.79456922879942,0.3723190136628277
2011-10-27,112.08000183105469,112.69999694824219,110.18000030517578,110.18000030517578,2726,0.028691031653092683,147.9799379353672,0.3710815004713566
2011-10-28,109.91000366210938,111.01000213623047,109.70999908447266,110.41999816894531,1035,-0.019551035965811665,145.11487557710254,0.3594710243773337
2011-10-31,109.55999755859375,109.76000213623047,108.44000244140625,109.4000015258789,571,-0.003189560288833043,144.652760296686,0.36003229649363055
2011-11-01,109.54000091552734,109.55999755859375,109.01000213623047,109.25,1035,-0.00018253439763750244,144.6263586019007,0.3565972093966933
2011-11-02,109.33999633789062,111.41000366210938,108.58999633789062,109.83999633789062,1941,-0.001827527739510388,144.36229128835726,0.3538141114588303
2011-11-03,110.83000183105469,111.18000030517578,108.97000122070312,110.08999633789062,1495,0.013535252334860495,146.3295549999883,0.34561536328993087
2011-11-04,111.97000122070312,111.97000122070312,110.55999755859375,111.37000274658203,841,0.010233476865308287,147.8347034312028,0.28857923451565426
2011-11-07,114.55999755859375,114.8499984741211,112.81999969482422,113.0,1751,0.022867692727016647,151.25429203820167,0.2967988056783322
2011-11-08,115.0,116.43000030517578,114.33999633789062,115.5999984741211,1647,0.0038334464620727905,151.8352300548592,0.28276035576916814
2011-11-09,112.30999755859375,115.56999969482422,111.94999694824219,115.56999969482422,1730,-0.023669245126407654,148.28360275451965,0.2921218870735556
2011-11-10,113.70999908447266,113.98999786376953,111.43000030517578,113.80000305175781,1778,0.012388456348365785,150.13203365677163,0.294486310492633
2011-11-11,114.16000366210938,114.83999633789062,113.16999816894531,114.2300033569336,1285,0.003949665662115934,150.72617755739083,0.2944091667649438
2011-11-14,111.88999938964844,113.18000030517578,111.70999908447266,113.18000030517578,190,-0.02008476488261932,147.72907650578546,0.28148514915441486
2011-11-15,112.38999938964844,112.38999938964844,112.38999938964844,112.38999938964844,593,0.004458719734813698,148.389229679937,0.2433790093359391
2011-11-16,111.87999725341797,112.36000061035156,110.43000030517578,112.06999969482422,1628,-0.0045481163151165505,147.71587062182377,0.2422822539841996
2011-11-17,108.22000122070312,110.19000244140625,107.94999694824219,108.80000305175781,1291,-0.03326064028998352,142.88355462506613,0.25435688259767836
2011-11-18,107.55999755859375,109.47000122070312,107.0,109.47000122070312,694,-0.006117394791841906,142.0121476000798,0.250871768413611
2011-11-22,109.02999877929688,109.5,107.51000213623047,107.51000213623047,1135,0.01357425381968396,143.95299954378746,0.2558286063039551
2011-11-23,107.0199966430664,108.0999984741211,106.86000061035156,107.83000183105469,669,-0.01860736100645062,141.29918096321953,0.2552486682207307
2011-11-25,106.4000015258789,107.75,107.56999969482422,107.56999969482422,448,-0.00581011026729893,140.48059747407993,0.25542021871239506
2011-11-28,109.0,109.45999908447266,107.63999938964844,108.86000061035156,638,0.02414229098063256,143.91339196504046,0.26345348821126413
2011-11-29,110.81999969482422,111.01000213623047,109.52999877929688,109.7300033569336,744,0.01655937845626296,146.31634911602663,0.24982901015590292
2011-12-01,108.98999786376953,110.55000305175781,108.29000091552734,109.68000030517578,701,-0.016651145384429373,143.90018608107877,0.2472368360600938
2011-12-02,109.94000244140625,110.30999755859375,108.70999908447266,110.30999755859375,628,0.00867866933825181,145.15448315584956,0.24896203275401546
2011-12-05,109.80999755859375,111.45999908447266,109.37999725341797,111.22000122070312,597,-0.0011832072626121965,144.98283688376182,0.2490037562364692
2011-12-06,110.80999755859375,110.87999725341797,109.54000091552734,109.61000061035156,712,0.009065423539252899,146.3031432320649,0.2507845832282682
2011-12-07,109.52999877929688,110.47000122070312,109.08999633789062,110.36000061035156,824,-0.011618527725135065,144.61315271793902,0.2496175156135881
2011-12-08,108.11000061035156,110.23999786376953,107.5199966430664,110.23999786376953,1405,-0.013049240240401664,142.7383201209017,0.24996006753512445
2011-12-09,108.62000274658203,108.69999694824219,107.31999969482422,108.19999694824219,1494,0.004706344942519689,143.41167917901495,0.2349632460435318
2011-12-12,107.26000213623047,108.31999969482422,107.25,107.5999984741211,372,-0.01259976442169802,141.61606173947166,0.23624328736133834
2011-12-13,109.5,109.68000030517578,108.1500015258789,108.25,921,0.020668735785400794,144.573545139192,0.23803841120697278
2011-12-14,105.0199966430664,107.93000030517578,104.77999877929688,107.93000030517578,160,-0.041773773011550455,138.6585682666133,0.2707565989151312
2011-12-15,105.08999633789062,106.0,105.08999633789062,106.0,399,0.0006663147851364589,138.75098930806897,0.2698119152216953
2011-12-16,103.3499984741211,104.23999786376953,102.83000183105469,104.23999786376953,289,-0.01669581966655319,136.45365908250017,0.2675026761391396
2011-12-19,103.63999938964844,104.27999877929688,103.2300033569336,104.19999694824219,265,0.002802078441170187,136.83654913228466,0.26692066368968614
2011-12-20,106.7300033569336,107.25,105.41999816894531,105.5,542,0.02937896257369181,140.91630098657305,0.29063816981575114
2011-12-21,107.70999908447266,107.86000061035156,106.47000122070312,106.47000122070312,432,0.009140109484299207,142.21019556695282,0.2700059442201232
2011-12-22,107.88999938964844,108.2300033569336,107.77999877929688,108.04000091552734,235,0.001669762043333565,142.4478511125729,0.2692110217060411
2011-12-23,107.95999908447266,108.16999816894531,107.4800033569336,107.4800033569336,189,0.000648595763474583,142.5402721540286,0.26477436790031844
2011-12-27,109.2699966430664,109.4800033569336,108.33000183105469,108.33000183105469,137,0.012061073191638749,144.26987024690155,0.2595658985830593
2011-12-28,107.55999755859375,108.69000244140625,107.25,108.69000244140625,357,-0.01577304415862014,142.01214760007977,0.26509063631450264
2011-12-29,108.01000213623047,108.01000213623047,106.91000366210938,107.5999984741211,334,0.0041750265058864275,142.60629150069897,0.2513351501679677
2011-12-30,107.37999725341797,107.37999725341797,107.2699966430664,107.2699966430664,396,-0.005849915792192561,141.77449205445967,0.24412866030514632
2012-01-03,112.12999725341797,112.29000091552734,109.94999694824219,109.94999694824219,1064,0.04328496856189592,148.04594720889946,0.2825333861649934
2012-01-04,113.69999694824219,113.81999969482422,111.69999694824219,111.69999694824219,1426,0.013904485937885335,150.11882777280985,0.2848115341317081
2012-01-05,112.73999786376953,114.05000305175781,112.56999969482422,113.94999694824219,687,-0.008479110210915429,148.85133488721542,0.2868245702999956
2012-01-06,113.05999755859375,113.30000305175781,112.19000244140625,112.91000366210938,709,0.002834365948108726,149.27383251574688,0.2854954759974592
2012-01-09,112.44999694824219,113.58999633789062,112.20999908447266,113.43000030517578,595,-0.0054099783867186885,148.46844483743092,0.28284744224237285
2012-01-10,113.27999877929688,113.43000030517578,113.16999816894531,113.26000213623047,715,0.007353967902902092,149.56430152407566,0.2786477769060238
2012-01-11,112.23999786376953,113.1500015258789,112.16000366210938,113.1500015258789,783,-0.00922320240792524,148.19118171306386,0.28125035789943653
2012-01-12,111.26000213623047,114.5199966430664,110.66000366210938,113.38999938964844,513,-0.008769592914010608,146.8972871326841,0.2791254051393685
2012-01-13,110.44000244140625,111.0,109.79000091552734,110.5999984741211,801,-0.007397414679361716,145.81463633000106,0.2719895586689364
2012-01-17,111.52999877929688,112.4800033569336,110.97000122070312,112.4800033569336,858,0.009821192893249224,147.2537654145452,0.22600796694298672
2012-01-18,110.66000366210938,111.3499984741211,110.5,111.3499984741211,911,-0.00783113149807373,146.10510533832982,0.22894687377771683
2012-01-19,111.55000305175781,111.5999984741211,110.54000091552734,111.44999694824219,793,0.008010477672991788,147.28017718246858,0.21866762386225325
2012-01-20,109.86000061035156,111.4800033569336,109.6500015258789,111.4800033569336,367,-0.015266114766102507,145.0488562304321,0.2282819553728109
2012-01-23,110.58000183105469,111.26000213623047,110.4000015258789,110.87000274658203,363,0.006532423998233412,145.99947841291242,0.20750827095039615
2012-01-24,110.02999877929688,110.33999633789062,109.83999633789062,110.33999633789062,524,-0.004986212680883492,145.27330589209052,0.20688476063987932
2012-01-25,109.80999755859375,110.83000183105469,109.04000091552734,109.6500015258789,580,-0.0020014674109289266,144.98283688376173,0.20712905327736644
2012-01-26,110.79000091552734,111.83000183105469,110.58000183105469,111.19000244140625,500,0.00888494841959265,146.27674153727955,0.2089898888770514
2012-01-27,111.45999908447266,111.95999908447266,110.88999938964844,111.22000122070312,1050,0.006029248131226573,147.1613443730895,0.20607609041143335
2012-01-30,110.75,111.22000122070312,110.4800033569336,111.22000122070312,453,-0.006390365002190979,146.22392807457086,0.19892438283066743
2012-01-31,110.9800033569336,112.61000061035156,110.83999633789062,112.08999633789062,712,0.0020746262206049054,146.5276029668613,0.19868701722866575
2012-02-01,111.55999755859375,112.76000213623047,111.30000305175781,112.31999969482422,891,0.005212505729194262,147.29337299329222,0.1973680835364001
2012-02-02,112.06999969482422,112.5,111.29000091552734,111.54000091552734,1348,0.004561132465810679,147.96673205140544,0.12838974016071375
2012-02-03,114.58000183105469,114.62000274658203,112.75,112.75,758,0.022149611620155423,151.28070380612496,0.14210573789445058
2012-02-06,115.93000030517578,116.5,113.91999816894531,114.05999755859375,980,0.011713278353714078,153.06311536170656,0.14347624782933074
2012-02-07,116.2300033569336,117.25,115.6500015258789,116.06999969482422,1400,0.0025844522227088545,153.4592112954527,0.14344581078433358
2012-02-08,117.19999694824219,117.6500015258789,115.95999908447266,116.69999694824219,866,0.008310835566589476,154.73989999187077,0.1432129708957788
2012-02-09,118.58999633789062,118.7699966430664,117.62000274658203,118.2300033569336,812,0.011790283992257502,156.57512501016106,0.14610958348456982
2012-02-10,117.30999755859375,117.66999816894531,116.33999633789062,117.05000305175781,1055,-0.010852152390229772,154.88513449603516,0.14781071012217667
2012-02-13,117.93000030517578,118.44999694824219,117.44999694824219,118.29000091552734,602,0.005271247983598797,155.70372805831278,0.14271093813966856
2012-02-14,118.16000366210938,118.16000366210938,117.66999816894531,117.80000305175781,815,0.0019484385262756889,156.00740295060322,0.13791080900919528
2012-02-15,118.93000030517578,119.52999877929688,118.37000274658203,118.68000030517578,756,0.006495418089240777,157.0240344066159,0.13637693080382057
2012-02-16,120.11000061035156,120.30999755859375,119.1500015258789,119.1500015258789,1479,0.009872907342838065,158.58199630053912,0.13229235697648956
2012-02-17,119.58000183105469,120.04000091552734,118.8499984741211,120.04000091552734,815,-0.004422375882863148,157.88223554764053,0.13442102480940768
2012-02-21,121.66000366210938,121.66999816894531,119.80000305175781,119.80000305175781,495,0.01724468022859671,160.62847516966417,0.12463321344681758
2012-02-22,122.9000015258789,123.18000030517578,121.58000183105469,121.80000305175781,1019,0.01014072999386519,162.26565222108135,0.1258646372698523
2012-02-23,123.62000274658203,124.4800033569336,122.0999984741211,124.2300033569336,884,0.005841337461466713,163.2162744035617,0.12048131667466985
2012-02-24,125.47000122070312,125.55000305175781,123.68000030517578,123.9000015258789,389,0.014854329451582675,165.65883913329486,0.12132349010574213
2012-02-27,124.16999816894531,124.58000183105469,123.05999755859375,124.30000305175781,575,-0.010415116218254755,163.9424368512456,0.13399846898970974
2012-02-28,121.55000305175781,123.79000091552734,121.55000305175781,123.05000305175781,2378,-0.021325853813249182,160.48324066549975,0.16285462061483028
2012-02-29,122.66000366210938,123.08000183105469,120.68000030517578,122.31999969482422,1389,0.00909060418446404,161.94878151796723,0.15904290107775404
2012-03-01,126.19999694824219,128.25,123.38999938964844,123.45999908447266,1951,0.028451595871584058,166.6226571265988,0.1782963276088526
2012-03-02,123.6500015258789,124.97000122070312,123.38999938964844,124.87999725341797,736,-0.02041291961746469,163.25588198230867,0.20063770538491027
2012-03-05,123.80000305175781,124.62000274658203,123.37000274658203,123.87000274658203,592,0.0012123785934729653,163.45392994918174,0.20104383832979034
2012-03-06,121.9800033569336,123.0199966430664,121.6500015258789,123.01000213623047,630,-0.0148102605125342,161.05097279819557,0.20148463572644135
2012-03-07,124.12000274658203,124.2699966430664,122.0999984741211,123.12000274658203,913,0.01739173731994907,163.8764275777132,0.20550590845037456
2012-03-08,125.44000244140625,126.29000091552734,124.95999908447266,125.33999633789062,960,0.010578714356218924,165.61923155454778,0.20703956374397053
2012-03-09,125.9800033569336,126.25,124.80999755859375,125.55999755859375,817,0.004295614775503571,166.332198191408,0.20636217987350045
2012-03-12,125.33999633789062,125.33999633789062,124.25,124.30000305175781,648,-0.005093175261216979,165.48719286120703,0.20604187064139384
2012-03-13,126.22000122070312,126.70999908447266,125.08000183105469,125.5999984741211,506,0.006996410248201849,166.64906889452212,0.20052260294763816
2012-03-14,124.97000122070312,126.63999938964844,124.97000122070312,126.16000366210938,294,-0.009952707561665622,164.9986859591432,0.20568337111156867
2012-03-15,123.55000305175781,125.04000091552734,123.55000305175781,124.80999755859375,1260,-0.011427761130453469,163.1238533621059,0.2114867467388552
2012-03-16,125.80999755859375,126.0999984741211,123.20999908447266,123.30999755859375,412,0.018126855822328935,166.10773845661157,0.21824621954370688
2012-03-19,125.70999908447266,125.91999816894531,125.12999725341797,125.12999725341797,453,-0.0007951533136495233,165.97570983640887,0.21693975018582223
2012-03-20,124.12000274658203,125.91999816894531,123.20999908447266,125.12999725341797,665,-0.012728797935267894,163.87642757771314,0.22197013281245181
2012-03-21,124.19999694824219,124.77999877929688,123.79000091552734,124.41999816894531,741,0.0006442832194394753,163.9820444299925,0.21472296668797394
2012-03-22,123.13999938964844,123.79000091552734,122.31999969482422,123.33999633789062,567,-0.008571230401561254,162.58252292419536,0.21445232279657758
2012-03-23,125.12999725341797,127.0199966430664,123.68000030517578,123.68000030517578,747,0.016031260400637123,165.2099297368399,0.2207077975050419
2012-03-26,125.6500015258789,125.81999969482422,125.30000305175781,125.68000030517578,265,0.004147101206349201,165.89649467891482,0.21502473084030854
2012-03-27,125.54000091552734,126.12000274658203,124.93000030517578,125.1500015258789,765,-0.0008758359513842935,165.75126017475046,0.2116778461311957
2012-03-28,124.16000366210938,124.33999633789062,123.62000274658203,124.27999877929688,797,-0.011053354252109782,163.92924104042183,0.20104223312706876
2012-03-29,122.38999938964844,124.3499984741211,121.43000030517578,123.81999969482422,646,-0.014358423522682864,161.59229316296802,0.20552932406087185
2012-03-30,122.87999725341797,124.04000091552734,122.69000244140625,123.2699966430664,701,0.003995584640312781,162.2392404531579,0.17838249116431004
2012-04-02,125.43000030517578,125.48999786376953,121.75,122.20999908447266,481,0.020539589421999894,165.60602567058606,0.1794144561283976
2012-04-03,124.86000061035156,125.94999694824219,124.38999938964844,125.18000030517578,592,-0.0045547219477345535,164.8534514549788,0.18030911836354588
2012-04-04,122.33999633789062,124.55000305175781,122.33000183105469,124.12999725341797,822,-0.02038909064133476,161.52627381629762,0.1871471549439775
2012-04-05,123.43000030517578,123.4800033569336,121.83000183105469,122.0999984741211,449,0.008870172347747103,162.96541297397985,0.17941804708673786
2012-04-09,122.66999816894531,122.70999908447266,121.0999984741211,121.87999725341797,256,-0.006176388110307745,161.9619773287908,0.17601396720463028
2012-04-10,119.87999725341797,122.2699966430664,119.80000305175781,121.5199966430664,627,-0.023006588580622413,158.27832140824853,0.19036493494525267
2012-04-11,120.18000030517578,120.73999786376953,119.30999755859375,120.0999984741211,781,0.0024994019077368597,158.67441734199468,0.19080955023195403
2012-04-12,121.70999908447266,121.70999908447266,119.45999908447266,119.98999786376953,280,0.012650536919158026,160.69448444319636,0.19512566713472065
2012-04-13,121.83000183105469,121.83000183105469,120.87999725341797,121.62000274658203,441,0.0009854870316415622,160.85292483132244,0.1929869242148511
2012-04-16,118.68000030517578,120.05000305175781,118.27999877929688,120.02999877929688,832,-0.02619584740186572,156.69395781954,0.20895705585453683
2012-04-17,118.77999877929688,119.27999877929688,118.19999694824219,118.62000274658203,741,0.000842234316666902,156.8259864397427,0.19626121648267134
2012-04-18,117.97000122070312,118.26000213623047,116.73999786376953,117.69999694824219,894,-0.006842667109381601,155.75654152102138,0.1966246082475287
2012-04-19,118.0,119.1500015258789,117.70999908447266,118.8499984741211,1122,0.00025425926434131723,155.79614909976837,0.1936736433167829
2012-04-20,118.76000213623047,119.62999725341797,118.38999938964844,119.36000061035156,662,0.006420043417688685,156.7995847449574,0.19584183454045728
2012-04-23,118.70999908447266,118.86000061035156,117.2699966430664,117.93000030517578,727,-0.00042113153021257647,156.73356539828706,0.1944961939457647
2012-04-24,118.16000366210938,118.8499984741211,117.9000015258789,118.19000244140625,583,-0.004643867137215818,156.00740295060316,0.18356687601248084
2012-04-25,119.12000274658203,119.19000244140625,117.47000122070312,119.0,541,0.008091742217098486,157.27489583619757,0.18592218837459884
2012-04-26,119.91999816894531,120.0999984741211,119.23999786376953,119.23999786376953,652,0.006693427092350265,158.33113487095724,0.18860614760022845
2012-04-27,119.83000183105469,119.83000183105469,119.12000274658203,119.7699966430664,513,-0.0007507515505122722,158.21231213471623,0.18585611344121056
2012-04-30,119.47000122070312,119.66999816894531,118.76000213623047,119.37000274658203,782,-0.0030087829280750723,157.73700104347606,0.18018061651548134
2012-05-01,119.66000366210938,119.95999908447266,118.91000366210938,119.0,2605,0.0015891145193892271,157.98786247305782,0.17950629918255592
2012-05-02,118.19999694824219,119.19999694824219,117.7699966430664,119.19999694824219,2624,-0.012276339412772029,156.0602063401738,0.16466335249426198
2012-05-03,116.08000183105469,117.88999938964844,116.0,117.76000213623047,2253,-0.018098454803395683,153.26116332857953,0.17293016599493843
2012-05-04,113.18000030517578,114.80000305175781,111.83000183105469,114.80000305175781,3510,-0.025300149939254567,149.43227290387287,0.1796883207652539
2012-05-07,113.16000366210938,113.16000366210938,112.08999633789062,113.06999969482422,1462,-0.000176695615162404,149.40587120908754,0.17436435686269014
2012-05-08,112.7300033569336,113.04000091552734,110.55999755859375,112.23999786376953,2937,-0.0038071699606222116,148.83813907639168,0.1742082408327762
2012-05-09,113.19999694824219,113.26000213623047,111.3499984741211,111.9000015258789,1530,0.0041605299751222725,149.4586745986582,0.1618931256374183
2012-05-10,112.7300033569336,113.6500015258789,112.16000366210938,112.93000030517578,2771,-0.004160529975122212,148.83813907639168,0.16082272175183596
2012-05-11,112.26000213623047,112.7699966430664,111.6500015258789,112.0199966430664,767,-0.004177980291604467,148.21759348098712,0.15035020423031903
2012-05-14,111.56999969482422,111.69000244140625,110.9800033569336,111.0199966430664,749,-0.0061654346735612025,147.3065788772538,0.1494913671863399
2012-05-15,112.23999786376953,112.52999877929688,111.5,112.23999786376953,490,0.0059872228917002635,148.19118171306377,0.1301116138416561
2012-05-16,111.70999908447266,111.70999908447266,111.55000305175781,111.55000305175781,1327,-0.004733197374318367,147.4914209601652,0.12965511719739994
2012-05-17,107.48999786376953,109.62999725341797,106.95999908447266,109.25,1732,-0.03850841927597314,141.91972655862392,0.17880577969659908
2012-05-18,107.13999938964844,107.8499984741211,106.86000061035156,107.66999816894531,617,-0.0032614153551640867,141.45762135134547,0.17805845584018987
2012-05-21,108.80999755859375,109.22000122070312,107.7699966430664,107.83000183105469,571,0.015466834769539152,143.66253053545853,0.1876132325498515
2012-05-22,108.41000366210938,109.2699966430664,107.97000122070312,109.2699966430664,1151,-0.0036828500722066214,143.1344160546477,0.18713235861715907
2012-05-23,105.55999755859375,107.33000183105469,105.47000122070312,107.23999786376953,656,-0.026640880946395402,139.37153490347336,0.20249279285354221
2012-05-24,106.55000305175781,107.12999725341797,105.76000213623047,105.9800033569336,1067,0.009334898679196997,140.67864544095286,0.20357697578870113
2012-05-25,106.83000183105469,107.08999633789062,106.63999938964844,106.66000366210938,389,0.0026244159115062613,141.04832960677564,0.2010259003339489
2012-05-29,106.68000030517578,107.83000183105469,106.06999969482422,107.19000244140625,467,-0.001405100923209305,140.85028163990256,0.2008436454022836
2012-05-30,103.47000122070312,105.25,103.08000183105469,105.23999786376953,418,-0.030551974759967043,136.6120994706261,0.2183760583594759
2012-05-31,101.87000274658203,103.76000213623047,101.31999969482422,103.76000213623047,662,-0.015584209850899493,134.49961132796872,0.21812008561707408
2012-06-01,98.43000030517578,99.63999938964844,97.58000183105469,99.52999877929688,755,-0.03435187882205772,129.95775426640182,0.23662173244275053
2012-06-04,98.8499984741211,99.08000183105469,96.7300033569336,96.7699966430664,528,0.004257895438764598,130.51228051513598,0.23812084724082638
2012-06-05,98.83999633789062,99.12000274658203,98.37999725341797,98.7699966430664,525,-0.00010119011079458187,130.49907463117432,0.23046494131666564
2012-06-06,100.63999938964844,101.27999877929688,99.7300033569336,100.45999908447266,964,0.01804744281790429,132.87563008737516,0.2449104274019335
2012-06-07,99.93000030517578,102.29000091552734,99.5199966430664,101.37999725341797,1301,-0.007079842959835362,131.9382137888565,0.24487373839365997
2012-06-08,99.47000122070312,99.88999938964844,97.3499984741211,97.3499984741211,451,-0.004613840491197797,131.33087407741363,0.24227675598087564
2012-06-11,98.0,100.58999633789062,96.94000244140625,100.38999938964844,1856,-0.01488862476582383,129.39002213370597,0.24400686459681253
2012-06-12,97.13999938964844,97.91000366210938,96.69999694824219,97.2300033569336,1258,-0.008814248036188759,128.2545578683142,0.24393927555508907
2012-06-13,97.12999725341797,98.23999786376953,96.77999877929688,97.16999816894531,1258,-0.00010297149752549232,128.24135198435255,0.24506717490673147
2012-06-14,97.02999877929688,97.02999877929688,96.6500015258789,96.6500015258789,2047,-0.0010300626803270239,128.10932336414984,0.2417083830139272
2012-06-15,97.61000061035156,98.05999755859375,97.06999969482422,97.62000274658203,282,0.005959756983304406,128.87510346371877,0.2457399323382063
2012-06-18,96.05000305175781,97.0,95.5,97.0,2225,-0.016111032452674274,126.81542878377007,0.21977153558764617
2012-06-19,95.76000213623047,96.7300033569336,95.76000213623047,96.0,1795,-0.003023837429272229,126.4325387339856,0.21980163887378285
2012-06-20,92.69000244140625,95.48999786376953,92.47000122070312,95.25,718,-0.03258446533066923,122.37919864762054,0.22542475429911565
2012-06-21,89.2300033569336,92.44000244140625,89.04000091552734,92.4000015258789,1121,-0.03804327469402818,117.81093989126829,0.2481160485344954
2012-06-22,90.9800033569336,91.51000213623047,89.80999755859375,89.9000015258789,562,0.01942239550615562,120.12147600079876,0.2585754824218765
2012-06-25,91.01000213623047,91.26000213623047,89.73999786376953,90.23999786376953,1452,0.00032967502239785395,120.16108357954576,0.2531990993083126
2012-06-26,93.0199966430664,93.13999938964844,91.30999755859375,91.73999786376953,2275,0.021845073645906342,122.81489208697565,0.2710169732351026
2012-06-27,93.5,93.79000091552734,92.91000366210938,92.91000366210938,680,0.005146948586990342,123.44864356634191,0.2735355718143279
2012-06-28,91.36000061035156,93.6500015258789,90.95999908447266,93.5199966430664,1468,-0.02315368370621046,120.62318878682427,0.2663705395516208
2012-06-29,97.80000305175781,98.2699966430664,94.05000305175781,94.05000305175781,1151,0.068116855656408,129.12596489330056,0.3669533385821768
2012-07-02,97.33999633789062,97.58999633789062,95.80999755859375,96.08999633789062,786,-0.004714641461365827,128.51861510871962,0.34783506121230806
2012-07-03,100.68000030517578,101.3499984741211,99.72000122070312,99.72000122070312,707,0.033737206514788086,132.9284435500838,0.36738891257229284
2012-07-05,100.69999694824219,101.41999816894531,100.38999938964844,101.12000274658203,1271,0.00019859612081504457,132.95484524486915,0.3673803588732029
2012-07-06,98.19000244140625,98.97000122070312,97.93000030517578,98.97000122070312,1800,-0.025241367373774803,129.6408835632877,0.3724731997755268
2012-07-09,100.31999969482422,100.9800033569336,98.36000061035156,98.81999969482422,1912,0.021460671797285887,132.45313245884367,0.379819845679038
2012-07-10,97.97000122070312,99.19999694824219,97.87000274658203,98.94999694824219,1778,-0.023703752026067833,129.35041455495892,0.3885164112297418
2012-07-11,100.2300033569336,100.37999725341797,98.66999816894531,98.66999816894531,851,0.022806256712558568,132.33430972260265,0.3931161416481013
2012-07-12,101.06999969482422,101.2699966430664,99.0199966430664,99.19000244140625,1345,0.008345764538043497,133.443362220071,0.3921721625859106
2012-07-13,102.4000015258789,102.69999694824219,101.38999938964844,102.41999816894531,624,0.013073384439446977,135.19937208086728,0.3939811155141283
2012-07-16,103.55000305175781,103.55000305175781,103.55000305175781,103.55000305175781,1691,0.011167889806369602,136.71772639604347,0.3948627287062338
2012-07-17,104.0,104.58000183105469,102.87000274658203,104.58000183105469,590,0.0043362818284345996,137.3118602235247,0.3947544523647275
2012-07-18,105.16000366210938,105.4000015258789,103.88999938964844,103.91000366210938,725,0.011092135544473886,138.84342042266255,0.3893543620345003
2012-07-19,107.80000305175781,108.13999938964844,106.51000213623047,107.4000015258789,581,0.02479465209849145,142.32902837633173,0.3946372432481585
2012-07-20,106.83000183105469,106.91000366210938,105.81999969482422,106.0999984741211,358,-0.00903888368664992,141.04832960677564,0.37377942766645955
2012-07-23,103.26000213623047,104.58999633789062,102.4800033569336,103.19999694824219,360,-0.033988702958305486,136.33483634625904,0.3678728894504857
2012-07-24,103.41999816894531,103.93000030517578,102.94000244140625,102.94000244140625,1642,0.001548249123657916,136.54608012395573,0.36544238517703065
2012-07-25,104.37999725341797,104.6500015258789,102.18000030517578,103.69999694824219,2082,0.009239710638928415,137.81357300955017,0.36497198145907855
2012-07-26,105.26000213623047,106.01000213623047,104.87000274658203,105.23999786376953,1479,0.008395440318461999,138.97544904286525,0.36080953301256563
2012-07-27,106.47000122070312,106.5,105.69999694824219,105.94999694824219,2178,0.0114297665713145,140.57301851553547,0.36130332800226117
2012-07-30,106.19999694824219,106.4800033569336,105.7300033569336,105.79000091552734,334,-0.002539186719856798,140.21653016053634,0.3469843695360576
2012-07-31,104.91999816894531,106.30000305175781,104.19999694824219,106.27999877929688,1532,-0.012125942525128728,138.5265396464104,0.27279680940091083
2012-08-01,105.95999908447266,106.2300033569336,105.52999877929688,105.63999938964844,1202,0.009863518216797944,139.89965945742222,0.27204228633896355
2012-08-02,105.9000015258789,106.68000030517578,105.30999755859375,106.62000274658203,2631,-0.0005663887475202763,139.8204442999282,0.24991310188197657
2012-08-03,108.94000244140625,109.06999969482422,106.4000015258789,106.5199966430664,1573,0.028302027350049018,143.83417680754624,0.2652737262921917
2012-08-06,109.55000305175781,109.69000244140625,108.12000274658203,108.55999755859375,1714,0.005583799532602629,144.63956448586222,0.24342505468707273
2012-08-07,112.0,112.37000274658203,110.45999908447266,110.55000305175781,2600,0.022117777396405174,147.87431100994962,0.24398766768320157
2012-08-08,112.13999938964844,113.05999755859375,111.45999908447266,111.45999908447266,5380,0.0012492139576678744,148.05915309286104,0.22090432658255135
2012-08-09,113.22000122070312,113.30000305175781,112.19000244140625,112.3499984741211,2139,0.009584754137442954,149.48508636658153,0.2131690594646952
2012-08-10,112.94999694824219,113.02999877929688,111.44000244140625,111.55999755859375,1994,-0.002387623494855007,149.12859801158237,0.2147923974441582
2012-08-13,113.5999984741211,114.77999877929688,113.25,114.77999877929688,1223,0.005738276959667737,149.986799152607,0.21293912454723826
2012-08-14,114.02999877929688,114.02999877929688,113.37999725341797,113.98999786376953,1201,0.0037780681091437764,150.5545312853029,0.2117524692724744
2012-08-15,116.25,116.5999984741211,113.88999938964844,113.88999938964844,718,0.019281483503303807,153.4856129902379,0.2177695063680052
2012-08-16,116.9000015258789,116.9000015258789,116.19999694824219,116.19999694824219,3561,0.00557583706341323,154.34381413126252,0.21675767282294084
2012-08-17,113.70999908447266,114.25,112.8499984741211,114.0999984741211,1201,-0.027667541945670854,150.13203365677143,0.23215172763607933
2012-08-20,113.69999694824219,114.41000366210938,112.9000015258789,114.41000366210938,3024,-8.796566915628e-05,150.1188277728097,0.2285688541413243
2012-08-21,114.63999938964844,115.47000122070312,114.47000122070312,114.47000122070312,1481,0.008233404279793029,151.35991896361884,0.18524185823354292
2012-08-22,114.91000366210938,115.12999725341797,113.58000183105469,113.58000183105469,3196,0.0023524669430676427,151.716407318618,0.18507509432645192
2012-08-23,115.01000213623047,116.29000091552734,114.4800033569336,116.05000305175781,2201,0.0008698545398794,151.8484359388207,0.184939794037489
2012-08-24,113.58999633789062,115.12000274658203,113.11000061035156,114.6500015258789,2894,-0.01242365767517844,149.97359326864535,0.19344823693287463
2012-08-27,112.26000213623047,114.52999877929688,111.76000213623047,114.23999786376953,2318,-0.01177781346024921,148.21759348098712,0.19829745547790026
2012-08-28,112.58000183105469,112.77999877929688,112.0199966430664,112.77999877929688,1489,0.002846467756992078,148.64009110951858,0.19744137577928153
2012-08-29,112.54000091552734,112.77999877929688,112.33999633789062,112.37999725341797,2957,-0.00035537416009497774,148.58727764680992,0.19032824622679234
2012-08-30,112.6500015258789,113.27999877929688,112.38999938964844,113.12000274658203,2660,0.0009769582832996851,148.7325121509743,0.18897432042916773
2012-08-31,114.56999969482422,114.86000061035156,112.9000015258789,113.41000366210938,2428,0.01690030681831138,151.26749792216316,0.1945244443916789
2012-09-04,114.18000030517578,115.80999755859375,114.12000274658203,115.80000305175781,564,-0.0034098340329988272,150.752579252176,0.17402508195805377
2012-09-05,113.08999633789062,114.01000213623047,112.91000366210938,113.8499984741211,551,-0.00959222370789485,149.3134400944938,0.1782373902142061
2012-09-06,113.48999786376953,115.0,113.0,113.94000244140625,2137,0.003530778988996473,149.84156464844264,0.16206119382460374
2012-09-07,114.25,114.44000244140625,112.43000030517578,113.52999877929688,2186,0.006674321284338847,150.84500029363167,0.16340672762928302
2012-09-10,114.80999755859375,114.95999908447266,114.12000274658203,114.56999969482422,826,0.004889537066653711,151.58436862527728,0.16105050232876467
2012-09-11,115.4000015258789,115.43000030517578,114.73999786376953,114.8499984741211,1009,0.005125800455552257,152.36335460880787,0.16135946840643922
2012-09-12,115.95999908447266,116.01000213623047,115.30000305175781,115.9800033569336,1015,0.004840928861735101,153.10272294045348,0.16105864707579187
2012-09-13,116.9000015258789,117.0,116.26000213623047,116.69999694824219,336,0.008073585372623874,154.34381413126258,0.16267846137193082
2012-09-18,112.02999877929688,113.83999633789062,111.70999908447266,113.76000213623047,564,-0.04255219985646356,147.91391858869665,0.210107069193084
2012-09-19,108.19000244140625,111.0,107.66000366210938,111.0,559,-0.0348777184090195,142.84394704631893,0.2372840040575848
2012-09-20,110.02999877929688,110.3499984741211,108.1500015258789,108.4800033569336,1613,0.016864081522149993,145.27330589209043,0.2306290317523111
2012-09-21,111.41999816894531,111.4800033569336,110.63999938964844,111.05999755859375,1140,0.012553783371317326,147.10853091038075,0.23575106169610816
2012-09-24,109.80999755859375,110.12999725341797,109.1500015258789,109.87000274658203,1278,-0.014555250782246185,144.98283688376168,0.23775672959873073
2012-09-25,110.44999694824219,111.31999969482422,110.01000213623047,111.0199966430664,1516,0.00581132485928879,145.82783214082465,0.23886301538607566
2012-09-26,110.04000091552734,110.05000305175781,108.69999694824219,108.9800033569336,2408,-0.003718957859581498,145.28651177605215,0.23872505743315886
2012-09-27,112.01000213623047,112.37000274658203,111.0,111.0,1191,0.01774422771910715,147.88751689391134,0.24508208393127293
2012-09-28,112.38999938964844,112.79000091552734,111.56999969482422,112.7699966430664,1412,0.0033867880040869794,148.38922967993685,0.2420306587258645
2012-10-01,112.19000244140625,113.23999786376953,111.6500015258789,111.72000122070312,181,-0.0017810757812919383,148.12517243953144,0.24188902027307366
2012-10-02,111.56999969482422,111.94999694824219,111.45999908447266,111.73999786376953,184,-0.005541690448423499,147.3065788772538,0.24260651515262108
2012-10-03,108.16999816894531,110.4000015258789,107.72000122070312,110.30999755859375,1316,-0.030948147155169848,142.81753527839558,0.2645200587553717
2012-10-04,112.58000183105469,112.63999938964844,109.26000213623047,109.4000015258789,1542,0.03996004958572298,148.64009110951858,0.29545846798970843
2012-10-05,112.0199966430664,113.0,110.91000366210938,111.9000015258789,1184,-0.004986699485940501,147.90071270473499,0.2956820680602402
2012-10-08,111.81999969482422,112.25,111.16999816894531,111.27999877929688,1240,-0.0017869639450864322,147.63665546432958,0.294025706928153
2012-10-09,114.5,114.5999984741211,112.37999725341797,112.37999725341797,498,0.023684390124965062,151.17507688070745,0.3056001288971359
2012-10-10,114.33000183105469,115.56999969482422,114.12000274658203,114.41000366210938,328,-0.0014858034248933893,150.95062721904907,0.3048028460542857
2012-10-11,115.70999908447266,115.91000366210938,114.98999786376953,115.12999725341797,865,0.011998033406587436,152.7726463533777,0.30721499868222674
2012-10-12,114.62000274658203,115.16000366210938,114.01000213623047,114.76000213623047,857,-0.00946471988989478,151.33351726883353,0.30852505677612796
2012-10-15,115.80000305175781,115.86000061035156,113.66999816894531,115.12000274658203,905,0.010242258406495421,152.89147916275675,0.3102268157067869
2012-10-16,115.06999969482422,115.06999969482422,114.94999694824219,114.9800033569336,602,-0.0063239553093098946,151.92765109631472,0.30947544411933536
2012-10-19,110.13999938964844,113.22000122070312,110.06999969482422,112.94000244140625,624,-0.043788357890541314,145.41854039625483,0.3116015622700448
2012-10-22,109.44000244140625,110.95999908447266,109.19000244140625,110.56999969482422,586,-0.006375802110326583,144.49432998169783,0.2870103038063879
2012-10-23,108.25,108.87999725341797,107.37999725341797,108.68000030517578,602,-0.01093310929981197,142.92316220381295,0.28322640746823896
2012-10-24,107.8499984741211,108.7699966430664,106.93000030517578,108.5,503,-0.00370200819559259,142.3950376498641,0.27915488254342313
2012-10-25,108.48999786376953,109.22000122070312,107.66999816894531,108.7699966430664,532,0.005916624456777621,143.24003290692707,0.2761298705743791
2012-10-26,109.55000305175781,109.66999816894531,107.94000244140625,107.9800033569336,395,0.009723110754905078,144.63956448586225,0.27759856323289384
2012-10-31,108.69999694824219,109.69999694824219,108.37000274658203,109.66000366210938,227,-0.007789327846574771,143.51729603129414,0.27857006216512076
2012-11-01,108.16999816894531,108.70999908447266,107.8499984741211,108.29000091552734,354,-0.0048877193374812266,142.8175352783956,0.2707305177519158
2012-11-02,105.68000030517578,108.75,105.56999969482422,107.81999969482422,1081,-0.02328838361282887,139.52997529159947,0.28007230345575174
2012-11-05,107.7300033569336,108.12000274658203,105.05999755859375,105.4800033569336,388,0.01921246496491624,142.23660733487606,0.2904097139206869
2012-11-06,111.06999969482422,111.0999984741211,108.51000213623047,108.66999816894531,515,0.030532502364709363,146.64642570310224,0.31092159821159016
2012-11-07,106.81999969482422,110.48999786376953,106.72000122070312,109.87999725341797,888,-0.03901545837672194,141.03512372281398,0.322026984254712
2012-11-08,107.25,107.93000030517578,106.3499984741211,107.66000366210938,364,0.004017385753418247,141.60285585550986,0.2871727362514933
2012-11-09,109.4000015258789,109.5999984741211,106.27999877929688,106.51000213623047,744,0.01984834612745916,144.44151651898915,0.29697489477539174
2012-11-12,109.06999969482422,110.0999984741211,108.83000183105469,109.0199966430664,922,-0.003021028792914938,144.005813006496,0.29704021228736177
2012-11-13,108.26000213623047,108.58000183105469,107.5,108.36000061035156,609,-0.007454114041431184,142.93636808777464,0.2834657199045629
2012-11-14,109.61000061035156,109.80000305175781,108.51000213623047,108.51000213623047,762,0.012392855694785541,144.71877964335624,0.28823231737652383
2012-11-15,110.9800033569336,110.9800033569336,110.41000366210938,110.76000213623047,735,0.012421418349824704,146.5276029668612,0.2884951482404927
2012-11-19,110.83999633789062,110.83999633789062,110.83999633789062,110.83999633789062,782,-0.0012623481906737198,146.34275081081176,0.28721290539002675
2012-11-20,109.83000183105469,111.63999938964844,109.02999877929688,111.25,420,-0.009153954483204682,145.009248651685,0.28498950495674513
2012-11-21,110.86000061035156,111.33999633789062,109.62000274658203,111.0199966430664,480,0.009334417025293832,146.36916257873511,0.28750727121740005
2012-11-23,111.37999725341797,111.52999877929688,110.51000213623047,110.52999877929688,483,0.004679604004694722,147.055717447672,0.24399835796344357
2012-11-26,110.91999816894531,111.29000091552734,110.30000305175781,111.04000091552734,506,-0.004138549262268743,146.4483777362291,0.24332230861542123
2012-11-27,109.87000274658203,111.08999633789062,109.30999755859375,111.01000213623047,426,-0.009511330528430968,145.06206211439365,0.24251879272973867
2012-11-28,109.51000213623047,109.73999786376953,108.5,109.19000244140625,665,-0.0032819849164203367,144.58675102315348,0.24242691795441745
2012-11-29,110.76000213623047,111.29000091552734,110.27999877929688,110.83000183105469,619,0.011349828794942042,146.23713395853238,0.24461305050451826
2012-11-30,111.2300033569336,111.25,110.47000122070312,110.47000122070312,464,0.0042344421942650135,146.85767955393695,0.24287567404518626
2012-12-03,110.91999816894531,112.31999969482422,110.5999984741211,111.41999816894531,749,-0.0027909555443556573,146.44837773622913,0.24127987333376028
2012-12-04,109.83999633789062,110.33000183105469,109.25,110.30000305175781,484,-0.009784476120374874,145.02244446250864,0.24336320997219263
2012-12-05,108.80999755859375,110.33000183105469,108.73999786376953,110.0999984741211,302,-0.009421508593729505,143.6625305354585,0.23052153831589858
2012-12-06,107.02999877929688,108.87000274658203,106.69999694824219,108.86000061035156,945,-0.016494061934545546,141.31238684718105,0.22891660905709507
2012-12-07,107.0199966430664,107.87000274658203,106.80999755859375,107.08999633789062,1434,-9.345607523147366e-05,141.29918096321936,0.19963574344797347
2012-12-10,107.33000183105469,108.45999908447266,107.25,107.9000015258789,1972,0.0028925160376685297,141.7084827809272,0.1469499568603468
2012-12-11,108.01000213623047,108.33999633789062,107.43000030517578,108.31999969482422,1065,0.006315617654984622,142.60629150069883,0.14790944878305315
2012-12-12,109.5,110.47000122070312,108.8499984741211,108.9000015258789,1756,0.01370071404809252,144.57354513919185,0.13895288936831518
2012-12-13,107.91000366210938,109.16999816894531,107.80999755859375,108.98999786376953,833,-0.014626968944213078,142.47426288049616,0.14771785078611252
2012-12-14,109.1500015258789,109.1500015258789,109.1500015258789,109.1500015258789,306,0.011425516663261491,144.11143993191337,0.15097572522881
2012-12-19,110.36000061035156,110.43000030517578,109.30999755859375,109.9800033569336,703,0.011024657904032094,145.7090094045836,0.14967393675721344
2012-12-20,110.19999694824219,110.52999877929688,109.75,110.2699966430664,473,-0.001450885853724232,145.49775555374887,0.14311809365823971
2012-12-21,108.97000122070312,109.83999633789062,108.76000213623047,109.58999633789062,571,-0.011224242834922476,143.87378438629332,0.14800758413603
2012-12-24,108.80000305175781,109.0,108.18000030517578,108.45999908447266,287,-0.0015612637199026007,143.6493347246349,0.14491922316005126
2012-12-26,111.06999969482422,111.45999908447266,109.93000030517578,109.93000030517578,413,0.020649267960343585,146.6464257031023,0.15914580941240797
2012-12-27,110.80000305175781,111.1500015258789,110.12000274658203,110.83000183105469,682,-0.0024338285753063766,146.28994742124118,0.15846733219747186
2012-12-28,110.62000274658203,110.76000213623047,109.83000183105469,110.43000030517578,1101,-0.0016258724606095993,146.0522918756211,0.1579283049416992
2012-12-31,111.11000061035156,111.22000122070312,109.4800033569336,109.6500015258789,716,0.004419777693622348,146.69923916581098,0.15484330432106022
2013-01-02,112.47000122070312,112.9000015258789,111.76000213623047,111.94000244140625,1343,0.012165823180382698,148.49485660535427,0.15923064296062497
2013-01-03,112.13999938964844,112.38999938964844,111.69999694824219,111.91999816894531,752,-0.002938445016756675,148.0591530928611,0.15548272367971022
2013-01-04,111.30999755859375,111.73999786376953,110.72000122070312,110.72000122070312,1279,-0.007429005681023606,146.9632964062164,0.15727692883637368
2013-01-07,111.4000015258789,111.66999816894531,110.58000183105469,110.80000305175781,1860,0.0008082616187420915,147.08212921559547,0.15695616976686316
2013-01-08,111.94000244140625,112.44000244140625,111.4800033569336,112.38999938964844,1385,0.004835694082686577,147.79509585245572,0.15336099789557991
2013-01-09,111.76000213623047,111.94999694824219,111.12999725341797,111.88999938964844,1368,-0.0016093012100152732,147.55744030683562,0.1490625126434587
2013-01-10,111.88999938964844,112.98999786376953,111.66000366210938,112.97000122070312,1495,0.0011625063015527413,147.72907650578534,0.1343686711953437
2013-01-11,110.63999938964844,110.73999786376953,109.69999694824219,110.69000244140625,1141,-0.011234558524756195,146.07869357040647,0.14200127016386158
2013-01-14,111.87999725341797,112.0199966430664,110.41000366210938,111.1500015258789,1019,0.011145161944453488,147.71587062182368,0.14578663458001476
2013-01-15,110.30000305175781,111.91000366210938,110.30000305175781,111.73999786376953,1227,-0.014222889857150362,145.62979424708965,0.15514575844594305
2013-01-16,110.61000061035156,110.61000061035156,110.44000244140625,110.5199966430664,33,0.002806552504961584,146.03908599165942,0.14834883226603926
2013-01-17,110.61000061035156,110.61000061035156,110.61000061035156,110.61000061035156,0,0.0,146.03908599165942,0.13786307390054298
2013-01-18,110.61000061035156,110.61000061035156,110.61000061035156,110.61000061035156,5410,0.0,146.03908599165942,0.13274749185889226
2013-01-22,112.41999816894531,112.6500015258789,111.56999969482422,112.19999694824219,7873,0.016231334854091617,148.42883725868393,0.1389630047391758
2013-01-23,112.80000305175781,113.1500015258789,112.20999908447266,112.38999938964844,5558,0.003374524832243893,148.93056011784745,0.13894824088272203
2013-01-24,113.27999877929688,113.62000274658203,112.43000030517578,112.43000030517578,5086,0.004246253050879978,149.56430152407566,0.13179486922390066
2013-01-25,113.27999877929688,113.81999969482422,112.83999633789062,113.62999725341797,3821,0.0,149.56430152407566,0.13139649263639172
2013-01-28,113.4800033569336,113.80000305175781,112.63999938964844,112.97000122070312,4057,0.0017640203529416447,149.8283688376191,0.11239290282774095
2013-01-29,114.36000061035156,114.47000122070312,113.19000244140625,113.30000305175781,3241,0.0077247332688478,150.99023479779618,0.11395523165585261
2013-01-30,114.9000015258789,115.22000122070312,114.26000213623047,114.93000030517578,2414,0.00471082534355198,151.70320143465642,0.11387509902374127
2013-01-31,115.55000305175781,115.7300033569336,114.30999755859375,114.79000091552734,3222,0.005641164996331817,152.56140257568106,0.11430589349631957
2013-02-01,116.76000213623047,117.06999969482422,115.77999877929688,115.87000274658203,4956,0.010417201150722236,154.1589720483513,0.11246625216849415
2013-02-04,115.5999984741211,116.30999755859375,115.33999633789062,115.95999908447266,2301,-0.009984621243191483,152.62741184921342,0.11867064601742656
2013-02-05,116.5199966430664,117.16999816894531,116.44000244140625,116.58000183105469,5214,0.00792696024266622,153.84209127209917,0.11609316838414208
2013-02-06,116.7300033569336,117.02999877929688,115.7300033569336,116.18000030517578,3179,0.0018007011413778016,154.11936446960428,0.11599646376159302
2013-02-07,117.23999786376953,117.79000091552734,116.75,117.69000244140625,6168,0.0043594931990113064,154.79271345457948,0.11587311264979423
2013-02-08,118.9000015258789,119.1500015258789,118.0999984741211,118.22000122070312,3395,0.01405971890834429,156.98442682786893,0.12193247785202654
2013-02-11,118.12999725341797,118.52999877929688,117.55000305175781,118.02999877929688,2152,-0.0064971268201077965,155.9677852987182,0.1261602298773387
2013-02-12,118.66000366210938,118.81999969482422,117.95999908447266,118.81999969482422,1556,0.004476601982778563,156.66755612475484,0.11579001142437571
2013-02-13,118.72000122070312,118.91999816894531,118.36000061035156,118.72000122070312,225,0.0005054980085703087,156.74677128224886,0.11256555751735844
2013-02-14,118.58000183105469,118.58000183105469,118.58000183105469,118.58000183105469,0,-0.0011799359805379338,156.56192919933747,0.09544022692326054
2013-02-15,118.58000183105469,118.58000183105469,118.58000183105469,118.58000183105469,5321,0.0,156.56192919933747,0.09616986557956507
2013-02-19,117.5199966430664,117.56999969482422,116.55999755859375,117.30999755859375,3321,-0.0089793504198992,155.1623976204023,0.10471818902301806
2013-02-20,115.5999984741211,117.5,115.02999877929688,117.48999786376953,4641,-0.016472560262203423,152.62741184921342,0.12417683760503918
2013-02-21,113.52999877929688,114.37000274658203,113.33000183105469,114.37000274658203,4022,-0.018068834614441906,149.89437811115147,0.1316219303021422
2013-02-22,114.0999984741211,114.55999755859375,113.63999938964844,114.19000244140625,2836,0.005008135070667396,150.64695232675874,0.1321968794131022
2013-02-25,114.44000244140625,115.81999969482422,113.47000122070312,115.51000213623047,4213,0.0029754460205556367,151.09586172321357,0.13182141449548965
2013-02-26,112.70999908447266,114.29000091552734,112.41000366210938,113.1500015258789,3942,-0.015232549384284708,148.81172730846842,0.14264459467550358
2013-02-27,111.87000274658203,113.12999725341797,111.66000366210938,113.08000183105469,4940,-0.00748063272073903,147.70267481100007,0.14458951175487603
2013-02-28,111.37999725341797,112.55999755859375,110.87000274658203,112.08000183105469,5369,-0.004389753908429939,147.05571744767215,0.14177899740539918
2013-03-01,110.4000015258789,110.73999786376953,109.83999633789062,110.55999755859375,5687,-0.008837605837598406,145.76182286729238,0.14235996146860608
2013-03-04,110.08999633789062,110.87999725341797,109.58000183105469,110.4000015258789,3618,-0.002811967846737415,145.35252104958454,0.13970284559988863
2013-03-05,111.61000061035156,111.80999755859375,110.41999816894531,110.55999755859375,5330,0.013712477318609244,147.35939233996257,0.1438876496558592
2013-03-06,111.05999755859375,111.66999816894531,110.45999908447266,111.41999816894531,4002,-0.004940083305541012,146.63321981914066,0.14146669526288574
2013-03-07,111.1500015258789,111.4000015258789,110.41999816894531,110.79000091552734,4272,0.0008100803076181406,146.7520526285197,0.13732004030654105
2013-03-08,110.8499984741211,110.94000244140625,109.1500015258789,109.7699966430664,4486,-0.0027027318412489038,146.35595669477354,0.13653142702973328
2013-03-11,110.22000122070312,110.4800033569336,109.54000091552734,110.16999816894531,2427,-0.005699542766821797,145.52416732167228,0.1346331063564844
2013-03-12,109.6500015258789,111.18000030517578,109.31999969482422,109.83999633789062,2388,-0.00518489075043865,144.771593106065,0.11969114387617259
2013-03-13,108.5199966430664,109.66999816894531,108.31999969482422,109.66000366210938,950,-0.010359031922848932,143.27964048567415,0.12149861881876423
2013-03-14,109.41999816894531,109.94000244140625,108.97000122070312,108.97000122070312,269,0.008259215044540824,144.4679182137746,0.12548100075604585
2013-03-15,109.37999725341797,109.37999725341797,109.37999725341797,109.37999725341797,2567,-0.0003656390933261309,144.41510475106588,0.1251349065072322
2013-03-19,107.44999694824219,109.27999877929688,107.27999877929688,109.01000213623047,3327,-0.017802438121302947,141.86691309591532,0.13354491050242695
2013-03-20,108.72000122070312,108.88999938964844,107.75,108.16999816894531,2745,0.011750186383977583,143.54370779921757,0.14450188780319934
2013-03-21,107.47000122070312,108.55999755859375,107.0999984741211,108.37000274658203,3484,-0.011564030859232303,141.89332486383867,0.14586488689901386
2013-03-22,107.66000366210938,107.94999694824219,107.01000213623047,107.55000305175781,2605,0.0017663969367069537,142.14418629342043,0.14019250231984487
2013-03-25,108.16999816894531,109.02999877929688,107.29000091552734,108.37999725341797,3055,0.004725899566316674,142.81753527839564,0.13212241417564763
2013-03-26,109.36000061035156,109.52999877929688,107.95999908447266,108.33999633789062,3355,0.010941151282183524,144.38870305628052,0.1377383150484803
2013-03-27,109.69000244140625,109.94000244140625,109.05000305175781,109.55000305175781,3926,0.003013029683753237,144.8244065687737,0.13775555184558744
2013-03-28,110.0199966430664,110.02999877929688,109.0199966430664,109.87999725341797,2175,0.0030039092547110534,145.2601000081288,0.12998025899775997
2013-04-01,111.08000183105469,111.30000305175781,109.63999938964844,109.68000030517578,1788,0.009588541987425425,146.65963158706398,0.13292175428418299
2013-04-02,110.69000244140625,111.77999877929688,110.0199966430664,111.41000366210938,4299,-0.00351715546892459,146.14471291707682,0.13262059506826135
2013-04-03,107.11000061035156,110.12000274658203,106.83000183105469,109.94000244140625,5172,-0.032877173978881416,141.4180137725985,0.17232981031812894
2013-04-04,106.33999633789062,108.02999877929688,105.30999755859375,107.18000030517578,7158,-0.0072148758364494895,140.4013722434478,0.17344261916083922
2013-04-05,104.12000274658203,105.88999938964844,103.62999725341797,105.69000244140625,8817,-0.02109736713308129,137.47030061165083,0.17648420899789294
2013-04-08,104.66000366210938,105.55000305175781,103.44000244140625,105.37000274658203,3754,0.0051729294292262905,138.18326724851107,0.17876801089213207
2013-04-09,106.2300033569336,106.5,104.29000091552734,105.33999633789062,4934,0.014889550457942961,140.25614781242143,0.18875115297954925
2013-04-10,105.79000091552734,106.12000274658203,105.16999816894531,105.80999755859375,3159,-0.0041505807396603036,139.6752097957639,0.18887060186753823
2013-04-11,104.2699966430664,105.91999816894531,103.7300033569336,105.7300033569336,2429,-0.014472349046002902,137.66833850538583,0.1932972214822096
2013-04-12,103.11000061035156,103.23999786376953,101.30000305175781,102.94999694824219,3004,-0.01118727115760202,136.136788379386,0.19539883484287265
2013-04-15,100.38999938964844,101.41999816894531,100.3499984741211,101.41999816894531,1126,-0.026733790825642985,132.5455535002994,0.21086604445537038
2013-04-16,100.36000061035156,100.36000061035156,100.36000061035156,100.36000061035156,0,-0.000298867043787522,132.5059459215524,0.20679082370576515
2013-04-17,100.36000061035156,100.36000061035156,100.36000061035156,100.36000061035156,4442,0.0,132.5059459215524,0.20687823141884149
2013-04-18,99.12999725341797,99.7699966430664,97.55000305175781,98.80999755859375,6283,-0.012331635241907703,130.88196468095882,0.20314637184565665
2013-04-19,99.6500015258789,100.11000061035156,99.05000305175781,100.11000061035156,4312,0.005231969633250321,131.56852962303373,0.19803491736006296
2013-04-22,100.38999938964844,101.01000213623047,99.23999786376953,100.66000366210938,3890,0.00739853265244471,132.5455535002994,0.19997264714420923
2013-04-23,100.30999755859375,100.56999969482422,99.02999877929688,99.52999877929688,4381,-0.000797228066850144,132.439926574882,0.19935937366721798
2013-04-24,101.7300033569336,101.9800033569336,100.48999786376953,100.93000030517578,4467,0.0140569112473382,134.31476924505733,0.20662045988029729
2013-04-25,103.41000366210938,103.4800033569336,101.6500015258789,102.0,5471,0.01637942680625765,136.53288431313212,0.21200686492343798
2013-04-26,103.16000366210938,103.45999908447266,102.30000305175781,102.69999694824219,4974,-0.0024204880979179152,136.20280772605634,0.21100679176749695
2013-04-29,103.80999755859375,103.93000030517578,102.95999908447266,103.18000030517578,4138,0.006281065174669251,137.06099879394293,0.2124669137922935
2013-04-30,102.37000274658203,103.88999938964844,101.5,103.68000030517578,6356,-0.013968553925498485,135.15976450212028,0.2108717698348368
2013-05-01,99.94999694824219,101.16999816894531,98.76000213623047,100.80000305175781,8670,-0.023923697348065553,131.96461548364184,0.22197545504835461
2013-05-02,102.8499984741211,102.95999908447266,100.22000122070312,100.83999633789062,7583,0.028601570849438023,135.79350590834852,0.22632495166188957
2013-05-03,104.19000244140625,104.9000015258789,103.37000274658203,103.44000244140625,7412,0.012944577593341175,137.56272165310645,0.23111974748884084
2013-05-06,105.45999908447266,105.52999877929688,103.91000366210938,104.68000030517578,3668,0.012115546564704562,139.23950628327066,0.22318109849509607
2013-05-07,104.4000015258789,105.93000030517578,104.02999877929688,105.08000183105469,7856,-0.010102035356811374,137.83998477747352,0.22550583738705857
2013-05-08,104.33999633789062,104.79000091552734,103.52999877929688,103.73999786376953,7772,-0.0005749275678377038,137.76075954684146,0.21880126847061857
2013-05-09,104.47000122070312,104.5199966430664,103.45999908447266,103.80999755859375,5308,0.0012451980377417796,137.9324058189292,0.2185754688943464
2013-05-10,103.91000366210938,104.05000305175781,101.56999969482422,103.87999725341797,5241,-0.005374785426496964,137.19303748728365,0.21351250161002464
2013-05-13,102.81999969482422,103.5999984741211,102.2699966430664,102.72000122070312,5649,-0.010545291448343702,135.75389832960144,0.2131061047969461
2013-05-14,102.5999984741211,102.91000366210938,101.97000122070312,102.08000183105469,3504,-0.002141965794745116,135.46342932127266,0.1902291184435027
2013-05-15,103.68000030517578,103.79000091552734,101.25,102.2300033569336,2940,0.010471317682848823,136.88936259499314,0.19291587763941784
2013-05-16,103.80000305175781,104.04000091552734,103.55999755859375,103.83999633789062,512,0.0011567645847483207,137.04780298311923,0.19284039023977773
2013-05-17,103.72000122070312,103.72000122070312,103.72000122070312,103.72000122070312,0,-0.000771027692472155,136.94217605770186,0.18636282689693226
2013-05-20,103.72000122070312,103.72000122070312,103.72000122070312,103.72000122070312,3976,0.0,136.94217605770186,0.18615571380876797
2013-05-21,103.91000366210938,104.5999984741211,103.51000213623047,104.3499984741211,3839,0.0018302026679637552,137.19303748728362,0.18508196961843668
2013-05-22,102.5999984741211,103.77999877929688,102.23999786376953,103.2699966430664,4718,-0.0126872572430888,135.46342932127266,0.19152648575558098
2013-05-23,102.44000244140625,102.66000366210938,100.66000366210938,102.0199966430664,4740,-0.0015606327006824653,135.25218554357593,0.1857418979462651
2013-05-24,102.63999938964844,102.7699966430664,101.66999816894531,102.25,2671,0.0019504291969810311,135.51624278398134,0.17653071506255355
2013-05-28,104.2300033569336,104.68000030517578,103.98999786376953,104.06999969482422,4450,0.015372313597357476,137.61553511581508,0.18448952183502654
2013-05-29,102.43000030517578,104.37999725341797,102.19000244140625,103.9000015258789,3856,-0.017420386530408463,135.23897965961424,0.19318240409129184
2013-05-30,102.19000244140625,102.8499984741211,101.0999984741211,101.8499984741211,4542,-0.002345791912832337,134.92210895650015,0.18717867458531143
2013-05-31,100.38999938964844,101.80000305175781,100.05000305175781,101.79000091552734,5185,-0.017771254891339426,132.54555350029932,0.17830847635733998
2013-06-03,102.05999755859375,102.37999725341797,101.0199966430664,101.05999755859375,4609,0.016498257090910295,134.7504626844124,0.15777202946307672
2013-06-04,103.23999786376953,103.55000305175781,101.5,101.69000244140625,6820,0.01149550244398429,136.3084245783356,0.15630454178883527
2013-06-05,103.04000091552734,104.05999755859375,102.8499984741211,103.36000061035156,4854,-0.001939082917317512,136.0443673379302,0.14951913496130717
2013-06-06,103.61000061035156,103.94000244140625,102.9000015258789,103.0,4502,0.005516584913308209,136.79694155353747,0.1474527323488678
2013-06-07,104.55999755859375,105.0,102.9000015258789,104.12999725341797,7588,0.009127189812117084,138.05122855517018,0.1510620736385405
2013-06-10,103.94999694824219,104.38999938964844,103.72000122070312,104.16999816894531,4235,-0.005851061020551351,137.24584087685423,0.1523787893287396
2013-06-11,102.95999908447266,103.0,101.81999969482422,102.7699966430664,4916,-0.009569430550279017,135.9387404125128,0.15483365460472742
2013-06-12,103.48999786376953,104.05000305175781,102.91000366210938,103.30000305175781,3238,0.0051344146423762844,136.63850116541138,0.1514257811650531
2013-06-13,104.25,104.25,103.08999633789062,103.08999633789062,34,0.00731689164073167,137.64193681060038,0.15303306135729522
2013-06-14,104.29000091552734,104.29000091552734,104.29000091552734,104.29000091552734,4848,0.00038362823287926774,137.6947502733091,0.14890087444771238
2013-06-18,106.0199966430664,106.22000122070312,105.26000213623047,105.27999877929688,4524,0.01645223498465894,139.9788746149162,0.1591134343041187
2013-06-19,106.12000274658203,106.52999877929688,105.45999908447266,106.33999633789062,4520,0.0009428312549406356,140.11091330825693,0.1589827373337534
2013-06-20,102.1500015258789,104.44000244140625,101.75,104.22000122070312,9237,-0.03812821895012868,134.86929549379144,0.2092063335688795
2013-06-21,100.91000366210938,102.69999694824219,100.08000183105469,102.62999725341797,7294,-0.012213269433977223,133.2321184423742,0.21267152809189574
2013-06-24,101.16000366210938,101.62000274658203,99.72000122070312,100.79000091552734,8744,0.002474391235640326,133.56219502945,0.20898141860683525
2013-06-25,101.26000213623047,101.91000366210938,100.94000244140625,101.8499984741211,5444,0.000988029635327808,133.6942236496527,0.2090315205613187
2013-06-26,101.66000366210938,101.87000274658203,100.2699966430664,101.22000122070312,6116,0.003942460403614052,134.22234820360157,0.20944545812983945
2013-06-27,102.81999969482422,103.33999633789062,101.83000183105469,102.06999969482422,8070,0.01134593561743404,135.7538983296014,0.20604814786429798
2013-06-28,102.16000366210938,103.30000305175781,101.87999725341797,102.91000366210938,8321,-0.006439636088214066,134.8825013777531,0.19814578566648433
2013-07-01,103.0,103.69000244140625,102.5199966430664,102.72000122070312,7087,0.00818874065854965,135.99155387522146,0.20001024157520902
2013-07-02,104.0,104.11000061035156,102.9800033569336,102.9800033569336,5326,0.00966191091173689,137.31186022352458,0.1910224711440553
2013-07-03,105.76000213623047,106.0199966430664,104.80000305175781,104.80000305175781,6544,0.01678149716085408,139.63560221701673,0.1913015898844151
2013-07-05,107.72000122070312,107.8499984741211,106.18000030517578,106.3499984741211,7411,0.018362882973357655,142.22340145091425,0.19712470211069963
2013-07-08,107.43000030517578,107.66000366210938,106.80000305175781,107.08999633789062,4529,-0.0026958037564393245,141.8405114011298,0.1973336524898942
2013-07-09,107.80999755859375,108.16999816894531,106.8499984741211,107.18000030517578,5029,0.003530920386428436,142.34222418715527,0.19700572920068157
2013-07-10,108.51000213623047,108.62000274658203,107.87000274658203,108.13999938964844,4574,0.006471958413487995,143.26644467485028,0.19598917074273703
2013-07-11,107.7300033569336,108.54000091552734,107.30999755859375,108.19000244140625,4952,-0.007214226252340975,142.23660733487594,0.1967122403120046
2013-07-12,108.80999755859375,109.05999755859375,107.7699966430664,107.80000305175781,4515,0.009975091458866428,143.66253053545842,0.19423876568496573
2013-07-15,109.08999633789062,109.08999633789062,108.48999786376953,108.48999786376953,4334,0.0025699765144621394,144.0322147012812,0.19402543605878622
2013-07-16,109.4000015258789,109.4000015258789,109.1500015258789,109.1500015258789,18,0.0028377078955364047,144.44151651898903,0.19324591493545767
2013-07-17,109.36000061035156,109.36000061035156,109.36000061035156,109.36000061035156,3702,-0.00036570593876893376,144.38870305628032,0.19335675870034638
2013-07-19,108.06999969482422,109.16999816894531,107.04000091552734,108.95999908447266,6176,-0.011866035505613746,142.68550665819276,0.19204788661285413
2013-07-22,108.1500015258789,108.66000366210938,107.58000183105469,108.37000274658203,8730,0.0007400040167775577,142.79113358361013,0.1920487612465734
2013-07-23,108.41999816894531,108.5999984741211,107.79000091552734,108.0199966430664,9570,0.0024933904356792486,143.14761186547125,0.12934424778927453
2013-07-24,107.19000244140625,107.88999938964844,106.2699966430664,107.80000305175781,5810,-0.011409573463794991,141.5236406980157,0.12819078325036692
2013-07-25,107.6500015258789,107.8499984741211,106.66999816894531,106.66999816894531,4913,0.004282254504951519,142.13098040945857,0.128272556299998
2013-07-26,107.16999816894531,107.27999877929688,106.52999877929688,107.0999984741211,3172,-0.004468896345425914,141.49722893009235,0.1307000474480318
2013-07-29,107.44999694824219,107.87000274658203,106.83999633789062,107.5999984741211,5249,0.002609253047474094,141.86691309591515,0.13062208367117978
2013-07-30,106.91000366210938,107.37999725341797,106.55999755859375,107.23999786376953,7855,-0.005038201407323175,141.15395653219292,0.12918184284575138
2013-07-31,107.69999694824219,107.9000015258789,105.73999786376953,106.08999633789062,6517,0.007362162547074224,142.1969896829909,0.12683862183789021
2013-08-01,109.54000091552734,109.62999725341797,108.52999877929688,109.19999694824219,5495,0.01694023188688714,144.62635860190042,0.13512376540166246
2013-08-02,108.94999694824219,109.3499984741211,108.38999938964844,109.33999633789062,3957,-0.0054007543335009445,143.84737261836983,0.1357435161522334
2013-08-05,108.69999694824219,108.87999725341797,107.55999755859375,108.13999938964844,4489,-0.0022972673278869532,143.51729603129405,0.12566047797222898
2013-08-06,108.18000030517578,109.0199966430664,107.47000122070312,108.76000213623047,3859,-0.004795256787833544,142.83074116235716,0.11077825412437672
2013-08-07,107.44000244140625,107.93000030517578,107.08999633789062,107.69000244140625,4690,-0.006863934325860408,141.85371728509148,0.11306977410127614
2013-08-08,106.68000030517578,107.01000213623047,105.8499984741211,106.94999694824219,8136,-0.007098872763941618,140.85028163990248,0.11487402218652852
2013-08-09,108.22000122070312,108.26000213623047,106.62000274658203,107.37000274658203,5252,0.014332501319939583,142.88355462506587,0.12376950287461345
2013-08-12,108.97000122070312,109.12000274658203,107.55000305175781,108.0199966430664,6891,0.006906422696570711,143.8737843862932,0.12324705483836922
2013-08-13,109.81999969482422,110.04000091552734,109.0199966430664,109.58999633789062,5136,0.007770032880864932,144.99604276772325,0.12134321660456425
2013-08-14,110.19999694824219,110.31999969482422,109.05000305175781,109.05000305175781,5913,0.0034542099540575727,145.49775555374876,0.12157722166063772
2013-08-15,111.11000061035156,111.29000091552734,110.55999755859375,110.9800033569336,121,0.00822383806322466,146.69923916581084,0.12429350809977326
2013-08-16,111.16999816894531,111.16999816894531,111.16999816894531,111.16999816894531,8502,0.0005398376856243965,146.77845432330483,0.12423170772075609
2013-08-20,110.1500015258789,110.70999908447266,108.80000305175781,109.41000366210938,7184,-0.009217457673672392,145.4317462802164,0.12113436919699286
2013-08-21,109.80999755859375,110.27999877929688,109.55999755859375,109.68000030517578,6371,-0.0030915097244714235,144.98283688376156,0.12192581081210198
2013-08-22,109.9000015258789,110.02999877929688,109.41000366210938,109.94000244140625,4848,0.0008192979172072355,145.10166969314065,0.1217577346179564
2013-08-23,111.04000091552734,111.2300033569336,109.93000030517578,110.12999725341797,7755,0.010319629709693297,146.60681812435516,0.11785458733152071
2013-08-26,110.7300033569336,111.16000366210938,110.5,110.9000015258789,2251,-0.002795668977113291,146.19752637978536,0.11843472455616749
2013-08-27,114.36000061035156,114.41999816894531,111.86000061035156,111.94999694824219,11690,0.032256536764814096,150.990234797796,0.15758421019618238
2013-08-28,116.61000061035156,116.68000030517578,114.91999816894531,115.2699966430664,12397,0.019483665975150444,153.96092408147803,0.16746459525707053
2013-08-29,115.16000366210938,117.0199966430664,114.2300033569336,116.05000305175781,7936,-0.012512541222208377,152.04648390569372,0.17434881076452588
2013-08-30,114.01000213623047,115.38999938964844,113.66000366210938,115.11000061035156,0,-0.010036314961311833,150.52812959051752,0.1798724399311178
2013-09-03,115.68000030517578,115.91999816894531,114.55000305175781,115.06999969482422,12654,0.014541578465709472,152.73303877463061,0.17765993416849465
2013-09-04,114.91000366210938,115.5,114.41000366210938,115.16999816894531,7325,-0.006678515909645341,151.71640731861794,0.17843814116139514
2013-09-05,115.26000213623047,115.3499984741211,114.30999755859375,115.30000305175781,6811,0.003041219403621761,152.17851252589642,0.17757228872385217
2013-09-06,116.12000274658203,116.51000213623047,115.33999633789062,115.3499984741211,5463,0.0074336982668574275,153.31397679128816,0.17603639428811269
2013-09-09,113.72000122070312,115.2699966430664,113.12000274658203,115.19999694824219,11349,-0.020884865292305585,150.14523954073303,0.1922621913647898
2013-09-10,111.25,113.47000122070312,110.6500015258789,113.38999938964844,9149,-0.02195937647073643,146.88408124872225,0.20805334911444795
2013-09-11,111.5,112.05999755859375,111.12000274658203,111.83000183105469,5381,0.0022446698538239494,147.21415783579806,0.20318011570634148
2013-09-12,112.62999725341797,112.87000274658203,112.13999938964844,112.44999694824219,2554,0.010083494773548233,148.7061003830509,0.2045541338414571
2013-09-13,112.77999877929688,112.77999877929688,111.79000091552734,112.2699966430664,6998,0.0013309218815590284,148.90414834992396,0.2033086157550902
2013-09-18,110.5999984741211,111.02999877929688,107.87000274658203,108.2300033569336,7296,-0.01951893226341986,146.02588010769765,0.2154090439405927
2013-09-19,108.76000213623047,110.95999908447266,108.55000305175781,110.94999694824219,6103,-0.016776435885898635,143.59652126192614,0.22097249423309995
2013-09-20,109.22000122070312,109.66000366210938,108.70999908447266,109.20999908447266,5219,0.004220568494598431,144.20386097336905,0.22166621024973715
2013-09-23,108.16000366210938,109.26000213623047,107.77999877929688,109.2300033569336,5869,-0.009752561747647479,142.8043394675719,0.22192853688344352
2013-09-24,108.63999938964844,108.88999938964844,107.44999694824219,107.87999725341797,6581,0.004428012039361955,143.4380808738001,0.2225072759101694
2013-09-25,108.31999969482422,109.94000244140625,107.88999938964844,109.83000183105469,9360,-0.00294985184566425,143.0155832452686,0.22260659669904276
2013-09-26,109.20999908447266,109.23999786376953,108.4000015258789,108.86000061035156,5886,0.00818281947984379,144.19065508940733,0.22139482595026383
2013-09-27,108.62999725341797,109.6500015258789,108.13999938964844,108.66000366210938,6955,-0.005325038664621557,143.4248749898384,0.22185625626327538
2013-09-30,108.37000274658203,108.66000366210938,107.2300033569336,107.69999694824219,6565,-0.0023962638824428333,143.08160259193897,0.18618740902234712
2013-10-01,107.94000244140625,108.36000061035156,106.80999755859375,108.3499984741211,10793,-0.003975783470714755,142.5138704592431,0.16803880477004637
2013-10-02,109.19000244140625,109.47000122070312,107.69000244140625,107.94000244140625,9315,0.011513966576546625,144.16425339462197,0.17267282563385275
2013-10-03,109.0,109.83999633789062,108.62000274658203,109.43000030517578,7082,-0.0017416241560785832,143.91339196504023,0.1705096362092396
2013-10-04,109.45999908447266,109.73999786376953,108.72000122070312,109.29000091552734,6171,0.004211295122592679,144.52073167648308,0.161280914142148
2013-10-07,109.68000030517578,110.0999984741211,108.1500015258789,108.30999755859375,7563,0.0020078606847422284,144.81120068481187,0.1613417688537899
2013-10-08,110.16000366210938,110.79000091552734,110.01000213623047,110.58999633789062,4913,0.004366849627469364,145.44495216417806,0.16195045376950973
2013-10-09,109.05999755859375,110.04000091552734,108.2300033569336,110.01000213623047,4948,-0.010035720551932711,143.99260712253422,0.16021503393877906
2013-10-10,111.80000305175781,111.9800033569336,109.69999694824219,109.94999694824219,8794,0.024813420905564675,147.6102537695442,0.17354445467263907
2013-10-11,111.27999877929688,111.69999694824219,110.54000091552734,111.44000244140625,4319,-0.004662051372046739,146.92368882746925,0.15649139997940048
2013-10-14,111.04000091552734,111.19999694824219,109.87000274658203,110.41999816894531,3341,-0.002159031642015956,146.60681812435513,0.1564435863396285
2013-10-15,109.95999908447266,110.58000183105469,109.58999633789062,110.12000274658203,2247,-0.009773850032475858,145.18088485063464,0.15511938291555893
2013-10-16,110.86000061035156,110.86000061035156,109.75,109.80999755859375,38,0.008151494526223872,146.36916257873506,0.15825733667031136
2013-10-17,110.97000122070312,110.97000122070312,110.97000122070312,110.97000122070312,6658,0.0009917560155054477,146.51439708289945,0.14292491115185166
2013-10-21,109.63999938964844,110.12999725341797,109.2300033569336,109.66999816894531,5329,-0.012057639645055187,144.75838722210315,0.13667799833191596
2013-10-22,109.97000122070312,110.9000015258789,109.62000274658203,110.12999725341797,5789,0.003005346555455986,145.19409073459633,0.13631250512232257
2013-10-23,107.80000305175781,110.9000015258789,107.33000183105469,110.12999725341797,10576,-0.019929925638833515,142.32902837633168,0.1496958803110033
2013-10-24,106.98999786376953,108.2300033569336,106.87999725341797,107.69999694824219,7917,-0.007542334600459903,141.25957338447228,0.15081350948541472
2013-10-25,106.93000030517578,107.31999969482422,106.27999877929688,107.02999877929688,6723,-0.0005609345613357492,141.18035822697826,0.15059710298097176
2013-10-28,109.61000061035156,109.69000244140625,107.1500015258789,107.16999816894531,8120,0.02475419917348271,144.71877964335616,0.17218821456195338
2013-10-29,109.01000213623047,109.4000015258789,108.43000030517578,109.2699966430664,5454,-0.005488976059111279,143.9265978490019,0.17225510698590143
2013-10-30,109.86000061035156,110.12000274658203,108.66000366210938,108.66000366210938,7259,0.0077671927332820965,145.04885623043194,0.17393979855180114
2013-10-31,108.83999633789062,109.80000305175781,108.55999755859375,109.80000305175781,7077,-0.009327953201874262,143.70213811420544,0.17669957162515418
2013-11-01,105.91000366210938,109.38999938964844,105.79000091552734,109.18000030517578,9208,-0.02728916883518441,139.83365018388983,0.1960070598045406
2013-11-04,106.2300033569336,106.54000091552734,105.13999938964844,105.97000122070312,7029,0.003016874959401793,140.2561478124213,0.19661078741363877
2013-11-05,105.33000183105469,106.48999786376953,105.19999694824219,106.41000366210938,5619,-0.008508290160107948,139.06787008432087,0.19711542867900325
2013-11-06,105.23999786376953,106.36000061035156,104.87999725341797,105.87999725341797,8063,-0.0008548603589944995,138.94903727494182,0.1966617978693996
2013-11-07,103.45999908447266,105.12999725341797,103.23999786376953,104.94000244140625,10778,-0.017058380147162364,136.59889358666436,0.20190140197234033
2013-11-08,105.12000274658203,105.37999725341797,103.0,103.38999938964844,8183,0.015917525138089292,138.79060695995378,0.210327579622252
2013-11-11,106.4000015258789,106.48999786376953,105.30999755859375,105.6500015258789,4925,0.012103010384147572,140.48059747407967,0.19408071481303452
2013-11-12,105.80999755859375,107.3499984741211,105.52999877929688,106.19000244140625,7598,-0.00556058140593363,139.70161149054908,0.19424004637335401
2013-11-13,107.12000274658203,107.41000366210938,106.0199966430664,106.0199966430664,4449,0.012304717180574702,141.43121965656002,0.2008170915307519
2013-11-14,108.54000091552734,108.87000274658203,107.13999938964844,107.13999938964844,237,0.013169050047036904,143.30605225359733,0.20489672355368269
2013-11-15,108.55000305175781,108.55000305175781,108.55000305175781,108.55000305175781,4900,9.214736795582537e-05,143.319258137559,0.20243731548078644
2013-11-19,106.91999816894531,108.61000061035156,106.81999969482422,108.13999938964844,5874,-0.015130050292891504,141.16715234301657,0.2080613407601276
2013-11-20,108.05999755859375,108.37000274658203,106.54000091552734,107.31999969482422,5560,0.01060573167760442,142.6723007742311,0.20875311370297622
2013-11-21,110.08000183105469,110.2699966430664,107.69000244140625,107.8499984741211,8039,0.01852078499603004,145.3393252387607,0.21888793074833057
2013-11-22,111.05000305175781,111.37000274658203,109.6500015258789,109.98999786376953,8917,0.008773187002483173,146.62002400831682,0.2082023811940572
2013-11-25,111.0,111.66000366210938,108.08999633789062,109.9000015258789,9286,-0.00045037650903681796,146.55400466164645,0.20579371703960897
2013-11-26,110.87999725341797,111.4800033569336,110.44000244140625,110.80999755859375,6731,-0.001081690641502839,146.3955642735204,0.20587535733910323
2013-11-27,111.30999755859375,111.6500015258789,110.52999877929688,110.91999816894531,6312,0.003870568900907429,146.96329640621624,0.1884141356894726
2013-11-29,109.69000244140625,111.5,109.62000274658203,111.4000015258789,3145,-0.014660851891168702,144.82440656877353,0.19480100490526667
2013-12-02,111.44999694824219,112.31999969482422,109.31999969482422,109.75,7293,0.015917804769003275,147.14813848912763,0.20069664850860008
2013-12-03,112.62000274658203,112.91000366210938,111.05999755859375,111.44999694824219,6822,0.010443311764947614,148.6929045722272,0.19995384994819543
2013-12-04,111.87999725341797,112.94000244140625,111.47000122070312,112.94000244140625,10654,-0.006592500430118828,147.7158706218235,0.17332346504634322
2013-12-05,110.9800033569336,112.19999694824219,110.79000091552734,111.66000366210938,6867,-0.008076808638552093,146.52760296686114,0.17721308140820835
2013-12-06,111.61000061035156,112.05000305175781,111.04000091552734,111.2699966430664,3762,0.005660621990383683,147.35939233996243,0.17329707309292847
2013-12-09,109.38999938964844,111.69999694824219,109.0999984741211,111.66999816894531,4871,-0.02009118458412607,144.4283106350274,0.1903248088666367
2013-12-10,109.37999725341797,110.44999694824219,108.55999755859375,109.47000122070312,5592,-9.143974394033143e-05,144.4151047510657,0.17775545609480206
2013-12-11,109.69999694824219,109.86000061035156,108.62999725341797,109.43000030517578,6192,0.002921306653893977,144.83760237959723,0.17110971938325936
2013-12-12,108.66999816894531,109.91999816894531,108.44999694824219,109.76000213623047,5074,-0.009433589236980608,143.47768845254706,0.17140018432096804
2013-12-13,108.83000183105469,108.93000030517578,108.05000305175781,108.66999816894531,2888,0.0014712983077972118,143.68894230338182,0.1697289147347289
2013-12-16,110.47000122070312,110.69999694824219,109.3499984741211,109.3499984741211,29,0.01495695340139306,145.8542439087479,0.17211958632770538
2013-12-17,110.41000366210938,110.41000366210938,110.41000366210938,110.41000366210938,7394,-0.0005432593149495635,145.77502875125387,0.16684611490597095
2013-12-19,110.29000091552734,110.5199966430664,109.12000274658203,109.12999725341797,6496,-0.001087474000174618,145.61658836312782,0.16696037022317806
2013-12-20,111.7699966430664,111.8499984741211,109.87999725341797,109.95999908447266,6214,0.013329889744074118,147.57063611765912,0.16186772249781323
2013-12-23,111.55999755859375,112.0,111.27999877929688,112.0,3285,-0.0018806174881767295,147.29337299329202,0.15937257305209515
2013-12-24,111.9000015258789,112.05999755859375,111.44000244140625,111.58999633789062,2113,0.0030430880789292618,147.74228238974686,0.14711409278961252
2013-12-26,111.9800033569336,112.05999755859375,111.47000122070312,112.0199966430664,1241,0.0007146849447480761,147.84790931516426,0.14421787565443522
2013-12-27,112.18000030517578,112.80000305175781,111.55000305175781,111.91999816894531,5381,0.0017844129018812047,148.11196655556967,0.14426017566361699
2013-12-30,111.20999908447266,112.55000305175781,110.9000015258789,112.36000061035156,3396,-0.00868442920227125,146.83126778601354,0.14767644480489348
2013-12-31,110.80000305175781,111.44999694824219,110.41999816894531,111.20999908447266,2383,-0.0036934957422076822,146.28994742124104,0.14759438167643396
2014-01-02,107.77999877929688,111.31999969482422,107.69000244140625,110.80000305175781,5131,-0.027634700676650945,142.30261660840833,0.16889549589262412
2014-01-03,106.88999938964844,108.62000274658203,106.77999877929688,107.91999816894531,5641,-0.008291838603708645,141.12754476426957,0.1591774627146914
2014-01-06,106.7300033569336,107.94999694824219,106.58000183105469,107.04000091552734,7015,-0.0014979501973134022,140.91630098657285,0.15266749387619924
2014-01-07,107.3499984741211,107.70999908447266,106.91000366210938,107.18000030517578,4075,0.005792197732283455,141.73488447571248,0.15455993437897542
2014-01-08,107.1500015258789,107.91999816894531,107.01000213623047,107.44999694824219,5124,-0.0018647739505609784,141.47082723530707,0.1529561545495002
2014-01-09,106.38999938964844,108.16000366210938,106.12000274658203,107.51000213623047,3715,-0.007118154368824456,140.46739159011804,0.151636851245087
2014-01-10,107.25,107.45999908447266,106.05000305175781,106.69999694824219,4589,0.008050976016777843,141.60285585550974,0.14094954349266378
2014-01-13,106.75,107.7699966430664,106.5199966430664,107.63999938964844,3669,-0.00467290569939237,140.9427026813582,0.14149413416506512
2014-01-14,106.38999938964844,107.12999725341797,106.06999969482422,106.62999725341797,3983,-0.0033780703173853267,140.46739159011804,0.14088667454748668
2014-01-15,107.12999725341797,107.5199966430664,105.83000183105469,106.26000213623047,3169,0.006931442845275746,141.44441546738372,0.1406203785707716
2014-01-16,107.08999633789062,107.25,106.73999786376953,106.91999816894531,115,-0.00037345642039895223,141.39160200467504,0.14040988300759996
2014-01-17,107.05999755859375,107.05999755859375,107.05999755859375,107.05999755859375,7458,-0.0002801660550838325,141.351994425928,0.12830888461632953
2014-01-22,108.2699966430664,108.31999969482422,106.98999786376953,106.98999786376953,5573,0.01123867415645949,142.94956389859823,0.13568692811380137
2014-01-23,107.58000183105469,108.25,107.38999938964844,108.05000305175781,6494,-0.006393302452104133,142.03855936800295,0.13700199979698358
2014-01-24,107.87999725341797,108.0199966430664,106.25,107.68000030517578,7550,0.0027846989464283866,142.43464522861103,0.12746322353703257
2014-01-27,106.69000244140625,107.80000305175781,106.45999908447266,107.70999908447266,5447,-0.01109201672537777,140.8634875238642,0.13156767231869015
2014-01-28,107.41000366210938,107.77999877929688,106.8499984741211,106.91999816894531,5708,0.0067258656180856306,141.81410970634454,0.1339868677274319
2014-01-29,107.8499984741211,108.01000213623047,106.94999694824219,107.38999938964844,5192,0.004088036982373514,142.39503764986407,0.13533500989995145
2014-01-30,107.94999694824219,108.4000015258789,107.66000366210938,107.97000122070312,5144,0.0009267700037045327,142.52706627006674,0.1350820140792668
2014-01-31,106.4000015258789,107.93000030517578,106.30000305175781,107.87999725341797,6123,-0.014462537442200125,140.48059747407976,0.14016349442454526
2014-02-03,106.04000091552734,106.70999908447266,105.3499984741211,106.06999969482422,6629,-0.0033892011938939067,140.00528638283959,0.14012401263414534
2014-02-04,105.77999877929688,106.22000122070312,105.54000091552734,106.04000091552734,3583,-0.00245493595680156,139.6620039118021,0.10504628293084663
2014-02-05,106.25,106.43000030517578,105.58999633789062,105.9800033569336,4243,0.004433353706710671,140.28254950720665,0.10298021666291997
2014-02-06,107.19000244140625,107.44999694824219,106.2300033569336,106.30000305175781,4889,0.008808175675338299,141.52364069801578,0.10753953767132494
2014-02-07,109.56999969482422,109.72000122070312,106.83999633789062,107.31999969482422,6885,0.02196062815222443,144.6659661806475,0.13030090769932487
2014-02-10,108.62999725341797,109.68000030517578,108.5199966430664,109.6500015258789,5009,-0.008616024470255935,143.4248749898384,0.13419525476989183
2014-02-11,108.68000030517578,109.2300033569336,108.4800033569336,108.68000030517578,4010,0.0004602002043355572,143.4908943365088,0.13119987496247504
2014-02-12,108.79000091552734,109.48999786376953,108.55000305175781,108.83000183105469,3784,0.0010116394823695921,143.63612884067317,0.12868471058989575
2014-02-13,108.7300033569336,108.7300033569336,108.19000244140625,108.2300033569336,467,-0.0005516509648476059,143.55691368317915,0.12730968810118157
2014-02-14,108.7300033569336,108.7300033569336,108.7300033569336,108.7300033569336,5560,0.0,143.55691368317915,0.12642241744014626
2014-02-19,110.47000122070312,110.83000183105469,110.02999877929688,110.30999755859375,4749,0.015876226050580262,145.85424390874792,0.13517255066225203
2014-02-20,110.30000305175781,110.44999694824219,109.58999633789062,110.06999969482422,5272,-0.0015400480070191943,145.62979424708954,0.13543229747018354
2014-02-21,109.8499984741211,110.37999725341797,109.37000274658203,110.23999786376953,4938,-0.004088168987200621,145.0356503464703,0.1366666143229584
2014-02-24,110.63999938964844,110.76000213623047,109.52999877929688,109.9000015258789,4272,0.007165896899897486,146.07869357040633,0.13360043825426465
2014-02-25,109.51000213623047,110.5199966430664,109.44999694824219,110.5,5613,-0.010265793045108352,144.5867510231535,0.13694362728398596
2014-02-26,109.5199966430664,109.97000122070312,109.22000122070312,109.29000091552734,5701,9.126153402346418e-05,144.59994683397716,0.13678111239667537
2014-02-27,108.95999908447266,109.41999816894531,108.63999938964844,109.30000305175781,5476,-0.005126316330078285,143.86057850233158,0.1317596746454821
2014-02-28,109.06999969482422,109.36000061035156,108.4000015258789,108.83999633789062,5667,0.0010090411438851924,144.00581300649594,0.13010869324844718
2014-03-03,111.19999694824219,112.37999725341797,110.37000274658203,110.37000274658203,8433,0.019340479229945813,146.8180619020519,0.14494997870776666
2014-03-04,109.30000305175781,111.80000305175781,109.02999877929688,111.41999816894531,6049,-0.017233931269192388,144.30948789878641,0.1587788220237125
2014-03-05,107.76000213623047,109.2699966430664,107.54000091552734,109.16000366210938,6452,-0.01418987117735066,142.27621491362302,0.15845556195089613
2014-03-06,108.0999984741211,108.52999877929688,107.37999725341797,107.5999984741211,7905,0.003150158603650539,142.72511423693985,0.1579972900334243
2014-03-07,109.0,109.08000183105469,107.83000183105469,108.30000305175781,6678,0.00829117169941983,143.91339196504026,0.15948660757435784
2014-03-10,108.08000183105469,108.66999816894531,107.76000213623047,108.56999969482422,5500,-0.008476171635539702,142.6987125421545,0.1626595278361569
2014-03-11,108.55000305175781,108.66999816894531,107.87000274658203,107.87000274658203,4841,0.004339213844540953,143.31925813755907,0.16061569961758598
2014-03-12,108.0199966430664,108.55000305175781,107.63999938964844,108.31999969482422,5810,-0.004894560350363742,142.61948731152248,0.14140810279727486
2014-03-13,107.38999938964844,108.47000122070312,106.98999786376953,108.2300033569336,2507,-0.005849301901160595,141.78769793842122,0.13976655192067888
2014-03-14,108.56999969482422,108.6500015258789,107.30000305175781,107.5999984741211,403,0.010928061246273778,143.3456598323444,0.14531073779521622
2014-03-17,108.54000091552734,108.54000091552734,108.54000091552734,108.54000091552734,6790,-0.00027634636270510457,143.30605225359741,0.14526085922936777
2014-03-18,106.79000091552734,106.83000183105469,105.86000061035156,106.38999938964844,7074,-0.016254479313579193,140.99551614406693,0.15567467840948387
2014-03-19,105.8499984741211,106.80000305175781,105.72000122070312,106.58999633789062,8119,-0.00884131459121919,139.75442495325782,0.15805575701529478
2014-03-20,106.44999694824219,106.73999786376953,105.44999694824219,105.80000305175781,7396,0.005652379505635089,140.5466067476121,0.14770319103903276
2014-03-21,106.91999816894531,107.76000213623047,106.08000183105469,106.23999786376953,4245,0.004405511474227566,141.16715234301665,0.14924529764136318
2014-03-24,106.80999755859375,107.4800033569336,106.44999694824219,106.76000213623047,5090,-0.0010293419011184162,141.02191783885226,0.14894814546656054
2014-03-25,106.98999786376953,107.47000122070312,106.61000061035156,106.69999694824219,4372,0.0016838199397431427,141.25957338447233,0.14619032397104634
2014-03-26,107.02999877929688,107.31999969482422,106.48999786376953,107.16999816894531,4838,0.00037380540716329744,141.31238684718105,0.14284916583572158
2014-03-27,107.83000183105469,107.97000122070312,106.77999877929688,107.0,4863,0.007446772283878692,142.36863595507873,0.14585688747774467
2014-03-28,108.06999969482422,108.37000274658203,107.69999694824219,107.69999694824219,2793,0.002223232616282712,142.68550665819285,0.14529328052680118
2014-03-31,107.76000213623047,108.33000183105469,107.05000305175781,107.86000061035156,4548,-0.0028726105651295485,142.27621491362302,0.14544428060662976
2014-04-01,105.62000274658203,107.7699966430664,105.11000061035156,107.69000244140625,5824,-0.020058778642912074,139.4507601341054,0.14144947837186295
2014-04-02,104.79000091552734,105.77999877929688,103.97000122070312,105.43000030517578,6454,-0.007889417059529419,138.35490344746069,0.13257003243620383
2014-04-03,106.1500015258789,106.30999755859375,104.48999786376953,104.6500015258789,5408,0.01289484630037545,140.15052088700398,0.13439595115418287
2014-04-04,106.72000122070312,107.02999877929688,106.12000274658203,106.19000244140625,4765,0.005355391081678665,140.90309510261122,0.13540872874388213
2014-04-07,105.81999969482422,106.61000061035156,105.12999725341797,106.5,5167,-0.008469059013614446,139.7148173745108,0.13396321056107105
2014-04-08,107.66999816894531,107.83000183105469,105.77999877929688,106.0199966430664,6419,0.0173314422293804,142.15738210424396,0.14609239500993956
2014-04-09,107.9800033569336,108.12999725341797,107.1500015258789,107.66999816894531,5342,0.0028750790571639875,142.5666839219518,0.14560883880014988
2014-04-10,107.45999908447266,107.8499984741211,107.27999877929688,107.69000244140625,3604,-0.004827379097644236,141.88011897987687,0.14558202569410664
2014-04-11,107.33000183105469,107.87000274658203,106.98999786376953,107.30000305175781,3022,-0.0012104592274934291,141.70848278092717,0.1442134163863442
2014-04-14,109.06999969482422,109.12999725341797,107.29000091552734,107.5999984741211,4039,0.01608165758919228,144.00581300649594,0.15012965854801508
2014-04-15,108.73999786376953,108.93000030517578,108.41999816894531,108.66000366210938,502,-0.003030183070201212,143.5701094940028,0.150546601196035
2014-04-16,108.80000305175781,108.80000305175781,108.80000305175781,108.80000305175781,8875,0.000551670398617024,143.64933472463483,0.13832027094459934
2014-04-17,109.52999877929688,110.18000030517578,109.0999984741211,109.62999725341797,6094,0.006687110719648275,144.61315271793882,0.13497725413246556
2014-04-21,109.94999694824219,110.05000305175781,108.94000244140625,109.52999877929688,3084,0.0038272160541658797,145.167678966673,0.13443849375660988
2014-04-22,109.2699966430664,109.95999908447266,108.54000091552734,109.87999725341797,6487,-0.006203836383703987,144.26987024690138,0.13659585928907922
2014-04-23,109.11000061035156,109.52999877929688,108.61000061035156,109.36000061035156,6163,-0.0014652996002788704,144.05862646920465,0.13668720404212867
2014-04-24,110.33000183105469,110.62999725341797,109.0999984741211,109.22000122070312,6422,0.011119338107460016,145.66940182583653,0.14110592288800336
2014-04-25,109.58000183105469,110.62000274658203,109.23999786376953,110.4000015258789,6164,-0.0068209985483556395,144.6791720646092,0.14397811013554435
2014-04-28,108.12000274658203,110.16000366210938,107.87999725341797,109.83000183105469,7098,-0.013413146008686132,142.7515260048632,0.1504200142301131
2014-04-29,108.9800033569336,109.3499984741211,108.0999984741211,108.0999984741211,9236,0.007922663146823765,143.88699027025493,0.15269881092272503
2014-04-30,108.06999969482422,108.7300033569336,107.55000305175781,108.69999694824219,9600,-0.008385247466956786,142.68550665819285,0.1553580549602772
2014-05-01,107.76000213623047,108.06999969482422,106.8499984741211,107.9800033569336,10420,-0.0028726105651295485,142.27621491362302,0.13760076118895326
2014-05-02,108.58999633789062,108.93000030517578,107.68000030517578,107.68000030517578,11576,0.0076727365785491134,143.37206152712974,0.13554181776131125
2014-05-05,107.72000122070312,108.87999725341797,107.05000305175781,108.69000244140625,6335,-0.008044009229037793,142.22340145091437,0.13313062202121465
2014-05-06,107.05999755859375,108.19999694824219,106.9800033569336,107.55999755859375,8554,-0.006145877114443133,141.35199442592804,0.1340208344926168
2014-05-07,108.12999725341797,108.22000122070312,106.9800033569336,107.20999908447266,7544,0.00994477939556373,142.76472181568684,0.13427675027053385
2014-05-08,108.04000091552734,108.13999938964844,107.37999725341797,108.01000213623047,6115,-0.0008326441583239722,142.64589907944583,0.1205277694337008
2014-05-09,107.88999938964844,109.01000213623047,107.63999938964844,108.1500015258789,6891,-0.001389353492297906,142.44785111257275,0.12022377661399164
2014-05-12,108.41000366210938,108.7300033569336,108.08999633789062,108.30000305175781,7471,0.004808185547296867,143.13441605464766,0.12002233766975398
2014-05-13,109.23999786376953,109.3499984741211,108.04000091552734,108.51000213623047,7626,0.007626907596736788,144.23026266815435,0.12239133288038853
2014-05-14,110.19000244140625,110.33000183105469,109.33999633789062,109.44000244140625,4654,0.008658893605900438,145.48455974292514,0.1130919597864001
2014-05-15,110.44000244140625,110.58999633789062,109.80000305175781,110.1500015258789,81,0.00226623851211328,145.8146363300009,0.11250354028614151
2014-05-16,110.41999816894531,110.41999816894531,110.41999816894531,110.41999816894531,6131,-0.00018114889486871985,145.78822456207754,0.11254752225456005
2014-05-19,109.37000274658203,110.30000305175781,109.31999969482422,109.80000305175781,7101,-0.009554605813372967,144.40190894024207,0.11568729480722492
2014-05-20,109.69000244140625,110.0,109.0,109.20999908447266,10468,0.002921573220680809,144.82440656877358,0.11534495349332478
2014-05-21,110.55000305175781,110.7300033569336,109.70999908447266,109.75,7242,0.007809707228111573,145.9598708341653,0.11623249176853591
2014-05-22,110.36000061035156,111.02999877929688,110.20999908447266,110.45999908447266,6092,-0.0017201800290457267,145.70900940458353,0.11629163917143442
2014-05-23,110.54000091552734,110.69999694824219,110.2699966430664,110.37000274658203,5368,0.0016296998077981188,145.9466649502036,0.10988646915353983
2014-05-27,110.0199966430664,110.75,109.72000122070312,110.16000366210938,10773,-0.004715317752152971,145.2601000081287,0.10845042272621887
2014-05-28,109.80999755859375,110.36000061035156,109.44000244140625,110.19000244140625,8253,-0.001910559558664148,144.98283688376162,0.0969839768268216
2014-05-29,109.97000122070312,110.44999694824219,109.7699966430664,109.98999786376953,7680,0.0014560350465546382,145.19409073459636,0.09347184169473773
2014-05-30,109.41000366210938,110.0999984741211,109.20999908447266,110.01000213623047,8969,-0.005105285463041597,144.45472240295075,0.09020757385305171
2014-06-02,108.83000183105469,109.9000015258789,108.62999725341797,109.62000274658203,7678,-0.005315278427252269,143.68894230338182,0.09177119252595826
2014-06-03,108.81999969482422,108.9800033569336,108.37000274658203,108.93000030517578,5592,-9.191027950738823e-05,143.67573641942016,0.08795551989923463
2014-06-04,108.4000015258789,109.44999694824219,108.29000091552734,108.9000015258789,9443,-0.0038670351714509723,143.12121017068594,0.08419158531809841
2014-06-05,108.79000091552734,108.93000030517578,107.7699966430664,108.08999633789062,8994,0.0035913237666187897,143.63612884067314,0.08151313325830818
2014-06-06,108.61000061035156,109.29000091552734,108.47000122070312,108.8499984741211,7125,-0.0016559369369307856,143.39847329505307,0.07466742675271261
2014-06-09,109.98999786376953,110.16000366210938,108.5999984741211,108.5999984741211,11311,0.01262594323537513,145.2204924293817,0.08599358252812296
2014-06-10,109.5199966430664,110.30999755859375,109.11000061035156,109.95999908447266,9638,-0.0042822828181189035,144.59994683397713,0.08751405153285291
2014-06-11,109.94999694824219,110.25,109.5,109.5,6736,0.0039185389160371255,145.167678966673,0.08704263303573195
2014-06-12,113.0199966430664,113.22000122070312,110.13999938964844,110.16000366210938,6415,0.027539075254676144,149.22101905303805,0.12579504062871485
2014-06-13,113.41000366210938,114.4000015258789,112.94999694824219,114.4000015258789,315,0.003444838618547574,149.73594779616323,0.12339263861988341
2014-06-16,113.22000122070312,113.22000122070312,113.22000122070312,113.22000122070312,10542,-0.00167676372791914,149.48508636658147,0.12378778259210277
2014-06-17,113.44999694824219,113.80000305175781,112.13999938964844,112.9000015258789,10642,0.0020293449360609226,149.7887511857339,0.12371748107301919
2014-06-18,114.26000213623047,114.4800033569336,113.06999969482422,113.27999877929688,12588,0.007114387666273314,150.8582061775933,0.11868146652371786
2014-06-19,115.05999755859375,115.69000244140625,114.18000030517578,114.25,14027,0.006977138224058486,151.91444521235294,0.11986817413459361
2014-06-20,114.80999755859375,115.08000183105469,114.43000030517578,114.76000213623047,11644,-0.002175143375630364,151.5843686252772,0.11904771405709237
2014-06-23,114.12000274658203,115.6500015258789,113.87000274658203,115.19999694824219,11582,-0.006028016428178113,150.67336409468192,0.12156169009896604
2014-06-24,114.45999908447266,114.81999969482422,113.55999755859375,113.75,11656,0.00297485856950039,151.12226341799874,0.12165575035929839
2014-06-25,114.0,114.77999877929688,113.23999786376953,114.45999908447266,12861,-0.0040269605877944585,150.51492370655586,0.12122387340056279
2014-06-26,113.20999908447266,114.23999786376953,113.0199966430664,114.23999786376953,9100,-0.006953955391460447,149.4718804826198,0.12433159633511384
2014-06-27,113.30000305175781,113.70999908447266,112.9000015258789,113.12999725341797,6922,0.0007947019661222168,149.5907132919989,0.12435243328842299
2014-06-30,112.36000061035156,113.0999984741211,112.16000366210938,113.0999984741211,10245,-0.00833118730100715,148.3496221011898,0.126960261731942
2014-07-01,112.29000091552734,112.80000305175781,111.8499984741211,112.33000183105469,11049,-0.000623188930462601,148.2572010597341,0.1249192179720398
2014-07-02,111.23999786376953,112.36000061035156,110.91999816894531,112.06999969482422,14223,-0.00939480857572142,146.87087536476056,0.1304387856159399
2014-07-03,111.0,111.16000366210938,110.52999877929688,110.93000030517578,11415,-0.0021598088496319117,146.5540046616465,0.12976064117350167
2014-07-07,110.23999786376953,111.2699966430664,109.95999908447266,110.98999786376953,12446,-0.006870413424983556,145.55056901645747,0.13229495853263723
2014-07-08,108.94000244140625,110.2300033569336,108.69999694824219,110.2300033569336,12267,-0.011862493521263758,143.83417680754624,0.1390687723675276
2014-07-09,108.27999877929688,108.98999786376953,108.13999938964844,108.87000274658203,10415,-0.006076840893565235,142.96276978255992,0.13287214320022087
2014-07-10,108.66999816894531,108.87999725341797,107.7699966430664,108.0999984741211,13514,0.003595296752559037,143.4776884525471,0.1330327197441099
2014-07-11,106.66000366210938,108.56999969482422,106.26000213623047,108.56999969482422,11904,-0.018669510718203528,140.82387994511723,0.1462143874610497
2014-07-14,106.9800033569336,107.44999694824219,106.22000122070312,106.8499984741211,5303,0.002995692975303043,141.2463775736487,0.10334267959996413
2014-07-15,106.0199966430664,106.88999938964844,104.51000213623047,106.87999725341797,3894,-0.009014208585731048,139.97887461491624,0.10314907304645635
2014-07-16,105.8499984741211,106.44000244140625,105.55000305175781,106.43000030517578,276,-0.0016047407310581525,139.75442495325782,0.10316285126008955
2014-07-17,105.95999908447266,105.95999908447266,105.95999908447266,105.95999908447266,11847,0.001038672598167309,139.89965945742222,0.1025849412177309
2014-07-18,107.23999786376953,108.63999938964844,106.9800033569336,108.41000366210938,10183,0.012007637684110076,141.5896499715481,0.10995146758232248
2014-07-21,107.68000030517578,107.8499984741211,106.81999969482422,107.12999725341797,9604,0.004094575282848516,142.17058798820565,0.10706484613166878
2014-07-22,107.33000183105469,108.37000274658203,107.05999755859375,107.68000030517578,8368,-0.0032556511770382704,141.70848278092717,0.10700544729120116
2014-07-23,108.02999877929688,108.19999694824219,107.02999877929688,107.0999984741211,12856,0.006500737475747069,142.63269319548414,0.1115503859642662
2014-07-24,107.06999969482422,108.08999633789062,106.83000183105469,108.08999633789062,8726,-0.008926131709292321,141.3652003098897,0.11165891574986023
2014-07-25,108.38999938964844,108.44999694824219,106.73999786376953,107.13999938964844,12114,0.012253004876656353,143.1080042867243,0.12369300676258677
2014-07-28,107.56999969482422,108.08000183105469,107.0199966430664,108.06999969482422,10450,-0.007594032589672704,142.02535348404126,0.12400920635778492
2014-07-29,107.72000122070312,108.02999877929688,107.1500015258789,107.58000183105469,11704,0.0013934836686676814,142.22340145091434,0.12422276950504554
2014-07-30,106.51000213623047,107.8499984741211,105.86000061035156,107.48999786376953,15571,-0.011296381763891623,140.62583197824415,0.12641056428946074
2014-07-31,106.0199966430664,106.58000183105469,105.44000244140625,105.93000030517578,14434,-0.004611173615244089,139.9788746149162,0.12640105611338626
2014-08-01,104.83999633789062,106.11000061035156,104.4000015258789,105.70999908447266,14865,-0.011192380371703397,138.42091272099302,0.12774050217849925
2014-08-04,105.41000366210938,105.66000366210938,104.52999877929688,104.73999786376953,15245,0.005422199483926372,139.1734970097383,0.1308966538823368
2014-08-05,104.61000061035156,105.62000274658203,104.08000183105469,105.58000183105469,13297,-0.007618387818459103,138.1172479018406,0.1312393535001294
2014-08-06,104.58999633789062,105.44000244140625,104.54000091552734,104.7699966430664,11339,-0.000191245437989724,138.09083613391724,0.12690003427650975
2014-08-07,105.44000244140625,105.88999938964844,104.18000030517578,104.6500015258789,14652,0.008094184156433806,139.21310458848532,0.1305231287744018
2014-08-08,105.0199966430664,106.81999969482422,104.66999816894531,106.0,11237,-0.003991317663651599,138.65856826661312,0.1296057157894578
2014-08-11,104.68000030517578,105.41000366210938,104.5,104.88999938964844,6646,-0.003242695667739251,138.2096689432963,0.11414056981270856
2014-08-12,103.0199966430664,104.52999877929688,102.6500015258789,104.52999877929688,7832,-0.01598496902508835,136.01795557000688,0.12446518750546423
2014-08-13,104.27999877929688,104.33999633789062,102.38999938964844,102.91000366210938,6252,0.01215646580710937,137.68154438934744,0.13045728249697108
2014-08-14,102.01000213623047,104.12999725341797,102.0,103.73999786376953,301,-0.0220087087234768,134.68445341088008,0.14978288830940295
2014-08-15,101.94999694824219,101.94999694824219,101.94999694824219,101.94999694824219,12437,-0.0005884015492141528,134.60522818024805,0.14950567061025216
2014-08-18,101.5999984741211,102.98999786376953,101.11000061035156,102.94000244140625,9002,-0.003438946960707747,134.14312297296956,0.14080479051371375
2014-08-19,101.55999755859375,102.05999755859375,101.06999969482422,101.61000061035156,13304,-0.0003937873284641459,134.09030951026085,0.1389734688802449
2014-08-20,102.27999877929688,102.36000061035156,101.43000030517578,101.7300033569336,10201,0.007064405690646526,135.0409316927412,0.1430721099894726
2014-08-21,102.62999725341797,102.77999877929688,101.25,102.25,8468,0.003416122407571707,135.50303690001968,0.14106770489886833
2014-08-22,102.29000091552734,102.81999969482422,102.0,102.58000183105469,9353,-0.003318335476415103,135.05413757670289,0.13914427437002852
2014-08-25,102.6500015258789,102.80000305175781,101.9000015258789,102.51000213623047,5087,0.003513232910585163,135.52944866794306,0.13076742396977467
2014-08-26,102.5,103.37000274658203,102.37000274658203,102.70999908447266,8337,-0.001462359751349587,135.33140070106998,0.1295307929271316
2014-08-27,102.72000122070312,103.04000091552734,102.05999755859375,102.68000030517578,11601,0.0021440532469803103,135.62186970939877,0.1298261434029859
2014-08-28,102.45999908447266,103.20999908447266,102.26000213623047,102.63999938964844,9089,-0.002534382249848013,135.2785872383613,0.12562469478617916
2014-08-29,103.19000244140625,103.30999755859375,102.63999938964844,102.83000183105469,9570,0.007099503211357545,136.24241530480333,0.12888452816112872
2014-09-02,100.33999633789062,103.27999877929688,100.19000244140625,103.0999984741211,16273,-0.028007590227850276,132.47953415362898,0.1555666908228557
2014-09-03,102.7699966430664,103.12999725341797,100.47000122070312,100.5,11649,0.023929066413350318,135.6878789829311,0.1783651011627318
2014-09-04,101.83000183105469,102.94999694824219,101.69000244140625,102.33999633789062,10584,-0.00918867480739308,134.44679786526,0.17915739792722654
2014-09-05,100.81999969482422,102.41000366210938,100.36000061035156,101.87000274658203,12409,-0.009968028537511772,133.1132856329952,0.18159162768722462
2014-09-08,100.19999694824219,100.98999786376953,99.37000274658203,100.94999694824219,12077,-0.006168587433448694,132.2946920707176,0.17854716170535823
2014-09-09,99.16000366210938,100.5999984741211,99.04000091552734,100.12999725341797,10783,-0.01043341409579326,130.9215823328438,0.1806405138437186
2014-09-10,98.04000091552734,99.43000030517578,97.62000274658203,99.43000030517578,13104,-0.011359176100089942,129.44283559641462,0.18309983268394894
2014-09-11,98.08000183105469,98.45999908447266,96.73999786376953,97.94000244140625,12548,0.00040792285867667074,129.4956490591233,0.17730196771130524
2014-09-12,97.11000061035156,98.77999877929688,96.91000366210938,98.12999725341797,7632,-0.009939127965473282,128.21495028956718,0.17094683058538743
2014-09-15,96.6500015258789,97.12999725341797,95.98999786376953,96.8499984741211,567,-0.004748141449403323,127.60761057812434,0.15716351623279454
2014-09-16,96.62999725341797,96.62999725341797,96.62999725341797,96.62999725341797,16751,-0.0002069978544981846,127.58119881020097,0.1572296551831196
2014-09-17,98.97000122070312,99.54000091552734,98.5199966430664,98.95999908447266,14769,0.023927562655154062,130.67072090326207,0.18192483309380483
2014-09-18,97.69999694824219,99.13999938964844,97.44000244140625,98.58000183105469,15316,-0.012915258429941545,128.9939261999598,0.1863015595370381
2014-09-19,98.38999938964844,98.4800033569336,97.19000244140625,97.54000091552734,12442,0.007037638861553512,129.9049408036931,0.18628545292574927
2014-09-22,96.97000122070312,98.19999694824219,96.38999938964844,98.19999694824219,12582,-0.014537501769367423,128.03010820665583,0.19023490504459167
2014-09-23,96.8499984741211,97.56999969482422,96.55999755859375,96.87999725341797,13561,-0.001238290806985602,127.87166781852974,0.19028635824987328
2014-09-24,96.94999694824219,97.2699966430664,95.62000274658203,96.83999633789062,15460,0.0010319761130830254,128.00369643873245,0.1894739744122932
2014-09-25,97.0,97.55000305175781,96.23999786376953,96.87999725341797,14271,0.0005156282923688754,128.0697157854028,0.18976313381230503
2014-09-26,97.0,97.5,96.47000122070312,97.04000091552734,11382,0.0,128.0697157854028,0.18922861543242994
2014-09-29,97.19999694824219,97.33999633789062,96.27999877929688,97.0,14463,0.0020597015663247013,128.33377302580823,0.1899557708525418
2014-09-30,94.66999816894531,97.79000091552734,94.26000213623047,97.05000305175781,19337,-0.02637353927035385,124.9933995763034,0.2035265215146235
2014-10-01,94.16000366210938,96.22000122070312,93.81999969482422,94.55999755859375,19096,-0.00540163895492273,124.32005059132818,0.18422265624961073
2014-10-02,93.41999816894531,94.3499984741211,91.62000274658203,94.3499984741211,23807,-0.007890066370712075,123.3430166409245,0.15643814002058296
2014-10-03,92.30999755859375,93.95999908447266,91.4800033569336,93.58999633789062,19794,-0.011952983919565681,121.87747578845698,0.15776013016790633
2014-10-06,92.79000091552734,93.19000244140625,91.25,91.94999694824219,14363,0.0051864336775941065,122.5112272678232,0.160069895202081
2014-10-07,92.11000061035156,92.93000030517578,91.41000366210938,92.9000015258789,14586,-0.007355363605269982,121.61341854805157,0.16032952068650572
2014-10-08,91.37999725341797,91.81999969482422,90.58000183105469,91.81999969482422,17109,-0.007956915548061074,120.64959048160955,0.15930538428475904
2014-10-09,90.05000305175781,91.83000183105469,88.47000122070312,91.5199966430664,23039,-0.014661500566859267,118.89359069395131,0.16164953433497167
2014-10-10,90.20999908447266,90.45999908447266,88.05000305175781,89.01000213623047,21001,0.0017751700081449118,119.10483447164803,0.16219289606315723
2014-10-13,88.88999938964844,89.69000244140625,87.93000030517578,89.69000244140625,10067,-0.014740632132487658,117.36203049481344,0.16523881688513709
2014-10-14,85.04000091552734,88.69999694824219,84.54000091552734,88.11000061035156,16949,-0.044277898587678215,112.27885306847402,0.21584603214892042
2014-10-15,83.77999877929688,85.61000061035156,83.0,85.58000183105469,15846,-0.014927443850987869,110.61526424913343,0.2168086373977222
2014-10-16,84.47000122070312,84.80000305175781,82.69999694824219,82.81999969482422,233,0.008202155242178464,111.52627885286677,0.1944188844833945
2014-10-17,84.54000091552734,84.54000091552734,84.54000091552734,84.54000091552734,19641,0.0008283497774339582,111.61869989432248,0.19546101257319168
2014-10-20,85.4000015258789,86.68000030517578,84.41000366210938,86.22000122070312,20345,0.01012131269379793,112.7541641597142,0.198497767946744
2014-10-21,86.22000122070312,86.47000122070312,85.11000061035156,85.11000061035156,19391,0.00955606481503419,113.83681496239724,0.20404554001615272
2014-10-22,84.70999908447266,87.05000305175781,84.51000213623047,86.38999938964844,17458,-0.017668535841316717,111.84314955598087,0.2075332939951082
2014-10-23,86.83000183105469,87.16000366210938,84.12999725341797,84.4000015258789,24796,0.024718557524689336,114.64220264071318,0.23286371782632972
2014-10-24,86.12999725341797,86.68000030517578,85.36000061035156,86.6500015258789,19344,-0.008094454248079865,113.71798215301818,0.23208660510181592
2014-10-27,85.83000183105469,86.25,84.54000091552734,86.16999816894531,15291,-0.003489133848652589,113.32189629241007,0.2313280076959129
2014-10-28,86.02999877929688,86.3499984741211,85.08999633789062,85.4800033569336,13937,0.002327441380351189,113.58595353281547,0.2314448343792893
2014-10-29,87.12000274658203,87.91999816894531,86.20999908447266,86.30000305175781,14546,0.012590451707144287,115.02509269049766,0.22714941668143196
2014-10-30,86.23999786376953,87.12000274658203,85.73999786376953,87.0,12493,-0.010152427761202981,113.86321665718258,0.22812402705944726
2014-10-31,85.86000061035156,86.22000122070312,84.58999633789062,86.04000091552734,11967,-0.004416012484827227,113.36150387115708,0.2277299666204046
2014-11-03,84.77999877929688,86.38999938964844,84.06999969482422,85.86000061035156,14973,-0.012658418379086949,111.93557059743657,0.22805254048493015
2014-11-04,82.81999969482422,84.38999938964844,82.0999984741211,84.29000091552734,18879,-0.023390077093397674,109.34777136353904,0.23484991371955014
2014-11-05,82.94999694824219,84.45999908447266,81.6500015258789,82.76000213623047,28238,0.0015684054135101588,109.51940756248875,0.2359517950032682
2014-11-06,82.86000061035156,83.22000122070312,82.02999877929688,83.02999877929688,17660,-0.0010855358308098611,109.40058482624772,0.23606297008438254
2014-11-07,83.38999938964844,83.8499984741211,82.20999908447266,82.58999633789062,14848,0.006375946764338572,110.10034557914628,0.23608206497850542
2014-11-10,82.33999633789062,84.94999694824219,82.0,83.72000122070312,17349,-0.012671418913354649,108.7140198841728,0.23719379555404385
2014-11-11,81.66999816894531,82.30999755859375,80.47000122070312,81.9800033569336,20813,-0.008170256916276306,107.82941704836281,0.23464440305410547
2014-11-12,80.37999725341797,81.6500015258789,79.81999969482422,81.22000122070312,8560,-0.015921360098934977,106.12622065027524,0.18960327452234021
2014-11-13,77.91999816894531,79.91000366210938,77.91999816894531,79.91000366210938,467,-0.031082719015968818,102.87826824222613,0.2099188618938508
2014-11-14,77.73999786376953,77.73999786376953,77.73999786376953,77.73999786376953,15018,-0.00231273789020819,102.64061269660603,0.20568026841575898
2014-11-17,79.30999755859375,79.44000244140625,77.94999694824219,79.20999908447266,12896,0.019994295367236275,104.71349326051642,0.22140910403064867
2014-11-18,78.47000122070312,79.93000030517578,78.19000244140625,78.94999694824219,15851,-0.010647791616460522,103.60444076304805,0.21750714771243948
2014-11-19,78.0999984741211,79.44000244140625,77.7300033569336,77.8499984741211,21619,-0.004726364387546999,103.1159237878462,0.21181916565948483
2014-11-20,79.33000183105469,79.9000015258789,77.58000183105469,78.20999908447266,16540,0.015626353087264375,104.7399050284398,0.2174797101880509
2014-11-21,80.36000061035156,81.55999755859375,79.12000274658203,80.0999984741211,19896,0.012900157146547365,106.09981895548992,0.2016957068712071
2014-11-24,79.68000030517578,80.79000091552734,79.41000366210938,80.41999816894531,11108,-0.00849793043558958,105.20201023571829,0.20181159710580165
2014-11-25,78.33000183105469,80.44000244140625,78.01000213623047,79.47000122070312,16700,-0.017087922351052304,103.41959868013666,0.20705678747640444
2014-11-26,77.75,78.86000061035156,77.33000183105469,78.11000061035156,13570,-0.007432143695964289,102.65381858056774,0.20584512941906893
2014-11-28,70.1500015258789,77.38999938964844,69.83000183105469,77.02999877929688,20894,-0.10286272275921436,92.61949234809163,0.3894537753119212
2014-12-01,72.54000091552734,73.01000213623047,67.58999633789062,70.19000244140625,25064,0.033502318175627134,95.77502371468503,0.417999760874895
2014-12-02,70.54000091552734,73.01000213623047,70.41000366210938,72.66000366210938,16953,-0.027958208689010878,93.1344110180788,0.42321062526040526
2014-12-03,69.91999816894531,71.44999694824219,69.4800033569336,71.12000274658203,22352,-0.008828232627318829,92.31581745580117,0.4230423277999163
2014-12-04,69.63999938964844,70.61000061035156,68.83000183105469,70.25,17516,-0.004012599023820288,91.94613328997838,0.42015475482566755
2014-12-05,69.06999969482422,69.87999725341797,68.11000061035156,69.38999938964844,19073,-0.008218627453079736,91.19355907437112,0.41863702663796026
2014-12-08,66.19000244140625,68.44000244140625,65.94000244140625,68.38999938964844,14787,-0.0425910476668756,87.39108041758782,0.43352553747402545
2014-12-09,66.83999633789062,67.0199966430664,65.3499984741211,66.05000305175781,14593,0.009772217922351875,88.24927148547444,0.4353664620976205
2014-12-10,64.23999786376953,66.30999755859375,63.56999969482422,66.30999755859375,17189,-0.03967561255339602,84.81647699451392,0.446932642374544
2014-12-11,63.68000030517578,65.0999984741211,63.13999938964844,64.7699966430664,17122,-0.008755490056145915,84.07710866286834,0.4468770112221309
2014-12-12,61.849998474121094,63.54999923706055,61.36000061035156,63.150001525878906,16645,-0.029158472160601304,81.6609456279205,0.45073313505900425
2014-12-15,61.060001373291016,63.22999954223633,60.349998474121094,60.72999954223633,13288,-0.012855064370282646,80.61790744055348,0.4456476501679875
2014-12-16,59.86000061035156,60.959999084472656,58.59000015258789,60.75,732,-0.019848497176706576,79.03353881527593,0.44517756329175184
2014-12-17,59.79999923706055,59.79999923706055,59.79999923706055,59.79999923706055,27234,-0.0010028644224691545,78.9543186212129,0.4316348749972982
2014-12-18,59.27000045776367,63.630001068115234,59.16999816894531,60.95000076293945,23123,-0.008902364675292259,78.25455786831434,0.4318197383205361
2014-12-19,61.380001068115234,62.63999938964844,59.11000061035156,59.880001068115234,15698,0.034980783070163064,81.04040506908497,0.4626334376012577
2014-12-22,60.11000061035156,62.939998626708984,59.869998931884766,61.880001068115234,20497,-0.020907839388290744,79.36361540235171,0.45287803444074776
2014-12-23,61.689998626708984,62.11000061035156,59.88999938964844,60.29999923706055,13242,0.025945593755405002,81.44969681365475,0.4644618078406829
2014-12-24,60.2400016784668,61.68000030517578,59.400001525878906,61.68000030517578,6504,-0.023785209605753768,79.53525663787045,0.46578178208312615
2014-12-26,59.45000076293945,60.95000076293945,59.2400016784668,60.61000061035156,2778,-0.013200975384545502,78.49221341393442,0.46557998193816547
2014-12-29,57.880001068115234,60.40999984741211,57.380001068115234,59.849998474121094,11672,-0.026763715752843403,76.41933285002403,0.46740986702977333
2014-12-30,57.900001525878906,58.369998931884766,56.75,57.90999984741211,8111,0.0003454907154001625,76.44573958137838,0.33958268024767413
2014-12-31,57.33000183105469,57.77000045776367,55.81999969482422,57.29999923706055,8412,-0.009893332073495444,75.69316536577114,0.30213131880436594
2015-01-02,56.41999816894531,58.220001220703125,55.52000045776367,57.630001068115234,16707,-0.016000405739298503,74.49168175370903,0.2965652997452359
2015-01-05,53.11000061035156,56.290000915527344,52.66999816894531,56.290000915527344,30065,-0.06045842719332634,70.12147096422987,0.3429096570534674
2015-01-06,51.099998474121094,53.52000045776367,50.529998779296875,53.22999954223633,35494,-0.03858077857750887,67.46765238366194,0.35215770832440946
2015-01-07,51.150001525878906,51.84000015258789,49.68000030517578,51.060001373291016,37082,0.0009780548800754378,67.53367173033233,0.35572676377812806
2015-01-08,50.959999084472656,51.88999938964844,49.81999969482422,51.0,29469,-0.003721528930789184,67.28281030075055,0.3419983779661162
2015-01-09,50.11000061035156,51.560001373291016,48.900001525878906,51.25,48123,-0.01682039214643258,66.16055191932051,0.3324993354979724
2015-01-12,47.43000030517578,49.88999938964844,47.16999816894531,49.88999938964844,29297,-0.05496565482814224,62.62213050294262,0.3512305230611403
2015-01-13,46.59000015258789,47.27000045776367,45.22999954223633,47.27000045776367,33516,-0.017869017219899228,61.513072968905234,0.35078855974072654
2015-01-14,48.689998626708984,49.06999969482422,45.63999938964844,46.849998474121094,17863,0.044087712885997,64.28571428571419,0.4013449936029889
2015-01-15,47.66999816894531,50.33000183105469,46.93000030517578,48.25,2088,-0.021171411184138476,62.93900120605672,0.40275835985048736
2015-01-16,47.689998626708984,47.689998626708984,47.689998626708984,47.689998626708984,29134,0.00041947270824256653,62.96540793741106,0.4037660544307039
2015-01-20,47.9900016784668,50.31999969482422,47.79999923706055,50.20000076293945,33926,0.0062709873315708155,63.36150387115721,0.4067702155920928
2015-01-21,49.029998779296875,49.59000015258789,48.20000076293945,48.2599983215332,28618,0.021439639920577708,64.73461864560002,0.4215607943560411
2015-01-22,48.52000045776367,50.439998626708984,47.52000045776367,48.77000045776367,33790,-0.010456237255690979,64.0612646240558,0.38999055028784974
2015-01-23,48.790000915527344,50.099998474121094,48.58000183105469,49.18000030517578,29460,0.005549299082012005,64.41774794248592,0.392450073384907
2015-01-26,48.15999984741211,49.27000045776367,47.599998474121094,48.709999084472656,25814,-0.012996594760184747,63.58595353281562,0.37013926267553676
2015-01-27,49.599998474121094,49.97999954223633,47.689998626708984,48.279998779296875,25318,0.029462005134981352,65.48719286120726,0.39361266192760813
2015-01-28,48.470001220703125,49.709999084472656,48.31999969482422,48.939998626708984,29379,-0.023045727925194628,63.99525031395443,0.3963243800951505
2015-01-29,49.130001068115234,49.27000045776367,48.400001525878906,48.61000061035156,26641,0.013524792879148598,64.86665230237175,0.39906191541685826
2015-01-30,52.9900016784668,53.060001373291016,48.79999923706055,49.119998931884766,35139,0.07563338025868385,69.96303561267283,0.49267930698743667
2015-02-02,54.75,55.70000076293945,51.40999984741211,52.65999984741211,43658,0.03267412051677869,72.28677256959597,0.508321429207282
2015-02-03,57.90999984741211,58.9900016784668,54.849998474121094,55.04999923706055,55610,0.056112709906173966,76.45894042877109,0.5437850984463912
2015-02-04,54.15999984741211,58.04999923706055,53.5,57.0,42937,-0.06694745281611852,71.50779162263436,0.5534409342995441
2015-02-05,56.56999969482422,57.849998474121094,52.95000076293945,54.849998474121094,48325,0.04353617817374114,74.68972972058214,0.5526744164450816
2015-02-06,57.79999923706055,59.029998779296875,56.790000915527344,57.349998474121094,38508,0.02150995851828043,76.3137059246067,0.5554351401312858
2015-02-09,58.34000015258789,59.560001373291016,57.349998474121094,58.560001373291016,35734,0.009299204576381713,77.02667256146695,0.5544472754236645
2015-02-10,56.43000030517578,58.540000915527344,56.099998474121094,58.0099983215332,23490,-0.03328702966597872,74.50488763767073,0.5659662852860308
2015-02-11,54.65999984741211,56.959999084472656,53.95000076293945,56.880001068115234,25029,-0.03186875968075054,72.16794479678592,0.5398471822190097
2015-02-12,57.04999923706055,57.38999938964844,55.0,55.09000015258789,961,0.04279588522657316,75.32347616337935,0.5458498178395932
2015-02-13,57.38999938964844,57.38999938964844,57.38999938964844,57.38999938964844,36448,0.005941998550203085,75.77238052326517,0.5313230873569162
2015-02-17,62.529998779296875,63.029998779296875,60.279998779296875,61.779998779296875,40754,0.08577636057221094,82.55875434769217,0.5842954805022271
2015-02-18,60.529998779296875,62.38999938964844,59.2599983215332,62.20000076293945,24334,-0.032507332320642214,79.91814165108593,0.6039740386509422
2015-02-19,60.209999084472656,60.970001220703125,57.79999923706055,59.2599983215332,39699,-0.005300653465897855,79.49564402255446,0.6065257428942626
2015-02-20,60.220001220703125,61.130001068115234,59.88999938964844,60.099998474121094,33712,0.00016610705352689117,79.50884990651613,0.6063015472657517
2015-02-23,58.900001525878906,60.63999938964844,58.380001068115234,60.099998474121094,42658,-0.022163426760509655,77.76604592968154,0.6125512913021923
2015-02-24,58.65999984741211,60.310001373291016,58.119998931884766,59.09000015258789,37567,-0.004083055615724521,77.44917018999843,0.6141875223158164
2015-02-25,61.630001068115234,62.130001068115234,58.40999984741211,58.70000076293945,34789,0.049390721357164775,81.37048165616079,0.6242653040779754
2015-02-26,60.04999923706055,62.630001068115234,59.650001525878906,62.470001220703125,31062,-0.025971246484321704,79.28439520828873,0.6339009766010922
2015-02-27,62.58000183105469,62.810001373291016,60.70000076293945,60.79999923706055,30548,0.041268231679236045,82.62477369436255,0.6319495384803873
2015-03-02,59.540000915527344,62.400001525878906,59.36000061035156,62.25,36182,-0.049797396535851524,78.61104118674449,0.6673151278323327
2015-03-03,61.02000045776367,61.810001373291016,59.869998931884766,60.0,35924,0.024553315826079364,80.56509397784484,0.6253340899036716
2015-03-04,60.54999923706055,60.90999984741211,59.4900016784668,60.709999084472656,29920,-0.007732229391441411,79.94454838244027,0.6198437155896676
2015-03-05,60.47999954223633,61.54999923706055,60.08000183105469,60.47999954223633,29245,-0.0011567330965113133,79.85212734098458,0.591187192866172
2015-03-06,59.72999954223633,61.20000076293945,59.18000030517578,61.029998779296875,22107,-0.012478325222101147,78.86189757975724,0.5388628279776091
2015-03-09,58.529998779296875,60.029998779296875,58.400001525878906,59.72999954223633,21968,-0.020294976633228008,77.27752895447968,0.5260555969314522
2015-03-10,56.38999938964844,58.72999954223633,56.130001068115234,58.400001525878906,24701,-0.037247595451769276,74.45207417496205,0.5373228889385019
2015-03-11,57.540000915527344,57.91999816894531,55.93000030517578,56.209999084472656,23434,0.020188547039212378,75.97042849013825,0.5413070740537763
2015-03-12,57.08000183105469,58.790000915527344,56.52000045776367,57.939998626708984,16466,-0.008026549347169013,75.36308877869537,0.5290554472970873
2015-03-13,54.66999816894531,57.2599983215332,54.439998626708984,57.2599983215332,11914,-0.04313874527333205,72.18114564417859,0.5391006858848335
2015-03-16,53.439998626708984,54.619998931884766,52.58000183105469,54.27000045776367,510,-0.02275557588346774,70.55716944015403,0.521069552766791
2015-03-17,53.43000030517578,53.43000030517578,53.43000030517578,53.43000030517578,25633,-0.00018711184920557742,70.54396859276136,0.5201593279473602
2015-03-18,55.90999984741211,56.849998474121094,52.70000076293945,53.33000183105469,23370,0.04537086062801051,73.81832773216482,0.44648764259865326
2015-03-19,54.43000030517578,56.540000915527344,53.91999816894531,56.0,19163,-0.026827774256518427,71.86427494106448,0.44254758921410126
2015-03-20,55.31999969482422,55.68000030517578,53.56999969482422,54.63999938964844,17597,0.016219023227137558,73.03934678520321,0.44863580049372
2015-03-23,55.91999816894531,56.189998626708984,54.15999984741211,55.34000015258789,20185,0.01078756390136848,73.83152857955747,0.4513889021588958
2015-03-24,55.11000061035156,56.790000915527344,54.869998931884766,55.959999084472656,16166,-0.014590866211076945,72.76208366083611,0.44820067366837046
2015-03-25,56.47999954223633,57.15999984741211,54.72999954223633,55.22999954223633,25158,0.024555386109811003,74.57090194777207,0.4583282243780121
2015-03-26,59.189998626708984,59.7400016784668,56.380001068115234,56.380001068115234,32679,0.04686600042112521,78.14893094289698,0.4548451711269365
2015-03-27,56.40999984741211,59.0099983215332,55.95000076293945,59.0,23801,-0.04810614045432556,74.47848090631638,0.47558103123234036
2015-03-30,56.290000915527344,56.650001525878906,55.189998626708984,56.08000183105469,21505,-0.002129529306494393,74.32004555475933,0.44764868237724237
2015-03-31,55.11000061035156,56.369998931884766,54.709999084472656,56.369998931884766,21606,-0.0211857167701161,72.76208366083613,0.4218355222356684
2015-04-01,57.099998474121094,57.689998626708984,54.689998626708984,55.11000061035156,27858,0.03547289096874644,75.3894904734807,0.4326032765285413
2015-04-02,54.95000076293945,57.2400016784668,54.0,56.70000076293945,28427,-0.038380395205162406,72.55083484657038,0.44938538043512244
2015-04-06,58.119998931884766,58.25,54.790000915527344,54.88999938964844,14071,0.05608612559044639,76.73620355313817,0.49625171050523903
2015-04-07,59.099998474121094,59.27000045776367,57.040000915527344,57.70000076293945,23259,0.016721078269133164,78.03010317008695,0.4987081552946298
2015-04-08,55.54999923706055,58.709999084472656,55.470001220703125,58.220001220703125,24755,-0.06194739624210283,73.34301664092467,0.5387962120971707
2015-04-09,56.56999969482422,58.040000915527344,56.0099983215332,56.06999969482422,20538,0.018195301609051445,74.68972972058214,0.5278485689785257
2015-04-10,57.869998931884766,58.130001068115234,56.290000915527344,56.7400016784668,16883,0.0227202931681911,76.40612696606239,0.5291307736702452
2015-04-13,57.93000030517578,59.529998779296875,57.459999084472656,57.95000076293945,14746,0.0010362932479443094,76.48534716012543,0.5282704525784842
2015-04-14,58.43000030517578,59.13999938964844,57.79999923706055,58.2400016784668,15993,0.008594071412733308,77.14550033427699,0.5040127922071483
2015-04-15,60.31999969482422,60.31999969482422,58.84000015258789,58.84000015258789,823,0.03183425685114506,79.64087852671885,0.5041113570498896
2015-04-16,60.400001525878906,60.400001525878906,60.400001525878906,60.400001525878906,26829,0.0013254115632442087,79.74650545213622,0.5039134584432059
2015-04-17,63.45000076293945,64.48999786376953,62.93000030517578,63.93000030517578,18872,0.04926307598099424,83.77343880714693,0.5079252035700857
2015-04-20,63.45000076293945,64.33999633789062,62.099998474121094,63.900001525878906,18561,0.0,83.77343880714693,0.4943832915966568
2015-04-21,62.08000183105469,63.470001220703125,61.65999984741211,63.36000061035156,16815,-0.021828300814614263,81.96462052021099,0.5032258033274106
2015-04-22,62.72999954223633,63.310001373291016,61.40999984741211,61.91999816894531,19144,0.010415889441242504,82.8228166246666,0.5031781479234485
2015-04-23,64.8499984741211,65.58999633789062,62.209999084472656,62.81999969482422,32671,0.03323709242180648,85.62186467282989,0.5064158584213994
2015-04-24,65.27999877929688,65.7699966430664,64.5,64.87000274658203,20163,0.00660880472326105,86.18959680552575,0.5027142186375944
2015-04-27,64.83000183105469,65.56999969482422,64.41000366210938,65.48999786376953,17993,-0.006917204525510264,85.59546297804455,0.48296923494022775
2015-04-28,64.63999938964844,65.4800033569336,63.90999984741211,64.58999633789062,18757,-0.00293508266032485,85.34460154846279,0.44502932672820045
2015-04-29,65.83999633789062,66.70999908447266,64.16000366210938,64.48999786376953,23625,0.01839409597694765,86.92896513717133,0.4457020183479186
2015-04-30,66.77999877929688,66.94000244140625,65.44000244140625,65.54000091552734,26652,0.014176115488568905,88.17005632798043,0.43373601879867735
2015-05-01,66.45999908447266,66.87999725341797,65.52999877929688,66.6500015258789,19131,-0.0048033670852029595,87.74755869944894,0.4252911727536077
2015-05-04,66.44999694824219,67.08999633789062,65.95999908447266,66.43000030517578,15798,-0.00015050991720569893,87.73435281548727,0.3930288579683747
2015-05-05,67.5199966430664,68.38999938964844,66.23999786376953,66.41000366210938,33003,0.01597406133645417,89.14708020524608,0.3552928608600009
2015-05-06,67.7699966430664,69.5999984741211,67.37000274658203,67.66999816894531,34300,0.0036957690437256553,89.47715679232186,0.3537282042247109
2015-05-07,65.54000091552734,68.45999908447266,65.18000030517578,67.30000305175781,23841,-0.03345891237415322,86.53287927656321,0.2927634262396403
2015-05-08,65.38999938964844,66.0999984741211,64.25,65.6500015258789,37090,-0.002291325000489812,86.33483130969013,0.29226513542524063
2015-05-11,64.91000366210938,65.69000244140625,64.29000091552734,65.30999755859375,20593,-0.00736758077552719,85.70108990346193,0.29032181255216777
2015-05-12,66.86000061035156,67.2699966430664,64.68000030517578,64.69999694824219,24717,0.029599138657115054,88.2756832533978,0.3014760138530944
2015-05-13,66.80999755859375,68.1500015258789,66.38999938964844,67.19999694824219,13803,-0.0007481567258944725,88.20966390672744,0.30252121503338064
2015-05-14,66.58999633789062,67.20999908447266,66.05000305175781,66.2300033569336,447,-0.003298372267213172,87.91919489839867,0.28947676980348525
2015-05-15,66.56999969482422,66.56999969482422,66.56999969482422,66.56999969482422,14466,-0.00030034009931642364,87.89279320361335,0.28977084449591994
2015-05-18,66.2699966430664,67.88999938964844,65.93000030517578,66.87000274658203,14256,-0.004516765583597661,87.4966972698672,0.24122102833530212
2015-05-19,64.0199966430664,66.2699966430664,63.959999084472656,66.23999786376953,23142,-0.03454177333871628,84.52600798618516,0.2725943041113236
2015-05-20,65.02999877929688,65.16999816894531,64.18000030517578,64.48999786376953,15742,0.015653201003661563,85.85952021844999,0.26485126498692274
2015-05-21,66.54000091552734,66.86000061035156,64.9800033569336,64.98999786376953,22573,0.02295460123970697,87.85318562486634,0.27317661331227916
2015-05-22,65.37000274658203,66.58999633789062,65.08999633789062,66.56999969482422,15935,-0.01773980470880511,86.30842961490481,0.25830052388909813
2015-05-26,63.720001220703125,66.22000122070312,63.279998779296875,65.58000183105469,19097,-0.025564975441430736,84.12992212557705,0.27219672121550365
2015-05-27,62.060001373291016,64.66000366210938,61.970001220703125,63.880001068115234,21550,-0.026396823050472723,81.93821378885663,0.2854377242108166
2015-05-28,62.58000183105469,62.95000076293945,61.27000045776367,62.380001068115234,21318,0.008344086351484158,82.62477369436253,0.287677088413928
2015-05-29,65.55999755859375,65.83000183105469,62.689998626708984,63.09000015258789,24899,0.04651994913620417,86.55928097134854,0.3261613059441737
2015-06-01,64.87999725341797,65.73999786376953,64.25,65.4000015258789,20587,-0.010426349162467942,85.6614722515769,0.3236198607094285
2015-06-02,65.48999786376953,65.8499984741211,64.58000183105469,64.80999755859375,23176,0.009358059136881322,86.46685992989285,0.3254423284575737
2015-06-03,63.79999923706055,65.38999938964844,63.459999084472656,65.38999938964844,23281,-0.026144248218330498,84.23554401442541,0.33713613731650277
2015-06-04,62.029998779296875,64.08000183105469,61.79999923706055,63.81999969482422,20041,-0.028135059086657397,81.89860117354061,0.3421959621295018
2015-06-05,63.310001373291016,63.41999816894531,60.939998626708984,62.099998474121094,24912,0.020425196941780754,83.58859672423553,0.35173446005662945
2015-06-08,62.689998626708984,63.31999969482422,62.470001220703125,62.900001525878906,18851,-0.00984139286775382,82.7700031619579,0.3353005690697401
2015-06-09,64.87999725341797,65.19999694824219,62.79999923706055,62.880001068115234,23651,0.03433744409407961,85.6614722515769,0.3582815076406764
2015-06-10,65.69999694824219,66.3499984741211,64.91999816894531,65.13999938964844,27640,0.012559511566778403,86.74412305425993,0.3600252997931881
2015-06-11,65.11000061035156,66.04000091552734,64.51000213623047,65.56999969482422,12496,-0.009020722417742396,85.96514714386736,0.34535529428659567
2015-06-12,63.869998931884766,64.91999816894531,63.709999084472656,64.91000366210938,11735,-0.01922840577270276,84.32796505588111,0.35089707433273654
2015-06-15,62.61000061035156,63.720001220703125,62.279998779296875,63.439998626708984,837,-0.019924731344541292,82.66438127310953,0.35627246553580244
2015-06-16,62.630001068115234,62.630001068115234,62.630001068115234,62.630001068115234,22148,0.00031939408600518754,82.69078800446387,0.3563366675131775
2015-06-17,63.869998931884766,65.45999908447266,62.58000183105469,63.66999816894531,30479,0.019605337258535964,84.3279650558811,0.364662458879208
2015-06-18,64.26000213623047,64.94999694824219,63.45000076293945,63.790000915527344,18570,0.0060876360810329985,84.84288876243728,0.34528275111651363
2015-06-19,63.02000045776367,64.54000091552734,62.349998474121094,64.06999969482422,19112,-0.01948524333834842,83.20570667445104,0.3468915522072338
2015-06-22,63.34000015258789,63.72999954223633,62.099998474121094,62.810001373291016,22360,0.005064899926610043,83.62820430298252,0.33638048710064056
2015-06-23,64.44999694824219,64.94999694824219,62.7599983215332,63.33000183105469,25137,0.01737263851489199,85.09374011888102,0.33812177364533563
2015-06-24,63.4900016784668,65.05999755859375,63.02000045776367,64.68000030517578,25722,-0.015007242415345234,83.8262522698556,0.33021479079963467
2015-06-25,63.20000076293945,63.93000030517578,62.72999954223633,63.560001373291016,19341,-0.004578126394430991,83.44336222007112,0.31675756660569193
2015-06-26,63.2599983215332,63.619998931884766,62.47999954223633,63.279998779296875,19797,0.0009488781200343605,83.52257737756513,0.3155917652789715
2015-06-29,62.0099983215332,62.959999084472656,61.36000061035156,62.650001525878906,28570,-0.01995755605056603,81.87219444218623,0.2748811512636721
2015-06-30,63.59000015258789,63.81999969482422,61.720001220703125,61.97999954223633,28326,0.025160592384767567,83.95828089005829,0.28945450490626595
2015-07-01,62.0099983215332,63.349998474121094,61.84000015258789,63.06999969482422,34865,-0.02516059238476746,81.87219444218623,0.2985132685276759
2015-07-02,62.06999969482422,63.189998626708984,61.7599983215332,62.08000183105469,28960,0.0009671402148153975,81.95141463624925,0.28608558760683495
2015-07-06,56.540000915527344,60.34000015258789,56.38999938964844,60.34000015258789,44988,-0.09331440705091816,74.65012214183508,0.42057977783410205
2015-07-07,56.849998474121094,57.83000183105469,55.099998474121094,57.02000045776367,48111,0.005467824898102316,75.05941388640487,0.41256505782559105
2015-07-08,57.04999923706055,57.75,55.880001068115234,57.47999954223633,43120,0.003511869578806049,75.32347616337928,0.41323431577109876
2015-07-09,58.61000061035156,59.25,56.939998626708984,57.25,45873,0.02697727796720356,77.383155879897,0.4052298613940432
2015-07-10,58.72999954223633,59.68000030517578,57.869998931884766,58.27000045776367,27423,0.0020453208379362354,77.54159123145405,0.40115802556580615
2015-07-13,57.849998474121094,58.83000183105469,56.849998474121094,58.2599983215332,31544,-0.015097234476839402,76.37972023470797,0.4024107498405679
2015-07-14,58.5099983215332,58.7400016784668,56.43000030517578,57.63999938964844,25176,0.011344223850094688,77.25112222312528,0.40332843071585917
2015-07-15,57.04999923706055,58.7599983215332,56.939998626708984,58.70000076293945,9759,-0.02526958817839523,75.32347616337928,0.4063718953483509
2015-07-16,57.5099983215332,58.34000015258789,57.189998626708984,57.380001068115234,935,0.008030753605098435,75.93081587482214,0.40838012235455784
2015-07-17,57.52000045776367,57.720001220703125,57.720001220703125,57.720001220703125,18931,0.00017390483111921415,75.94402175878383,0.3996453914885028
2015-07-20,56.650001525878906,57.43000030517578,56.34000015258789,57.09000015258789,20026,-0.015240706961918527,74.79535664599943,0.39902774473003155
2015-07-21,57.040000915527344,57.43000030517578,56.34000015258789,56.5099983215332,24714,0.006860777747448053,75.3102753159866,0.3982471723903796
2015-07-22,56.130001068115234,56.88999938964844,55.939998626708984,56.84000015258789,25241,-0.016082344173241066,74.10879674049353,0.3984195063939546
2015-07-23,55.27000045776367,56.52000045776367,55.09000015258789,55.95000076293945,28668,-0.015440173855930162,72.9733324751018,0.39055697883976476
2015-07-24,54.619998931884766,55.59000015258789,54.29999923706055,55.470001220703125,23004,-0.011830177637316914,72.11513133407716,0.38992331470471425
2015-07-27,53.470001220703125,54.86000061035156,52.81999969482422,54.45000076293945,27516,-0.021279324699849396,70.59678205546999,0.39280817972943943
2015-07-28,53.29999923706055,54.06999969482422,52.29999923706055,53.0,38323,-0.0031844549325847865,70.37232735724255,0.3918867360863013
2015-07-29,53.380001068115234,54.31999969482422,52.52000045776367,53.0099983215332,46631,0.00149984712829228,70.47795428265994,0.39079392702524846
2015-07-30,53.310001373291016,54.36000061035156,53.029998779296875,53.560001373291016,33368,-0.0013122073908839764,70.38553324120423,0.3736093759869945
2015-07-31,52.209999084472656,53.63999938964844,51.63999938964844,53.5,30224,-0.020849926708163977,68.93319323612938,0.37146455405645734
2015-08-03,49.52000045776367,51.970001220703125,49.369998931884766,51.959999084472656,40476,-0.05289739226662553,65.38157097235884,0.4004631698575542
2015-08-04,49.9900016784668,50.45000076293945,49.65999984741211,49.72999954223633,25495,0.009446381381172986,66.0021165677634,0.27073682388842163
2015-08-05,49.59000015258789,51.029998779296875,49.029998779296875,50.150001525878906,43403,-0.00803381542349798,65.47399201381454,0.26763913435326037
2015-08-06,49.52000045776367,49.81999969482422,48.880001068115234,49.65999984741211,37183,-0.0014125659576749903,65.38157097235884,0.2658543320659768
2015-08-07,48.61000061035156,50.04999923706055,48.43000030517578,49.63999938964844,36781,-0.018547354006901974,64.18009239686576,0.2384672870964216
2015-08-10,50.40999984741211,50.4900016784668,48.08000183105469,48.220001220703125,25425,0.036360281454147936,66.55664281649759,0.28367044073498693
2015-08-11,49.18000030517578,51.099998474121094,48.619998931884766,50.22999954223633,29670,-0.02470252207427385,64.93266661247303,0.28891108503614504
2015-08-12,49.65999984741211,50.02000045776367,48.7599983215332,49.20000076293945,21347,0.00971273401404006,65.56641305527023,0.28760611258122576
2015-08-13,49.220001220703125,50.349998474121094,48.86000061035156,49.849998474121094,18543,-0.00889970724350173,64.98548007518171,0.2805891427859955
2015-08-14,49.029998779296875,49.619998931884766,48.72999954223633,49.04999923706055,392,-0.0038677389977908815,64.73461864559995,0.27552375311530103
2015-08-17,49.029998779296875,49.029998779296875,49.029998779296875,49.029998779296875,17487,0.0,64.73461864559995,0.2754626080118833
2015-08-18,48.810001373291016,49.029998779296875,48.2400016784668,48.5099983215332,16384,-0.004497092731576357,64.4441546738402,0.27422145736655135
2015-08-19,47.15999984741211,49.099998474121094,46.790000915527344,48.709999084472656,25829,-0.0343891656008657,62.26564718451245,0.2847998992574746
2015-08-20,46.619998931884766,47.369998931884766,46.040000915527344,47.04999923706055,21904,-0.011516461737117758,61.552680547652194,0.2838183670813556
2015-08-21,45.459999084472656,46.5,45.08000183105469,46.119998931884766,29553,-0.02519681241130407,60.02112538508333,0.2886484479615632
2015-08-24,42.689998626708984,45.45000076293945,42.220001220703125,45.349998474121094,38819,-0.06286812968425769,56.3638761958954,0.3432559267945826
2015-08-25,43.209999084472656,44.4900016784668,42.66999816894531,42.790000915527344,37063,0.012107260155029305,57.05043610140132,0.3509566588036732
2015-08-26,43.13999938964844,43.7599983215332,42.81999969482422,43.439998626708984,37502,-0.0016213019431320105,56.95801505994561,0.35138880308667314
2015-08-27,47.560001373291016,47.72999954223633,43.709999084472656,43.709999084472656,41974,0.09754147388464537,62.79377173846131,0.512021228981454
2015-08-28,50.04999923706055,50.97999954223633,46.619998931884766,47.4900016784668,46963,0.0510303898201871,66.08133172525743,0.5482362937692875
2015-08-31,54.150001525878906,54.290000915527344,48.2400016784668,49.86000061035156,42864,0.07873551110805767,71.49459077524163,0.6121984438482514
2015-09-01,49.560001373291016,53.459999084472656,48.47999954223633,52.779998779296875,47532,-0.08857391715513507,65.43438443506754,0.6627065494609019
2015-09-02,50.5,51.0099983215332,47.72999954223633,48.5,49127,0.018789251810707563,66.67547058930764,0.665163474630434
2015-09-03,50.68000030517578,52.45000076293945,49.83000183105469,50.400001525878906,38231,0.0035580251932456402,66.91312613492771,0.6645050121232909
2015-09-04,49.61000061035156,51.040000915527344,49.2599983215332,50.88999938964844,23953,-0.021338922858607782,65.5003987451689,0.6689998727360856
2015-09-08,49.52000045776367,49.849998474121094,47.619998931884766,49.220001220703125,34271,-0.0018158009955954646,65.38157097235886,0.6656301484932873
2015-09-09,47.58000183105469,50.029998779296875,47.439998626708984,49.380001068115234,22039,-0.03996409426184069,62.820178469815644,0.6668828435757114
2015-09-10,48.88999938964844,48.970001220703125,46.81999969482422,47.52000045776367,23873,0.027160320747858197,64.54977656268856,0.6695675867769904
2015-09-11,48.13999938964844,48.959999084472656,47.18000030517578,48.65999984741211,14408,-0.015459444430126316,63.55954680146123,0.6705107036990537
2015-09-14,46.369998931884766,48.31999969482422,46.290000915527344,48.150001525878906,13286,-0.037460744307496456,61.22260396057643,0.6816989263546226
2015-09-15,46.630001068115234,46.880001068115234,46.15999984741211,46.25,313,0.0055914583576592534,61.56588643161388,0.6823065609643196
2015-09-16,46.61000061035156,46.61000061035156,46.61000061035156,46.61000061035156,29740,-0.0004290102468980667,61.539479700259534,0.6822892452849423
2015-09-17,49.08000183105469,50.13999938964844,48.33000183105469,49.939998626708984,25780,0.05163653367075032,64.80063799227034,0.7073744231773582
2015-09-18,47.470001220703125,49.79999923706055,47.16999816894531,49.209999084472656,20464,-0.03335369887178202,62.674943965651266,0.7067441147201969
2015-09-21,48.91999816894531,48.97999954223633,47.54999923706055,47.59000015258789,18265,0.030088315110917706,64.58938414143557,0.7126410751506672
2015-09-22,49.08000183105469,49.209999084472656,47.70000076293945,48.52000045776367,17143,0.0032653837608642385,64.80063799227032,0.7055929005445644
2015-09-23,47.75,50.2599983215332,47.66999816894531,49.04999923706055,22344,-0.027472590223523444,63.044628131474056,0.6734721809050913
2015-09-24,48.16999816894531,48.470001220703125,47.400001525878906,47.959999084472656,21355,0.008757315703043762,63.59915438020823,0.6731475740484172
2015-09-25,48.599998474121094,49.18000030517578,47.849998474121094,48.130001068115234,18510,0.008887116879979137,64.16688651290409,0.6727950419480091
2015-09-28,47.34000015258789,48.38999938964844,47.2599983215332,48.34000015258789,17889,-0.02626789220069051,62.503302730132525,0.5915867887268476
2015-09-29,48.22999954223633,48.63999938964844,47.209999084472656,47.209999084472656,15186,0.01862561728054454,63.67837457427126,0.5663250273267795
2015-09-30,48.369998931884766,49.0,47.810001373291016,47.93000030517578,23384,0.0028985401630913844,63.863216657182655,0.48569259248294977
2015-10-01,47.689998626708984,49.84000015258789,47.63999938964844,48.380001068115234,23765,-0.014158061238780101,62.96540793741101,0.3825297233836491
2015-10-02,48.130001068115234,48.4900016784668,46.939998626708984,48.060001373291016,21721,0.009184001993386762,63.54634595406855,0.3774186120183464
2015-10-05,49.25,49.86000061035156,47.88999938964844,48.25,19936,0.02300366211078365,65.02508765392872,0.38710152200490455
2015-10-06,51.91999816894531,52.2599983215332,48.86000061035156,49.27000045776367,27925,0.05279466951088911,68.55030318634493,0.42246730358497314
2015-10-07,51.33000183105469,53.13999938964844,51.220001220703125,51.4900016784668,28754,-0.011428624884563095,67.77132727595234,0.42491453087442704
2015-10-08,53.04999923706055,53.560001373291016,51.290000915527344,51.810001373291016,28101,0.03295943843405134,70.04225077016677,0.4096145523407736
2015-10-09,52.650001525878906,54.04999923706055,52.22999954223633,53.27000045776367,32991,-0.007568583116935752,69.51413125278694,0.40376047869234827
2015-10-12,49.86000061035156,53.29999923706055,49.779998779296875,52.61000061035156,30617,-0.05444717722482106,65.83047533224466,0.44712222868814744
2015-10-13,49.2400016784668,50.689998626708984,48.900001525878906,50.29999923706055,18780,-0.012512754933001033,65.01188680653605,0.4275335823895911
2015-10-14,49.150001525878906,49.5,48.72999954223633,49.16999816894531,8412,-0.0018294577651934367,64.89305903372602,0.4277089495174065
2015-10-15,48.709999084472656,49.36000061035156,48.25,49.290000915527344,342,-0.008992548615543045,64.31212101706846,0.42947456700972747
2015-10-16,48.72999954223633,48.72999954223633,48.72999954223633,48.72999954223633,21575,0.00041051843855563887,64.33852774842282,0.38985801751328525
2015-10-19,48.61000061035156,50.63999938964844,48.58000183105469,50.560001373291016,18932,-0.00246556384808226,64.18009239686575,0.3711355324931284
2015-10-20,48.709999084472656,49.189998626708984,48.220001220703125,48.9900016784668,25631,0.002055045409526479,64.31212101706846,0.3559701292150233
2015-10-21,47.849998474121094,48.65999984741211,47.529998779296875,48.4900016784668,20633,-0.01781324301281477,63.17665675167673,0.3608366790909319
2015-10-22,48.08000183105469,48.72999954223633,47.63999938964844,48.02000045776367,18472,0.004795242300285103,63.48033164396718,0.3483405183053116
2015-10-23,47.9900016784668,48.63999938964844,47.439998626708984,48.2599983215332,22871,-0.0018736374649532478,63.36150387115714,0.3470433681972215
2015-10-26,47.540000915527344,48.310001373291016,47.29999923706055,47.90999984741211,15230,-0.009421209655408096,62.76736500710693,0.34681254415829244
2015-10-27,46.810001373291016,47.540000915527344,46.40999984741211,47.52000045776367,19347,-0.015474596540555082,61.803541977233934,0.33884785480616736
2015-10-28,49.04999923706055,49.22999954223633,46.61000061035156,46.88999938964844,32294,0.046743285807515564,64.76102537695428,0.3713252698810865
2015-10-29,48.79999923706055,49.400001525878906,48.16999816894531,49.130001068115234,23743,-0.005109873231954646,64.43094878987849,0.3717917806040746
2015-10-30,49.560001373291016,50.0,48.29999923706055,48.540000915527344,22329,0.015453787245510484,65.4343844350675,0.37131113886070766
2015-11-02,48.790000915527344,49.68000030517578,48.599998474121094,49.459999084472656,19352,-0.015658691878209566,64.41774794248583,0.3750666224465619
2015-11-03,50.540000915527344,50.91999816894531,48.47999954223633,48.88999938964844,31478,0.035239727482556715,66.72828405201628,0.3864774221893937
2015-11-04,48.58000183105469,50.86000061035156,48.5,50.38999938964844,35211,-0.03955315880939489,64.14048481811872,0.36291266193661115
2015-11-05,47.97999954223633,49.0,47.939998626708984,48.939998626708984,26058,-0.012427713394728977,63.348297987195444,0.36321563760678993
2015-11-06,47.41999816894531,48.56999969482422,47.2599983215332,48.09000015258789,24275,-0.011740205847124435,62.60892461898086,0.339345791433233
2015-11-09,47.189998626708984,48.400001525878906,47.02000045776367,47.4900016784668,19896,-0.004862065386723995,62.30525476325941,0.3392515809935745
2015-11-10,47.439998626708984,47.849998474121094,46.95000076293945,47.38999938964844,24475,0.005283749104532424,62.6353313503352,0.28947817069575016
2015-11-11,45.810001373291016,47.7400016784668,45.630001068115234,47.119998931884766,23241,-0.03496328786488907,60.4832356289308,0.30916771341251836
2015-11-12,44.060001373291016,46.18000030517578,44.02000045776367,45.86000061035156,13932,-0.03895006533377154,58.17269951940034,0.3325883232296324
2015-11-13,43.61000061035156,44.84000015258789,43.599998474121094,44.040000915527344,687,-0.010265876692499294,57.57856065535013,0.3328001707872282
2015-11-16,43.58000183105469,43.58000183105469,43.58000183105469,43.58000183105469,35040,-0.0006881243179405616,57.53895307660313,0.33258572327533986
2015-11-17,43.56999969482422,45.099998474121094,43.5,44.720001220703125,29198,-0.0002295384073266904,57.525747192641454,0.332917466105452
2015-11-18,44.13999938964844,44.72999954223633,43.349998474121094,43.970001220703125,28751,0.012997553875874068,58.2783214082487,0.33804571982073245
2015-11-19,44.18000030517578,44.7599983215332,43.70000076293945,44.279998779296875,23334,0.0009058178985652169,58.33113487095739,0.3350968138526594
2015-11-20,44.65999984741211,45.5,44.060001373291016,44.29999923706055,29144,0.010806038095828968,58.9648813137546,0.33767641549731586
2015-11-23,44.83000183105469,45.720001220703125,43.58000183105469,44.349998474121094,38534,0.003799356016397482,59.18933601198203,0.33859418317689627
2015-11-24,46.119998931884766,46.5,44.939998626708984,45.15999984741211,32819,0.028369073229625105,60.892527373500606,0.35482422756773235
2015-11-25,46.16999816894531,46.47999954223633,45.02000045776367,45.9900016784668,29899,0.0010835246185482831,60.95854168360195,0.35119201736181543
2015-11-27,44.86000061035156,46.290000915527344,44.79999923706055,46.27000045776367,23430,-0.028783654162166765,59.228943590729045,0.3187074536823178
2015-11-30,44.61000061035156,45.7400016784668,44.45000076293945,44.849998474121094,29255,-0.005588479875640823,58.898867003653265,0.3187279962320593
2015-12-01,44.439998626708984,45.16999816894531,44.02000045776367,44.61000061035156,35190,-0.0038181289528274667,58.67441230542585,0.3105851733718814
2015-12-02,42.4900016784668,44.619998931884766,42.439998626708984,44.34000015258789,43813,-0.044871140239940134,56.09981895548998,0.3382428470651927
2015-12-03,43.84000015258789,44.689998626708984,42.630001068115234,42.77000045776367,40848,0.031277852490972806,57.88223051107158,0.33229650410942
2015-12-04,43.0,44.81999969482422,42.68000030517578,44.119998931884766,43809,-0.01934653042676089,56.7731729770342,0.3140516213960393
2015-12-07,40.72999954223633,43.220001220703125,40.599998474121094,43.220001220703125,39060,-0.05423520527222165,53.77607696199783,0.355773535849393
2015-12-08,40.2599983215332,41.45000076293945,39.81999969482422,40.88999938964844,43430,-0.011606531900376653,53.15553136659328,0.35575518748870794
2015-12-09,40.11000061035156,41.56999969482422,39.59000015258789,40.540000915527344,54288,-0.0037326835220602163,52.957488436289225,0.35589397209310825
2015-12-10,39.72999954223633,40.66999816894531,39.45000076293945,40.43000030517578,36499,-0.009519136694260676,52.45577061369472,0.3527484241053446
2015-12-11,37.93000030517578,39.7400016784668,37.36000061035156,39.619998931884766,31092,-0.04636419455807285,50.0792201940629,0.36552674951275466
2015-12-14,37.91999816894531,38.40999984741211,36.380001068115234,37.810001373291016,12552,-0.0002637346470575501,50.066014310101224,0.34980003953035077
2015-12-15,38.45000076293945,39.400001525878906,37.56999969482422,37.84000015258789,8075,0.013880086694518581,50.765780099568815,0.3570129485076913
2015-12-16,37.189998626708984,38.20000076293945,37.11000061035156,38.150001525878906,1118,-0.033318844783404904,49.10219128022823,0.3686059087922107
2015-12-17,37.18000030517578,37.18000030517578,37.18000030517578,37.18000030517578,24297,-0.00026888050926547114,49.08899043283557,0.36859608857081566
2015-12-18,36.880001068115234,37.720001220703125,36.40999984741211,36.849998474121094,30194,-0.008101562851058454,48.692899535658434,0.360941615660381
2015-12-21,36.349998474121094,36.810001373291016,36.040000915527344,36.619998931884766,22041,-0.014475265648186391,47.99313374619085,0.35979155624193554
2015-12-22,36.11000061035156,36.720001220703125,35.9900016784668,36.31999969482422,22874,-0.006624309810186457,47.67626304307676,0.3525179978448772
2015-12-23,37.36000061035156,37.88999938964844,36.29999923706055,36.41999816894531,28728,0.034030777505745326,49.32664597845565,0.38189002623957174
2015-12-24,37.88999938964844,38.099998474121094,36.93000030517578,37.72999954223633,12069,0.014086579224321235,50.02640673135422,0.3673598507096796
2015-12-28,36.619998931884766,37.970001220703125,36.41999816894531,37.81999969482422,11717,-0.03409269884316978,48.34961706462097,0.3748921395387844
2015-12-29,37.790000915527344,37.970001220703125,36.54999923706055,36.54999923706055,19524,0.03145003150928007,49.89437811115151,0.39640994416769776
2015-12-30,36.459999084472656,37.540000915527344,36.36000061035156,37.40999984741211,18092,-0.03582879744804916,48.138368250355235,0.4076147325355946
2015-12-31,37.279998779296875,37.95000076293945,36.11000061035156,36.66999816894531,17689,0.022241212933149956,49.221019053038276,0.42201921811891796
2016-01-04,37.220001220703125,38.9900016784668,36.779998779296875,37.400001525878906,41288,-0.0016106730621358732,49.14180389554425,0.4009502442339172
2016-01-05,36.41999816894531,37.56999969482422,36.25,37.31999969482422,29327,-0.02172825998768685,48.085554787646544,0.37983458674911497
2016-01-06,34.22999954223633,36.720001220703125,34.13999938964844,36.720001220703125,43019,-0.062015584854462576,45.19408569802756,0.4212246059094731
2016-01-07,33.75,34.72999954223633,32.18000030517578,34.52000045776367,44381,-0.014122021850383183,44.56033925523034,0.39101773538509726
2016-01-08,33.54999923706055,34.72999954223633,32.790000915527344,33.79999923706055,39985,-0.005943576641219501,44.29627697825592,0.39102535497804464
2016-01-11,31.549999237060547,33.380001068115234,31.200000762939453,33.15999984741211,38666,-0.06146327587201357,41.65566428164967,0.4309227263384062
2016-01-12,30.860000610351562,32.380001068115234,30.360000610351562,30.8799991607666,20138,-0.02211269809221071,40.74465471448537,0.4324243376911379
2016-01-13,30.309999465942383,31.989999771118164,29.959999084472656,31.690000534057617,9674,-0.01798319326323218,40.01848471194794,0.4148508874089543
2016-01-14,31.030000686645508,31.200000762939453,30.020000457763672,30.5,663,0.0234768271388663,40.96910689442828,0.43022767379118526
2016-01-15,31.010000228881836,31.010000228881836,31.010000228881836,31.010000228881836,37163,-0.0006447600954673647,40.942700163073944,0.42314528492066855
2016-01-19,28.760000228881836,30.31999969482422,27.670000076293945,28.799999237060547,60326,-0.07532419968207654,37.972010879391924,0.4739774693773257
2016-01-20,27.8799991607666,28.969999313354492,27.110000610351562,28.940000534057617,39000,-0.031075985020490842,36.81013988264585,0.47618210448717946
2016-01-21,29.25,29.829999923706055,27.299999237060547,27.950000762939453,55017,0.04797001788717126,38.61896068786631,0.5219187082967817
2016-01-22,32.18000030517578,32.290000915527344,29.299999237060547,29.68000030517578,63281,0.0954655773697707,42.48745869131998,0.6386853330727429
2016-01-25,30.5,32.79999923706055,30.0,32.18000030517578,41320,-0.05361846743427018,40.26934362324521,0.6598437634738906
2016-01-26,31.799999237060547,32.720001220703125,29.280000686645508,30.0,50983,0.041739582180958114,41.985740868725465,0.6665430802132725
2016-01-27,33.099998474121094,33.5,30.84000015258789,31.030000686645508,51381,0.0400669704896314,43.70213811420572,0.6831000022634199
2016-01-28,33.88999938964844,35.83000183105469,32.58000183105469,32.90999984741211,59667,0.023586731325220774,44.74518133814175,0.682897402598769
2016-01-29,34.7400016784668,35.0,33.61000061035156,34.16999816894531,678,0.024771841518887873,45.86744475614082,0.6789480359204131
2016-02-01,34.689998626708984,34.689998626708984,34.689998626708984,34.689998626708984,36878,-0.001440387733925069,45.80142540947045,0.6690179663466629
2016-02-02,32.720001220703125,34.31999969482422,32.2400016784668,34.2400016784668,37956,-0.05846487235204079,43.20042532818022,0.6897051068153927
2016-02-03,35.040000915527344,35.47999954223633,32.310001373291016,32.560001373291016,51237,0.06850374315415558,46.26353565331795,0.7367612009176407
2016-02-04,34.459999084472656,35.81999969482422,34.15999984741211,35.25,37559,-0.01669108766429837,45.49775555374901,0.7353422727760939
2016-02-05,34.060001373291016,35.130001068115234,33.810001373291016,34.439998626708984,34903,-0.011675488977654386,44.969636036369174,0.7041365851134984
2016-02-08,32.880001068115234,34.66999816894531,32.779998779296875,33.95000076293945,27425,-0.03525911288106596,43.41167414244596,0.7131378045287319
2016-02-09,30.31999969482422,33.54999923706055,30.280000686645508,33.08000183105469,28881,-0.08105705196422858,40.03168807762512,0.7649616427013339
2016-02-10,30.84000015258789,31.899999618530273,30.360000610351562,30.889999389648438,30705,0.017005002933848743,40.71824798313103,0.7396269260566318
2016-02-11,30.059999465942383,31.350000381469727,29.940000534057617,30.889999389648438,35929,-0.02561718708441487,39.68840812487217,0.7409807619818266
2016-02-12,33.36000061035156,33.43000030517578,30.8700008392334,31.149999618530273,44770,0.10416222922801542,44.04542058524317,0.8225466319730431
2016-02-16,32.18000030517578,35.529998779296875,31.940000534057617,32.72999954223633,48407,-0.036012444738819815,42.48745869131997,0.8310838873608976
2016-02-17,34.5,34.959999084472656,31.84000015258789,32.369998931884766,40298,0.069614172989678,45.55056901645769,0.8635546040049056
2016-02-18,34.279998779296875,35.72999954223633,33.79999923706055,34.90999984741211,33585,-0.006397265917511819,45.26010000812892,0.8142980778902651
2016-02-19,33.0099983215332,34.439998626708984,32.68000030517578,34.040000915527344,32381,-0.03775156310192394,43.58331034139567,0.8186881907133774
2016-02-22,34.689998626708984,34.970001220703125,32.81999969482422,33.119998931884766,28302,0.049640926376260684,45.80142540947044,0.8197347520232653
2016-02-23,33.27000045776367,35.11000061035156,32.93000030517578,34.540000915527344,41038,-0.04179531760470153,43.92659281243313,0.7719676895255406
2016-02-24,34.40999984741211,34.65999984741211,32.369998931884766,32.9900016784668,48659,0.033691111585546066,45.43174124364765,0.7522952876190493
2016-02-25,35.290000915527344,35.72999954223633,33.29999923706055,34.43000030517578,25470,0.025252448255162884,46.593612240393725,0.744482871378925
2016-02-26,35.099998474121094,36.9900016784668,34.849998474121094,35.09000015258789,16272,-0.005398576630660727,46.342750810811964,0.7340541628839489
2016-02-29,35.970001220703125,36.209999084472656,34.88999938964844,35.13999938964844,2779,0.024484204644747088,47.49142096016538,0.7343809919888866
2016-03-01,35.959999084472656,35.959999084472656,35.959999084472656,35.959999084472656,28210,-0.00027810750041706275,47.4782150762037,0.7300674831061856
2016-03-02,36.93000030517578,37.380001068115234,36.11000061035156,36.560001373291016,32186,0.02661705298428406,48.75891384575981,0.7350269732354983
2016-03-03,37.06999969482422,37.36000061035156,36.36000061035156,37.029998779296875,25866,0.0037837718021218004,48.9437559286712,0.7002695485116924
2016-03-04,38.720001220703125,38.97999954223633,36.83000183105469,36.959999084472656,32203,0.04354828500457784,51.12226341799896,0.6771323692520715
2016-03-07,40.84000015258789,41.040000915527344,38.880001068115234,38.9900016784668,33230,0.053305703097901606,53.921311466162244,0.6924397199428393
2016-03-08,39.650001525878906,41.47999954223633,39.310001373291016,40.84000015258789,35047,-0.02957101046813978,52.35014872484638,0.7015901679915724
2016-03-09,41.06999969482422,41.2400016784668,39.41999816894531,39.52000045776367,29231,0.03518693397328046,54.22498132188368,0.6901742655760441
2016-03-10,40.04999923706055,41.0,39.650001525878906,40.84000015258789,28194,-0.02514926607314811,52.87826824222621,0.620264272742881
2016-03-11,40.38999938964844,41.0099983215332,40.029998779296875,40.25,22689,0.008453559999175282,53.327172602112036,0.6203199451353436
2016-03-14,39.529998779296875,40.54999923706055,38.81999969482422,40.2599983215332,31277,-0.021522368035698437,52.19170833672031,0.6172754912709698
2016-03-15,38.7400016784668,39.77000045776367,38.31999969482422,39.7400016784668,24741,-0.020187145122868514,51.14867014935329,0.5301366658902623
2016-03-16,40.33000183105469,40.41999816894531,38.849998474121094,38.9900016784668,31153,0.04022295298177607,53.247957444618024,0.5176139892515559
2016-03-17,41.540000915527344,41.59000015258789,40.20000076293945,40.20000076293945,32670,0.029561186200544754,54.845526917288225,0.4772436288719048
2016-03-18,41.20000076293945,42.540000915527344,40.84000015258789,41.380001068115234,36422,-0.008218565614194422,54.39662255740241,0.47801752438156797
2016-03-21,41.540000915527344,41.869998931884766,40.4900016784668,41.20000076293945,24893,0.008218565614194494,54.84552691728823,0.4471948302304551
2016-03-22,41.790000915527344,42.119998931884766,40.97999954223633,41.5099983215332,31640,0.0060002578800102,55.17560350436403,0.4245959684329434
2016-03-23,40.470001220703125,41.810001373291016,40.400001525878906,41.56999969482422,30553,-0.032096109316698145,53.432799527529426,0.4111298594861054
2016-03-24,40.439998626708984,40.63999938964844,39.220001220703125,40.33000183105469,24268,-0.0007416288573940499,53.393186912213395,0.40263609778716836
2016-03-28,40.27000045776367,41.0,39.65999984741211,40.5,10405,-0.00421257396281591,53.16873725055499,0.39936575033714206
2016-03-29,39.13999938964844,40.22999954223633,38.77000045776367,40.209999084472656,18903,-0.02846183985685618,51.67678966673315,0.4155322027175878
2016-03-30,39.2599983215332,40.59000015258789,39.130001068115234,39.400001525878906,10641,0.0030611997218524863,51.83522501829019,0.4095814974019405
2016-03-31,39.599998474121094,40.02000045776367,38.81999969482422,39.11000061035156,399,0.0086229336324172,52.284129378176004,0.409524763714819
2016-04-01,39.65999984741211,39.65999984741211,39.65999984741211,39.65999984741211,20407,0.0015140395161113412,52.36334957223904,0.40167051678391236
2016-04-04,37.689998626708984,38.90999984741211,37.5099983215332,38.66999816894531,24270,-0.0509483484016886,49.7623444543798,0.4435671528573649
2016-04-05,37.869998931884766,38.38999938964844,37.279998779296875,37.439998626708984,26655,0.0047644428663562825,49.999999999999886,0.41594708174878753
2016-04-06,39.84000015258789,39.93000030517578,38.20000076293945,38.400001525878906,33370,0.05071222283749754,52.60100511785913,0.4117520802495672
2016-04-07,39.43000030517578,40.279998779296875,38.709999084472656,39.93000030517578,34351,-0.010344480917194003,52.059679716517614,0.40027521199608
2016-04-08,41.939998626708984,42.0,39.619998931884766,39.72999954223633,32319,0.06171303710036997,55.373646434668075,0.4385908640228156
2016-04-11,42.83000183105469,43.060001373291016,41.43000030517578,42.06999969482422,26930,0.02099884164937342,56.54872331537584,0.43302424181202104
2016-04-12,44.689998626708984,44.79999923706055,42.43000030517578,42.599998474121094,39987,0.042510897837126985,59.00448889250168,0.45380759481406513
2016-04-13,44.18000030517578,44.93000030517578,43.77000045776367,44.209999084472656,37539,-0.011477527316564866,58.331134870957456,0.4477551879849992
2016-04-14,43.84000015258789,44.599998474121094,43.29999923706055,44.0099983215332,25907,-0.00772555877920288,57.88223051107163,0.44084661053351293
2016-04-15,43.099998474121094,44.060001373291016,42.290000915527344,43.81999969482422,30288,-0.01702368441384465,56.90520159723695,0.42911713906112187
2016-04-18,42.90999984741211,43.40999984741211,40.06999969482422,41.75,39238,-0.004418066259043677,56.654345204224214,0.4187990041568342
2016-04-19,44.029998779296875,44.5099983215332,42.599998474121094,43.119998931884766,43258,0.0257662965958773,58.13308690408437,0.42531215962019064
2016-04-20,45.79999923706055,45.88999938964844,42.83000183105469,43.939998626708984,32343,0.03941288241876018,60.47002974496918,0.44332973120285113
2016-04-21,44.529998779296875,46.16999816894531,44.459999084472656,45.40999984741211,35228,-0.02812098254151201,58.79324007823594,0.45754824951973266
2016-04-22,45.11000061035156,45.88999938964844,44.29999923706055,44.65999984741211,35201,0.012940873030038099,59.559020177804875,0.44026278052271556
2016-04-25,44.47999954223633,45.59000015258789,44.27000045776367,45.130001068115234,31478,-0.014064325299721092,58.72722576813458,0.4449107072715619
2016-04-26,45.7400016784668,46.47999954223633,44.380001068115234,44.77000045776367,28109,0.027933585639576784,60.39081458747517,0.4508440410180214
2016-04-27,47.18000030517578,47.439998626708984,45.63999938964844,46.2599983215332,17458,0.030996855157404232,62.29205391586683,0.4403983178986524
2016-04-28,48.13999938964844,48.18000030517578,46.75,47.0099983215332,10505,0.020143339228389293,63.55954680146125,0.44152053074676983
2016-04-29,48.130001068115234,48.4900016784668,47.47999954223633,47.77000045776367,520,-0.00020771416893345895,63.546345954068585,0.44285214425642494
2016-05-02,48.099998474121094,48.099998474121094,48.099998474121094,48.099998474121094,0,-0.0006235601186535311,63.50673333875256,0.44338661570658194
2016-05-03,46.75,46.75,46.75,46.75,23630,-0.028467889653964833,61.72432178317096,0.4105955301151399
2016-05-04,44.619998931884766,46.0,44.20000076293945,45.22999954223633,28903,-0.046632090668347406,58.91206785104598,0.45541545827947255
2016-05-05,45.0099983215332,46.77000045776367,44.65999984741211,45.0,24432,0.008702484947516667,59.42698652103314,0.4279760143231127
2016-05-06,45.369998931884766,46.11000061035156,44.18000030517578,45.16999816894531,24512,0.007966420119683036,59.902297612273316,0.42394885214233885
2016-05-09,43.630001068115234,46.459999084472656,43.4900016784668,45.869998931884766,36293,-0.03910605851681951,57.60496738670453,0.4023588508817344
2016-05-10,45.52000045776367,45.689998626708984,43.34000015258789,43.560001373291016,32801,0.04240678825766628,60.1003455791464,0.42155170721321383
2016-05-11,47.599998474121094,47.75,44.83000183105469,45.529998779296875,40873,0.044680929306699244,62.84658016460101,0.42417971460309845
2016-05-12,48.08000183105469,48.18000030517578,46.79999923706055,47.279998779296875,36256,0.01003359912935739,63.48033164396725,0.42146298411623967
2016-05-13,47.83000183105469,48.099998474121094,47.2599983215332,47.81999969482422,24243,-0.0052132323356900954,63.15025505689147,0.42066928193154035
2016-05-16,48.970001220703125,49.470001220703125,47.79999923706055,47.79999923706055,34770,0.023554794667034595,64.65540348810597,0.4184165197982651
2016-05-17,49.279998779296875,49.630001068115234,48.56999969482422,49.11000061035156,32460,0.006310403812706389,65.06469523267577,0.4166716825576415
2016-05-18,48.93000030517578,49.84000015258789,48.459999084472656,49.43000030517578,33480,-0.007127582916483248,64.60259002539729,0.41316410308489737
2016-05-19,48.810001373291016,48.869998931884766,47.38999938964844,48.560001373291016,33279,-0.0024554735035197416,64.44415467384023,0.3942813159721245
2016-05-20,48.720001220703125,49.34000015258789,48.040000915527344,48.70000076293945,26839,-0.0018455895773754536,64.3253269010302,0.3783061400286814
2016-05-23,48.349998474121094,48.810001373291016,47.599998474121094,48.7599983215332,25366,-0.007623458116847245,63.83680992582834,0.37908196675256706
2016-05-24,48.61000061035156,49.25,47.81999969482422,48.36000061035156,27698,0.005363093273177803,64.1800923968658,0.37380437767960417
2016-05-25,49.7400016784668,49.93000030517578,48.900001525878906,49.150001525878906,26667,0.022980188506612376,65.67203998068766,0.3702230302501607
2016-05-26,49.59000015258789,50.5,49.2400016784668,49.79999923706055,24441,-0.0030202685420353567,65.47399201381458,0.3574938167071905
2016-05-27,49.31999969482422,49.540000915527344,48.689998626708984,49.459999084472656,13383,-0.005459531469555972,65.11750869538446,0.352423324592395
2016-05-31,49.689998626708984,50.04999923706055,48.93000030517578,49.54999923706055,3997,0.0074740058685824045,65.6060206340173,0.35305363537423784
2016-06-01,49.709999084472656,49.709999084472656,49.689998626708984,49.689998626708984,25507,0.000402423712155456,65.63242736537164,0.35299306931231533
2016-06-02,50.040000915527344,50.29999923706055,48.849998474121094,49.7400016784668,28156,0.006616602205406817,66.06813087786479,0.33588648249030906
2016-06-03,49.63999938964844,50.33000183105469,49.290000915527344,49.95000076293945,22460,-0.008025755853773289,65.54000632391593,0.2866828184813324
2016-06-06,50.54999923706055,50.81999969482422,49.720001220703125,49.81999969482422,22446,0.018165982332864667,66.74148489940902,0.2900454500919275
2016-06-07,51.439998626708984,51.540000915527344,50.310001373291016,50.45000076293945,21088,0.017453122858703707,67.91655674354774,0.29289824990635954
2016-06-08,52.5099983215332,52.79999923706055,51.31999969482422,51.400001525878906,22382,0.020587542452644336,69.32928413330657,0.24643127430809414
2016-06-09,51.95000076293945,52.849998474121094,51.529998779296875,52.65999984741211,19759,-0.010721863453789757,68.589915801661,0.22278975046303678
2016-06-10,50.540000915527344,52.08000183105469,50.34000015258789,51.91999816894531,19899,-0.02751661215631615,66.72828405201635,0.20576913896386395
2016-06-13,50.349998474121094,50.779998779296875,49.61000061035156,50.36000061035156,18914,-0.003766531215823115,66.47742262243457,0.20525455926084585
2016-06-14,49.83000183105469,50.04999923706055,49.189998626708984,50.0099983215332,20904,-0.010381339819788024,65.7908677534977,0.2083626598732147
2016-06-15,48.970001220703125,49.79999923706055,48.38999938964844,49.310001373291016,33399,-0.0174093583975466,64.65540348810596,0.2031006609347238
2016-06-16,47.189998626708984,48.77000045776367,46.959999084472656,48.58000183105469,26672,-0.03702591400481459,62.30525476325948,0.23852647696482357
2016-06-17,49.16999816894531,49.38999938964844,46.939998626708984,47.02000045776367,22172,0.04110166754760019,64.91946072851138,0.2804514218723654
2016-06-20,50.650001525878906,50.68000030517578,49.2599983215332,49.47999954223633,21739,0.029655616636050996,66.87351855618073,0.2980787758408266
2016-06-21,50.619998931884766,51.099998474121094,49.47999954223633,50.459999084472656,29249,-0.000592526804311578,66.8339059408647,0.29791924752971816
2016-06-22,49.880001068115234,51.22999954223633,49.189998626708984,50.970001220703125,34368,-0.014726591790788158,65.85688206359904,0.3017482684552614
2016-06-23,50.90999984741211,51.0,49.88999938964844,49.93000030517578,31356,0.02043922269150297,67.21679599064917,0.3086315191071167
2016-06-24,48.40999984741211,51.22999954223633,47.540000915527344,51.209999084472656,52110,-0.0503529641174242,63.91603011989137,0.3484069219893138
2016-06-27,47.15999984741211,48.90999984741211,46.689998626708984,48.40999984741211,34439,-0.026160328365977977,62.26564718451246,0.3589171762279428
2016-06-28,48.58000183105469,48.7599983215332,47.470001220703125,47.54999923706055,22475,0.029665888831925145,64.1404848181188,0.37538286111745095
2016-06-29,50.61000061035156,50.720001220703125,48.63999938964844,48.91999816894531,13050,0.04093723602032796,66.82070509347203,0.40157121529170464
2016-06-30,49.68000030517578,50.29999923706055,49.5,50.0099983215332,1313,-0.018546753517833945,65.59281978662462,0.4071772226973925
2016-07-01,49.84000015258789,49.84000015258789,49.84000015258789,49.84000015258789,21731,0.0032154337726993487,65.80406860089035,0.40664792754150875
2016-07-05,47.959999084472656,50.72999954223633,47.560001373291016,50.70000076293945,37154,-0.03845056647083333,63.32189125584116,0.4271741329421695
2016-07-06,48.79999923706055,49.29999923706055,47.16999816894531,48.11000061035156,33332,0.017362986155177063,64.43094878987854,0.4267138425768028
2016-07-07,46.400001525878906,49.599998474121094,46.150001525878906,49.150001525878906,37267,-0.050430805107565854,61.26221657589246,0.4523900302208225
2016-07-08,46.7599983215332,47.22999954223633,46.150001525878906,46.599998474121094,24682,0.00772860859098169,61.7375226305636,0.4453970249316056
2016-07-11,46.25,47.11000061035156,45.90999984741211,46.529998779296875,20339,-0.010966636750077889,61.064168609019376,0.44543383242874773
2016-07-12,48.470001220703125,48.560001373291016,46.119998931884766,46.20000076293945,32157,0.04688361108356493,63.99525031395439,0.4728865548701539
2016-07-13,46.2599983215332,48.20000076293945,46.09000015258789,48.040000915527344,29323,-0.04666745452203558,61.07736945641204,0.49762097159746016
2016-07-14,47.369998931884766,47.470001220703125,46.349998474121094,46.599998474121094,27528,0.02371147386734878,62.54291030887954,0.506084488220411
2016-07-15,47.61000061035156,48.08000183105469,46.65999984741211,47.15999984741211,24450,0.005053741638933517,62.85978604856266,0.5036729100579154
2016-07-18,46.959999084472656,47.869998931884766,46.5,47.77000045776367,22151,-0.01374668000230253,62.00158490753802,0.4891375127114163
2016-07-19,46.65999984741211,47.47999954223633,46.54999923706055,47.029998779296875,20962,-0.0064088927008672135,61.60549401036089,0.46567623808251823
2016-07-20,47.16999816894531,47.5,45.900001525878906,46.720001220703125,30188,0.010870795154889172,62.27884803190511,0.45372831434164507
2016-07-21,46.20000076293945,47.54999923706055,46.040000915527344,47.15999984741211,22328,-0.020778243876431495,60.998154298918,0.4575326606513581
2016-07-22,45.689998626708984,46.4900016784668,45.18000030517578,46.08000183105469,25423,-0.011100389083062935,60.32479524080476,0.45666813462649947
2016-07-25,44.720001220703125,45.86000061035156,44.560001373291016,45.7400016784668,19167,-0.021458569375046276,59.04410150781766,0.45124193617161173
2016-07-26,44.869998931884766,44.97999954223633,44.150001525878906,44.790000915527344,26793,0.003348540039803795,59.24214443812173,0.4224193287089387
2016-07-27,43.470001220703125,44.90999984741211,43.310001373291016,44.54999923706055,27266,-0.03169832310102093,57.393718572438765,0.4265587234931649
2016-07-28,42.70000076293945,43.75,42.58000183105469,43.619998931884766,10527,-0.017872134980194434,56.377082079857075,0.41095549849601937
2016-07-29,42.459999084472656,42.79999923706055,41.81999969482422,42.540000915527344,428,-0.005636503389016985,56.060206340173956,0.3737072562490855
2016-08-01,42.45000076293945,42.45000076293945,42.45000076293945,42.45000076293945,21767,-0.00023550398297923907,56.047005492781295,0.37280117043463235
2016-08-02,41.79999923706055,43.16999816894531,41.5099983215332,42.279998779296875,23088,-0.015430609451446567,55.18880435175666,0.371648844535011
2016-08-03,43.099998474121094,43.439998626708984,41.5,41.939998626708984,30000,0.030626640427908122,56.90520159723691,0.3781966929431665
2016-08-04,44.290000915527344,44.33000183105469,42.5099983215332,43.369998931884766,25204,0.02723597689982557,58.47636937512179,0.3870248025585629
2016-08-05,44.27000045776367,44.4900016784668,43.5,44.189998626708984,24997,-0.00045168152198645634,58.44996264376745,0.3493747558641142
2016-08-08,45.38999938964844,45.709999084472656,44.2400016784668,44.38999938964844,19192,0.02498454593722756,59.928704343627615,0.36051322460249197
2016-08-09,44.97999954223633,45.7599983215332,44.75,45.15999984741211,18269,-0.009073866667424846,59.387378942286105,0.3599405955331891
2016-08-10,44.04999923706055,45.66999816894531,43.81999969482422,45.0,24646,-0.020892601291783393,58.15949363543867,0.3199073287883886
2016-08-11,46.040000915527344,46.310001373291016,43.459999084472656,43.849998474121094,29698,0.04418526867682127,60.78690548465225,0.3239930200158662
2016-08-12,46.970001220703125,47.25,45.7599983215332,46.16999816894531,23652,0.01999852228874061,62.01479079149968,0.3207757358655527
2016-08-15,48.349998474121094,48.529998779296875,46.84000015258789,47.150001525878906,21340,0.02895706431237772,63.83680992582828,0.3362155985569602
2016-08-16,49.22999954223633,49.349998474121094,47.90999984741211,48.209999084472656,27839,0.018036994131362446,64.99868092257435,0.33699364241675306
2016-08-17,49.849998474121094,49.9900016784668,48.54999923706055,48.97999954223633,39930,0.012515281326801174,65.81726944828296,0.33724449726392935
2016-08-18,50.88999938964844,51.04999923706055,49.5099983215332,49.720001220703125,28379,0.020647962808754607,67.19038925929478,0.34173596940420903
2016-08-19,50.880001068115234,51.220001220703125,50.33000183105469,50.880001068115234,25452,-0.0001964885824977419,67.1771884119021,0.33047713200633605
2016-08-22,49.15999984741211,50.7400016784668,49.099998474121094,50.7400016784668,27608,-0.03438965843076667,64.90625988111864,0.3534616524820175
2016-08-23,49.959999084472656,50.20000076293945,48.4900016784668,49.22999954223633,36665,0.016142385338239147,65.96250395244735,0.3438971865387571
2016-08-24,49.04999923706055,49.86000061035156,48.68000030517578,49.459999084472656,41304,-0.018382496475118904,64.76102537695428,0.3535361389232217
2016-08-25,49.66999816894531,49.779998779296875,48.70000076293945,49.029998779296875,31721,0.012560921797808919,65.57961390266289,0.3292560394045315
2016-08-26,49.91999816894531,50.75,49.13999938964844,49.65999984741211,27534,0.005020595126530528,65.90969048973867,0.31737255923686536
2016-08-29,49.2599983215332,49.619998931884766,48.97999954223633,49.619998931884766,6703,-0.013309328762624474,65.03828850132138,0.32242837876563674
2016-08-30,48.369998931884766,49.7599983215332,48.2599983215332,49.29999923706055,10607,-0.01823259386605795,63.86321665718263,0.3334093119571612
2016-08-31,47.040000915527344,48.400001525878906,46.970001220703125,48.02000045776367,668,-0.027881441699595298,62.107211832955365,0.3461418217104808
2016-09-01,47.04999923706055,47.04999923706055,47.04999923706055,47.04999923706055,23846,0.00021252676277217817,62.120412680348025,0.334292375326179
2016-09-02,46.83000183105469,47.0099983215332,45.41999816894531,45.77000045776367,22597,-0.004686787520399095,61.82994870858827,0.3246985574659307
2016-09-06,47.2599983215332,49.369998931884766,46.29999923706055,46.650001525878906,37751,0.00914017394768517,62.397675804715114,0.3252416797074959
2016-09-07,47.97999954223633,48.540000915527344,46.970001220703125,47.130001068115234,17745,0.01512001162765917,63.34829798719546,0.3186105822369013
2016-09-08,49.9900016784668,50.13999938964844,48.209999084472656,48.560001373291016,30011,0.04103877113069957,66.00211656776337,0.34183643083962956
2016-09-09,48.0099983215332,49.68000030517578,47.77000045776367,49.619998931884766,18847,-0.040413731419456,63.38790556594246,0.3663012769976188
2016-09-12,48.31999969482422,48.619998931884766,46.90999984741211,47.779998779296875,18373,0.006436259728761927,63.797202347081274,0.33636830370099136
2016-09-13,47.099998474121094,48.209999084472656,46.9900016784668,48.130001068115234,21761,-0.025572578685043715,62.186426990449384,0.3431346859117288
2016-09-14,45.849998474121094,47.470001220703125,45.709999084472656,47.220001220703125,28376,-0.02689780320312019,60.536044055070484,0.33853441905379733
2016-09-15,46.59000015258789,47.0,45.689998626708984,46.150001525878906,28412,0.016010763681154887,61.513072968905156,0.3370530277726755
2016-09-16,45.77000045776367,46.400001525878906,45.47999954223633,46.18000030517578,19165,-0.017757064436884618,60.43042216622213,0.33623212478377923
2016-09-19,45.95000076293945,46.91999816894531,45.86000061035156,45.88999938964844,19674,0.0039250007384418915,60.66807771184221,0.32556556067341347
2016-09-20,45.880001068115234,46.290000915527344,45.09000015258789,45.7400016784668,28150,-0.0015245498635855252,60.575656670386515,0.32535817352531554
2016-09-21,46.83000183105469,47.150001525878906,46.25,46.25,25248,0.02049474675368758,61.829948708588276,0.3182049009190541
2016-09-22,47.650001525878906,47.84000015258789,47.040000915527344,47.119998931884766,32336,0.017358599827367364,62.912599511271324,0.3191202225307406
2016-09-23,45.88999938964844,48.25,45.66999816894531,47.41999816894531,39822,-0.03763544701642824,60.58885751777918,0.3378029363442292
2016-09-26,47.349998474121094,47.65999984741211,45.7400016784668,46.08000183105469,21045,0.03131957230013079,62.51650357752517,0.3546410494223846
2016-09-27,45.970001220703125,47.279998779296875,45.63999938964844,47.09000015258789,34389,-0.029577751034076664,60.69448444319656,0.3657478464111379
2016-09-28,48.689998626708984,48.939998626708984,45.720001220703125,46.29999923706055,27630,0.05748460561734462,64.2857142857141,0.4209178082380223
2016-09-29,49.2400016784668,49.79999923706055,48.029998779296875,48.959999084472656,9721,0.011232693413894141,65.01188680653604,0.41768840512319133
2016-09-30,49.060001373291016,49.279998779296875,48.18000030517578,48.970001220703125,387,-0.0036622685813034483,64.77423126091597,0.40492917960614355
2016-10-03,49.099998474121094,49.099998474121094,49.099998474121094,49.099998474121094,27245,0.0008149369010968894,64.82703968705565,0.404901008946615
2016-10-04,50.869998931884766,51.349998474121094,50.349998474121094,50.5,24858,0.035414334114204894,67.16398252794046,0.4200637034490773
2016-10-05,51.86000061035156,52.09000015258789,51.22999954223633,51.380001068115234,26124,0.019274454042018833,68.47108802885091,0.4231003264446626
2016-10-06,52.5099983215332,52.720001220703125,51.34000015258789,51.68000030517578,25994,0.012455803805325032,69.32928413330653,0.4223516161802434
2016-10-07,51.93000030517578,52.84000015258789,51.34000015258789,52.66999816894531,26575,-0.011106931952156299,68.5635090703066,0.40339627292123803
2016-10-11,52.40999984741211,53.310001373291016,52.119998931884766,52.9900016784668,33630,0.009200746169744301,69.19725551310381,0.3734598095146184
2016-10-12,51.810001373291016,52.849998474121094,51.61000061035156,52.619998931884766,24471,-0.011514202569658743,68.40507371874955,0.3772482691494828
2016-10-13,52.029998779296875,52.150001525878906,50.939998626708984,51.720001220703125,25642,0.004237244507698259,68.69553769050931,0.3623186559702389
2016-10-14,51.95000076293945,52.560001373291016,51.5,52.099998474121094,22127,-0.0015387196094172708,68.58991580166094,0.3446352777193692
2016-10-17,51.52000045776367,52.279998779296875,51.16999816894531,51.959999084472656,26730,-0.008311641550007454,68.02218366896508,0.34598362685233713
2016-10-18,51.68000030517578,52.119998931884766,51.27000045776367,51.689998626708984,28432,0.0031007746981880084,68.23343248323083,0.33626518841436964
2016-10-19,52.66999816894531,53.13999938964844,52.099998474121094,52.130001068115234,31624,0.018975133351185995,69.54053294757226,0.339245783875791
2016-10-20,51.380001068115234,52.68000030517578,51.18000030517578,52.630001068115234,29822,-0.024796986260358242,67.8373415860537,0.3553770934636402
2016-10-21,51.779998779296875,51.93000030517578,51.130001068115234,51.439998626708984,31385,0.007754938278313385,68.36546110343353,0.35127153224312874
2016-10-24,51.459999084472656,52.0,50.5,51.959999084472656,39723,-0.006199161686041979,67.94296347490206,0.35012394172508465
2016-10-25,50.790000915527344,51.83000183105469,50.220001220703125,51.349998474121094,34420,-0.013105286223656079,67.05836063909209,0.3229218103142508
2016-10-26,49.97999954223633,50.689998626708984,49.65999984741211,50.25,50026,-0.016076586591024386,65.98891068380172,0.3155912126372012
2016-10-27,50.470001220703125,50.900001525878906,49.869998931884766,49.9900016784668,21189,0.009756208291008973,66.63586301056061,0.293758939381532
2016-10-28,49.709999084472656,50.56999969482422,49.34000015258789,50.310001373291016,15283,-0.015173022849664717,65.6324273653716,0.22920246942978975
2016-10-31,48.29999923706055,49.689998626708984,47.9900016784668,49.45000076293945,1765,-0.028774556826534466,63.770795615726946,0.2478133653698284
2016-11-01,48.33000183105469,48.33000183105469,48.33000183105469,48.33000183105469,56065,0.0006209788808158649,63.81040823104297,0.24765983052021062
2016-11-02,46.86000061035156,48.06999969482422,46.47999954223633,47.97999954223633,47015,-0.030888077638844092,61.86955628733529,0.26865399046466304
2016-11-03,46.349998474121094,47.5099983215332,46.0,46.959999084472656,33590,-0.010943187013583468,61.19619722922206,0.23236666789316868
2016-11-04,45.58000183105469,46.540000915527344,45.08000183105469,46.380001068115234,54210,-0.01675219510120251,60.17956577320939,0.21919796438234138
2016-11-07,46.150001525878906,46.380001068115234,45.380001068115234,46.06999969482422,30522,0.012427930022460664,60.932139988816644,0.21916817793756968
2016-11-08,46.040000915527344,46.68000030517578,45.61000061035156,46.2400016784668,33500,-0.002386390273167198,60.786905484652266,0.21876354019743086
2016-11-09,46.36000061035156,46.95000076293945,44.38999938964844,45.95000076293945,53512,0.006926427897870699,61.20940311318375,0.21694165259484716
2016-11-10,45.84000015258789,46.90999984741211,45.54999923706055,46.599998474121094,35421,-0.011279955901838638,60.52284320767784,0.21686597222277196
2016-11-14,44.43000030517578,44.97999954223633,43.58000183105469,44.68000030517578,37427,-0.03124215191868577,58.6612114580332,0.23051146508096604
2016-11-15,46.95000076293945,47.2599983215332,44.68000030517578,44.72999954223633,43809,0.055168298087808924,61.98838406014535,0.3166545932884008
2016-11-16,46.630001068115234,47.560001373291016,46.27000045776367,47.0,43917,-0.006839088177902826,61.56588643161387,0.3164909878638638
2016-11-17,46.4900016784668,47.61000061035156,46.02000045776367,46.439998626708984,39989,-0.0030068619200934532,61.381044348702474,0.315287215731429
2016-11-18,46.86000061035156,46.97999954223633,45.7599983215332,46.09000015258789,39532,0.00792717429833375,61.8695562873353,0.3068953946187673
2016-11-21,48.900001525878906,49.150001525878906,47.0,47.0099983215332,42541,0.04261298158024254,64.56298244665024,0.3406543592642495
2016-11-22,49.119998931884766,49.970001220703125,48.13999938964844,49.099998474121094,62072,0.0044888344089763854,64.85344641841,0.3396192426283544
2016-11-23,48.95000076293945,49.5,48.56999969482422,49.130001068115234,46018,-0.00346687753125344,64.62899675675159,0.3393772139518647
2016-11-25,47.2400016784668,49.20000076293945,47.0099983215332,49.0,27459,-0.03555835770282895,62.37127410992982,0.3567834742025669
2016-11-28,48.2400016784668,48.810001373291016,46.15999984741211,46.7599983215332,25170,0.020947560353229817,63.69158045823294,0.36326789133268383
2016-11-29,46.380001068115234,48.099998474121094,45.91999816894531,48.09000015258789,15550,-0.039320232355980415,61.23580984453809,0.38303130012254827
2016-11-30,50.470001220703125,50.470001220703125,46.75,46.7599983215332,1083,0.08451076968184133,66.63586301056061,0.4878005649804067
2016-12-01,50.459999084472656,50.459999084472656,50.459999084472656,50.459999084472656,71317,-0.00019819946959215878,66.62265712659894,0.47592764897055484
2016-12-02,54.459999084472656,54.5,52.86000061035156,53.869998931884766,39305,0.07628554536532224,71.90388251981142,0.5407590616071333
2016-12-05,54.939998626708984,55.33000183105469,53.810001373291016,54.22999954223633,33656,0.008775185236323129,72.53762896260864,0.524158150462937
2016-12-06,53.93000030517578,54.93000030517578,53.52000045776367,54.209999084472656,34688,-0.018554740663056967,71.20412176691285,0.5281941031945758
2016-12-07,53.0,54.209999084472656,52.91999816894531,53.959999084472656,34297,-0.017395001455752526,69.97623646006544,0.528566144274361
2016-12-08,53.88999938964844,54.04999923706055,52.83000183105469,53.04999923706055,44044,0.01665300706740541,71.15130830420416,0.5292966316091285
2016-12-09,54.33000183105469,54.439998626708984,53.77000045776367,53.95000076293945,30445,0.008131673646364426,71.7322463208617,0.5281032004032358
2016-12-12,55.689998626708984,57.4900016784668,54.75,54.75,45732,0.02472397867612295,73.52785872383598,0.5312857160590558
2016-12-13,55.720001220703125,56.43000030517578,55.150001525878906,55.369998931884766,38210,0.0005385978773990256,73.567471339152,0.5272387113170616
2016-12-14,53.900001525878906,55.79999923706055,53.61000061035156,55.22999954223633,39813,-0.033208664595021115,71.16451418816582,0.5291841817984748
2016-12-15,54.02000045776367,54.5,53.150001525878906,53.720001220703125,34744,0.002223850614043315,71.32294953972288,0.5023378899404232
2016-12-16,55.209999084472656,55.380001068115234,53.709999084472656,54.220001220703125,31303,0.021789722874880842,72.89411228103874,0.5024198179634397
2016-12-19,54.91999816894531,55.790000915527344,54.689998626708984,55.4900016784668,30608,-0.005266532153945657,72.51122223125428,0.503106508034302
2016-12-20,55.349998474121094,55.90999984741211,54.75,55.119998931884766,37241,0.007799084027453127,73.07895436395015,0.5031067296142954
2016-12-21,54.459999084472656,55.86000061035156,54.31999969482422,55.599998474121094,31242,-0.01621016115221608,71.90388251981142,0.49317845406600835
2016-12-22,55.04999923706055,55.22999954223633,54.04999923706055,54.59000015258789,30938,0.010775378875053353,72.68286346677301,0.4935564508576134
2016-12-23,55.15999984741211,55.34000015258789,54.27000045776367,54.880001068115234,15503,0.0019962008491615896,72.8280979709374,0.49267802899175733
2016-12-27,56.09000015258789,56.2599983215332,55.04999923706055,55.47999954223633,8294,0.016719496081834137,74.05598327778483,0.47030828521981033
2016-12-28,56.220001220703125,56.560001373291016,55.88999938964844,56.08000183105469,10677,0.0023150409506974253,74.22762451330355,0.46835845179720137
2016-12-29,56.13999938964844,56.63999938964844,55.970001220703125,55.970001220703125,595,-0.0014240271295735585,74.12199758788617,0.43827084914326253
2016-12-30,56.130001068115234,56.130001068115234,56.130001068115234,56.130001068115234,13775,-0.00017811207836230324,74.10879674049352,0.3423404862302863
2017-01-03,55.470001220703125,58.369998931884766,55.290000915527344,57.04999923706055,42688,-0.011828091909729681,73.2373947520762,0.34693160169077064
2017-01-04,56.459999084472656,56.529998779296875,55.34000015258789,55.689998626708984,27804,0.017690050536150134,74.54449521641764,0.2357436545519346
2017-01-05,56.88999938964844,57.34000015258789,56.0099983215332,56.540000915527344,32833,0.007587161424090052,75.1122273491135,0.2353310664710162
2017-01-06,57.099998474121094,57.459999084472656,56.29999923706055,56.880001068115234,24948,0.003684521905111748,75.3894904734806,0.22357619527379224
2017-01-09,54.939998626708984,56.9900016784668,54.7400016784668,56.86000061035156,25860,-0.03856243426810978,72.53762896260862,0.25708499763773046
2017-01-10,53.63999938964844,55.34000015258789,53.56999969482422,54.84000015258789,33801,-0.0239466086361181,70.82123171712837,0.26568069762914237
2017-01-11,55.099998474121094,55.66999816894531,53.65999984741211,53.70000076293945,45944,0.02685464143115301,72.74887777687437,0.2805957503071319
2017-01-12,56.0099983215332,56.43000030517578,55.029998779296875,55.22999954223633,36424,0.016380527788504184,73.95035635236744,0.27296867175778705
2017-01-13,55.45000076293945,56.20000076293945,55.310001373291016,56.060001373291016,25417,-0.010048488699042155,73.21098802072187,0.27529262588685005
2017-01-17,55.470001220703125,56.970001220703125,55.20000076293945,55.650001525878906,44899,0.0003606285182610503,73.23739475207621,0.24781390013843613
2017-01-18,53.91999816894531,55.88999938964844,53.779998779296875,55.470001220703125,40148,-0.028340923428367606,71.19091588295117,0.268258080784539
2017-01-19,54.15999984741211,54.75,53.900001525878906,54.310001373291016,33327,0.0044411931413440376,71.5077916226343,0.256922917993108
2017-01-20,55.4900016784668,55.790000915527344,54.189998626708984,54.279998779296875,29231,0.024260228799238826,73.26380148343057,0.27061595961906715
2017-01-23,55.22999954223633,55.7400016784668,54.650001525878906,55.470001220703125,33859,-0.004696578961124024,72.9205190123931,0.2698252462340668
2017-01-24,55.439998626708984,55.849998474121094,55.04999923706055,55.38999938964844,32411,0.0037950544861054636,73.1977821367602,0.26360617913189327
2017-01-25,55.08000183105469,55.63999938964844,54.7599983215332,55.2400016784668,34247,-0.006514623006883317,72.72247608208903,0.2622034821972672
2017-01-26,56.2400016784668,56.54999923706055,55.209999084472656,55.369998931884766,45145,0.02084157024312173,74.2540312446579,0.2719340401273451
2017-01-27,55.52000045776367,56.5,54.849998474121094,56.11000061035156,20964,-0.012884952903552526,73.30340906217756,0.26959370606987515
2017-01-30,55.22999954223633,55.63999938964844,54.970001220703125,55.400001525878906,9982,-0.005237048818791394,72.9205190123931,0.2698740947197306
2017-01-31,55.70000076293945,55.939998626708984,54.939998626708984,55.220001220703125,578,0.008473885005754899,73.54106460779765,0.27177836352666424
2017-02-01,55.65999984741211,55.65999984741211,55.65999984741211,55.65999984741211,34772,-0.0007184072742188927,73.48825114508895,0.2717798842299557
2017-02-02,56.560001373291016,57.43000030517578,56.34000015258789,56.529998779296875,31371,0.016040292512251763,74.67652887318937,0.27415068937782133
2017-02-03,56.810001373291016,57.290000915527344,56.38999938964844,56.83000183105469,26703,0.004410344873869747,75.00660546026515,0.26770311892044696
2017-02-06,55.720001220703125,57.11000061035156,55.650001525878906,56.79999923706055,26706,-0.019373219923024203,73.567471339152,0.274649802141893
2017-02-07,55.04999923706055,55.97999954223633,54.63999938964844,55.93000030517578,32659,-0.012097321509752323,72.682863466773,0.27669916122357485
2017-02-08,55.119998931884766,55.66999816894531,54.209999084472656,54.54999923706055,44864,0.0012707580177437063,72.77528450822871,0.24215998590917898
2017-02-09,55.630001068115234,55.91999816894531,55.20000076293945,55.2599983215332,29628,0.00921003596014221,73.44864356634196,0.2273656604987739
2017-02-10,56.70000076293945,56.869998931884766,55.58000183105469,55.689998626708984,30763,0.019051580901881075,74.86137095610077,0.21791345348721658
2017-02-13,55.59000015258789,56.79999923706055,55.43000030517578,56.77000045776367,25049,-0.019770892479170212,73.39583010363326,0.22245951795367538
2017-02-14,55.970001220703125,56.45000076293945,55.54999923706055,55.709999084472656,25975,0.006812523002963589,73.89754792622777,0.2208675555756442
2017-02-15,55.75,56.25,55.54999923706055,55.84000015258789,26608,-0.003938444372993834,73.60707891789899,0.22138957940576426
2017-02-16,55.650001525878906,56.22999954223633,55.130001068115234,55.66999816894531,32712,-0.0017953051994670688,73.47505029769628,0.195832440813606
2017-02-17,55.810001373291016,55.869998931884766,55.11000061035156,55.66999816894531,27599,0.0028709842661211165,73.68629911196203,0.1956111006724478
2017-02-21,56.65999984741211,57.29999923706055,55.709999084472656,55.90999984741211,57648,0.015115402302443908,74.80855749339207,0.18440662897648402
2017-02-22,55.84000015258789,56.9900016784668,55.58000183105469,56.689998626708984,36358,-0.014578030522617972,73.72590669070902,0.19129675483469913
2017-02-23,56.58000183105469,57.349998474121094,56.150001525878906,56.189998626708984,36155,0.013165137048937325,74.70293560454371,0.1960118206838096
2017-02-24,55.9900016784668,56.650001525878906,55.75,56.5099983215332,18720,-0.010482464896869494,73.9239546575821,0.19838817694261146
2017-02-27,55.93000030517578,56.7599983215332,55.90999984741211,56.040000915527344,10972,-0.0010722190488914871,73.84473446351907,0.18450489719249577
2017-02-28,55.59000015258789,56.06999969482422,55.27000045776367,55.97999954223633,685,-0.006097582579626316,73.39583010363324,0.18010006298583686
2017-03-01,55.599998474121094,55.599998474121094,55.599998474121094,55.599998474121094,25932,0.00017984210241285556,73.40903095102591,0.17906721651036625
2017-03-02,55.08000183105469,56.439998626708984,55.0099983215332,56.310001373291016,34925,-0.00939646670866843,72.72247608208902,0.17951148988076768
2017-03-03,55.900001525878906,55.939998626708984,55.09000015258789,55.18000030517578,24688,0.014777700353631842,73.80512688477205,0.18717247061716366
2017-03-06,56.0099983215332,56.2400016784668,55.31999969482422,55.79999923706055,25402,0.001965808796835883,73.95035635236744,0.1783092071663487
2017-03-07,55.91999816894531,56.63999938964844,55.54999923706055,55.9900016784668,28162,-0.0016081510730986395,73.83152857955739,0.177452435949161
2017-03-08,53.11000061035156,55.7599983215332,52.939998626708984,55.61000061035156,43000,-0.051556819254848577,70.12147096422979,0.2429426827177523
2017-03-09,52.189998626708984,53.849998474121094,51.47999954223633,53.130001068115234,61215,-0.017474366584499478,68.90678650477503,0.24636914284809366
2017-03-10,51.369998931884766,53.0099983215332,51.150001525878906,52.439998626708984,41261,-0.015836555655435194,67.824135702092,0.2501331991878336
2017-03-13,51.349998474121094,51.689998626708984,50.84000015258789,51.369998931884766,28880,-0.00038941702728762607,67.79772897073767,0.24623731071556243
2017-03-14,50.91999816894531,51.83000183105469,50.25,51.400001525878906,49660,-0.008409168929535773,67.2299968380418,0.23207733716487333
2017-03-15,51.810001373291016,52.040000915527344,51.36000061035156,51.790000915527344,36290,0.01732746960322412,68.40507371874955,0.2380724196598337
2017-03-16,51.7400016784668,52.59000015258789,51.5,52.09000015258789,28932,-0.00135199813469683,68.31265267729385,0.23534401427635185
2017-03-17,51.7599983215332,52.16999816894531,51.529998779296875,51.720001220703125,20151,0.00038640856647757305,68.33905437207918,0.2357750225885591
2017-03-20,51.619998931884766,51.93000030517578,51.0099983215332,51.75,25177,-0.0027084441661897746,68.15421228916779,0.23571128035923364
2017-03-21,50.959999084472656,52.209999084472656,50.72999954223633,51.65999984741211,30377,-0.012868180300279525,67.2828103007505,0.23658817090130194
2017-03-22,50.63999938964844,50.970001220703125,49.63999938964844,50.869998931884766,39102,-0.0062992275151358326,66.86031267221901,0.22579586714984157
2017-03-23,50.560001373291016,51.09000015258789,50.2599983215332,50.7599983215332,35569,-0.0015809887829528074,66.75469078337065,0.2235801263312538
2017-03-24,50.79999923706055,51.04999923706055,50.400001525878906,50.599998474121094,27105,0.004735562565731005,67.07156148648474,0.2168856596282113
2017-03-27,50.75,51.099998474121094,50.029998779296875,51.02000045776367,27398,-0.0009847216440462393,67.0055471763834,0.21642812350349666
2017-03-28,51.33000183105469,51.869998931884766,50.790000915527344,50.86000061035156,27375,0.011363794322527447,67.77132727595234,0.22322039226483079
2017-03-29,52.41999816894531,52.459999084472656,51.34000015258789,51.34000015258789,17105,0.02101275072037611,69.21045636049648,0.2393185037584056
2017-03-30,52.959999084472656,53.09000015258789,52.029998779296875,52.400001525878906,14493,0.01024873137680465,69.92342299735674,0.24340296808510115
2017-03-31,52.83000183105469,53.31999969482422,52.400001525878906,52.650001525878906,31997,-0.002457648506007855,69.75178679840701,0.2420429281053187
2017-04-03,53.119998931884766,53.720001220703125,53.040000915527344,53.63999938964844,18746,0.005474239224990066,70.13467181162247,0.23599409409434366
2017-04-04,54.16999816894531,54.36000061035156,52.75,53.13999938964844,27204,0.01957373080721338,71.52099247002694,0.24771714319104426
2017-04-05,54.36000061035156,55.08000183105469,53.97999954223633,54.27000045776367,33157,0.003501384643095992,71.7718538996087,0.2483441440160464
2017-04-06,54.88999938964844,54.9900016784668,54.02000045776367,54.150001525878906,21011,0.009702570931361083,72.47161465250727,0.17087160799982323
2017-04-07,55.2400016784668,56.06999969482422,54.56999969482422,54.75,34387,0.006356187483822392,72.93372489635476,0.15676496379071986
2017-04-10,55.97999954223633,56.04999923706055,55.2400016784668,55.2400016784668,29224,0.013307116983955718,73.91074877362043,0.14543210167937282
2017-04-11,56.22999954223633,56.279998779296875,55.459999084472656,56.04999923706055,32054,0.00445593825315927,74.24082536069622,0.14451638024440017
2017-04-12,55.86000061035156,56.630001068115234,55.5099983215332,56.279998779296875,33978,-0.006601842719713151,73.75231342206338,0.1426334254484437
2017-04-13,55.88999938964844,56.060001373291016,55.58000183105469,55.66999816894531,27171,0.0005368909175387381,73.79192100081039,0.13513459018815904
2017-04-17,55.36000061035156,55.970001220703125,55.29999923706055,55.849998474121094,18101,-0.009528140026469812,73.09216024791183,0.14172451111896592
2017-04-18,54.88999938964844,55.4900016784668,54.619998931884766,55.47999954223633,38436,-0.008526150892293145,72.47161465250727,0.14722609055247904
2017-04-19,52.93000030517578,55.220001220703125,52.59000015258789,54.7400016784668,43655,-0.036360879806712834,69.88381541860971,0.19983307148914317
2017-04-20,52.9900016784668,53.540000915527344,52.689998626708984,53.060001373291016,48381,0.0011329565442867954,69.96303561267275,0.19319501758727659
2017-04-21,51.959999084472656,53.279998779296875,51.56999969482422,53.029998779296875,36665,-0.01962907399728172,68.6031166490536,0.20541994080626177
2017-04-24,51.599998474121094,52.58000183105469,51.43000030517578,52.04999923706055,27284,-0.006952531266329826,68.12780555781343,0.20717979668532854
2017-04-25,52.099998474121094,52.380001068115234,51.310001373291016,51.650001525878906,31348,0.00964327655559772,68.78795873196499,0.20899342929796105
2017-04-26,51.81999969482422,52.439998626708984,51.400001525878906,51.86000061035156,24549,-0.005388750227004416,68.41827456614222,0.21012811631417327
2017-04-27,51.439998626708984,51.75,50.43000030517578,51.470001220703125,20588,-0.00736011601239792,67.9165567435477,0.2084891380578489
2017-04-28,51.72999954223633,52.099998474121094,51.40999984741211,51.43000030517578,33680,0.005621821933913556,68.29944679333217,0.19544820234531354
2017-05-01,51.52000045776367,51.97999954223633,51.220001220703125,51.849998474121094,12936,-0.004067784485066383,68.02218366896507,0.19166224305401855
2017-05-02,50.459999084472656,52.13999938964844,50.15999984741211,51.38999938964844,38556,-0.020789165611976548,66.62265712659891,0.203213831152757
2017-05-03,50.790000915527344,51.119998931884766,50.209999084472656,51.04999923706055,34131,0.00651857776960773,67.05836063909209,0.20374134660832788
2017-05-04,48.380001068115234,50.720001220703125,48.18000030517578,50.619998931884766,52061,-0.04861297557939311,63.87642254114433,0.2449487406370008
2017-05-05,49.099998474121094,49.619998931884766,46.650001525878906,48.38999938964844,54485,0.01477247646401044,64.82703968705565,0.25307656870505046
2017-05-08,49.34000015258789,49.880001068115234,48.4900016784668,49.290000915527344,35179,0.004876110470279543,65.14391542673876,0.25011551184042696
2017-05-09,48.72999954223633,49.709999084472656,48.40999984741211,49.439998626708984,33410,-0.012440266732253647,64.33852774842282,0.24775462988938063
2017-05-10,50.220001220703125,50.619998931884766,48.849998474121094,48.9900016784668,37961,0.03011853057501301,66.30578642348482,0.2700759135373462
2017-05-11,50.77000045776367,51.150001525878906,50.2400016784668,50.279998779296875,31243,0.010892259939173674,67.03195390773774,0.2738603323516652
2017-05-12,50.84000015258789,51.08000183105469,50.34000015258789,50.77000045776367,29339,0.001377811346865205,67.12437494919344,0.27461633153656345
2017-05-15,51.81999969482422,52.619998931884766,50.650001525878906,50.84000015258789,31972,0.019092719922224645,68.41827456614223,0.28617089859918093
2017-05-16,51.650001525878906,52.349998474121094,51.189998626708984,51.86000061035156,29359,-0.0032859441364962183,68.19382490448382,0.2853575243896301
2017-05-17,52.209999084472656,52.599998474121094,51.04999923706055,51.2400016784668,32800,0.01078380477866497,68.9331932361294,0.28872454390889224
2017-05-18,52.5099983215332,52.7400016784668,51.11000061035156,52.099998474121094,41239,0.005729565798077766,69.32928413330653,0.2618820583669937
2017-05-19,53.61000061035156,53.790000915527344,52.529998779296875,52.529998779296875,34681,0.02073203353941835,70.78162413838137,0.2719165859821025
2017-05-22,53.869998931884766,54.369998931884766,53.650001525878906,53.869998931884766,41324,0.004838087640318917,71.12490157284981,0.26206497933950074
2017-05-23,54.150001525878906,54.470001220703125,53.209999084472656,53.849998474121094,39671,0.005184284760944552,71.49459077524162,0.26037185847277033
2017-05-24,53.959999084472656,54.619998931884766,53.66999816894531,54.20000076293945,52627,-0.0035149872529647696,71.24372934565986,0.259682949890619
2017-05-25,51.459999084472656,54.65999984741211,51.029998779296875,53.90999984741211,72089,-0.047438225310227296,67.94296347490206,0.3100537454666173
2017-05-26,52.150001525878906,52.2599983215332,50.709999084472656,51.369998931884766,28004,0.013319421643654236,68.85397807863536,0.31241399880232434
2017-05-30,51.84000015258789,52.599998474121094,51.20000076293945,52.29999923706055,18705,-0.005962155718745412,68.44468129749656,0.31266950921280595
2017-05-31,50.310001373291016,51.75,49.83000183105469,51.66999816894531,545,-0.02995816318765017,66.42461419629487,0.3294327439764731
2017-06-01,50.33000183105469,50.33000183105469,50.33000183105469,50.33000183105469,43640,0.0003974653694390314,66.45102092764922,0.3215855152720048
2017-06-02,49.95000076293945,50.5099983215332,48.959999084472656,50.400001525878906,44207,-0.007578836800621678,65.94930310505471,0.3216250832390329
2017-06-05,49.470001220703125,50.72999954223633,49.04999923706055,49.959999084472656,38387,-0.009656070453384487,65.3155566622575,0.2733312291838293
2017-06-06,50.119998931884766,50.29999923706055,48.9900016784668,49.47999954223633,41397,0.01305365880146831,66.17375276671311,0.2723077467337017
2017-06-07,48.060001373291016,50.130001068115234,47.970001220703125,49.9900016784668,50234,-0.04196984983387563,63.45392491261285,0.309653912278292
2017-06-08,47.86000061035156,48.58000183105469,47.560001373291016,48.22999954223633,40901,-0.00417016364975324,63.18986263563843,0.3072043312533569
2017-06-09,48.150001525878906,48.540000915527344,47.439998626708984,47.90999984741211,29536,0.006041074701165813,63.5727526854229,0.2872911644030675
2017-06-12,48.290000915527344,49.119998931884766,48.0099983215332,48.18000030517578,28229,0.002903348910146703,63.75759476833429,0.28408752982572855
2017-06-13,48.720001220703125,48.810001373291016,47.880001068115234,48.27000045776367,26775,0.008865129612731145,64.32532690103015,0.28651069400274304
2017-06-14,47.0,48.68000030517578,46.77000045776367,48.18000030517578,44939,-0.035942046747065505,62.0543983702467,0.2985667079367378
2017-06-15,46.91999816894531,47.189998626708984,46.70000076293945,46.9900016784668,26749,-0.001703616949820546,61.94877144482933,0.2987080091791015
2017-06-16,47.369998931884766,47.599998474121094,46.81999969482422,46.84000015258789,19728,0.009545109627074302,62.54291030887953,0.29793540069027225
2017-06-19,46.90999984741211,47.75,46.77000045776367,47.29999923706055,19703,-0.009758225299725328,61.935570597436666,0.2959724361056089
2017-06-20,46.02000045776367,47.220001220703125,45.43000030517578,46.900001525878906,30670,-0.019154774533307883,60.76049875329793,0.28364528290445035
2017-06-21,44.81999969482422,46.61000061035156,44.36000061035156,45.84000015258789,40210,-0.02642163299041796,59.176130128020375,0.2874769480848967
2017-06-22,45.220001220703125,45.779998779296875,44.54999923706055,44.84000015258789,28351,0.008885032280723829,59.704254681969225,0.2900130840327868
2017-06-23,45.540000915527344,45.7400016784668,45.040000915527344,45.290000915527344,27319,0.007051586894814659,60.126752310500706,0.2946126386300653
2017-06-26,45.83000183105469,46.220001220703125,45.040000915527344,45.689998626708984,22998,0.006347857734821853,60.50964236028516,0.2610816036521073
2017-06-27,46.650001525878906,47.040000915527344,45.81999969482422,45.959999084472656,29887,0.017734021528217608,61.592293162968204,0.26550523089144074
2017-06-28,47.310001373291016,47.470001220703125,46.189998626708984,46.25,13352,0.014048758668116808,62.463695151385515,0.27380283300308206
2017-06-29,47.41999816894531,48.0,47.189998626708984,47.439998626708984,9980,0.0023223233531494292,62.608924618980865,0.2581558065302727
2017-06-30,47.91999816894531,48.20000076293945,47.47999954223633,47.47999954223633,23479,0.010488873572830532,63.26907779313243,0.2620762159009029
2017-07-03,49.68000030517578,49.70000076293945,48.540000915527344,48.88999938964844,17462,0.03606952817151694,65.59281978662457,0.2928821472505481
2017-07-05,47.790000915527344,49.88999938964844,47.279998779296875,49.599998474121094,40863,-0.038786012020686815,63.097441594182726,0.3207201360448135
2017-07-06,48.11000061035156,49.16999816894531,47.779998779296875,48.29999923706055,25556,0.0066736366505802626,63.51993922271419,0.3177839260642925
2017-07-07,46.709999084472656,47.9900016784668,46.279998779296875,47.97999954223633,28644,-0.029531813484172807,61.67150832046222,0.3004979540522891
2017-07-10,46.880001068115234,47.369998931884766,46.119998931884766,46.900001525878906,21447,0.0036329131390112797,61.895963018689635,0.3007930453499829
2017-07-11,47.52000045776367,48.16999816894531,46.29999923706055,47.02000045776367,22689,0.013559516634678477,62.74095827575259,0.30411512390080786
2017-07-12,47.7400016784668,48.75,47.349998474121094,48.209999084472656,31345,0.004618971381720108,63.03142728408137,0.30442399065001047
2017-07-13,48.41999816894531,48.529998779296875,47.18000030517578,47.650001525878906,22846,0.014143257624646107,63.92923096728398,0.3070178536612266
2017-07-14,48.90999984741211,49.08000183105469,48.15999984741211,48.400001525878906,22014,0.010068957737667309,64.57618329404288,0.27987704873674957
2017-07-17,48.41999816894531,49.25,48.310001373291016,49.060001373291016,17905,-0.01006895773766732,63.92923096728398,0.2827187929608888
2017-07-18,48.84000015258789,49.400001525878906,48.2400016784668,48.40999984741211,20301,0.008636738672914375,64.48376225258718,0.2824103813449372
2017-07-19,49.70000076293945,49.79999923706055,48.599998474121094,48.70000076293945,20340,0.017455296086733314,65.61922651797892,0.2845215932259708
2017-07-20,49.29999923706055,50.18000030517578,49.189998626708984,49.599998474121094,26566,-0.008080882880278398,65.09110196403005,0.2762444537517343
2017-07-21,48.060001373291016,49.63999938964844,47.810001373291016,49.27000045776367,27053,-0.025473806690365204,63.453924912612834,0.27497706274174266
2017-07-24,48.599998474121094,48.7599983215332,47.68000030517578,47.88999938964844,25408,0.011173240626928553,64.16688651290407,0.2756735447929092
2017-07-25,50.20000076293945,50.900001525878906,48.650001525878906,48.7400016784668,27529,0.03239154238591811,66.27937969213048,0.2932784456229057
2017-07-26,50.970001220703125,51.029998779296875,50.08000183105469,50.7599983215332,26137,0.015222206405712934,67.29601618471216,0.2955324019301588
2017-07-27,51.4900016784668,51.63999938964844,50.5099983215332,50.869998931884766,21851,0.010150398354574134,67.98257609021806,0.29258808455548807
2017-07-28,52.52000045776367,52.66999816894531,51.310001373291016,51.58000183105469,12631,0.01980641149461558,69.3424900172682,0.29557051712664106
2017-07-31,52.650001525878906,52.849998474121094,52.25,52.7599983215332,844,0.00247220941095678,69.51413125278692,0.29555402410054216
2017-08-01,52.630001068115234,52.630001068115234,52.630001068115234,52.630001068115234,33859,-0.0003799479010540397,69.48772452143258,0.2954005047011385
2017-08-02,52.36000061035156,52.41999816894531,51.189998626708984,51.56999969482422,34625,-0.005143366961957672,69.13124120300246,0.2735316470641341
2017-08-03,52.0099983215332,52.869998931884766,51.790000915527344,52.290000915527344,34779,-0.006706977185548888,68.66913095915496,0.23192996301307048
2017-08-04,52.41999816894531,52.52000045776367,51.439998626708984,51.90999984741211,26969,0.00785218745182108,69.21045636049648,0.23213510064037796
2017-08-07,52.369998931884766,52.560001373291016,51.369998931884766,52.380001068115234,29496,-0.0009542750689594095,69.14444205039513,0.19868840604055416
2017-08-08,52.13999938964844,52.72999954223633,51.81999969482422,52.2400016784668,24795,-0.004401491096498993,68.84077219467369,0.20154127522602014
2017-08-09,52.70000076293945,52.81999969482422,51.83000183105469,51.83000183105469,26143,0.010683073225004188,69.58014556288829,0.20025572146362652
2017-08-10,51.900001525878906,53.630001068115234,51.68000030517578,52.779998779296875,52899,-0.01529665045213924,68.52390149155958,0.21217086609802063
2017-08-11,52.099998474121094,52.27000045776367,51.310001373291016,51.91999816894531,25318,0.003846099899611077,68.787958731965,0.20892875740559658
2017-08-14,50.72999954223633,52.38999938964844,50.58000183105469,52.0099983215332,29797,-0.02664747691674916,66.97914044502905,0.23181782194189207
2017-08-15,50.79999923706055,51.099998474121094,50.029998779296875,50.650001525878906,35111,0.0013788970108743054,67.07156148648474,0.22782775441542144
2017-08-16,50.27000045776367,51.349998474121094,50.150001525878906,50.959999084472656,33911,-0.010487852755358617,66.37180073358617,0.23072341551786393
2017-08-17,51.029998779296875,51.11000061035156,49.9900016784668,50.380001068115234,43863,0.015005184344011352,67.37523134220618,0.22871913070134847
2017-08-18,52.720001220703125,52.95000076293945,50.779998779296875,50.86000061035156,41235,0.03258124219411564,69.60655229424262,0.25016869520210144
2017-08-21,51.65999984741211,52.900001525878906,51.290000915527344,52.900001525878906,33088,-0.020311128634712045,68.20702575187647,0.2432582322972849
2017-08-22,51.869998931884766,52.27000045776367,51.400001525878906,51.68000030517578,36291,0.00405678305715138,68.48428887624355,0.24165140447970024
2017-08-23,52.56999969482422,52.619998931884766,51.45000076293945,51.630001068115234,31540,0.013405041255074171,69.40850432736956,0.2206961950800247
2017-08-24,52.040000915527344,52.709999084472656,51.61000061035156,52.54999923706055,38326,-0.01013293778915831,68.70874357447099,0.2193143040911296
2017-08-25,52.40999984741211,52.790000915527344,51.91999816894531,52.20000076293945,32957,0.007084738665581249,69.19725551310381,0.21795367960389278
2017-08-28,51.88999938964844,53.15999984741211,51.52000045776367,52.66999816894531,23706,-0.009971328285411694,68.51069560759791,0.20955783864014388
2017-08-29,52.0,52.150001525878906,51.369998931884766,52.150001525878906,20366,0.0021176369641912845,68.6559301117623,0.2094964722367572
2017-08-30,50.86000061035156,52.02000045776367,50.630001068115234,51.880001068115234,20366,-0.022166946586833273,67.15078168054778,0.2224155463224166
2017-08-31,52.380001068115234,52.380001068115234,50.130001068115234,50.5099983215332,9938,0.02944808747663306,69.1576479343568,0.2465036157796488
2017-09-01,52.31999969482422,52.31999969482422,52.31999969482422,52.31999969482422,43495,-0.00114615815515438,69.07842774029376,0.2453419862519406
2017-09-05,53.380001068115234,53.650001525878906,51.97999954223633,52.79999923706055,24873,0.02005746266995725,70.47795428265992,0.25359100211899305
2017-09-06,54.20000076293945,54.29999923706055,53.09000015258789,53.18000030517578,30783,0.015244758535944026,71.56060508534296,0.2582924205699444
2017-09-07,54.4900016784668,54.66999816894531,53.88999938964844,54.08000183105469,34793,0.005336306876240245,71.94349513512742,0.2576265139927663
2017-09-08,53.779998779296875,54.86000061035156,53.560001373291016,54.540000915527344,28912,-0.013115601255583104,71.00607380003976,0.26080646683574
2017-09-11,53.84000015258789,54.11000061035156,53.040000915527344,53.75,30263,0.0011150600279400725,71.0852939941028,0.2540203014845125
2017-09-12,54.27000045776367,54.439998626708984,53.43000030517578,53.86000061035156,22720,0.007954908339672426,71.65302612679866,0.2548454288464672
2017-09-13,55.15999984741211,55.20000076293945,54.029998779296875,54.2599983215332,24868,0.01626645364857926,72.82809797093739,0.23691061396273858
2017-09-14,55.470001220703125,56.0,54.93000030517578,55.06999969482422,27549,0.00560430591486613,73.2373947520762,0.23677670659404085
2017-09-15,55.619998931884766,55.849998474121094,54.869998931884766,55.27000045776367,22004,0.0027004735283315344,73.43543768238025,0.23080936988255182
2017-09-18,55.47999954223633,55.939998626708984,54.81999969482422,55.529998779296875,23767,-0.0025202424063574366,73.25059559946887,0.22903855201598397
2017-09-19,55.13999938964844,55.880001068115234,54.88999938964844,55.45000076293945,19337,-0.006147192669137936,72.80169123958304,0.20626471404130955
2017-09-20,56.290000915527344,56.47999954223633,55.279998779296875,55.40999984741211,27031,0.02064152121388553,74.32004555475925,0.19875556514012452
2017-09-21,56.43000030517578,56.529998779296875,55.779998779296875,56.18000030517578,23549,0.0024840216486792925,74.50488763767062,0.19883326379799807
2017-09-22,56.86000061035156,56.900001525878906,56.22999954223633,56.5,18348,0.00759117956805055,75.07261977036649,0.1963776183821427
2017-09-25,59.02000045776367,59.220001220703125,56.70000076293945,56.88999938964844,23811,0.03728426031372966,77.92448128123847,0.22129893293374733
2017-09-26,58.439998626708984,59.4900016784668,57.779998779296875,59.20000076293945,28328,-0.009875813887533834,77.15870118166953,0.2279446076468993
2017-09-27,57.900001525878906,58.86000061035156,57.56999969482422,58.599998474121094,15305,-0.009283152450693069,76.44573958137829,0.22737979391363647
2017-09-28,57.40999984741211,58.619998931884766,56.849998474121094,57.66999816894531,7005,-0.008498909410960761,75.7987872546194,0.2321287033206314
2017-09-29,57.540000915527344,57.7599983215332,57.209999084472656,57.529998779296875,27369,0.002261872512864903,75.97042849013813,0.21094413048349733
2017-10-02,56.119998931884766,56.75,55.5099983215332,56.619998931884766,19371,-0.024988137832989744,74.0955908565318,0.21845258655646085
2017-10-03,56.0,56.38999938964844,55.689998626708984,56.08000183105469,21948,-0.002140545466408825,73.93715550497475,0.21873366375813863
2017-10-04,55.79999923706055,56.189998626708984,55.38999938964844,55.70000076293945,25898,-0.003577835020634081,73.67309322800033,0.21101990921156352
2017-10-05,57.0,57.2400016784668,55.70000076293945,55.77000045776367,32050,0.021277412120035092,75.25746185327789,0.21670879129121784
2017-10-06,55.619998931884766,57.27000045776367,55.13999938964844,56.97999954223633,33642,-0.02450843823252938,73.43543768238024,0.2354607907554151
2017-10-09,55.790000915527344,55.97999954223633,55.060001373291016,55.4900016784668,23056,0.0030518286656570216,73.65989238060766,0.22986224093052135
2017-10-10,56.61000061035156,56.90999984741211,55.689998626708984,55.70000076293945,21094,0.014591000562582283,74.7425431832907,0.23409647826691282
2017-10-11,56.939998626708984,57.09000015258789,56.15999984741211,56.540000915527344,21840,0.005812398901418748,75.17824165921485,0.23357169122320426
2017-10-12,56.25,56.81999969482422,55.880001068115234,56.65999984741211,22286,-0.012192016647149284,74.26723209205053,0.23291397014105614
2017-10-13,57.16999816894531,57.560001373291016,56.380001068115234,56.470001220703125,23433,0.016223212163106262,75.48191151493629,0.23843740274897682
2017-10-16,57.81999969482422,58.470001220703125,57.119998931884766,57.119998931884766,22799,0.01130547806253279,76.34011265596092,0.240862669155892
2017-10-17,57.880001068115234,58.349998474121094,57.18000030517578,57.84000015258789,31599,0.0010371889070750005,76.41933285002396,0.24036463326223556
2017-10-18,58.150001525878906,58.540000915527344,57.75,58.06999969482422,25606,0.0046539849878236075,76.77581616845409,0.2386483450566473
2017-10-19,57.22999954223633,58.279998779296875,57.040000915527344,58.20000076293945,29999,-0.015947676782722436,75.56113170899931,0.23731725175768767
2017-10-20,57.75,57.900001525878906,56.599998474121094,57.290000915527344,28185,0.009045120979558372,76.24769161450523,0.23899031188709705
2017-10-23,57.369998931884766,58.029998779296875,57.279998779296875,57.970001220703125,25947,-0.006601849406133422,75.74597379191073,0.23919112097769515
2017-10-24,58.33000183105469,58.47999954223633,57.029998779296875,57.36000061035156,32802,0.016595072161078975,77.01347171407417,0.20768194269134732
2017-10-25,58.439998626708984,58.72999954223633,57.86000061035156,58.459999084472656,26265,0.001883991226488213,77.15870118166954,0.20501362988749663
2017-10-26,59.29999923706055,59.54999923706055,58.040000915527344,58.47999954223633,26572,0.014608729754585053,78.29416544706127,0.20806560226349044
2017-10-27,60.439998626708984,60.65999984741211,58.81999969482422,59.4900016784668,15873,0.01904182154505818,79.7993138782758,0.2137875806294185
2017-10-30,60.900001525878906,61.0,60.15999984741211,60.650001525878906,14987,0.007582085088354185,80.40665862628768,0.21452196727691664
2017-10-31,61.369998931884766,61.380001068115234,60.54999923706055,60.869998931884766,1113,0.007687899225154184,81.02719918512322,0.1898179935734671
2017-11-01,61.290000915527344,61.290000915527344,61.290000915527344,61.290000915527344,30560,-0.0013043865612177993,80.92157729627486,0.18948462910154934
2017-11-02,60.619998931884766,60.81999969482422,60.040000915527344,60.439998626708984,27721,-0.010991858425462138,80.03696942389588,0.19502709813664965
2017-11-03,62.06999969482422,62.220001220703125,60.599998474121094,60.72999954223633,25695,0.023637921499114305,81.95141463624921,0.1978217171335538
2017-11-06,64.2699966430664,64.44000244140625,62.130001068115234,62.130001068115234,32269,0.0348301316425363,84.85608457326087,0.19664784886967365
2017-11-07,63.689998626708984,64.63999938964844,63.4900016784668,64.08999633789062,34317,-0.009065364330298151,84.09030951026094,0.2039663120230534
2017-11-08,63.4900016784668,64.63999938964844,62.95000076293945,63.630001068115234,41527,-0.003145103202091131,83.82625226985553,0.2041427344282538
2017-11-09,63.93000030517578,64.23999786376953,63.27000045776367,63.5,24929,0.006906299933158615,84.40718524994405,0.2042015707773831
2017-11-10,63.52000045776367,64.2699966430664,63.349998474121094,63.83000183105469,24446,-0.006433915406741011,83.86585984860253,0.1988138744570766
2017-11-13,63.15999984741211,63.72999954223633,62.619998931884766,63.619998931884766,29816,-0.005683637173940227,83.39054875736235,0.19880923468456246
2017-11-14,62.209999084472656,63.209999084472656,61.209999084472656,63.15999984741211,46259,-0.01515544316134171,82.1362567191606,0.20869248205801486
2017-11-15,61.869998931884766,62.119998931884766,61.310001373291016,61.5,27356,-0.0054803515311714285,81.68735235927478,0.2108655835303953
2017-11-16,61.36000061035156,62.150001525878906,61.25,61.869998931884766,28684,-0.008277225272973717,81.01399833773056,0.21444989661845798
2017-11-17,62.720001220703125,62.900001525878906,61.09000015258789,61.45000076293945,30936,0.021922228498833234,82.80961577727382,0.21339470340593242
2017-11-20,62.220001220703125,62.79999923706055,61.439998626708984,62.720001220703125,23428,-0.008003884416258801,82.14946260312227,0.21682549088527578
2017-11-21,62.56999969482422,62.84000015258789,62.040000915527344,62.130001068115234,30389,0.005609414044287737,82.61156781040077,0.21372566658400313
2017-11-22,63.31999969482422,63.40999984741211,62.630001068115234,62.709999084472656,29926,0.011915305060309446,83.6017975716281,0.21088302190553398
2017-11-24,63.86000061035156,63.95000076293945,62.88999938964844,63.22999954223633,21047,0.008491966651054762,84.31476420848836,0.21132548587798697
2017-11-27,63.84000015258789,63.97999954223633,63.099998474121094,63.849998474121094,22019,-0.0003132413125719601,84.288357477134,0.2083872166033085
2017-11-28,63.61000061035156,63.900001525878906,63.11000061035156,63.709999084472656,15235,-0.0036092552457876455,83.98468762141258,0.20178716937373758
2017-11-29,63.11000061035156,64.04000091552734,62.54999923706055,63.34000015258789,10166,-0.007891455018544935,83.32453444726102,0.2039213608540743
2017-11-30,63.56999969482422,64.19999694824219,63.20000076293945,63.34000015258789,2034,0.00726241088030981,83.93187415870389,0.20376913961298324
2017-12-01,63.4900016784668,63.4900016784668,63.4900016784668,63.4900016784668,28073,-0.0012592165286221444,83.82625226985554,0.2037608718147727
2017-12-04,62.45000076293945,63.63999938964844,62.31999969482422,63.4900016784668,27437,-0.01651619083067809,82.45313245884373,0.20892272952610455
2017-12-05,62.86000061035156,63.130001068115234,62.13999938964844,62.38999938964844,21380,0.006543792290727291,82.99445786018525,0.1938626983269849
2017-12-06,61.220001220703125,62.91999816894531,61.13999938964844,62.77000045776367,25263,-0.026436087622239087,80.82915625481917,0.17257061540418792
2017-12-07,62.20000076293945,62.25,61.15999984741211,61.2400016784668,19281,0.015881058554161782,82.12305587176795,0.18167280552012116
2017-12-08,63.400001525878906,63.630001068115234,61.939998626708984,61.939998626708984,28508,0.019108873499629198,83.7074244970455,0.19446407639384314
2017-12-11,64.69000244140625,64.91999816894531,62.9900016784668,63.34000015258789,44515,0.020142782285310027,85.41062089513306,0.20553569894584414
2017-12-12,63.34000015258789,65.81999969482422,63.09000015258789,64.73999786376953,55976,-0.021089624276458014,83.62820430298244,0.21773019957126333
2017-12-13,62.439998626708984,64.30999755859375,62.36000061035156,63.900001525878906,34080,-0.014310969866061844,82.43992657488204,0.22249922226967514
2017-12-14,63.310001373291016,63.5,62.02000045776367,62.84000015258789,29866,0.01383724259410809,83.58859672423544,0.22117616219822023
2017-12-15,63.22999954223633,63.66999816894531,63.08000183105469,63.41999816894531,21478,-0.0012644514167066542,83.48296979881806,0.22013920779212037
2017-12-18,63.40999984741211,63.90999984741211,63.0,63.31999969482422,20560,0.002842710474708495,83.72062534443815,0.2175672297606628
2017-12-19,63.79999923706055,63.90999984741211,63.29999923706055,63.439998626708984,22157,0.006131603086874659,84.23554401442532,0.20549202077113574
2017-12-20,64.55999755859375,64.5999984741211,63.68000030517578,63.849998474121094,26006,0.011841807753165146,85.23897462304532,0.20626140927967643
2017-12-21,64.9000015258789,64.91999816894531,64.19000244140625,64.4800033569336,17911,0.005252661075664623,85.68788401950016,0.2061811619621397
2017-12-22,65.25,65.27999877929688,64.38999938964844,64.5999984741211,14337,0.005378398981527463,86.14998922677863,0.2033406926689741
2017-12-26,67.0199966430664,67.08000183105469,65.01000213623047,65.06999969482422,9850,0.026764986017825648,88.48692703109442,0.2204683306832516
2017-12-27,66.44000244140625,66.94000244140625,66.05000305175781,66.72000122070312,11890,-0.008691710729504734,87.72115700466352,0.22360769468182462
2017-12-28,66.72000122070312,66.77999877929688,66.29000091552734,66.41999816894531,2057,0.004205454855277508,88.0908411704863,0.22281856830000782
2017-12-29,66.5999984741211,66.5999984741211,66.5999984741211,66.5999984741211,12234,-0.0018002217111527802,87.93240078236025,0.22030231388907476
2018-01-02,66.56999969482422,67.27999877929688,66.2300033569336,66.41999816894531,24294,-0.0004505336069201585,87.89279320361322,0.21984903545650944
2018-01-03,67.83999633789062,68.01000213623047,66.4000015258789,66.48999786376953,25878,0.01889791647375279,89.56957783377746,0.2268353930059289
2018-01-04,68.06999969482422,68.26000213623047,67.52999877929688,68.0,22840,0.003384645474514864,89.8732527260679,0.21527040060803299
2018-01-05,67.62000274658203,68.08999633789062,67.2699966430664,68.05999755859375,18290,-0.00663274507896233,89.27911889858672,0.21820736234307112
2018-01-08,67.77999877929688,67.9800033569336,67.44999694824219,67.81999969482422,17704,0.0023633102714878816,89.49036267628343,0.18936433163428606
2018-01-09,68.81999969482422,69.19999694824219,67.69000244140625,67.93000030517578,25548,0.015227247765807283,90.86348248729524,0.18889729240439515
2018-01-10,69.19999694824219,69.36000061035156,68.75,69.16999816894531,21538,0.005506422588147696,91.36519527332074,0.18166790026527097
2018-01-11,69.26000213623047,70.02999877929688,69.0,69.08000183105469,33268,0.0008667512948383967,91.4444205039528,0.17234375830806087
2018-01-12,69.87000274658203,69.91999816894531,68.61000061035156,69.12999725341797,23032,0.008768842056333834,92.24980818226874,0.14861484272047365
2018-01-16,69.1500015258789,70.37000274658203,68.83999633789062,69.91000366210938,33284,-0.010358331697264843,91.2991859997884,0.14276900877267168
2018-01-17,69.37999725341797,69.58999633789062,68.54000091552734,69.38999938964844,20500,0.00332052177710048,91.60285081894082,0.13903667612331458
2018-01-18,69.30999755859375,69.66000366210938,68.80000305175781,69.43000030517578,20117,-0.00100944124863618,91.51042977748514,0.13890944872935554
2018-01-19,68.61000061035156,69.1500015258789,68.2699966430664,69.13999938964844,22077,-0.010150855106692438,90.58621936292816,0.1477245701011062
2018-01-22,69.02999877929688,69.51000213623047,68.38999938964844,68.77999877929688,23250,0.00610286943296717,91.14074561166234,0.14771877446524656
2018-01-23,69.95999908447266,70.23999786376953,69.12000274658203,69.25,23749,0.013382462032238213,92.36863091850977,0.14887380481750595
2018-01-24,70.52999877929688,70.91000366210938,69.54000091552734,69.87999725341797,23732,0.008114496848553532,93.12120513411702,0.14954811568686927
2018-01-25,70.41999816894531,71.26000213623047,69.97000122070312,70.70999908447266,24111,-0.0015608461875212208,92.97597062995263,0.15064758966731706
2018-01-26,70.5199966430664,70.83000183105469,69.83999633789062,70.0999984741211,30361,0.001419022202099801,93.10799925015533,0.12501047256909084
2018-01-29,69.45999908447266,70.63999938964844,69.08000183105469,70.5199966430664,17623,-0.01514527579180667,91.7084777443582,0.13392220287789447
2018-01-30,69.0199966430664,69.5199966430664,68.41999816894531,69.5199966430664,12571,-0.006354765102544165,91.12753972770066,0.13681203855278434
2018-01-31,69.05000305175781,69.06999969482422,68.30000305175781,68.37999725341797,1494,0.0004346550189056237,91.16715737958572,0.13632751562295478
2018-02-01,69.08000183105469,69.08000183105469,69.08000183105469,69.08000183105469,29317,0.0004343557331221614,91.20676495833273,0.13618436002161788
2018-02-02,68.58000183105469,70.01000213623047,67.95999908447266,69.75,27547,-0.007264306050452695,90.54661178418117,0.1243483373768797
2018-02-05,67.62000274658203,68.45999908447266,67.0,68.19999694824219,32399,-0.01409713583668361,89.27911889858674,0.1336651749347179
2018-02-06,66.86000061035156,67.58999633789062,66.55000305175781,66.98999786376953,32169,-0.011302947776881253,88.27568325339772,0.13737371962752415
2018-02-07,65.51000213623047,67.72000122070312,65.16000366210938,67.2300033569336,56412,-0.020398054767740818,86.49327169781611,0.15304969275673752
2018-02-08,64.80999755859375,65.58999633789062,64.11000061035156,65.44000244140625,37936,-0.010742960583596767,85.5690512101211,0.14314530892093302
2018-02-09,62.790000915527344,64.62999725341797,61.77000045776367,64.37999725341797,34853,-0.03166403506261424,82.90203681872953,0.17098140348520952
2018-02-12,62.59000015258789,64.41000366210938,62.560001373291016,62.63999938964844,33192,-0.0031903163322948877,82.6379745417551,0.16991263135518547
2018-02-13,62.720001220703125,63.099998474121094,61.7599983215332,62.7400016784668,38693,0.0020748721303877004,82.80961577727385,0.16466754441593717
2018-02-14,64.36000061035156,64.55999755859375,61.959999084472656,62.470001220703125,40865,0.025811936102688185,84.97491738263993,0.19508739982708478
2018-02-15,64.33000183105469,65.0999984741211,63.119998931884766,64.31999969482422,36176,-0.000466217721208092,84.93530980389292,0.19387651235721975
2018-02-16,64.83999633789062,65.19999694824219,64.19000244140625,64.41000366210938,27034,0.007896526501930536,85.60865878886813,0.197790301233806
2018-02-20,65.25,65.83000183105469,64.77999877929688,64.86000061035156,34029,0.00630340581449902,86.14998922677867,0.19868877232886367
2018-02-21,65.41999816894531,65.52999877929688,64.4000015258789,65.11000061035156,26015,0.0026019479182159775,86.37443888843708,0.19716729912955244
2018-02-22,66.38999938964844,66.55000305175781,64.63999938964844,65.01000213623047,29052,0.014718439416622934,87.65513765799318,0.19857748056039856
2018-02-23,67.30999755859375,67.37000274658203,65.80000305175781,66.25,20948,0.013762344213901347,88.8698170808789,0.20328718101321894
2018-02-26,67.5,67.9000015258789,66.73999786376953,67.30000305175781,20385,0.002818820126940848,89.12067851046068,0.20403230048026905
2018-02-27,66.62999725341797,67.62999725341797,66.37000274658203,67.55999755859375,9005,-0.01297271252544142,87.97200836110727,0.207047391103002
2018-02-28,65.77999877929688,66.87999725341797,65.54000091552734,66.33000183105469,1241,-0.012839063149491679,86.84974997967723,0.20544898053909233
2018-03-01,65.70999908447266,65.70999908447266,65.70999908447266,65.70999908447266,44819,-0.001064715226621099,86.75732893822152,0.2050451367547045
2018-03-02,64.37000274658203,64.68000030517578,63.20000076293945,64.23999786376953,39587,-0.02060337824374035,84.9881232666016,0.2142044750668318
2018-03-05,65.54000091552734,65.87000274658203,64.0999984741211,64.69000244140625,31209,0.018012928506464795,86.53287927656311,0.22641666721478984
2018-03-06,65.79000091552734,66.1500015258789,65.30999755859375,65.58999633789062,24251,0.003807207774156173,86.86295586363889,0.22673241185459939
2018-03-07,64.33999633789062,65.77999877929688,63.84000015258789,65.43000030517578,36313,-0.022286400121013766,84.94850561471654,0.23390900530903855
2018-03-08,63.61000061035156,64.55000305175781,63.43000030517578,64.55000305175781,44008,-0.011410764606870223,83.98468762141256,0.2339611914345969
2018-03-09,65.48999786376953,65.62000274658203,63.70000076293945,63.849998474121094,33619,0.02912672632484913,86.46685992989272,0.24834333035170658
2018-03-12,64.94999694824219,65.83000183105469,64.18000030517578,65.54000091552734,19165,-0.008279730480432094,85.75389329303246,0.24714625313087935
2018-03-13,64.63999938964844,65.66000366210938,64.04000091552734,64.91999816894531,34247,-0.004784291359824074,85.34460154846268,0.21962163592506656
2018-03-14,64.88999938964844,65.19000244140625,64.06999969482422,64.66999816894531,29439,0.0038601144566154,85.67467813553846,0.2191293380939948
2018-03-15,65.12000274658203,65.38999938964844,64.61000061035156,64.8499984741211,22542,0.003538244644391206,85.97835302782892,0.21921794438125017
2018-03-16,66.20999908447266,66.41999816894531,64.88999938964844,65.05000305175781,29187,0.01659973123759865,87.41748211237305,0.2085613166103778
2018-03-19,66.05000305175781,66.3499984741211,65.38999938964844,66.12000274658203,28050,-0.002419417937040103,87.20623833467633,0.20888507052617705
2018-03-20,67.41999816894531,67.88999938964844,66.16999816894531,66.19999694824219,35782,0.02052960547490465,89.01505158504325,0.21831626900571136
2018-03-21,69.47000122070312,69.8499984741211,67.47000122070312,67.55999755859375,43370,0.02995333962945829,91.72168362831987,0.23879522966293942
2018-03-22,68.91000366210938,69.91000366210938,68.58000183105469,69.7699966430664,37699,-0.008093663763966556,90.98231529667429,0.24186556836660372
2018-03-23,70.44999694824219,70.56999969482422,68.80000305175781,68.9000015258789,49285,0.02210183651413986,93.01557820869962,0.2478531345305742
2018-03-26,70.12000274658203,71.05000305175781,69.66999816894531,70.63999938964844,28882,-0.004695095803850353,92.5798847693445,0.24583072517318696
2018-03-27,70.11000061035156,71.02999877929688,69.45999908447266,70.20999908447266,15583,-0.00014265329826704284,92.56667888538283,0.24591252499037158
2018-03-28,69.52999877929688,70.25,68.77999877929688,69.68000030517578,16988,-0.008307149370073041,91.80089878581389,0.2428920495797712
2018-03-29,70.2699966430664,70.43000030517578,69.12999725341797,69.80999755859375,37805,0.010586620877743185,92.77792266307954,0.23833764762347784
2018-04-02,67.63999938964844,70.02999877929688,67.4800033569336,69.41999816894531,25064,-0.03814540242532462,89.30552059337202,0.2779164498279277
2018-04-03,68.12000274658203,68.41999816894531,67.58999633789062,67.6500015258789,22815,0.007071381107396927,89.93927207273826,0.2666421110793361
2018-04-04,68.0199966430664,68.2699966430664,66.69999694824219,68.13999938964844,39674,-0.001469165887353392,89.80723337939752,0.26102294849905217
2018-04-05,68.33000183105469,68.91999816894531,67.7300033569336,68.3499984741211,28888,0.004547205363023069,90.21653519710536,0.26110834190851007
2018-04-06,67.11000061035156,68.62000274658203,66.86000061035156,68.58999633789062,30749,-0.018015862324975044,88.60575984047347,0.2565226719891809
2018-04-09,68.6500015258789,68.80000305175781,67.02999877929688,67.02999877929688,23967,0.022688081175971132,90.63903282563683,0.2612024212592759
2018-04-10,71.04000091552734,71.31999969482422,68.4800033569336,68.55999755859375,45123,0.03422195713049319,93.79456419223025,0.26797740820694527
2018-04-11,72.05999755859375,73.08000183105469,70.55999755859375,71.02999877929688,50064,0.014255959868354675,95.14127223531871,0.2664663356540052
2018-04-12,72.0199966430664,72.45999908447266,71.08999633789062,71.93000030517578,38029,-0.0005552598301620498,95.08845877261002,0.2649186173831304
2018-04-13,72.58000183105469,72.86000061035156,71.61000061035156,72.16999816894531,36895,0.007745615403414898,95.82783717739363,0.26502249941617295
2018-04-16,71.41999816894531,72.87999725341797,71.12999725341797,72.62000274658203,33532,-0.01611151048455295,94.29627697825575,0.27524364509115234
2018-04-17,71.58000183105469,71.87999725341797,70.83000183105469,71.5999984741211,36784,0.0022378143899543564,94.50753082909048,0.27169464765280543
2018-04-18,73.4800033569336,73.91999816894531,71.6500015258789,71.7699966430664,34300,0.026197575113506785,97.01611490549404,0.2814647418535232
2018-04-19,73.77999877929688,74.73999786376953,73.45999908447266,73.76000213623047,37579,0.004074369591431853,97.41220076610216,0.2757963469388701
2018-04-20,74.05999755859375,74.19999694824219,72.83000183105469,74.0,32478,0.0037878668968654946,97.78188493192495,0.2595367654662725
2018-04-23,74.70999908447266,75.11000061035156,73.12999725341797,73.87999725341797,41835,0.008738397213076579,98.6400860729496,0.25697036885473906
2018-04-24,73.86000061035156,75.45999908447266,73.69999694824219,74.9000015258789,46897,-0.011442522045249749,97.51782769151954,0.2531923166229874
2018-04-25,74.0,74.18000030517578,73.18000030517578,73.94999694824219,38845,0.0018936755161246424,97.70266977443094,0.25194047884029647
2018-04-26,74.73999786376953,74.94999694824219,74.05999755859375,74.06999969482422,26826,0.00995030227100992,98.6796936516966,0.2529977146403284
2018-04-27,74.63999938964844,75.01000213623047,74.37999725341797,74.70999908447266,15535,-0.0013388471133630318,98.54766503149389,0.2501940003635114
2018-04-30,75.16999816894531,75.36000061035156,73.55000305175781,74.37999725341797,1630,0.0070756424687114265,99.24742578439245,0.2492129281939826
2018-05-01,75.16999816894531,75.16999816894531,75.16999816894531,75.16999816894531,39208,0.0,99.24742578439245,0.19953597096539438
2018-05-02,73.36000061035156,73.62000274658203,72.37000274658203,73.20999908447266,34769,-0.024373354562368353,96.85767451736797,0.22373944093143003
2018-05-03,73.62000274658203,74.08000183105469,72.4800033569336,73.13999938964844,35839,0.0035379289902672437,97.20095698840542,0.22300119564098
2018-05-04,74.87000274658203,75.05000305175781,73.25,73.76000213623047,30457,0.01683654766884664,98.85133992378434,0.22755960293129868
2018-05-07,76.16999816894531,76.33000183105469,74.8499984741211,74.9800033569336,21266,0.01721434741836949,100.56773213269557,0.21637616512642868
2018-05-08,74.8499984741211,76.18000030517578,73.0999984741211,75.66000366210938,50813,-0.01748156986582983,98.82492815586097,0.22207997156021475
2018-05-09,77.20999908447266,77.41000366210938,75.86000061035156,75.86000061035156,34902,0.031042879983284342,101.94085194370737,0.21686178016051832
2018-05-10,77.47000122070312,77.97000122070312,76.5,77.29000091552734,32445,0.0033618099378208057,102.28413441474483,0.2136077963685958
2018-05-11,77.12000274658203,77.58999633789062,76.94999694824219,77.41000366210938,25651,-0.004528094484235574,101.82202920746634,0.21498465544830428
2018-05-14,78.2300033569336,78.5199966430664,76.54000091552734,77.08999633789062,29917,0.014290562691382748,103.28757005993386,0.21788204522023902
2018-05-15,78.43000030517578,79.44999694824219,77.9000015258789,78.52999877929688,41100,0.0025532625075684705,103.55162730033925,0.20590280644828793
2018-05-16,79.27999877929688,79.33000183105469,77.62999725341797,78.12999725341797,31226,0.010779363508732633,104.67388568176929,0.20686581513272223
2018-05-17,79.30000305175781,80.5,79.12000274658203,79.23999786376953,38385,0.0002522925001395829,104.70029744969264,0.19215574334963942
2018-05-18,78.51000213623047,79.86000061035156,78.33000183105469,79.51000213623047,30828,-0.010012134704682069,103.65725422575662,0.19785640196307813
2018-05-21,79.22000122070312,79.58999633789062,78.11000061035156,78.52999877929688,19520,0.009002775182973044,104.59467052427529,0.19895333412196314
2018-05-22,79.56999969482422,80.48999786376953,79.16999816894531,79.48999786376953,29522,0.004408325951333852,105.05677573155377,0.1979997021365663
2018-05-23,79.80000305175781,79.8499984741211,78.2300033569336,79.48999786376953,30786,0.0028864091442101646,105.36045062384423,0.1909247644171054
2018-05-24,78.79000091552734,79.83999633789062,78.56999969482422,79.70999908447266,25431,-0.012737445820902924,104.02693839157942,0.19920088848504625
2018-05-25,76.44000244140625,78.86000061035156,76.0,78.86000061035156,42387,-0.0302799455665095,100.9242204876947,0.2281292771809763
2018-05-29,75.38999938964844,76.18000030517578,74.51000213623047,75.5,19800,-0.013831519183240644,99.5378947927212,0.23382562421863395
2018-05-30,77.5,77.72000122070312,74.87999725341797,75.4000015258789,9673,0.027603304231612953,102.32374199349184,0.2512866206851554
2018-05-31,77.58999633789062,78.72000122070312,77.08000183105469,77.54000091552734,1039,0.0011605693483421066,102.44256472973288,0.2512341857637963
2018-06-01,77.58999633789062,77.58999633789062,77.58999633789062,77.58999633789062,35684,0.0,102.44256472973288,0.23313141466787657
2018-06-04,75.29000091552734,76.93000030517578,75.19999694824219,76.61000061035156,31642,-0.030091169685600033,99.40586617251851,0.2592012840897363
2018-06-05,75.37999725341797,75.7300033569336,73.81999969482422,75.5199966430664,43436,0.00119461538046315,99.52468890875954,0.2527959661314883
2018-06-06,75.36000061035156,76.26000213623047,74.47000122070312,75.08999633789062,37262,-0.0002653130352539455,99.49828721397421,0.24521817770542947
2018-06-07,77.31999969482422,77.37000274658203,75.41999816894531,75.91000366210938,36710,0.025676012025958605,102.08608644787176,0.2530298520497537
2018-06-08,76.45999908447266,77.58000183105469,76.13999938964844,77.26000213623047,21902,-0.011184934098882972,100.95062218248006,0.23245119258820543
2018-06-11,76.45999908447266,76.81999969482422,75.52999877929688,76.38999938964844,22516,0.0,100.95062218248006,0.2320452435327834
2018-06-12,75.87999725341797,77.06999969482422,75.44999694824219,76.44999694824219,26330,-0.0076146074239047574,100.1848420829111,0.23294399357568
2018-06-13,76.73999786376953,76.87000274658203,75.19999694824219,75.4800033569336,30468,0.01126994811113388,101.32030634830285,0.23070727713605566
2018-06-14,75.94000244140625,76.91000366210938,75.7699966430664,76.55000305175781,24181,-0.010479470028754115,100.26406731354317,0.23264731229397168
2018-06-15,73.44000244140625,76.91000366210938,73.06999969482422,76.55000305175781,30144,-0.033474807397019496,96.96330144278535,0.25276753676694386
2018-06-18,75.33999633789062,75.54000091552734,72.44000244140625,73.05000305175781,31861,0.025542374100340357,99.47187544605084,0.27212023668326135
2018-06-19,75.08000183105469,75.52999877929688,74.44999694824219,75.41999816894531,33282,-0.0034569175497676454,99.12860304815143,0.27076580182907134
2018-06-20,74.73999786376953,75.8499984741211,74.11000061035156,75.0199966430664,47160,-0.004538840631176701,98.67969365169658,0.2677994105446612
2018-06-21,73.05000305175781,74.68000030517578,72.94000244140625,74.36000061035156,49077,-0.022871215502184482,96.44838277279817,0.2751553805734836
2018-06-22,75.55000305175781,75.80999755859375,73.18000030517578,73.37000274658203,59882,0.033650549139634896,99.74914864355597,0.3040748571642512
2018-06-25,74.7300033569336,75.12999725341797,73.73999786376953,75.06999969482422,41565,-0.010913066249602782,98.66649784087294,0.30337382625865805
2018-06-26,76.30999755859375,76.69999694824219,74.12999725341797,74.75,41470,0.020922296445246357,100.75257421560696,0.296101665849222
2018-06-27,77.62000274658203,78.16999816894531,76.27999877929688,76.4800033569336,24472,0.017021202017464463,102.48218238161793,0.29733491883950397
2018-06-28,77.8499984741211,78.4000015258789,77.11000061035156,77.51000213623047,14662,0.0029587173540261613,102.78584720077033,0.2818076472914747
2018-06-29,79.44000244140625,79.69999694824219,77.7699966430664,77.7699966430664,37117,0.020218171789859518,104.88513953260407,0.2902209071000127
2018-07-02,77.30000305175781,78.93000030517578,77.18000030517578,78.9000015258789,30859,-0.027308055396845818,102.05968475308644,0.30651117939724165
2018-07-03,77.76000213623047,78.55999755859375,76.68000030517578,77.41999816894531,22785,0.005933192551504872,102.6670244645293,0.2869962518185535
2018-07-05,77.38999938964844,78.48999786376953,77.30999755859375,78.11000061035156,27678,-0.004769622228613259,102.17850748932746,0.2878284115986624
2018-07-06,77.11000061035156,77.69999694824219,76.37000274658203,77.58000183105469,25487,-0.0036245836354643884,101.80882332350467,0.2882865798848883
2018-07-09,78.06999969482422,78.30999755859375,77.06999969482422,77.23999786376953,14925,0.012372874462992286,103.07631620909909,0.2774737845952712
2018-07-10,78.86000061035156,79.5,78.20999908447266,78.25,19767,0.01006827996596847,104.11935943303511,0.27599901870731036
2018-07-11,73.4000015258789,78.88999938964844,73.04000091552734,78.83000183105469,48913,-0.07175017978015552,96.91048798007664,0.37498475612988946
2018-07-12,74.44999694824219,75.12999725341797,72.68000030517578,73.77999877929688,46443,0.014203761730303757,98.29680360191209,0.3784293192139674
2018-07-13,75.33000183105469,75.91999816894531,73.2300033569336,74.33000183105469,27308,0.011750768005399823,99.45867963522718,0.378627858697902
2018-07-16,71.83999633789062,75.37000274658203,71.52999877929688,75.0,27134,-0.047437113126681335,94.85080322698991,0.41071510777912895
2018-07-17,72.16000366210938,72.77999877929688,71.36000061035156,71.9000015258789,28197,0.004444553486186912,95.27331092865944,0.39557491563103586
2018-07-18,72.9000015258789,73.2699966430664,71.19999694824219,71.63999938964844,25625,0.010202733441516088,96.25033480592509,0.38614230282507944
2018-07-19,72.58000183105469,73.80000305175781,71.83000183105469,72.9800033569336,31672,-0.004399232932722962,95.82783717739362,0.3862141823517624
2018-07-20,73.06999969482422,73.47000122070312,72.29000091552734,72.58999633789062,24861,0.006728454613628449,96.4747844675835,0.38710974695839584
2018-07-23,73.05999755859375,74.48999786376953,72.52999877929688,72.91999816894531,29479,-0.000136893675960915,96.46157858362182,0.3789057985573632
2018-07-24,73.44000244140625,74.01000213623047,72.68000030517578,73.0,21747,0.005187791605103308,96.96330144278534,0.3593877803792721
2018-07-25,73.93000030517578,74.30000305175781,73.08000183105469,73.66000366210938,25329,0.0066499241411268626,97.61024873297522,0.3586475723631128
2018-07-26,74.54000091552734,74.81999969482422,73.77999877929688,74.3499984741211,26293,0.008217202636564766,98.41563641129116,0.35171346769154593
2018-07-27,74.29000091552734,74.8499984741211,73.83000183105469,74.47000122070312,15109,-0.0033595408460649974,98.08555982421538,0.3455009470332271
2018-07-30,74.97000122070312,75.2699966430664,74.1500015258789,74.3499984741211,9053,0.009111684310114918,98.98336854398703,0.3472862448906579
2018-07-31,74.25,75.0999984741211,74.18000030517578,74.88999938964844,1463,-0.0096502721147163,98.0327463615067,0.3387391532878693
2018-08-01,74.25,74.25,74.25,74.25,23660,0.0,98.0327463615067,0.327283727235192
2018-08-02,73.44999694824219,73.73999786376953,71.83999633789062,72.5999984741211,21038,-0.010832916611702447,96.97649725360898,0.3273700196832301
2018-08-03,73.20999908447266,73.7300033569336,72.4800033569336,73.44000244140625,15946,-0.003272849918051039,96.65962655049488,0.32729272719259944
2018-08-06,73.75,74.45999908447266,73.13999938964844,73.29000091552734,20253,0.007348984066873682,97.37259318735512,0.32908116836779816
2018-08-07,74.6500015258789,74.9000015258789,73.5999984741211,73.66000366210938,18289,0.012129549205710702,98.56087091545554,0.32894718293984127
2018-08-08,72.27999877929688,74.86000061035156,71.66000366210938,74.52999877929688,23735,-0.032263095590144786,95.43174124364745,0.341604672834443
2018-08-09,72.06999969482422,72.87999725341797,71.8499984741211,72.12999725341797,15939,-0.0029095841335811537,95.15447811928036,0.237252006539177
2018-08-10,72.80999755859375,73.13999938964844,71.41000366210938,72.0,16195,0.010215410173510936,96.13150199654602,0.23444468548142267
2018-08-13,72.61000061035156,73.08999633789062,71.04000091552734,72.98999786376953,17644,-0.0027506130773810645,95.86744475614061,0.22979564697237906
2018-08-14,72.45999908447266,73.93000030517578,72.0999984741211,72.87999725341797,20737,-0.002067988966047131,95.66939678926754,0.15897663314163052
2018-08-15,70.76000213623047,72.44000244140625,70.30000305175781,72.16999816894531,25245,-0.023740773350609572,93.42488002640744,0.17871858765563098
2018-08-16,71.43000030517578,71.51000213623047,70.4000015258789,70.7699966430664,18403,0.009424053957869303,94.3094828622174,0.17812663240250562
2018-08-17,71.83000183105469,72.4800033569336,71.2699966430664,71.3499984741211,15051,0.005584288138956603,94.83760741616625,0.17905979812925918
2018-08-20,72.20999908447266,72.73999786376953,71.44999694824219,71.77999877929688,18514,0.005276286206198882,95.33932020219173,0.17839111718831274
2018-08-21,72.62999725341797,72.94999694824219,72.05999755859375,72.12999725341797,15578,0.005799494017581991,95.89384645092592,0.17975021499873095
2018-08-22,74.77999877929688,74.98999786376953,72.68000030517578,72.75,19801,0.02917243142304816,98.73250711440524,0.206200776111204
2018-08-23,74.7300033569336,74.88999938964844,74.20999908447266,74.88999938964844,14222,-0.0006687903620150069,98.6664978408729,0.2051679029374021
2018-08-24,75.81999969482422,76.4000015258789,74.69999694824219,74.73999786376953,19745,0.014480443200157673,100.10562692541703,0.20923829612738118
2018-08-27,76.20999908447266,76.3499984741211,75.4000015258789,75.61000061035156,9993,0.005130569601623007,100.62054559540421,0.2091731500368123
2018-08-28,75.94999694824219,76.95999908447266,75.7300033569336,76.29000091552734,17281,-0.003417486804169961,100.27726312436675,0.20771116348156393
2018-08-29,77.13999938964844,77.41999816894531,75.69999694824219,75.91000366210938,8895,0.015546756007185997,101.84843090225164,0.21033863006377604
2018-08-30,77.7699966430664,78.0,77.20999908447266,77.30999755859375,9125,0.008133764674135782,102.68022027535292,0.21133750162761872
2018-08-31,77.41999816894531,77.79000091552734,77.0999984741211,77.5,17690,-0.00451058804338391,102.21811506807444,0.20752317395892647
2018-09-04,78.16999816894531,79.70999908447266,77.45999908447266,78.19000244140625,36059,0.009640797309655152,103.20834482930177,0.20781294046631707
2018-09-05,77.2699966430664,78.05999755859375,76.91999816894531,77.88999938964844,27811,-0.011580180306942843,102.02006710120135,0.2132356888842317
2018-09-06,76.5,77.75,75.63999938964844,77.13999938964844,31739,-0.010014997668798088,101.00343564518867,0.21406589199819828
2018-09-07,76.83000183105469,77.08000183105469,75.88999938964844,76.58000183105469,17798,0.004304471879601385,101.43913915768184,0.17625465332852652
2018-09-10,77.37000274658203,77.91000366210938,76.8499984741211,76.8499984741211,23036,0.007003931348586209,102.15210579454208,0.17547627965735485
2018-09-11,79.05999755859375,79.5199966430664,77.36000061035156,77.36000061035156,29921,0.02160788292743799,104.3834166734405,0.1852350450804918
2018-09-12,79.73999786376953,80.11000061035156,78.75,79.47000122070312,29906,0.008564288175144456,105.28122539321213,0.18424401986435246
2018-09-13,78.18000030517578,79.7699966430664,77.87000274658203,79.7699966430664,28501,-0.019757450894949784,103.22155071326343,0.2015218547291376
2018-09-14,78.08999633789062,78.93000030517578,77.37999725341797,78.36000061035156,24296,-0.0011519034897375137,103.10271790388437,0.17652312911719092
2018-09-17,78.05000305175781,78.88999938964844,77.7300033569336,78.06999969482422,21749,-0.0005122747170968389,103.04991451431371,0.17652401448396823
2018-09-18,79.02999877929688,79.72000122070312,77.5,77.88999938964844,22637,0.012477825709334747,104.34380909469346,0.1787956408867309
2018-09-19,79.4000015258789,79.5,78.5199966430664,78.86000061035156,19118,0.0046708756998971816,104.8323260698953,0.17877690293741225
2018-09-20,78.69999694824219,79.81999969482422,78.5199966430664,79.33000183105469,22855,-0.008855270824452026,103.90810558220029,0.18456924692884047
2018-09-21,78.80000305175781,80.12000274658203,78.23999786376953,78.69999694824219,36594,0.0012699189454674546,104.04014427554105,0.15994851232247986
2018-09-24,81.19999694824219,81.4800033569336,79.0999984741211,79.0999984741211,21939,0.03000217399268361,107.20887145295809,0.1855475587224759
2018-09-25,81.87000274658203,82.54000091552734,81.16999816894531,81.44999694824219,30081,0.008217447352037856,108.0934843619061,0.182310812569282
2018-09-26,81.33999633789062,82.19000244140625,81.12000274658203,81.51000213623047,17271,-0.006494801479612178,107.39371353586951,0.1855450307644594
2018-09-27,81.72000122070312,82.41999816894531,81.33999633789062,81.80999755859375,14317,0.004660929430218396,107.89543639503304,0.18407293580497217
2018-09-28,82.72000122070312,82.8499984741211,81.54000091552734,81.54000091552734,38868,0.012162640630117013,109.21574274333616,0.18163646729200053
2018-10-01,84.9800033569336,85.44000244140625,82.55999755859375,82.91999816894531,34024,0.026954548672127654,112.19963791097986,0.19880357417378472
2018-10-02,84.80000305175781,85.37000274658203,84.31999969482422,85.05999755859375,25338,-0.002120395403729022,111.96198236535979,0.19764977517499457
2018-10-03,86.29000091552734,86.72000122070312,84.01000213623047,84.70999908447266,31424,0.017418148344538587,113.92923600385278,0.20206685737803412
2018-10-04,84.58000183105469,86.41999816894531,84.1500015258789,86.12999725341797,35552,-0.020015873436972694,111.67151335703103,0.21247840291683728
2018-10-05,84.16000366210938,85.11000061035156,83.91999816894531,84.70999908447266,27778,-0.004978061190076832,111.11698710829683,0.20888740887275672
2018-10-08,83.91000366210938,84.30999755859375,82.66000366210938,84.11000061035156,31603,-0.0029749529777778143,110.78691052122107,0.21050846402880113
2018-10-09,85.0,85.44000244140625,83.72000122070312,83.7699966430664,39232,0.012906416965038432,112.22603960576521,0.21248366149391715
2018-10-10,83.08999633789062,85.16000366210938,82.27999877929688,84.87999725341797,31715,-0.02272694288743602,109.70424964539998,0.2227079457455973
2018-10-11,80.26000213623047,82.61000061035156,79.80000305175781,82.58999633789062,48195,-0.034652922147732405,105.96779033528708,0.25546582202353607
2018-10-12,80.43000030517578,81.47000122070312,79.22000122070312,80.27999877929688,37537,0.002115853255132542,106.19223999694547,0.24483263507479505
2018-10-15,80.77999877929688,81.91000366210938,79.8499984741211,80.97000122070312,31577,0.004342150313533727,106.65434520422394,0.24486463944768008
2018-10-16,81.41000366210938,81.73999786376953,79.80000305175781,80.69999694824219,33816,0.007768765545603589,107.48614465046327,0.24563824510747365
2018-10-17,80.05000305175781,81.83999633789062,79.16999816894531,81.5999984741211,38202,-0.016846683003549145,105.69052721091998,0.25083782654138853
2018-10-18,79.29000091552734,80.33000183105469,78.69000244140625,80.33000183105469,41270,-0.009539448734993612,104.68709156573095,0.25276244364788625
2018-10-19,79.77999877929688,80.88999938964844,79.22000122070312,79.33999633789062,34401,0.006160802345518951,105.33403885592082,0.25153278993126843
2018-10-22,79.83000183105469,80.38999938964844,78.97000122070312,80.08000183105469,37080,0.0006265654182377513,105.4000582025912,0.25152265336039453
2018-10-23,76.44000244140625,80.12000274658203,75.87999725341797,80.0199966430664,60226,-0.0433932452837027,100.92422048769467,0.2712178190727323
2018-10-24,76.16999816894531,77.55999755859375,75.12999725341797,76.19000244140625,57413,-0.0035384909652858977,100.56773213269553,0.26819939662501785
2018-10-25,76.88999938964844,77.05000305175781,75.37000274658203,75.69999694824219,33325,0.00940816076046246,101.51835431517584,0.2715513020065032
2018-10-26,77.62000274658203,77.91000366210938,75.7699966430664,76.62000274658203,33549,0.009449340219632363,102.48218238161786,0.27368041187328673
2018-10-29,77.33999633789062,78.01000213623047,76.55000305175781,77.69000244140625,17057,-0.003613922497368868,102.11248814265703,0.26847305507389574
2018-10-30,75.91000366210938,77.31999969482422,75.11000061035156,76.83999633789062,19196,-0.01866276255691427,100.22445973479608,0.24976379514996228
2018-10-31,75.47000122070312,76.88999938964844,75.47000122070312,76.18000030517578,2451,-0.005813233799997675,99.64352171813854,0.24948498814824138
2018-11-01,75.5,75.5,75.5,75.5,33938,0.0003974137835218123,99.68312929688557,0.23636297762925862
2018-11-02,72.83000183105469,73.4800033569336,72.16999816894531,72.66000366210938,36090,-0.03600467288366601,96.15791376446936,0.2538443364638902
2018-11-05,73.16999816894531,74.12000274658203,72.2300033569336,72.75,28438,0.004657492499960838,96.60681308778615,0.2570442519118596
2018-11-06,72.12999725341797,73.2699966430664,71.18000030517578,72.72000122070312,32871,-0.014315467433913733,95.23369327677435,0.25799400578385406
2018-11-07,72.06999969482422,73.52999877929688,71.3499984741211,71.75,36648,-0.0008321437354462252,95.15447811928033,0.24872388816023117
2018-11-08,70.6500015258789,73.05999755859375,70.51000213623047,72.13999938964844,39896,-0.01989973397365796,93.27964552224303,0.24677950991133218
2018-11-09,70.18000030517578,70.9800033569336,69.16000366210938,70.94999694824219,32611,-0.00667475622471482,92.65909992683848,0.2265096705985257
2018-11-12,70.12000274658203,71.86000061035156,68.88999938964844,70.54000091552734,39814,-0.0008552752807702894,92.57988476934445,0.22533451558800566
2018-11-13,65.47000122070312,69.66999816894531,64.63999938964844,69.13999938964844,56981,-0.06861605812454244,86.44045823510734,0.3076640792110274
2018-11-14,66.12000274658203,67.62000274658203,65.01000213623047,65.27999877929688,47372,0.009879273393947102,87.29865937613197,0.30928306229643765
2018-11-15,66.62000274658203,67.4000015258789,65.75,65.91999816894531,35140,0.007533559500946718,87.95881255028351,0.3138862223723618
2018-11-16,66.76000213623047,68.37999725341797,66.0999984741211,66.75,37139,0.0020992567991701353,88.14365463319491,0.3160966441554615
2018-11-19,66.79000091552734,67.62000274658203,65.2699966430664,67.01000213623047,29353,0.00044925165280286153,88.18326221194191,0.3134372362491563
2018-11-20,62.529998779296875,66.95999908447266,61.7599983215332,66.91000366210938,44030,-0.0659069603877688,82.55875434769196,0.36894949820498285
2018-11-21,63.47999954223633,64.45999908447266,62.40999984741211,62.40999984741211,41292,0.015078466389733505,83.81304638589374,0.3610400307245041
2018-11-23,58.79999923706055,62.810001373291016,58.43000030517578,62.619998931884766,56080,-0.07658304651764002,77.63401227290962,0.4296568377225443
2018-11-26,60.47999954223633,61.09000015258789,58.599998474121094,59.150001525878906,35607,0.028170882373013392,79.85212734098438,0.4462122578695849
2018-11-27,60.209999084472656,61.400001525878906,58.95000076293945,60.40999984741211,47106,-0.004474288031646933,79.49564402255426,0.44057370285356157
2018-11-28,58.7599983215332,61.2599983215332,58.560001373291016,60.83000183105469,18435,-0.024377113529896154,77.58119881020093,0.4414081335796442
2018-11-29,59.5099983215332,60.369998931884766,57.52000045776367,58.77000045776367,8794,0.012683014711083997,78.57142857142827,0.4496938550970565
2018-11-30,58.709999084472656,59.88999938964844,58.25,59.22999954223633,39344,-0.013534282969941558,77.51518450009958,0.4492391563294904
2018-12-03,61.689998626708984,62.59000015258789,59.5,59.88999938964844,33207,0.04951176647835314,81.4496968136546,0.4960392608390688
2018-12-04,62.08000183105469,63.560001373291016,61.2400016784668,61.86000061035156,35475,0.006302084409658754,81.9646205202108,0.4892885904881782
2018-12-06,60.060001373291016,61.959999084472656,58.38999938964844,61.70000076293945,60772,-0.03307981994954258,79.29760109225022,0.49480423914024474
2018-12-07,61.66999816894531,63.709999084472656,59.099998474121094,60.310001373291016,59861,0.026453473891725005,81.42329008230026,0.5096356533456373
2018-12-10,59.970001220703125,62.310001373291016,59.560001373291016,61.45000076293945,34114,-0.027953101776579333,79.17877331944018,0.5138334889140154
2018-12-11,60.20000076293945,61.09000015258789,59.619998931884766,59.88999938964844,31823,0.003827907452540263,79.4824431751616,0.5139214611785617
2018-12-12,60.150001525878906,61.41999816894531,59.9900016784668,60.5099983215332,31651,-0.0008308971996052058,79.41642886506025,0.5144556336714213
2018-12-13,61.45000076293945,62.02000045776367,59.34000015258789,60.310001373291016,29600,0.021382380639074272,81.1328261105405,0.5236744339219043
2018-12-14,60.279998779296875,61.75,59.91999816894531,61.65999984741211,24871,-0.019223494919912328,79.58806506400997,0.4753181730062757
2018-12-17,59.61000061035156,61.189998626708984,58.630001068115234,60.369998931884766,32165,-0.01117699803682981,78.7034622282,0.47320054534325684
2018-12-18,56.2599983215332,59.220001220703125,55.66999816894531,58.810001373291016,41690,-0.057839582243310705,74.28043293944314,0.5046392443849761
2018-12-19,57.2400016784668,58.099998474121094,56.029998779296875,56.209999084472656,47399,0.017269210783964626,75.57433759296094,0.5111767381811175
2018-12-20,54.349998474121094,56.7400016784668,54.279998779296875,56.54999923706055,40553,-0.05180839851939987,71.75864801564694,0.5327593322761515
2018-12-21,53.81999969482422,55.29999923706055,52.810001373291016,54.81999969482422,40930,-0.009799445863713858,71.05888726274837,0.492239554043716
2018-12-24,50.470001220703125,54.63999938964844,50.380001068115234,53.58000183105469,19160,-0.06426601508957717,66.63586301056054,0.5228911020851179
2018-12-26,54.470001220703125,55.279998779296875,49.959999084472656,51.130001068115234,16444,0.0762709892672633,71.91708840377301,0.5485099739869208
2018-12-27,52.15999984741211,54.91999816894531,51.9900016784668,54.91999816894531,8946,-0.043334199113125194,68.86717892602798,0.5521716687424728
2018-12-28,52.20000076293945,53.5099983215332,51.630001068115234,53.029998779296875,31833,0.0007665948112751663,68.91999238873666,0.5527775270373366
2018-12-31,53.79999923706055,54.790000915527344,52.65999984741211,53.060001373291016,21966,0.030190943482416716,71.03248053139404,0.5631355338148317
2019-01-02,54.90999984741211,56.560001373291016,52.5,54.25,43517,0.020422025525200796,72.49802138386156,0.5666858050599533
2019-01-03,55.95000076293945,56.290000915527344,53.93000030517578,54.77000045776367,36535,0.01876296988211938,73.87114119487337,0.5707474544064164
2019-01-04,57.060001373291016,58.29999923706055,55.36000061035156,55.58000183105469,42426,0.0196449214588163,75.33668204734087,0.545404873069693
2019-01-07,57.33000183105469,58.91999816894531,57.279998779296875,57.369998931884766,41677,0.004720709006303803,75.693165365771,0.5450663175894462
2019-01-08,58.720001220703125,58.86000061035156,57.11000061035156,57.630001068115234,34135,0.02395632623565265,77.52839038406128,0.5422516480288659
2019-01-09,61.439998626708984,61.68000030517578,58.619998931884766,58.650001525878906,38989,0.045280661392873726,81.11962022657883,0.5579882616657101
2019-01-10,61.68000030517578,61.900001525878906,60.45000076293945,61.33000183105469,31333,0.003898667715126005,81.43649596626194,0.5488453101498838
2019-01-11,60.47999954223633,62.470001220703125,60.08000183105469,61.25,31369,-0.019647009900367003,79.8521273409844,0.5535084215495553
2019-01-14,58.9900016784668,61.02000045776367,58.90999984741211,60.540000915527344,31241,-0.024944757834037812,77.8848737024914,0.5603467668378878
2019-01-15,60.63999938964844,60.849998474121094,59.11000061035156,59.2599983215332,29948,0.027586764800556062,80.06337615525014,0.5638604104691116
2019-01-16,61.31999969482422,61.43000030517578,60.040000915527344,60.63999938964844,32025,0.011151317757887446,80.96118487502179,0.5610519016393061
2019-01-17,61.18000030517578,61.540000915527344,60.040000915527344,61.18000030517578,30131,-0.002285705315919485,80.77634279211038,0.5595007262268591
2019-01-18,62.70000076293945,62.9900016784668,61.060001373291016,61.189998626708984,39637,0.024541116096048442,82.78320904591942,0.5213783977524771
2019-01-22,61.5,63.119998931884766,60.58000183105469,62.7400016784668,53602,-0.019324284994496097,81.19884042064187,0.5260595355904039
2019-01-23,61.13999938964844,62.29999923706055,60.220001220703125,61.56999969482422,35364,-0.0058708683326356235,80.7235293294017,0.4879855246585574
2019-01-24,61.09000015258789,61.5,60.40999984741211,61.02000045776367,35861,-0.0008181173204053084,80.65751501930035,0.48539796353301135
2019-01-25,61.63999938964844,61.90999984741211,60.709999084472656,61.13999938964844,30262,0.008962811390609006,81.38368250355327,0.41259228048635943
2019-01-28,59.93000030517578,61.66999816894531,59.47999954223633,61.33000183105469,34315,-0.028133780987742323,79.1259598567315,0.35414161521526694
2019-01-29,61.31999969482422,61.790000915527344,59.7599983215332,59.97999954223633,18715,0.022928829464541608,80.9611848750218,0.3132876949161464
2019-01-30,61.650001525878906,62.63999938964844,61.06999969482422,61.25,12039,0.005367205334185172,81.39688838751495,0.31240813463060085
2019-01-31,61.88999938964844,62.31999969482422,61.63999938964844,61.689998626708984,1288,0.0038853515283686166,81.71375909062905,0.3018964340963106
2019-02-01,61.869998931884766,61.869998931884766,61.869998931884766,61.869998931884766,30044,-0.00032321361035935023,81.68735235927471,0.2985245873252077
2019-02-04,62.5099983215332,63.630001068115234,61.279998779296875,62.70000076293945,36025,0.010291124813514302,82.53234761633766,0.29527227183487237
2019-02-05,61.97999954223633,63.02000045776367,61.720001220703125,62.779998779296875,27285,-0.00851477211861337,81.8325868634391,0.2941211220296148
2019-02-06,62.689998626708984,62.79999923706055,61.04999923706055,62.040000915527344,26542,0.011390178405880486,82.77000316195776,0.29524986646545714
2019-02-07,61.630001068115234,62.900001525878906,60.61000061035156,62.65999984741211,33982,-0.017053141074570954,81.37048165616062,0.29494883324411725
2019-02-08,62.099998474121094,62.349998474121094,61.04999923706055,61.599998474121094,36111,0.007597182062869693,81.99102221499615,0.2514418179852661
2019-02-11,61.5099983215332,62.34000015258789,60.900001525878906,62.0,35285,-0.009546228435543314,81.21204126803455,0.2534633039163966
2019-02-12,62.41999816894531,63.31999969482422,61.540000915527344,61.599998474121094,36801,0.01468597157563929,82.41351984352762,0.247999963387862
2019-02-13,63.61000061035156,63.959999084472656,62.650001525878906,62.650001525878906,33859,0.01888499277771698,83.98468762141252,0.23525351379367473
2019-02-14,64.56999969482422,64.80999755859375,63.279998779296875,63.630001068115234,39526,0.014979201626170592,85.25218050700694,0.22277295581550544
2019-02-15,66.25,66.4000015258789,64.43000030517578,64.61000061035156,36154,0.02568556295423412,87.4702955750817,0.2348442454402016
2019-02-19,66.44999694824219,66.83000183105469,65.58000183105469,66.30999755859375,46238,0.003014274367296156,87.7343528154871,0.2338627935369338
2019-02-20,67.08000183105469,67.37000274658203,65.62999725341797,66.36000061035156,29155,0.009436225017961517,88.56615226172643,0.22267918250586613
2019-02-21,67.06999969482422,67.31999969482422,66.69999694824219,67.1500015258789,27113,-0.0001491186900519486,88.55294637776474,0.20762163012196427
2019-02-22,67.12000274658203,67.7300033569336,66.83000183105469,66.88999938964844,23973,0.0007452575178838218,88.6189657244351,0.20485324272764055
2019-02-25,64.76000213623047,67.47000122070312,64.55999755859375,66.80000305175781,31914,-0.03579394128310552,85.5030419365887,0.24755239344064878
2019-02-26,65.20999908447266,65.72000122070312,64.33999633789062,64.72000122070312,18661,0.006924655569117942,86.09717576406987,0.2470108902807578
2019-02-27,66.38999938964844,66.69999694824219,65.30000305175781,65.54000091552734,10200,0.017933616172208,87.65513765799308,0.2251842923725379
2019-02-28,66.02999877929688,66.36000061035156,65.75,66.31999969482422,28959,-0.0054372678182606675,87.17982656675291,0.2178486949011679
2019-03-01,65.06999969482422,67.13999938964844,64.58999633789062,66.41000366210938,38355,-0.014645556902449782,85.91233368115847,0.22657138435079716
2019-03-04,65.66999816894531,66.33999633789062,65.01000213623047,65.01000213623047,28931,0.009178563503283327,86.70451547551275,0.22769746020246984
2019-03-05,65.86000061035156,66.22000122070312,65.04000091552734,65.72000122070312,28346,0.00288911389541259,86.95537690509451,0.2274099200310755
2019-03-06,65.98999786376953,66.16999816894531,65.2300033569336,65.62999725341797,41210,0.0019718968076693232,87.12701310404422,0.2258588260539008
2019-03-07,66.30000305175781,66.98999786376953,65.76000213623047,65.93000030517578,35738,0.00468676019804871,87.53631492175205,0.22228952781237218
2019-03-08,65.73999786376953,66.08000183105469,64.01000213623047,66.06999969482422,49867,-0.008482407480412051,86.79693651696844,0.2237283333086895
2019-03-11,66.58000183105469,66.77999877929688,65.6500015258789,65.7300033569336,37538,0.012696723907517499,87.90599908757483,0.21492881662780758
2019-03-12,66.66999816894531,67.38999938964844,66.3499984741211,66.68000030517578,37897,0.0013507895170703145,88.02482182381586,0.21458290092404103
2019-03-13,67.55000305175781,67.75,66.70999908447266,66.87999725341797,36739,0.013113060418447517,89.18669785713095,0.21171984448743864
2019-03-14,67.2300033569336,68.12999725341797,67.02999877929688,67.58999633789062,32817,-0.00474848317094676,88.76420022859946,0.21059371412304342
2019-03-15,67.16000366210938,67.70999908447266,66.13999938964844,67.12999725341797,34969,-0.0010417396755509206,88.67177918714377,0.20348593944348306
2019-03-18,67.54000091552734,67.69000244140625,66.69999694824219,67.05000305175781,31752,0.005642141775285756,89.17349197316926,0.19883828665126677
2019-03-19,67.61000061035156,68.22000122070312,67.13999938964844,67.44999694824219,30329,0.0010358816173634152,89.26591301462494,0.17945192429764717
2019-03-20,68.5,68.56999969482422,67.19000244140625,67.5199966430664,35132,0.013077835138059308,90.44098485876368,0.18422086242969407
2019-03-21,67.86000061035156,68.69999694824219,67.61000061035156,68.31999969482422,35417,-0.00938697691781971,89.59598960170072,0.18547066411093519
2019-03-22,67.02999877929688,67.97000122070312,66.20999908447266,67.70999908447266,45565,-0.012306506191789095,88.50013291505601,0.19075464877082327
2019-03-25,67.20999908447266,67.63999938964844,66.37000274658203,66.93000030517578,36691,0.0026817702014118273,88.73778846067609,0.1909714429169392
2019-03-26,67.97000122070312,68.22000122070312,67.25,67.25,38187,0.011244416958003902,89.74122410586511,0.14323686887040976
2019-03-27,67.83000183105469,68.3499984741211,67.19999694824219,67.87000274658203,26692,-0.0020618473652370107,89.55638202295371,0.14296654414126378
2019-03-28,67.81999969482422,68.0,66.55000305175781,67.87000274658203,11876,-0.00014746975504730705,89.54317613899204,0.13055995951225205
2019-03-29,68.38999938964844,68.87999725341797,67.81999969482422,68.0,43566,0.008369473987729133,90.29575035459929,0.13072318413152478
2019-04-01,69.01000213623047,69.19000244140625,67.54000091552734,67.54000091552734,49439,0.009024846402454082,91.11434391687692,0.1186529594906783
2019-04-02,69.37000274658203,69.5199966430664,68.69000244140625,69.20999908447266,46166,0.00520308440254869,91.58965500811706,0.11674374628210014
2019-04-03,69.30999755859375,69.95999908447266,68.80000305175781,69.79000091552734,46550,-0.0008653762849861895,91.51042977748502,0.11735356604018836
2019-04-04,69.4000015258789,70.01000213623047,68.87999725341797,69.48999786376953,37531,0.0012977287940380946,91.62926258686407,0.11741004545466946
2019-04-05,70.33999633789062,70.47000122070312,68.93000030517578,69.26000213623047,36491,0.013453685483377718,92.87034370453513,0.12334019580129336
2019-04-08,71.0999984741211,71.19000244140625,70.44000244140625,70.5,40966,0.010746740365305407,93.87377934972415,0.1190574119871663
2019-04-09,70.61000061035156,71.33999633789062,70.30000305175781,71.08000183105469,37189,-0.006915529175932217,93.22683205953427,0.11983284838760949
2019-04-10,71.7300033569336,71.79000091552734,70.58000183105469,70.83000183105469,46506,0.015737330765680815,94.70557879596346,0.1277448433950534
2019-04-11,70.83000183105469,71.68000030517578,70.58000183105469,71.66000366210938,39968,-0.012626451320986847,93.51730106786304,0.13424960150208562
2019-04-12,71.55000305175781,71.86000061035156,70.9000015258789,70.91999816894531,32729,0.010113883037628627,94.46792325034339,0.13434860075980204
2019-04-15,71.18000030517578,71.6500015258789,70.77999877929688,71.62000274658203,28582,-0.005184664285132205,93.97940627514154,0.13665241353058516
2019-04-16,71.72000122070312,71.94000244140625,70.75,71.2699966430664,43907,0.007557781387904967,94.6923729120018,0.13731952191138228
2019-04-17,71.62000274658203,72.26000213623047,71.45999908447266,71.83999633789062,40910,-0.0013952628376744374,94.5603442917991,0.13798297267278853
2019-04-18,71.97000122070312,72.02999877929688,71.20999908447266,71.55000305175781,38122,0.004874979561332032,95.02244949907758,0.13308103280306438
2019-04-22,74.04000091552734,74.51000213623047,71.9000015258789,72.05000305175781,48893,0.028356117589613764,97.7554832371395,0.1537489478800891
2019-04-23,74.51000213623047,74.7300033569336,73.98999786376953,74.19999694824219,50165,0.006327873165418013,98.37602883254407,0.14169570922471164
2019-04-24,74.56999969482422,74.72000122070312,74.0,74.31999969482422,46326,0.0008049042272076805,98.45524399003807,0.14223704568855947
2019-04-25,74.3499984741211,75.58999633789062,74.0,74.52999877929688,62237,-0.0029546250799829714,98.16477498170931,0.14282126363447722
2019-04-26,72.1500015258789,74.41000366210938,71.29000091552734,74.30000305175781,32803,-0.0300363460146641,95.26010504469767,0.18507850026728206
2019-04-29,72.04000091552734,72.5,71.11000061035156,71.69999694824219,16694,-0.0015257733522299752,95.11487054053327,0.18542947512393754
2019-04-30,72.80000305175781,73.19999694824219,71.7300033569336,72.0999984741211,43783,0.010494464106037212,96.1183061857223,0.18636666006122737
2019-05-01,72.18000030517578,72.36000061035156,71.29000091552734,71.5199966430664,32617,-0.008552993679764464,95.29971262344469,0.18910513377121974
2019-05-02,70.75,72.22000122070312,69.68000030517578,72.1500015258789,51722,-0.020010466919278016,93.4116741424457,0.20357392209004727
2019-05-03,70.8499984741211,71.54000091552734,69.95999908447266,70.31999969482422,39000,0.0014124080765898453,93.54370276264842,0.20347257131519217
2019-05-06,71.23999786376953,71.79000091552734,68.76000213623047,70.5999984741211,36208,0.0054894838351330225,94.05862143263559,0.20405508682854948
2019-05-07,69.87999725341797,71.30999755859375,69.38999938964844,71.16000366210938,48729,-0.019274982473479717,92.2630039930923,0.21077022323260414
2019-05-08,70.37000274658203,70.80000305175781,69.31999969482422,69.81999969482422,45312,0.0069876290474481986,92.9099613564202,0.20867684760650465
2019-05-09,70.38999938964844,70.63999938964844,69.4000015258789,70.2300033569336,46554,0.00028412394000363244,92.93636305120555,0.20737048055533774
2019-05-10,70.62000274658203,71.2300033569336,70.16999816894531,70.30000305175781,50395,0.003262230443608004,93.24003794349598,0.1996896434903043
2019-05-13,70.2300033569336,72.56999969482422,69.7300033569336,70.9000015258789,62747,-0.005537811422582254,92.72511927350881,0.19584711415186973
2019-05-14,71.23999786376953,71.63999938964844,69.93000030517578,69.98999786376953,57905,0.014278810465002028,94.05862143263558,0.19916898224847207
2019-05-15,71.7699966430664,72.25,70.41999816894531,70.9800033569336,48596,0.007412086233416617,94.75838218553415,0.1999806161906753
2019-05-16,72.62000274658203,73.3499984741211,71.81999969482422,71.94999694824219,56835,0.011773889138991876,95.88065064010222,0.202402505259412
2019-05-17,72.20999908447266,73.2300033569336,71.77999877929688,72.86000061035156,43365,-0.005661876023066196,95.33932020219169,0.20346765873356576
2019-05-20,71.97000122070312,73.38999938964844,71.58999633789062,73.0999984741211,48963,-0.0033291453034220955,95.0224494990776,0.20317400624038529
2019-05-21,72.18000030517578,72.5199966430664,71.61000061035156,72.02999877929688,55652,0.0029136209616350346,95.29971262344468,0.17568999313735958
2019-05-22,70.98999786376953,72.0199966430664,70.41999816894531,71.87999725341797,57458,-0.016624011483322376,93.7285448455598,0.18118425759792328
2019-05-23,67.76000213623047,70.7300033569336,67.0,70.69999694824219,80487,-0.04656691008908053,89.46396098149802,0.23673802996899704
2019-05-24,68.69000244140625,69.30000305175781,67.31999969482422,68.01000213623047,66452,0.013631581897949916,90.69184628834545,0.24498417851751159
2019-05-28,70.11000061035156,70.58000183105469,68.55000305175781,69.0999984741211,65297,0.020461782156331963,92.56667888538274,0.23915114769638224
2019-05-29,69.44999694824219,70.08999633789062,68.06999969482422,70.05000305175781,32769,-0.0094584206659494,91.69527186039642,0.2407911391579281
2019-05-30,66.87000274658203,69.94999694824219,66.30000305175781,69.7300033569336,19076,-0.03785654811921186,88.28888913735928,0.2666887069808463
2019-05-31,64.48999786376953,66.7300033569336,64.41999816894531,66.70999908447266,67969,-0.036240337242045215,85.14655358158953,0.28890582323591835
2019-06-03,61.279998779296875,62.83000183105469,60.459999084472656,61.599998474121094,60640,-0.05105663438505207,80.90837141231307,0.32633032131314493
2019-06-04,61.970001220703125,62.099998474121094,60.220001220703125,60.84000015258789,58666,0.011196911160061893,81.8193860160464,0.3311733710182616
2019-06-05,60.630001068115234,62.2599983215332,59.45000076293945,61.47999954223633,67012,-0.021860578971725605,80.05017530785746,0.33237562675585286
2019-06-06,61.66999816894531,62.41999816894531,60.13999938964844,60.58000183105469,51701,0.017007721611645286,81.42329008230024,0.3401007634948468
2019-06-07,63.290000915527344,63.58000183105469,61.779998779296875,62.220001220703125,44888,0.025929793940579073,83.56218999288097,0.35517686069276283
2019-06-10,62.290000915527344,64.12999725341797,62.04999923706055,63.689998626708984,34096,-0.01592643928893012,82.24188364457785,0.356546165268415
2019-06-11,62.290000915527344,62.869998931884766,62.0099983215332,62.36000061035156,41448,0.0,82.24188364457785,0.35567699011791976
2019-06-12,59.970001220703125,62.11000061035156,59.56999969482422,62.11000061035156,47691,-0.03795645642822838,79.17877331944013,0.3725038566828171
2019-06-13,61.310001373291016,62.63999938964844,59.7599983215332,59.81999969482422,72728,0.022098526638084214,80.94798402762908,0.3791946839981365
2019-06-14,62.0099983215332,62.56999969482422,60.7400016784668,61.380001068115234,38166,0.011352651120374797,81.87219444218604,0.38134080608527005
2019-06-17,60.939998626708984,62.349998474121094,60.720001220703125,61.970001220703125,46699,-0.017405884271677333,80.45946705242723,0.3766461780234596
2019-06-18,62.13999938964844,62.83000183105469,60.25,61.02000045776367,46430,0.01950014312027087,82.04383567770478,0.3887986407102765
2019-06-19,61.81999969482422,62.52000045776367,61.38999938964844,62.25,51499,-0.0051629623752520405,81.6213380491733,0.38862331705438413
2019-06-20,64.44999694824219,64.80999755859375,62.16999816894531,62.209999084472656,64896,0.041662750266966274,85.09374011888082,0.4230366353889795
2019-06-21,65.19999694824219,65.75,63.9900016784668,64.73999786376953,51282,0.011569740092090141,86.08396988010816,0.42487633068692804
2019-06-24,64.86000061035156,65.80000305175781,64.0999984741211,65.54000091552734,39427,-0.005228311837040552,85.63507055679135,0.39589981709209393
2019-06-25,65.05000305175781,65.95999908447266,64.18000030517578,64.72000122070312,37722,0.002925141583081484,85.88593198637311,0.3922657203083165
2019-06-26,66.48999786376953,66.86000061035156,65.61000061035156,65.7699966430664,26217,0.02189527641321962,87.78716627819576,0.39335718731292246
2019-06-27,66.55000305175781,66.79000091552734,65.6500015258789,66.08999633789062,13127,0.0009020624119706115,87.86639150882779,0.3926927653257064
2019-06-28,66.55000305175781,66.77999877929688,66.05999755859375,66.6500015258789,32575,0.0,87.86639150882779,0.37044311491510107
2019-07-01,65.05999755859375,66.73999786376953,64.22000122070312,65.27999877929688,46308,-0.022643707177988474,85.89912779719675,0.3565214952874251
2019-07-02,62.400001525878906,65.5,62.22999954223633,65.19000244140625,47774,-0.04174458369117816,82.38711814874225,0.3406885352990371
2019-07-03,63.81999969482422,64.0,62.06999969482422,62.75,35881,0.02250131623970765,84.26195074577953,0.3471975470417198
2019-07-05,64.2300033569336,64.5199966430664,62.90999984741211,63.880001068115234,34614,0.006403827465685416,84.80328118369006,0.33699325890150844
2019-07-08,64.11000061035156,65.12999725341797,63.79999923706055,64.37000274658203,29582,-0.001870076014416507,84.64484079556401,0.3332516301479591
2019-07-09,64.16000366210938,65.0199966430664,63.7400016784668,63.91999816894531,28731,0.0007796531164759836,84.71086014223437,0.32153413890971644
2019-07-10,67.01000213623047,67.12999725341797,64.48999786376953,64.48999786376953,40838,0.043461873228335626,88.47373122027065,0.34770621806387614
2019-07-11,66.5199966430664,67.63999938964844,66.44000244140625,66.72000122070312,37676,-0.007339290004658953,87.82677385694274,0.34955583092549114
2019-07-12,66.72000122070312,67.2699966430664,66.51000213623047,66.77999877929688,31996,0.003002172486702639,88.09084117048617,0.3160922171384133
2019-07-15,66.4800033569336,67.45999908447266,66.06999969482422,66.6500015258789,35583,-0.0036035753038188615,87.77397046737208,0.31115603674620596
2019-07-16,64.3499984741211,67.08000183105469,63.849998474121094,66.12999725341797,41087,-0.03256429071262901,84.9617114986781,0.3341630135250597
2019-07-17,63.65999984741211,65.27999877929688,63.22999954223633,64.33000183105469,34392,-0.01078049087292614,84.05070193151379,0.3301379849434289
2019-07-18,61.93000030517578,64.45999908447266,61.290000915527344,63.630001068115234,48628,-0.02755169957930414,81.76657255333767,0.338971490505759
2019-07-19,62.470001220703125,63.34000015258789,61.84000015258789,62.58000183105469,36709,0.008681741168384636,82.47953919019791,0.33978924825131585
2019-07-22,63.2599983215332,64.0199966430664,62.77000045776367,62.90999984741211,33851,0.012566730298565093,83.52257737756493,0.30892219276885985
2019-07-23,63.83000183105469,64.44999694824219,62.65999984741211,63.290000915527344,31220,0.008970136609720562,84.2751566297412,0.3077303132579358
2019-07-24,63.18000030517578,64.66000366210938,62.59000015258789,64.23999786376953,42616,-0.010235527750194904,83.41695548871658,0.3090807819888069
2019-07-25,63.38999938964844,64.2300033569336,63.029998779296875,63.150001525878906,27929,0.0033183104633617263,83.69421861308368,0.30915068869467677
2019-07-26,63.459999084472656,63.959999084472656,63.02000045776367,63.2400016784668,26232,0.0011036610606482526,83.78663965453939,0.2977325685126506
2019-07-29,63.709999084472656,63.90999984741211,62.90999984741211,63.119998931884766,14517,0.003931750029958579,84.11671624161517,0.29831740337625073
2019-07-30,64.72000122070312,65.04000091552734,63.849998474121094,63.849998474121094,11005,0.015728769853365857,85.45022847387995,0.3046065669097861
2019-07-31,65.16999816894531,65.36000061035156,64.54000091552734,64.61000061035156,34287,0.006928920636167162,86.04436230136115,0.29562538524843135
2019-08-01,60.5,64.5199966430664,60.029998779296875,64.29000091552734,63060,-0.0743558472109041,79.87853407233871,0.3667809579059598
2019-08-02,61.88999938964844,62.93000030517578,60.88999938964844,61.099998474121094,47421,0.02271524085259737,81.713759090629,0.366957845745305
2019-08-05,59.810001373291016,61.54999923706055,59.66999816894531,61.54999923706055,47722,-0.03418571187203467,78.9675245051744,0.3825993784118342
2019-08-06,58.939998626708984,60.540000915527344,58.56999969482422,60.0,34335,-0.014652940007623709,77.818854355821,0.38451507593139345
2019-08-07,56.22999954223633,59.189998626708984,55.880001068115234,58.560001373291016,52628,-0.047069539846539825,74.2408253606961,0.4117747751425459
2019-08-08,57.380001068115234,58.0099983215332,56.77000045776367,57.369998931884766,36965,0.020245415004789057,75.75917967587232,0.3833058981291564
2019-08-09,58.529998779296875,59.099998474121094,57.119998931884766,57.650001525878906,34015,0.019843593279120816,77.2775289544795,0.3947450125132065
2019-08-12,58.56999969482422,58.869998931884766,57.880001068115234,58.36000061035156,30960,0.0006831924441410312,77.33034241718819,0.3941530441351557
2019-08-13,61.29999923706055,61.5,57.97999954223633,58.400001525878906,45522,0.045557215604925726,80.93477814366743,0.43310443919351854
2019-08-14,59.47999954223633,61.08000183105469,58.22999954223633,60.97999954223633,45545,-0.030139716600311017,78.53182099268126,0.4311570078071088
2019-08-15,58.22999954223633,59.41999816894531,57.689998626708984,59.04999923706055,45864,-0.02123943590813465,76.88143805730238,0.4348134102621066
2019-08-16,58.63999938964844,59.5,58.290000915527344,58.41999816894531,25244,0.007016369182219496,77.4227634586439,0.4279015546741191
2019-08-19,59.7400016784668,59.91999816894531,58.59000015258789,58.630001068115234,30652,0.01858479371421518,78.87510346371874,0.43254118419052406
2019-08-20,60.029998779296875,60.31999969482422,58.959999084472656,59.7400016784668,30782,0.004842576044706732,79.25798847693419,0.43005528492802547
2019-08-21,60.29999923706055,61.40999984741211,60.04999923706055,60.060001373291016,33717,0.004487674151877249,79.61447179536432,0.428828058922491
2019-08-22,59.91999816894531,60.88999938964844,59.470001220703125,60.41999816894531,33800,-0.006321782430103127,79.11275397276981,0.4281763763361297
2019-08-23,59.34000015258789,60.279998779296875,58.31999969482422,60.040000915527344,41613,-0.009726691216548197,78.34697890976989,0.4283187162690532
2019-08-26,58.70000076293945,60.16999816894531,58.27000045776367,58.400001525878906,26628,-0.010843877602777193,77.50198365270693,0.428825129024162
2019-08-27,59.5099983215332,60.13999938964844,58.5099983215332,58.709999084472656,30198,0.01370459762065899,78.5714285714283,0.4323421974466011
2019-08-28,60.4900016784668,61.04999923706055,59.81999969482422,60.13999938964844,17141,0.016333752414687208,79.86533322494608,0.43268172064640786
2019-08-29,61.08000183105469,61.18000030517578,60.0099983215332,60.4900016784668,10658,0.00970642046174417,80.6443141719077,0.43360847103211514
2019-08-30,60.43000030517578,61.13999938964844,60.29999923706055,61.029998779296875,41940,-0.010698834904867777,79.78611303088307,0.34973640049809246
2019-09-03,58.2599983215332,59.25,57.220001220703125,59.06999969482422,51149,-0.036569952702184626,76.9210456360494,0.3612114720673731
2019-09-04,60.70000076293945,60.959999084472656,58.09000015258789,58.2400016784668,36192,0.04102798791311799,80.14259634931318,0.37285278744294087
2019-09-05,60.95000076293945,62.38999938964844,60.25,60.5099983215332,37813,0.004110157810273293,80.47267293638896,0.3687586216914892
2019-09-06,61.540000915527344,61.880001068115234,59.40999984741211,60.810001373291016,37585,0.00963351632609823,81.25165388335056,0.32407641552894095
2019-09-09,62.59000015258789,62.9900016784668,61.540000915527344,61.540000915527344,31505,0.016918138603662796,82.63797454175503,0.3222128793588622
2019-09-10,62.380001068115234,63.77000045776367,62.16999816894531,62.7400016784668,32170,-0.0033607950721293435,82.36071141738795,0.31796058566676644
2019-09-11,60.810001373291016,63.25,60.52000045776367,62.68000030517578,37485,-0.025490456587049366,80.28783085347757,0.33297134404016143
2019-09-12,60.380001068115234,61.38999938964844,58.90999984741211,61.029998779296875,44952,-0.007096329746749773,79.7200987207817,0.29336257946513034
2019-09-13,60.220001220703125,60.79999923706055,59.599998474121094,60.40999984741211,26153,-0.0026533986442635956,79.50884990651596,0.27340431116746416
2019-09-16,69.0199966430664,71.0,64.77999877929688,67.0,69899,0.13639172570842875,91.12753972770061,0.5349883813877738
2019-09-17,64.55000305175781,69.25,63.560001373291016,68.16999816894531,87185,-0.06695610446266652,85.2257788122216,0.5948835394532056
2019-09-18,63.599998474121094,64.98999786376953,63.06999969482422,64.25,37459,-0.014826718215806384,83.97148173745083,0.5962251818491004
2019-09-19,64.4000015258789,65.56999969482422,63.470001220703125,63.650001525878906,36971,0.012500210449810064,85.02773084534854,0.5971157971153914
2019-09-20,64.27999877929688,65.2699966430664,64.05000305175781,64.9800033569336,23355,-0.0018651349251711422,84.86929045722246,0.5973682503666335
2019-09-23,64.7699966430664,65.31999969482422,63.540000915527344,65.31999969482422,25895,0.007593959487390615,85.51623774741236,0.5965637985829239
2019-09-24,63.099998474121094,64.52999877929688,62.349998474121094,64.4800033569336,30503,-0.02612173600104777,83.31132856329928,0.6038740285940948
2019-09-25,62.38999938964844,62.810001373291016,61.220001220703125,62.43000030517578,25272,-0.011315749025398902,82.37391226478063,0.6040117955421526
2019-09-26,62.7400016784668,62.91999816894531,61.459999084472656,62.58000183105469,11043,0.005594233175417871,82.83602250862813,0.6028365980442627
2019-09-27,61.90999984741211,62.720001220703125,60.77000045776367,62.529998779296875,9063,-0.013317514448802022,81.74016582198341,0.6030242269501555
2019-09-30,60.779998779296875,62.08000183105469,60.77000045776367,61.880001068115234,34510,-0.018420947661781824,80.24821823816156,0.6058342907754026
2019-10-01,58.88999938964844,60.09000015258789,58.40999984741211,59.529998779296875,41174,-0.031589480812471794,77.75284004571971,0.6146390201715869
2019-10-02,57.689998626708984,59.4900016784668,57.22999954223633,59.220001220703125,40386,-0.020587462128079714,76.16847142044216,0.6054854499940419
2019-10-03,57.709999084472656,57.9900016784668,56.150001525878906,57.5,49093,0.0003466283944646246,76.1948781517965,0.5864568724857593
2019-10-04,58.369998931884766,58.95000076293945,57.599998474121094,57.599998474121094,41717,0.011371588058055477,77.06628014021379,0.5880107751098006
2019-10-07,58.349998474121094,59.66999816894531,57.70000076293945,57.70000076293945,28765,-0.000342708334542745,77.03987340885945,0.5865247736504771
2019-10-08,58.2400016784668,58.93000030517578,57.369998931884766,58.470001220703125,38868,-0.001886899873853769,76.89464394126408,0.5822683502074583
2019-10-09,58.31999969482422,59.34000015258789,57.95000076293945,58.099998474121094,36036,0.0013726497593633939,77.00026583011244,0.582506283370945
2019-10-10,59.099998474121094,59.529998779296875,57.11000061035156,58.38999938964844,36561,0.01328581612583646,78.03010317008679,0.5792926807694013
2019-10-11,60.5099983215332,60.689998626708984,59.209999084472656,59.58000183105469,51613,0.023577714302103633,79.89173491973143,0.5851797360382823
2019-10-14,59.349998474121094,60.75,58.5099983215332,60.560001373291016,39154,-0.019356517549723434,78.36017975716258,0.5890188672458775
2019-10-15,58.7400016784668,59.68000030517578,58.0,59.290000915527344,49695,-0.010331141000853432,77.55479711541564,0.3137120133367609
2019-10-16,59.41999816894531,59.72999954223633,58.349998474121094,58.7599983215332,43443,0.011509884874015318,78.45260079861828,0.234709475275913
2019-10-17,59.90999984741211,60.029998779296875,58.63999938964844,59.099998474121094,44951,0.008212594329881433,79.09955312537717,0.23481790054287155
2019-10-18,59.41999816894531,60.27000045776367,59.0,59.880001068115234,33528,-0.008212594329881372,78.45260079861829,0.22864260520867555
2019-10-21,58.959999084472656,59.540000915527344,58.2599983215332,59.36000061035156,35588,-0.007771606865859227,77.84526108717542,0.22891755479312545
2019-10-22,59.70000076293945,60.2599983215332,58.77000045776367,59.04999923706055,37803,0.012472800824970588,78.82229000101009,0.232654921722136
2019-10-23,61.16999816894531,61.29999923706055,58.849998474121094,59.630001068115234,37010,0.024324810142493658,80.76313690814874,0.23747322213855646
2019-10-24,61.66999816894531,61.90999984741211,60.65999984741211,61.09000015258789,35367,0.008140715991621921,81.4232900823003,0.23688247571552662
2019-10-25,62.02000045776367,62.11000061035156,60.939998626708984,61.52000045776367,31392,0.005659361740979828,81.88540032614782,0.2369038768175304
2019-10-28,61.56999969482422,62.34000015258789,61.20000076293945,61.9900016784668,24870,-0.0072821870866544005,81.29126146209761,0.23370639444420255
2019-10-29,61.59000015258789,61.97999954223633,60.66999816894531,61.650001525878906,16903,0.0003247882098775938,81.31766819345194,0.22418178055345664
2019-10-30,60.61000061035156,61.90999984741211,60.470001220703125,61.310001373291016,13275,-0.016039616143090435,80.02376857650316,0.20132926014931388
2019-10-31,60.22999954223633,61.029998779296875,60.06999969482422,60.689998626708984,36213,-0.006289346577970372,79.52205075390864,0.18728277147318412
2019-11-01,61.689998626708984,61.810001373291016,59.400001525878906,59.54999923706055,28361,0.023951261505016745,81.44969681365465,0.2018581491184933
2019-11-04,62.130001068115234,62.779998779296875,61.290000915527344,62.0,28961,0.007107160306834359,82.0306348303122,0.20021035328817288
2019-11-05,62.959999084472656,63.16999816894531,61.900001525878906,62.060001373291016,27103,0.01327060830051453,83.1264864803879,0.20290559624758114
2019-11-06,61.7400016784668,63.31999969482422,61.59000015258789,62.939998626708984,34901,-0.019567543307670975,81.51571616032503,0.21766024909762974
2019-11-07,62.290000915527344,62.900001525878906,61.63999938964844,61.779998779296875,33158,0.008868867703812141,82.24188364457792,0.2185969619193635
2019-11-08,62.5099983215332,62.689998626708984,60.65999984741211,62.34000015258789,34325,0.0035256031286718392,82.53234761633769,0.21547934663119672
2019-11-11,62.18000030517578,62.75,61.58000183105469,62.5099983215332,23316,-0.005293107553999163,82.09664914041355,0.20303505036828598
2019-11-12,62.060001373291016,62.849998474121094,61.79999923706055,62.16999816894531,30687,-0.0019317283898745428,81.9382137888565,0.18920335572809055
2019-11-13,62.369998931884766,62.72999954223633,61.22999954223633,61.970001220703125,33278,0.004982692263892031,82.34750553342629,0.18386051227199526
2019-11-14,62.279998779296875,63.20000076293945,62.13999938964844,62.54999923706055,27803,-0.0014440460470118196,82.22867776061625,0.18164024412222604
2019-11-15,63.29999923706055,63.63999938964844,61.70000076293945,62.33000183105469,32240,0.016244989731819925,83.57539084027373,0.18702046873028533
2019-11-18,62.439998626708984,63.58000183105469,61.939998626708984,63.29999923706055,29294,-0.013679243443913651,82.439926574882,0.19190545514259452
2019-11-19,60.90999984741211,62.54999923706055,60.630001068115234,62.33000183105469,32258,-0.024808711310204533,80.4198594736803,0.2113315500969455
2019-11-20,62.400001525878906,62.79999923706055,60.29999923706055,60.7400016784668,39331,0.02416793748531304,82.38711814874232,0.22253459337551942
2019-11-21,63.970001220703125,64.02999877929688,61.93000030517578,62.439998626708984,36374,0.02484894271590792,84.45999871265269,0.2232003728305991
2019-11-22,63.38999938964844,64.30000305175781,62.9900016784668,63.66999816894531,33785,-0.009108131876917286,83.69421861308375,0.22533655465352162
2019-11-25,63.650001525878906,63.790000915527344,62.959999084472656,63.459999084472656,25178,0.0040932383088152545,84.03750108412122,0.22502075413384426
2019-11-26,64.2699966430664,64.30999755859375,63.45000076293945,63.5099983215332,23433,0.009693558175083323,84.8560845732608,0.22460797520550552
2019-11-27,64.05999755859375,64.5999984741211,63.529998779296875,64.13999938964844,15263,-0.00327280108169071,84.5788214488937,0.22529955971372612
2019-11-29,62.43000030517578,64.04000091552734,62.400001525878906,64.04000091552734,47386,-0.02577417210782786,82.42672572748931,0.23725733688904582
2019-12-02,60.91999816894531,62.08000183105469,60.5,60.79999923706055,39023,-0.024484435991688067,80.43306032107296,0.2525738137444147
2019-12-03,60.81999969482422,61.59000015258789,60.29999923706055,60.90999984741211,32863,-0.0016428207387213956,80.30103170087025,0.23781547184620241
2019-12-04,63.0,63.529998779296875,60.9900016784668,61.15999984741211,41730,0.03521604916000201,83.17929994309657,0.26749001869277894
2019-12-05,63.38999938964844,63.900001525878906,62.75,63.04999923706055,38903,0.006171384276027408,83.69421861308375,0.2643861648142387
2019-12-06,64.38999938964844,64.86000061035156,62.83000183105469,63.290000915527344,43303,0.01565222140355153,85.01452496138687,0.2590957690486428
2019-12-09,64.25,64.5,63.61000061035156,64.4000015258789,32410,-0.002176608295782254,84.82968287847548,0.25823066163782443
2019-12-10,64.33999633789062,64.68000030517578,63.77000045776367,64.0,31170,0.0013997411174678665,84.94850561471651,0.258122967905386
2019-12-11,63.720001220703125,64.25,63.0099983215332,64.16000366210938,31647,-0.009682960693649902,84.12992212557691,0.25999281794021833
2019-12-12,64.19999694824219,64.83999633789062,63.869998931884766,63.88999938964844,32866,0.007504658961598909,84.76366353180512,0.2606308051297934
2019-12-13,65.22000122070312,65.77999877929688,64.38999938964844,64.41000366210938,34575,0.015763025917126205,86.1103816480316,0.2650246416962256
2019-12-16,65.33999633789062,65.6500015258789,64.87999725341797,64.9800033569336,31476,0.0018381610480748504,86.26881196301963,0.2647109932627487
2019-12-17,66.0999984741211,66.2300033569336,65.12000274658203,65.37000274658203,35092,0.011564373647292243,87.27224760820866,0.2620841239968058
2019-12-18,66.16999816894531,66.41999816894531,65.56999969482422,65.83000183105469,31943,0.0010584365787517699,87.36466864966434,0.2558293851766127
2019-12-19,66.54000091552734,66.77999877929688,66.04000091552734,66.12000274658203,29280,0.005576123997391666,87.85318562486619,0.2354060377690216
2019-12-20,66.13999938964844,66.70999908447266,65.7300033569336,66.5199966430664,33986,-0.0060295860239122576,87.32506107091731,0.22621007214384187
2019-12-23,66.38999938964844,66.5999984741211,65.80999755859375,66.20999908447266,21599,0.0037727352121710925,87.6551376579931,0.2116030922189387
2019-12-24,67.19999694824219,67.25,66.37000274658203,66.51000213623047,18562,0.012126768578398346,88.72458257671445,0.21063424140252174
2019-12-26,67.91999816894531,67.94999694824219,67.19000244140625,67.37000274658203,10745,0.010657312928060159,89.6752047591948,0.21237033487020432
2019-12-27,68.16000366210938,68.29000091552734,67.58000183105469,67.91999816894531,8223,0.003527421205089033,89.99208553544692,0.21102514988372456
2019-12-30,68.44000244140625,68.91000366210938,68.18000030517578,68.20999908447266,34100,0.004099548447015521,90.36176970126971,0.20989501482487735
2019-12-31,66.0,66.91999816894531,65.63999938964844,66.68000030517578,30892,-0.03630274266977947,87.14021898800591,0.23034784148158183
2020-01-02,66.25,66.56999969482422,65.7300033569336,66.47000122070312,25810,0.0037807228399061523,87.4702955750817,0.20813741919716142
2020-01-03,68.5999984741211,69.4800033569336,66.22000122070312,66.29000091552734,78848,0.03485704762237492,90.57301347896643,0.23264423996325656
2020-01-06,68.91000366210938,70.72000122070312,68.19000244140625,69.06999969482422,51933,0.004508846023775064,90.98231529667427,0.20645388395469638
2020-01-07,68.2699966430664,68.73999786376953,67.6500015258789,68.58000183105469,41178,-0.009330976253724733,90.13730996647328,0.21157558443520116
2020-01-08,65.44000244140625,71.98999786376953,64.94000244140625,68.47000122070312,85232,-0.042336652656713075,86.40085065636035,0.2596241261901839
2020-01-09,65.37000274658203,66.08999633789062,64.55000305175781,65.79000091552734,50520,-0.0010702499614657563,86.30842961490465,0.25949415400386217
2020-01-10,64.9800033569336,65.66000366210938,64.86000061035156,65.41000366210938,46595,-0.005983897738596964,85.7935109449175,0.2605457915972276
2020-01-13,64.19999694824219,65.25,63.91999816894531,65.18000030517578,35430,-0.012076418741234857,84.76366353180511,0.26184978756237787
2020-01-14,64.48999786376953,65.04000091552734,63.90999984741211,64.22000122070312,34682,0.0045069767365515856,85.14655358158959,0.2610234212566936
2020-01-15,64.0,64.61000061035156,63.54999923706055,64.45999908447266,34164,-0.007627056537625708,84.4996062913997,0.2559954659887183
2020-01-16,64.62000274658203,64.95999908447266,63.91999816894531,64.30999755859375,38391,0.00964091954027014,85.31819985367733,0.25846183505031495
2020-01-17,64.8499984741211,65.13999938964844,64.48999786376953,64.75,35541,0.0035528843331520867,85.62186467282974,0.2552086942899581
2020-01-21,64.58999633789062,66.0,64.05999755859375,65.4000015258789,50484,-0.004017343886490598,85.27858220179229,0.2553213049726146
2020-01-22,63.209999084472656,64.58999633789062,62.529998779296875,64.54000091552734,35127,-0.021597041346296558,83.45656306746368,0.26352069993687616
2020-01-23,62.040000915527344,62.779998779296875,61.25,62.630001068115234,43330,-0.01868314893491948,81.91180705750214,0.2692723367992867
2020-01-24,60.689998626708984,62.459999084472656,60.220001220703125,62.119998931884766,43263,-0.022000435845585885,80.12939046535152,0.27577007098996087
2020-01-27,59.31999969482422,60.4900016784668,58.5,60.279998779296875,39367,-0.022832405094638304,78.32057217841557,0.27616242779649575
2020-01-28,59.5099983215332,60.11000061035156,58.5,58.95000076293945,41537,0.0031978253268112916,78.57142857142831,0.27168655725436175
2020-01-29,59.810001373291016,60.61000061035156,59.25,59.66999816894531,21453,0.005028556565383941,78.96752450517447,0.2724191236687291
2020-01-30,58.290000915527344,59.61000061035156,57.72999954223633,59.61000061035156,17435,-0.02574232625347812,76.96065825136544,0.2777334006960213
2020-01-31,58.15999984741211,59.529998779296875,57.97999954223633,59.06999969482422,68547,-0.0022327371622046545,76.78901701584671,0.2577979357993048
2020-02-03,54.45000076293945,56.7599983215332,54.06999969482422,55.849998474121094,66338,-0.06591496721096247,71.8906816724187,0.3279226158720102
2020-02-04,53.959999084472656,55.63999938964844,53.689998626708984,54.150001525878906,52393,-0.00903984901793625,71.24372934565982,0.2859457556756558
2020-02-05,55.279998779296875,56.470001220703125,53.880001068115234,53.880001068115234,56117,0.02416814300445346,72.98653332249441,0.30708243625220166
2020-02-06,54.93000030517578,56.560001373291016,54.2400016784668,55.56999969482422,50605,-0.006351504466979818,72.52442811521593,0.3073980002462369
2020-02-07,54.470001220703125,55.470001220703125,54.209999084472656,55.36000061035156,43796,-0.008409539104109088,71.91708840377305,0.2845367788681344
2020-02-10,53.27000045776367,54.70000076293945,53.11000061035156,54.2400016784668,35920,-0.022276784283960287,70.33271977849552,0.2868108581646848
2020-02-11,54.0099983215332,54.65999984741211,53.349998474121094,53.349998474121094,36294,0.013795854005654683,71.30974365576117,0.29804550565119886
2020-02-12,55.790000915527344,56.29999923706055,54.18000030517578,54.18000030517578,43350,0.03242547473984197,73.65989238060764,0.33004198055793726
2020-02-13,56.34000015258789,56.83000183105469,54.970001220703125,56.34000015258789,48775,0.009810106888889,74.38605986486057,0.33280778238680325
2020-02-14,57.31999969482422,57.529998779296875,56.15999984741211,56.400001525878906,41913,0.017244832479332707,75.67995948180935,0.34268982912521123
2020-02-18,57.75,57.81999969482422,56.290000915527344,57.34000015258789,47337,0.007473751766003469,76.24769161450521,0.341583795105599
2020-02-19,59.119998931884766,59.40999984741211,57.540000915527344,57.70000076293945,36217,0.023445909171141414,78.05650990144116,0.3548133890453094
2020-02-20,59.310001373291016,60.02000045776367,58.900001525878906,59.34000015258789,34207,0.0032086904320504698,78.30737133102292,0.3557945212563179
2020-02-21,58.5,59.27000045776367,57.7400016784668,59.15999984741211,39006,-0.013751194767284064,77.23792137573254,0.3519393277059076
2020-02-24,56.29999923706055,58.119998931884766,55.13999938964844,58.02000045776367,28258,-0.03833223264348862,74.33324640215187,0.3686727122677473
2020-02-25,54.95000076293945,56.970001220703125,54.61000061035156,56.220001220703125,27751,-0.024270826860443455,72.55083484657027,0.370102215550465
2020-02-26,53.43000030517578,55.439998626708984,53.040000915527344,55.08000183105469,26216,-0.028051303052505274,70.54396859276125,0.3737420163579691
2020-02-27,52.18000030517578,53.439998626708984,51.04999923706055,53.439998626708984,9616,-0.023673106124270874,68.89358565738235,0.37790243993885636
2020-02-28,50.52000045776367,51.4900016784668,50.119998931884766,51.369998931884766,53362,-0.0323299790137735,66.70187732066194,0.38591631614354427
2020-03-02,51.900001525878906,52.779998779296875,48.380001068115234,49.040000915527344,47286,0.026949513028877783,68.52390149155956,0.39842251811984597
2020-03-03,51.86000061035156,53.869998931884766,51.2400016784668,52.97999954223633,42862,-0.000771027692472155,68.47108802885087,0.3986070307974441
2020-03-04,51.130001068115234,53.029998779296875,51.040000915527344,51.72999954223633,39712,-0.01417636189764057,67.50726499897787,0.334944148430316
2020-03-05,49.9900016784668,52.0099983215332,49.70000076293945,51.650001525878906,39679,-0.02254841098056453,66.00211656776335,0.34122551635914633
2020-03-06,45.27000045776367,50.43000030517578,45.15999984741211,50.119998931884766,69464,-0.09917844744180751,59.770268992070555,0.46105682072082477
2020-03-09,34.36000061035156,39.2400016784668,31.25,39.2400016784668,76517,-0.27575145668023454,45.36572693354626,1.0305476537029887
2020-03-10,37.220001220703125,38.209999084472656,33.439998626708984,33.459999084472656,67054,0.07995316913158396,49.141803895544236,1.0893789133924283
2020-03-11,35.790000915527344,39.619998931884766,35.36000061035156,37.79999923706055,60513,-0.039177733652602534,47.25376541454524,1.091759477341664
2020-03-12,33.220001220703125,36.529998779296875,32.47999954223633,36.130001068115234,67484,-0.0745164094272906,43.86057850233175,1.1012168405071248
2020-03-13,33.849998474121094,35.9900016784668,32.16999816894531,32.86000061035156,50707,0.018786813349441232,44.69236787543302,1.0935318426127143
2020-03-16,30.049999237060547,34.54999923706055,29.34000015258789,34.459999084472656,43527,-0.11907631868840345,39.67520475919497,1.1340243364801845
2020-03-17,28.729999542236328,31.219999313354492,28.459999084472656,29.700000762939453,32969,-0.044920778534316815,37.93240078236037,1.1218209356202427
2020-03-18,24.8799991607666,29.190000534057617,24.510000228881836,28.65999984741211,47500,-0.14387762291816714,32.84922083773645,1.174485546166905
2020-03-19,28.469999313354492,29.3799991607666,24.979999542236328,26.440000534057617,41724,0.13478664303200127,37.58912082960742,1.3063185666013746
2020-03-20,26.979999542236328,30.93000030517578,26.790000915527344,28.0,51866,-0.05375504335890181,35.62186467282991,1.3003273563775959
2020-03-23,27.030000686645508,27.520000457763672,24.68000030517578,26.5,31642,0.0018515518786137634,35.68788150121577,1.3050340095466115
2020-03-24,27.149999618530273,28.639999389648438,26.690000534057617,27.639999389648438,30946,0.004429646638048709,35.846316852772816,1.3127713412207513
2020-03-25,27.389999389648438,28.280000686645508,25.729999542236328,27.600000381469727,27352,0.008800928661755294,36.163190074171425,1.3210638709227127
2020-03-26,26.34000015258789,27.670000076293945,26.040000915527344,27.59000015258789,26819,-0.03908925888310411,34.776869415766946,1.3210799691947843
2020-03-27,24.93000030517578,27.0,24.170000076293945,26.709999084472656,23547,-0.05501679233137187,32.91523766612231,1.3225495121497222
2020-03-30,22.760000228881836,24.25,21.690000534057617,24.0,9112,-0.09106729046232354,30.05017278957316,1.3365366759179762
2020-03-31,22.739999771118164,23.860000610351562,22.579999923706055,22.959999084472656,40694,-0.0008791410572241768,30.023766058218815,1.3229122344385695
2020-04-01,24.739999771118164,26.270000457763672,24.540000915527344,25.93000030517578,43466,0.08429587945562718,32.66437875482505,1.3854661516708686
2020-04-02,29.940000534057617,32.599998474121094,25.43000030517578,25.6299991607666,65518,0.19077403911622495,39.52997277331508,1.5913460166499396
2020-04-03,34.11000061035156,35.0,28.280000686645508,29.959999084472656,55373,0.1303952174951018,45.035650346470476,1.6805950380481542
2020-04-06,33.04999923706055,34.22999954223633,30.549999237060547,31.25,36779,-0.031569071110885624,43.63612380410432,1.6556832745118106
2020-04-07,31.8700008392334,34.18000030517578,31.729999542236328,33.310001373291016,36246,-0.03635638845102778,42.07816442846563,1.362295472354939
2020-04-08,32.84000015258789,33.869998931884766,31.549999237060547,32.40999984741211,39293,0.02998213446836474,43.358860679737234,1.3343989319875027
2020-04-09,31.479999542236328,36.43000030517578,31.239999771118164,33.65999984741211,48214,-0.04229488022284128,41.56324324019394,1.335419891113428
2020-04-13,31.739999771118164,33.22999954223633,30.639999389648438,33.0,28098,0.008225298879325292,41.90652319294689,1.3125805068128045
2020-04-14,29.600000381469727,32.380001068115234,29.399999618530273,32.09000015258789,32146,-0.06980333366960965,39.08106841342926,1.330511252321953
2020-04-15,27.690000534057617,30.420000076293945,27.170000076293945,30.010000228881836,32129,-0.06670301774761381,36.55928348963306,1.2862542259875334
2020-04-16,27.81999969482422,29.010000228881836,27.200000762939453,28.059999465942383,30922,0.004683819055751004,36.730922206867284,1.2777689193614539
2020-04-17,28.079999923706055,29.0,27.600000381469727,28.469999313354492,44417,0.009302400914947061,37.07420215962024,1.1682431242872413
2020-04-20,25.56999969482422,28.239999771118164,25.3799991607666,28.049999237060547,46467,-0.09363779907240957,33.760232923185264,1.1172369060851566
2020-04-21,19.329999923706055,27.229999542236328,17.520000457763672,25.959999084472656,83111,-0.2797614880948595,25.52152161196793,1.462252908737652
2020-04-22,20.3700008392334,22.459999084472656,16.0,19.559999465942383,51051,0.05240498216487274,26.89464142297974,1.480350577667885
2020-04-23,21.329999923706055,23.18000030517578,20.059999465942383,21.299999237060547,44993,0.046051257468228475,28.16213430857417,1.493653622896826
2020-04-24,21.440000534057617,22.670000076293945,20.510000228881836,21.790000915527344,36158,0.005143832205583004,28.30736881273856,1.4930813004845573
2020-04-27,19.989999771118164,21.90999984741211,19.110000610351562,21.299999237060547,25906,-0.07002622404951277,26.392923600385227,1.5040474970174242
2020-04-28,20.459999084472656,21.270000457763672,18.729999542236328,20.170000076293945,21996,0.023239578713805414,27.013466677505267,1.501018382060258
2020-04-29,22.540000915527344,23.829999923706055,20.350000381469727,20.75,14425,0.0968198334532265,29.759706299528876,1.5132896356592542
2020-04-30,25.270000457763672,25.809999465942383,23.110000610351562,23.110000610351562,42900,0.11432639028548452,33.36414202600811,1.5646417449049543
2020-05-01,26.440000534057617,27.950000762939453,25.75,26.719999313354492,28681,0.04526009566732763,34.90890055425414,1.545447790033611
2020-05-04,27.200000762939453,28.079999923706055,25.479999542236328,26.209999084472656,30309,0.028338966168859676,35.91233368115866,1.3917891464241727
2020-05-05,30.969999313354492,31.690000534057617,27.799999237060547,27.940000534057617,38518,0.12980197046260408,40.889886700365196,1.391065612765885
2020-05-06,29.719999313354492,32.4900016784668,28.670000076293945,31.8799991607666,37505,-0.04119877506806109,39.239503764986296,1.3938153343225002
2020-05-07,29.459999084472656,31.84000015258789,29.06999969482422,30.1200008392334,36701,-0.008786816788218644,38.89622381223334,1.3892792933387232
2020-05-08,30.969999313354492,31.1299991607666,29.399999618530273,29.43000030517578,20277,0.04998559185627972,40.88988670036519,1.397104044593
2020-05-11,29.6299991607666,31.450000762939453,29.360000610351562,30.68000030517578,33638,-0.044231638552099606,39.12067599217625,1.3978099735603373
2020-05-12,29.979999542236328,30.68000030517578,29.450000762939453,30.06999969482422,25820,0.011743144143782788,39.58278371773924,1.398215314452613
2020-05-13,29.190000534057617,30.540000915527344,28.8700008392334,29.469999313354492,25072,-0.02670427424354974,38.539743012087726,1.3800122060215316
2020-05-14,31.1299991607666,31.489999771118164,28.899999618530273,29.389999389648438,25953,0.06434575433259176,41.101135514630926,1.3756564039032382
2020-05-15,32.5,32.900001525878906,30.959999084472656,31.350000381469727,29410,0.04306813184116668,42.90995631985139,1.3817552613709763
2020-05-18,34.810001373291016,35.720001220703125,32.709999084472656,32.709999084472656,28869,0.06866465193870404,45.95986579759644,1.3979892459716674
2020-05-19,34.650001525878906,35.86000061035156,34.20000076293945,35.439998626708984,24952,-0.0046069716015752216,45.748616983330706,1.3477590909358865
2020-05-20,35.75,36.400001525878906,34.369998931884766,34.43000030517578,25571,0.03125249946719612,47.20095195183654,0.8192394391787153
2020-05-21,36.060001373291016,36.97999954223633,35.709999084472656,35.79999923706055,29933,0.008633986718653938,47.61024873297534,0.8177023667174382
2020-05-22,35.130001068115234,36.22999954223633,33.54999923706055,35.939998626708984,31482,-0.026128759176288832,46.38236342612792,0.8347817291919388
2020-05-26,36.16999816894531,36.68000030517578,34.459999084472656,35.130001068115234,29328,0.029174498658048966,47.75547820057071,0.832176252140654
2020-05-27,34.7400016784668,36.18000030517578,34.0,36.099998474121094,16676,-0.0403381862123667,45.86744475614074,0.7950304080659023
2020-05-28,35.290000915527344,35.88999938964844,33.38999938964844,34.34000015258789,9367,0.015707854502082244,46.593612240393654,0.7958254765983057
2020-05-29,35.33000183105469,35.36000061035156,34.18000030517578,35.029998779296875,32101,0.0011328495680979934,46.64642570310234,0.756532437614932
2020-06-01,38.31999969482422,38.68000030517578,37.16999816894531,37.540000915527344,26475,0.08123943194053808,50.594138864050024,0.7127402731203211
2020-06-02,39.56999969482422,39.790000915527344,38.34000015258789,38.47999954223633,27662,0.032099302546248765,52.244521799428924,0.708266921937079
2020-06-03,39.790000915527344,40.529998779296875,38.75,39.52000045776367,34099,0.005544399762786702,52.534990807757694,0.7089621436335851
2020-06-04,39.9900016784668,40.099998474121094,39.060001373291016,39.380001068115234,22661,0.005013817383071267,52.799053084732115,0.5816116905935854
2020-06-05,42.29999923706055,42.47999954223633,39.720001220703125,39.93000030517578,28827,0.05615760318494942,55.84895752590816,0.5666327524317022
2020-06-08,40.79999923706055,43.43000030517578,40.68000030517578,42.40999984741211,28718,-0.036105005305218985,53.86849800345348,0.5896168092674134
2020-06-09,41.18000030517578,41.43000030517578,39.849998474121094,40.95000076293945,26258,0.009270646299800497,54.37021582604798,0.5763375199751968
2020-06-10,41.72999954223633,41.9900016784668,40.130001068115234,40.869998931884766,23565,0.013267574623386852,55.0963833103009,0.5367382276748743
2020-06-11,38.54999923706055,41.310001373291016,37.83000183105469,41.310001373291016,36881,-0.07926420341537527,50.89780871977146,0.6308257427431947
2020-06-12,38.72999954223633,39.439998626708984,37.0,38.380001068115234,29653,0.004658401488872677,51.13546426539154,0.6157731972337211
2020-06-15,39.720001220703125,39.880001068115234,37.2400016784668,38.689998626708984,30674,0.025240388202374158,52.44256976630201,0.5893961091222563
2020-06-16,40.959999084472656,41.65999984741211,38.970001220703125,39.77000045776367,35087,0.03074108846983184,54.07974681771922,0.5826123620813388
2020-06-17,40.709999084472656,41.45000076293945,40.029998779296875,40.709999084472656,29078,-0.006122218353626866,53.74967023064343,0.5458108925003975
2020-06-18,41.5099983215332,41.63999938964844,40.04999923706055,40.58000183105469,31042,0.019460581603823416,54.80591430197212,0.5454763766379362
2020-06-19,42.189998626708984,42.93000030517578,41.0099983215332,41.41999816894531,34079,0.016248871956385465,55.70372302174377,0.5400756670027631
2020-06-22,43.08000183105469,43.16999816894531,41.5099983215332,41.54999923706055,24433,0.020875701205685198,56.87879990245152,0.5419505445831951
2020-06-23,42.630001068115234,43.93000030517578,42.209999084472656,43.16999816894531,27036,-0.010500638959176096,56.28466103840131,0.5319917119345936
2020-06-24,40.310001373291016,42.88999938964844,39.619998931884766,42.33000183105469,28537,-0.05595864463528123,53.22155071326359,0.571983864837006
2020-06-25,41.04999923706055,41.63999938964844,39.470001220703125,40.43000030517578,32530,0.018191206115502866,54.19857459052926,0.5487859486565267
2020-06-26,41.02000045776367,41.779998779296875,40.290000915527344,41.470001220703125,13481,-0.0007310535090646587,54.158967011782245,0.5488115262619079
2020-06-29,41.709999084472656,41.939998626708984,40.060001373291016,40.310001373291016,9783,0.016681122455266886,55.06997657894656,0.5493010762107814
2020-06-30,41.150001525878906,41.619998931884766,40.939998626708984,41.54999923706055,29381,-0.013516922055050208,54.33060824730098,0.48411247643013644
2020-07-01,42.029998779296875,42.619998931884766,41.029998779296875,41.720001220703125,26731,0.021159655769435213,55.49247420747804,0.4773753866739549
2020-07-02,43.13999938964844,43.220001220703125,41.75,42.02000045776367,21825,0.026067006839441444,56.958015059945545,0.48406968881301526
2020-07-06,43.099998474121094,43.709999084472656,42.75,42.75,28969,-0.0009276651063729722,56.905201597236854,0.48432707763308996
2020-07-07,43.08000183105469,43.45000076293945,42.459999084472656,43.150001525878906,18827,-0.00046406691470096575,56.87879990245154,0.44497664521857144
2020-07-08,43.290000915527344,43.459999084472656,42.779998779296875,42.959999084472656,19171,0.004862787810814128,57.15606302681863,0.4242309274298661
2020-07-09,42.349998474121094,43.5,41.93000030517578,43.380001068115234,23249,-0.02195329753472752,55.91497183600952,0.4319678027074295
2020-07-10,43.2400016784668,43.40999984741211,41.31999969482422,42.400001525878906,24083,0.020797646520598415,57.09004871671727,0.4353631590199304
2020-07-13,42.720001220703125,43.33000183105469,42.189998626708984,43.11000061035156,22911,-0.012098808362012454,56.40348881121137,0.3265736976434311
2020-07-14,42.900001525878906,43.20000076293945,41.79999923706055,42.31999969482422,21724,0.004204638275793083,56.64114435683144,0.32658155276766554
2020-07-15,43.790000915527344,43.84000015258789,42.70000076293945,43.150001525878906,23596,0.02053364021828735,57.816216200970175,0.32327256038849356
2020-07-16,43.369998931884766,43.810001373291016,43.13999938964844,43.63999938964844,20484,-0.009637568501230345,57.261684915666976,0.3122767720073897
2020-07-17,43.13999938964844,43.459999084472656,42.630001068115234,43.34000015258789,21774,-0.005317306406448919,56.958015059945545,0.3120018479285277
2020-07-20,43.279998779296875,43.43000030517578,42.369998931884766,43.09000015258789,18019,0.0032399795205883255,57.142857142856926,0.3060657789988027
2020-07-21,44.31999969482422,44.880001068115234,43.119998931884766,43.18000030517578,24167,0.023745429219853145,58.51597695386873,0.31151987828313693
2020-07-22,44.290000915527344,44.400001525878906,43.619998931884766,43.900001525878906,19676,-0.0006770969469888953,58.47636937512173,0.3042277525527198
2020-07-23,43.310001373291016,44.77000045776367,43.130001068115234,44.349998474121094,25759,-0.022375351671364563,57.18246975817295,0.31270367332298915
2020-07-24,43.34000015258789,43.900001525878906,42.79999923706055,43.36000061035156,21918,0.0006924126939906257,57.222077336919966,0.23522953868709198
2020-07-27,43.40999984741211,43.77000045776367,42.380001068115234,43.400001525878906,22507,0.0016138261675317847,57.31449837837567,0.22906993831982517
2020-07-28,43.220001220703125,43.81999969482422,43.0099983215332,43.619998931884766,17828,-0.004386446473781735,57.06364198536291,0.23009980547427433
2020-07-29,43.75,43.939998626708984,43.20000076293945,43.29999923706055,10911,0.01218823348094314,57.76340273826148,0.2271148888714731
2020-07-30,42.939998626708984,43.81999969482422,41.380001068115234,43.79999923706055,8373,-0.01868785233461492,56.69395278297111,0.23229224987226846
2020-07-31,43.29999923706055,43.52000045776367,43.06999969482422,43.31999969482422,23641,0.008348856919586712,57.16926387421128,0.22305301800061522
2020-08-03,44.150001525878906,44.45000076293945,42.88999938964844,43.54999923706055,26883,0.01944034422261683,58.29152729221035,0.21485656775013012
2020-08-04,44.43000030517578,44.81999969482422,43.2400016784668,43.90999984741211,27305,0.0063219622052924996,58.66121145803314,0.2154604979893801
2020-08-05,45.16999816894531,46.2400016784668,44.25,44.400001525878906,29337,0.01651818531304302,59.63823533529881,0.22150855831744917
2020-08-06,45.09000015258789,45.709999084472656,44.849998474121094,45.2400016784668,23131,-0.0017726133124807252,59.53261344645044,0.2217171244640827
2020-08-07,44.400001525878906,45.25,44.2599983215332,45.119998931884766,20363,-0.015420992012246164,58.62160387928614,0.21386297276300018
2020-08-10,44.9900016784668,45.2599983215332,44.400001525878906,44.61000061035156,13672,0.013200776355812464,59.40058482624775,0.2070732491262917
2020-08-11,44.5,45.779998779296875,44.40999984741211,44.9900016784668,19786,-0.01095109098843846,58.75363249948885,0.20613240468224267
2020-08-12,45.43000030517578,45.619998931884766,44.5099983215332,44.58000183105469,16995,0.020683497316612006,59.98151780633627,0.2160740869732572
2020-08-13,44.959999084472656,45.58000183105469,44.81999969482422,45.43000030517578,13877,-0.010399501266523828,59.36097221093172,0.21045434527989532
2020-08-14,44.79999923706055,45.41999816894531,44.47999954223633,45.04999923706055,16681,-0.0035650628312419866,59.149723396665976,0.2075249004032094
2020-08-17,45.369998931884766,45.41999816894531,44.5,44.959999084472656,19441,0.012642947742507515,59.90229761227322,0.20936013897068295
2020-08-18,45.459999084472656,45.540000915527344,44.77000045776367,45.380001068115234,18063,0.0019817281516637426,60.02112538508327,0.20934190407480677
2020-08-19,45.369998931884766,45.4900016784668,44.810001373291016,45.040000915527344,18063,-0.001981728151663667,59.90229761227324,0.19465117175883498
2020-08-20,44.900001525878906,45.27000045776367,44.0099983215332,45.27000045776367,24042,-0.010413241401400354,59.2817570534377,0.1986612233650613
2020-08-21,44.349998474121094,45.119998931884766,43.599998474121094,44.90999984741211,25495,-0.01232515438194692,58.55558453261578,0.1866721612735629
2020-08-24,45.130001068115234,45.16999816894531,44.279998779296875,44.41999816894531,21033,0.01743456315622975,59.585426909159146,0.1950012572027689
2020-08-25,45.86000061035156,46.040000915527344,44.9900016784668,44.9900016784668,23808,0.016046053232345373,60.54924993903214,0.20102484472610935
2020-08-26,45.63999938964844,46.09000015258789,45.54999923706055,45.97999954223633,16657,-0.004808779118073258,60.258780930703374,0.20121540100724639
2020-08-27,45.09000015258789,45.81999969482422,44.560001373291016,45.619998931884766,10776,-0.012124015803636272,59.532613446450455,0.20421259727834382
2020-08-28,45.04999923706055,45.290000915527344,44.81999969482422,45.04999923706055,21040,-0.0008875286981128289,59.47979998374176,0.19099164545513558
2020-08-31,45.279998779296875,46.5099983215332,45.220001220703125,45.709999084472656,18967,0.005092439816982031,59.7834698394632,0.19001943972167215
2020-09-01,45.58000183105469,46.220001220703125,45.470001220703125,45.56999969482422,19914,0.006603657053929012,60.17956577320934,0.1802355694017931
2020-09-02,44.43000030517578,46.040000915527344,44.20000076293945,45.849998474121094,31416,-0.025554140173360444,58.661211458033144,0.20203688433085987
2020-09-03,44.06999969482422,44.61000061035156,43.15999984741211,44.369998931884766,30615,-0.008135651887405384,58.185900366792985,0.19455148232645234
2020-09-04,42.65999984741211,44.540000915527344,42.29999923706055,43.869998931884766,32210,-0.03251756246273213,56.324268617148356,0.22283872492062012
2020-09-08,39.779998779296875,42.45000076293945,39.29999923706055,42.220001220703125,52172,-0.06989746672689436,52.52178492379605,0.32065224852428986
2020-09-09,40.790000915527344,41.20000076293945,39.279998779296875,39.79999923706055,30286,0.025072733034891142,53.85529715606084,0.33169839597199124
2020-09-10,40.060001373291016,40.95000076293945,39.720001220703125,40.63999938964844,24171,-0.018058611255837968,52.891474126187845,0.33429866886508003
2020-09-11,39.83000183105469,40.349998474121094,39.380001068115234,39.95000076293945,24576,-0.005757921353226758,52.58780427046641,0.32098028408225104
2020-09-14,39.61000061035156,40.09000015258789,39.310001373291016,39.77000045776367,22118,-0.005538816122446678,52.29733526213764,0.3206327361001204
2020-09-15,40.529998779296875,40.81999969482422,39.38999938964844,39.65999984741211,25333,0.02296078347885669,53.51201468502339,0.33600364240508585
2020-09-16,42.220001220703125,42.439998626708984,40.58000183105469,40.75,29327,0.04085166081137687,55.74333563705984,0.36718556753150017
2020-09-17,43.29999923706055,43.5099983215332,41.52000045776367,42.2599983215332,27245,0.02525854605550947,57.16926387421132,0.3801306535546066
2020-09-18,43.150001525878906,43.810001373291016,42.529998779296875,43.2599983215332,26032,-0.0034701644969594696,56.971220943907255,0.3801490261787831
2020-09-21,41.439998626708984,43.279998779296875,40.97999954223633,43.02000045776367,24298,-0.0404358880796707,54.713493260516465,0.40174682769309467
2020-09-22,41.720001220703125,42.189998626708984,41.209999084472656,41.790000915527344,19914,0.006734094580029052,55.08318246290826,0.40208699213736876
2020-09-23,41.77000045776367,42.63999938964844,41.25,41.7400016784668,23779,0.0011977300762390673,55.14919677300961,0.39561697274928415
2020-09-24,41.939998626708984,42.02000045776367,41.119998931884766,41.5,21940,0.004061603261357402,55.37364643466801,0.3902276351502169
2020-09-25,41.91999816894531,42.33000183105469,41.529998779296875,41.93000030517578,17141,-0.00047699639654470016,55.34723970331367,0.39043862442868094
2020-09-28,42.43000030517578,42.619998931884766,41.47999954223633,41.849998474121094,11999,0.012092670073640416,56.02059876142691,0.39313052970341783
2020-09-29,41.029998779296875,42.52000045776367,40.439998626708984,42.43000030517578,8209,-0.03355218970406972,54.17216785917495,0.4070657687972239
2020-09-30,40.95000076293945,40.970001220703125,40.41999816894531,40.75,35524,-0.001951647772538406,54.06654597032657,0.40571408320622754
2020-10-01,40.93000030517578,42.560001373291016,39.91999816894531,42.02000045776367,36595,-0.000488530969725148,54.04013923897224,0.4039453516729681
2020-10-02,39.27000045776367,40.81999969482422,38.790000915527344,40.790000915527344,37290,-0.04140241771360606,51.84843090225182,0.41754658202594336
2020-10-05,41.290000915527344,41.779998779296875,39.209999084472656,39.220001220703125,30456,0.05015948182435251,54.51545033021239,0.4602277336924178
2020-10-06,42.650001525878906,42.84000015258789,41.220001220703125,41.52000045776367,37426,0.03240694764334992,56.31106776975569,0.4628892477588574
2020-10-07,41.9900016784668,42.41999816894531,41.36000061035156,41.939998626708984,30170,-0.015595775045335965,55.43966578133839,0.39245119054798344
2020-10-08,43.34000015258789,43.470001220703125,41.86000061035156,42.060001373291016,33351,0.03164446495981678,57.222077336919995,0.39782162617129563
2020-10-09,42.849998474121094,43.560001373291016,42.61000061035156,43.40999984741211,26041,-0.011370390194918353,56.575125010161095,0.3940412384829902
2020-10-12,41.720001220703125,42.810001373291016,41.349998474121094,42.689998626708984,24754,-0.026724950042017824,55.08318246290826,0.4065466562596807
2020-10-13,42.45000076293945,42.66999816894531,41.650001525878906,41.83000183105469,22528,0.017346271338022776,56.04700549278125,0.40877561422637093
2020-10-14,43.31999969482422,43.43000030517578,42.130001068115234,42.41999816894531,28837,0.02028748435808724,57.19567060556565,0.40725740625574985
2020-10-15,43.15999984741211,43.599998474121094,41.560001373291016,43.40999984741211,40144,-0.0037002782335708996,56.98442179129991,0.38389018063800995
2020-10-16,42.93000030517578,43.20000076293945,42.27000045776367,43.040000915527344,24159,-0.0053432475093805635,56.680751935578485,0.37408477723139405
2020-10-19,42.619998931884766,43.220001220703125,42.369998931884766,42.7400016784668,26265,-0.007247287736043632,56.271455154439664,0.3747025831301767
2020-10-20,43.15999984741211,43.310001373291016,42.189998626708984,42.43000030517578,31677,0.012590535245424164,56.98442179129991,0.34770240492901217
2020-10-21,41.72999954223633,43.040000915527344,41.459999084472656,42.81999969482422,31681,-0.03369385322072633,55.096383310300936,0.3682693688058349
2020-10-22,42.459999084472656,42.790000915527344,41.470001220703125,41.720001220703125,30590,0.0173421510791892,56.06020634017392,0.3731389519173928
2020-10-23,41.77000045776367,42.79999923706055,41.5,42.439998626708984,26207,-0.016384045244762887,55.14919677300961,0.3775689203700476
2020-10-26,40.459999084472656,41.630001068115234,40.220001220703125,41.630001068115234,28463,-0.03186458035659627,53.41959364356767,0.39319812120553116
2020-10-27,41.20000076293945,41.470001220703125,40.400001525878906,40.52000045776367,26720,0.018124465761791213,54.39662255740235,0.3964038861048809
2020-10-28,39.119998931884766,40.709999084472656,38.7400016784668,40.709999084472656,21228,-0.05180445701037138,51.65038293537874,0.41943060479087046
2020-10-29,37.650001525878906,39.5,36.68000030517578,39.31999969482422,14205,-0.038300823089163036,49.70953602824007,0.43759066178256595
2020-10-30,37.459999084472656,38.02000045776367,37.0,37.619998931884766,43651,-0.00505932219808382,49.45867459865831,0.43741481997061277
2020-11-02,38.970001220703125,39.34000015258789,35.72999954223633,37.41999816894531,40454,0.03951847809898279,51.45234000507467,0.4405501572958636
2020-11-03,39.709999084472656,40.439998626708984,38.650001525878906,39.220001220703125,39534,0.01881087141303213,52.42936388234034,0.40738623369814
2020-11-04,41.22999954223633,41.34000015258789,39.40999984741211,40.150001525878906,39329,0.03756311352829917,54.436230136149355,0.413200678709013
2020-11-05,40.93000030517578,41.52000045776367,40.34000015258789,41.16999816894531,30961,-0.0073028376557711565,54.04013923897223,0.4106553400617373
2020-11-06,39.45000076293945,40.779998779296875,39.33000183105469,40.77000045776367,33078,-0.03682923132906704,52.08608644787189,0.4101182409306841
2020-11-09,42.400001525878906,43.4900016784668,39.61000061035156,39.70000076293945,55156,0.07211433159433533,55.98099118267991,0.48716879725857254
2020-11-10,43.61000061035156,44.06999969482422,41.54999923706055,42.130001068115234,41973,0.028138097624732464,57.57856065535011,0.4870311882303845
2020-11-11,43.79999923706055,45.310001373291016,43.61000061035156,43.959999084472656,43047,0.004347304113337351,57.82941704836286,0.4839793231098079
2020-11-12,43.529998779296875,44.47999954223633,43.279998779296875,43.779998779296875,36578,-0.00618347244228653,57.47293372993274,0.4796935035097061
2020-11-13,42.779998779296875,43.34000015258789,42.630001068115234,43.33000183105469,34737,-0.017379652401580625,56.48270396870538,0.4834317988174397
2020-11-16,43.81999969482422,44.68000030517578,42.63999938964844,42.72999954223633,37770,0.02401965208319272,57.8558237797172,0.4903165880749905
2020-11-17,43.75,44.22999954223633,43.08000183105469,43.900001525878906,27858,-0.001598714399393454,57.763402738261505,0.48951255160303986
2020-11-18,44.34000015258789,44.880001068115234,43.4900016784668,43.779998779296875,28668,0.013395594825856639,58.54238368522311,0.4897555165182692
2020-11-19,44.20000076293945,44.58000183105469,43.790000915527344,44.15999984741211,25836,-0.003162401284754138,58.35754160231171,0.4734284183226601
2020-11-20,44.959999084472656,45.189998626708984,44.0,44.220001220703125,24489,0.01704837887755679,59.36097221093172,0.47331531752214784
2020-11-23,46.060001373291016,46.119998931884766,44.900001525878906,45.130001068115234,35378,0.024171738985519026,60.813312216006565,0.47353541423701745
2020-11-24,47.86000061035156,48.029998779296875,45.84000015258789,45.84000015258789,31692,0.03833517102527878,63.18986263563837,0.4677248211824141
2020-11-25,48.61000061035156,49.04999923706055,47.599998474121094,47.86000061035156,24897,0.015549188380373995,64.18009239686572,0.467106991440604
2020-11-27,48.18000030517578,49.06999969482422,47.36000061035156,48.900001525878906,12454,-0.008885280092653337,63.61236026416985,0.4192203214809575
2020-11-30,47.59000015258789,47.95000076293945,46.849998474121094,47.75,37651,-0.012321345181480616,62.83337931720825,0.3902253677192777
2020-12-01,47.41999816894531,48.29999923706055,46.88999938964844,47.70000076293945,31987,-0.0035786163156150677,62.60892461898083,0.38948307808400395
2020-12-02,48.25,48.75,46.77000045776367,47.13999938964844,35514,0.017351785761289356,63.70478130562556,0.37654995254734425
2020-12-03,48.709999084472656,48.93000030517578,47.68000030517578,48.08000183105469,36526,0.009488501237986221,64.31212101706842,0.3752374938663361
2020-12-04,49.25,49.86000061035156,48.77000045776367,48.81999969482422,31658,0.01102503859511686,65.02508765392868,0.36144045212361453
2020-12-07,48.790000915527344,49.43000030517578,48.38999938964844,49.22999954223633,23896,-0.00938397502570075,64.41774794248582,0.36265418593154003
2020-12-08,48.84000015258789,49.0,48.11000061035156,48.68000030517578,27102,0.0010242597743471097,64.48376225258717,0.3249641430789358
2020-12-09,48.86000061035156,49.540000915527344,48.380001068115234,48.83000183105469,36534,0.00040942595469555134,64.51016898394151,0.23529764191215702
2020-12-10,50.25,51.06999969482422,48.86000061035156,48.97999954223633,30919,0.0280514686177455,66.34539400223181,0.23519860829739542
2020-12-11,49.970001220703125,50.7400016784668,49.75,50.34000015258789,25222,-0.005587697154352032,65.97570983640902,0.23896458065720474
2020-12-14,50.290000915527344,50.79999923706055,49.18000030517578,50.060001373291016,28782,0.00638341860399824,66.3982074649405,0.23463495145145621
2020-12-15,50.7599983215332,50.880001068115234,49.790000915527344,50.33000183105469,24071,0.009302341390633285,67.01874802377604,0.21745993097787983
2020-12-16,51.08000183105469,51.20000076293945,50.36000061035156,50.720001220703125,25996,0.006284457231676039,67.44125068887654,0.20968621233826587
2020-12-17,51.5,51.880001068115234,51.0099983215332,51.08000183105469,24947,0.00818874065854965,67.9957769376107,0.20717865104569744
2020-12-18,52.2599983215332,52.470001220703125,51.13999938964844,51.45000076293945,24749,0.014649420305155892,68.9992075462307,0.20765290033901598
2020-12-21,50.90999984741211,52.34000015258789,49.209999084472656,52.310001373291016,33507,-0.026171863057810392,67.21679599064909,0.23631418441106014
2020-12-22,50.08000183105469,50.93000030517578,49.560001373291016,50.900001525878906,22381,-0.016437601562599994,66.1209443405734,0.24615681490848415
2020-12-23,51.20000076293945,51.59000015258789,49.18000030517578,49.79999923706055,18879,0.02211778359218723,67.59968604043357,0.24425089630403723
2020-12-24,51.290000915527344,51.7599983215332,50.63999938964844,51.099998474121094,11666,0.0017562723045701886,67.7185138132436,0.2121829426371303
2020-12-28,50.86000061035156,52.02000045776367,50.52000045776367,51.20000076293945,9704,-0.00841904725659924,67.15078168054775,0.2109843333557733
2020-12-29,51.09000015258789,51.630001068115234,50.869998931884766,51.060001373291016,5788,0.00451201433476139,67.45445153626919,0.20722217692387312
2020-12-30,51.34000015258789,51.52000045776367,51.04999923706055,51.04999923706055,23958,0.004881392085744301,67.78452812334497,0.19985045890067413
2020-12-31,51.79999923706055,51.90999984741211,50.900001525878906,51.5099983215332,18326,0.008919956121776582,68.39186783478783,0.1988719673801173
2021-01-04,51.09000015258789,53.31999969482422,50.58000183105469,51.65999984741211,50232,-0.013801348207520905,67.45445153626919,0.20218013381049615
2021-01-05,53.599998474121094,53.880001068115234,50.619998931884766,50.7400016784668,62791,0.047960253279510354,70.76841825441966,0.25533571726456283
2021-01-06,54.29999923706055,54.720001220703125,53.150001525878906,53.59000015258789,49186,0.01297517328057341,71.69263370554563,0.25604667884297194
2021-01-07,54.380001068115234,54.900001525878906,53.939998626708984,54.13999938964844,30800,0.0014722459565775809,71.79826063096301,0.25126734883668206
2021-01-08,55.9900016784668,56.29999923706055,54.36000061035156,54.459999084472656,37597,0.029176674492759236,73.92395465758209,0.26402304225286805
2021-01-11,55.65999984741211,56.279998779296875,54.97999954223633,56.209999084472656,33199,-0.005911379982459529,73.48825114508892,0.2667558197563617
2021-01-12,56.58000183105469,56.779998779296875,55.529998779296875,55.560001373291016,27874,0.016393844879329024,74.70293560454368,0.25762677225615027
2021-01-13,56.060001373291016,57.41999816894531,55.779998779296875,56.72999954223633,32953,-0.0092330280021964,74.01637569903778,0.25992944140019547
2021-01-14,56.41999816894531,56.540000915527344,55.2400016784668,55.939998626708984,33446,0.006401102886400397,74.49168175370893,0.2599302263417093
2021-01-15,55.099998474121094,56.63999938964844,54.650001525878906,56.43000030517578,30604,-0.023673984653883217,72.74887777687434,0.27826987578683443
2021-01-19,55.900001525878906,56.08000183105469,54.5,54.7400016784668,36910,0.014414718991668345,73.80512688477205,0.2805610361871152
2021-01-20,56.08000183105469,56.619998931884766,55.650001525878906,55.900001525878906,33793,0.0032148679194607074,74.04278243039212,0.2802198763010661
2021-01-21,56.099998474121094,56.2400016784668,55.5099983215332,55.779998779296875,22792,0.0003565099522874926,74.06918412517746,0.27777588517277857
2021-01-22,55.40999984741211,56.16999816894531,54.4900016784668,56.150001525878906,33071,-0.012375705203921518,73.15817455801316,0.26300305017275505
2021-01-25,55.880001068115234,56.02000045776367,55.09000015258789,55.20000076293945,24457,0.008446473377745437,73.77872015341771,0.25251594457421905
2021-01-26,55.90999984741211,56.34000015258789,55.400001525878906,55.97999954223633,19102,0.0005366988061771741,73.8183277321647,0.24528057823748323
2021-01-27,55.810001373291016,56.47999954223633,55.20000076293945,56.08000183105469,20094,-0.0017901629025017802,73.686299111962,0.24603058645211376
2021-01-28,55.529998779296875,56.59000015258789,55.220001220703125,55.66999816894531,6141,-0.005029696136134952,73.31660990957019,0.24414403692808861
2021-01-29,55.880001068115234,56.349998474121094,55.43000030517578,55.52000045776367,37454,0.006283160232459482,73.7787201534177,0.24425116462501315
2021-02-01,56.349998474121094,56.529998779296875,54.619998931884766,54.900001525878906,34234,0.008375659903981713,74.39926071225322,0.24466141051677665
2021-02-02,57.459999084472656,58.04999923706055,56.220001220703125,56.290000915527344,34815,0.019506824210656127,75.86480156472074,0.24980195387377718
2021-02-03,58.459999084472656,58.939998626708984,57.529998779296875,57.790000915527344,34146,0.017253706404506845,77.18510791302386,0.24353398564163414
2021-02-04,58.84000015258789,59.04999923706055,58.060001373291016,58.66999816894531,24732,0.0064791543041532035,77.68682573561836,0.19113001492361947
2021-02-05,59.34000015258789,59.790000915527344,59.08000183105469,59.099998474121094,23510,0.008461719107588115,78.34697890976993,0.18922085861749272
2021-02-08,60.560001373291016,60.70000076293945,59.54999923706055,59.560001373291016,21098,0.0203510143716361,79.95775426640182,0.19690363075983236
2021-02-09,61.09000015258789,61.27000045776367,60.040000915527344,60.63999938964844,31230,0.008713557353702227,80.65751501930039,0.17718208988169373
2021-02-10,61.470001220703125,61.68000030517578,60.88999938964844,61.22999954223633,28344,0.0062010816180050905,81.15923284189489,0.1734433449834586
2021-02-11,61.13999938964844,61.5,60.72999954223633,61.209999084472656,26169,-0.005382964297599755,80.72352932940173,0.1713808723346123
2021-02-12,62.43000030517578,62.83000183105469,60.34000015258789,60.86000061035156,36933,0.02087962748210367,82.42672572748934,0.17448616782022425
2021-02-16,63.349998474121094,63.810001373291016,62.689998626708984,62.77000045776367,65492,0.014628948718721429,83.64140515037508,0.17754548048770655
2021-02-17,64.33999633789062,64.94999694824219,62.75,63.54999923706055,47339,0.015506582212135545,84.94850561471652,0.145335283775193
2021-02-18,63.93000030517578,65.48999786376953,63.22999954223633,64.87000274658203,43309,-0.0063927253405688935,84.40718524994402,0.15043402669530692
2021-02-19,62.90999984741211,63.93000030517578,62.11000061035156,63.650001525878906,54254,-0.016083608395784883,83.06047217028654,0.1692468641865636
2021-02-22,65.23999786376953,65.83999633789062,62.59000015258789,62.72999954223633,32173,0.0363676138521867,86.13678334281693,0.19890523762049905
2021-02-23,65.37000274658203,66.79000091552734,64.4800033569336,65.66000366210938,34643,0.0019907346319477173,86.30842961490467,0.18696921405530204
2021-02-24,67.04000091552734,67.29000091552734,64.80000305175781,65.2300033569336,27000,0.025225990189683894,88.51333879901776,0.19641588253442474
2021-02-25,66.87999725341797,67.69999694824219,66.48999786376953,67.33999633789062,11746,-0.0023895421211313534,88.30208494818301,0.19819626351005565
2021-02-26,66.12999725341797,66.87999725341797,65.69999694824219,66.70999908447266,42394,-0.011277467555631823,87.31185518695567,0.20695293015937305
2021-03-01,63.689998626708984,65.91000366210938,63.18000030517578,64.70999908447266,33869,-0.037594917332337864,84.0903095102609,0.25751390525670725
2021-03-02,62.70000076293945,64.12999725341797,62.369998931884766,63.38999938964844,37996,-0.01566608301419226,82.78320904591946,0.2687573145314168
2021-03-03,64.06999969482422,64.69999694824219,62.34000015258789,62.470001220703125,35401,0.021614771080799934,84.5920273328554,0.274406011481821
2021-03-04,66.73999786376953,67.7300033569336,63.36000061035156,63.939998626708984,67790,0.04082821042721123,88.11724286527162,0.296563360795136
2021-03-05,69.36000061035156,69.69000244140625,66.66000366210938,67.26000213623047,40754,0.03850589995706988,91.57644912415547,0.31431174393083167
2021-03-08,68.23999786376953,71.36000061035156,67.80999755859375,69.9000015258789,37511,-0.016279469393293035,90.0977023877263,0.32551591245635625
2021-03-09,67.5199966430664,69.31999969482422,67.13999938964844,68.0999984741211,30989,-0.01060707130867429,89.14708020524597,0.33113334753192286
2021-03-10,67.9000015258789,68.43000030517578,66.5199966430664,67.33000183105469,37089,0.0056122564670115565,89.64880306440949,0.3270801096877287
2021-03-11,69.62999725341797,69.83000183105469,68.0,68.26000213623047,30629,0.025159412471977827,91.93292740601659,0.33403665183334647
2021-03-12,69.22000122070312,69.9000015258789,69.02999877929688,69.58999633789062,27364,-0.005905613666751599,91.3916070412441,0.3366725758631701
2021-03-15,68.87999725341797,70.0199966430664,67.83000183105469,69.12000274658203,30212,-0.00492403559772953,90.94269764478925,0.3364867078662173
2021-03-16,68.38999938964844,68.95999908447266,67.36000061035156,68.86000061035156,27321,-0.007139214059158822,90.29575035459936,0.3345283099390367
2021-03-17,68.0,68.87999725341797,66.95999908447266,68.38999938964844,37607,-0.005718901009324729,89.7808316846122,0.33407002554539295
2021-03-18,63.279998779296875,68.1500015258789,61.41999816894531,67.93000030517578,61688,-0.07193840100721295,83.54898410891938,0.42026722204160794
2021-03-19,64.52999877929688,64.9000015258789,62.08000183105469,62.83000183105469,54241,0.019560908862023073,85.19936704429828,0.42549261136539906
2021-03-22,64.62000274658203,65.06999969482422,63.45000076293945,64.66000366210938,29644,0.0013937898690251484,85.31819985367733,0.4212242247098145
2021-03-23,60.790000915527344,64.33999633789062,60.2599983215332,64.30999755859375,43200,-0.0610986860788184,80.26142412212326,0.4530324315616533
2021-03-24,64.41000366210938,64.55999755859375,60.34000015258789,60.349998474121094,36451,0.05784364059389785,85.04093672931023,0.5002098877598112
2021-03-25,61.95000076293945,64.1500015258789,60.97999954223633,64.1500015258789,27894,-0.03894133702446334,81.79297928469211,0.5076310140373663
2021-03-26,64.56999969482422,64.87999725341797,61.7400016784668,61.7400016784668,23364,0.04142228152153926,85.25218050700695,0.531258994521882
2021-03-29,64.9800033569336,65.44999694824219,63.13999938964844,64.04000091552734,18231,0.0063296799898833415,85.7935109449175,0.5307495787453509
2021-03-30,64.13999938964844,65.6500015258789,63.63999938964844,65.30999755859375,4695,-0.013011397152899031,84.6844483743111,0.5159211174678262
2021-03-31,63.540000915527344,64.69000244140625,63.540000915527344,64.4800033569336,38444,-0.009398541499034614,83.89226657995684,0.5139247981401278
2021-04-01,64.86000061035156,65.16000366210938,62.369998931884766,62.9900016784668,66715,0.020561467039417178,85.63507055679143,0.5133956623149716
2021-04-05,62.150001525878906,64.80999755859375,61.2400016784668,64.80999755859375,37285,-0.04268026778119327,82.05704156166654,0.5124136195579837
2021-04-06,62.7400016784668,64.2699966430664,62.08000183105469,62.29999923706055,44319,0.009448387006998987,82.83602250862815,0.4919545955337848
2021-04-07,63.15999984741211,63.52000045776367,61.599998474121094,62.68000030517578,42225,0.006671957456276928,83.39054875736232,0.49161735739187445
2021-04-08,63.20000076293945,63.41999816894531,62.380001068115234,62.97999954223633,32283,0.0006331262530915522,83.44336222007101,0.4911646280136271
2021-04-09,62.95000076293945,63.459999084472656,62.56999969482422,63.290000915527344,29073,-0.003963540614513474,83.11328563299524,0.49013158666088735
2021-04-12,63.279998779296875,64.30999755859375,62.40999984741211,63.02000045776367,36366,0.00522853155876869,83.54898410891937,0.48015510283085944
2021-04-13,63.66999816894531,64.18000030517578,63.22999954223633,63.2400016784668,26957,0.006144161101524169,84.06390277890654,0.4815399786274657
2021-04-14,66.58000183105469,66.9000015258789,63.88999938964844,64.01000213623047,35988,0.04469079437803289,87.90599908757488,0.5101370311852369
2021-04-15,66.94000244140625,67.02999877929688,65.95999908447266,66.3499984741211,23442,0.005392472606289403,88.38131017881504,0.5102748967747999
2021-04-16,66.7699966430664,67.37999725341797,66.44999694824219,66.86000061035156,24035,-0.002542904661040013,88.1568504440186,0.510024974186571
2021-04-19,67.05000305175781,67.2300033569336,66.19000244140625,66.69000244140625,19740,0.0041848276486442905,88.52654468297943,0.4396931408463942
2021-04-20,66.56999969482422,68.08000183105469,65.5,67.12000274658203,40194,-0.007184634214016132,87.89279320361321,0.43656320501886914
2021-04-21,65.31999969482422,66.5199966430664,64.95999908447266,66.36000061035156,32764,-0.018955757598075343,86.24241026823431,0.44226910362977506
2021-04-22,65.4000015258789,65.83999633789062,64.58000183105469,65.11000061035156,26722,0.0012240183643813882,86.34803719365168,0.3813766716770779
2021-04-23,66.11000061035156,66.30999755859375,65.16999816894531,65.62000274658203,22397,0.010797748783215913,87.28545349217032,0.32795998026780404
2021-04-26,65.6500015258789,66.25,64.56999969482422,66.0199966430664,27250,-0.006982406586411758,86.67811378072744,0.29572480184737227
2021-04-27,66.41999816894531,66.80000305175781,65.69999694824219,65.7699966430664,33604,0.01166056438934014,87.69474523674012,0.26284507528899714
2021-04-28,67.2699966430664,67.86000061035156,66.16000366210938,66.66000366210938,24119,0.0127161337543469,88.81700361817015,0.2652907414706701
2021-04-29,68.55999755859375,68.94999694824219,67.04000091552734,67.04000091552734,10592,0.01899491654462169,90.52020001625773,0.2661716168761698
2021-04-30,67.25,68.31999969482422,67.1500015258789,68.31999969482422,31012,-0.01929222019779917,88.7906019233848,0.27414665665546367
2021-05-03,67.55999755859375,67.83000183105469,66.08000183105469,66.7699966430664,17852,0.004599037320790426,89.19989366795461,0.26651464121984203
2021-05-04,68.87999725341797,69.43000030517578,67.37999725341797,67.6500015258789,27613,0.01934976444185151,90.94269764478922,0.21783234758253764
2021-05-05,68.95999908447266,69.95999908447266,68.33999633789062,69.5,32004,0.0011607928346388217,91.0483245702066,0.21754166962868582
2021-05-06,68.08999633789062,69.37000274658203,67.93000030517578,68.56999969482422,25171,-0.01269630736772097,89.8996544208532,0.22531418301886394
2021-05-07,68.27999877929688,68.61000061035156,67.37999725341797,68.29000091552734,29163,0.002786574336830026,90.15051585043496,0.2250827967988548
2021-05-10,68.31999969482422,70.26000213623047,67.41000366210938,68.62000274658203,31833,0.0005856649651178476,90.20332931314366,0.22368320352685808
2021-05-11,68.55000305175781,68.75,67.12999725341797,68.23999786376953,40504,0.003360905513580224,90.50700420543411,0.2236368036509065
2021-05-12,69.31999969482422,69.9000015258789,68.19000244140625,68.72000122070312,31702,0.011170009917948951,91.52363566144678,0.2249716652938927
2021-05-13,67.05000305175781,69.0199966430664,66.47000122070312,69.0199966430664,38726,-0.03329480520264059,88.52654468297942,0.2090973215679383
2021-05-14,68.70999908447266,68.86000061035156,66.5,67.01000213623047,31042,0.024456080476126345,90.71824798313084,0.2247495985603584
2021-05-17,69.45999908447266,69.62999725341797,68.19999694824219,68.86000061035156,26662,0.010856298416815794,91.70847774435816,0.2266904891129808
2021-05-18,68.70999908447266,70.23999786376953,67.27999877929688,69.52999877929688,43138,-0.010856298416815884,90.71824798313082,0.23071649394829952
2021-05-19,66.66000366210938,68.5999984741211,65.29000091552734,68.58000183105469,42607,-0.030289607901744217,88.01162601299225,0.253963514255245
2021-05-20,65.11000061035156,67.1500015258789,64.79000091552734,66.7300033569336,35448,-0.023526971193795685,85.9651471438672,0.258726168988756
2021-05-21,66.44000244140625,66.94000244140625,64.55999755859375,65.04000091552734,33829,0.020221164868192993,87.72115700466348,0.268196399692471
2021-05-24,68.45999908447266,68.63999938964844,66.47000122070312,66.63999938964844,29400,0.029950298237743568,90.38817139605506,0.28492107205045025
2021-05-25,68.6500015258789,68.88999938964844,67.83999633789062,68.38999938964844,20377,0.0027715347120448085,90.63903282563682,0.28319000257440985
2021-05-26,68.87000274658203,69.16000366210938,68.02999877929688,68.62999725341797,21097,0.0031995549963681194,90.92950183396559,0.2811104540796706
2021-05-27,69.45999908447266,69.51000213623047,68.11000061035156,68.87999725341797,6546,0.008530324698006304,91.70847774435816,0.2794171717576423
2021-05-28,69.62999725341797,69.83000183105469,69.41999816894531,69.62000274658203,31275,0.0024444353737848564,91.93292740601657,0.27216721767747554
2021-06-01,70.25,71.3499984741211,68.7699966430664,69.02999877929688,39925,0.008864838704783724,92.7515209682942,0.2633944398930667
2021-06-02,71.3499984741211,71.48999786376953,70.37000274658203,70.55999755859375,22202,0.01553701432316103,94.20385593680003,0.26740816151016467
2021-06-03,71.30999755859375,71.9800033569336,70.66000366210938,71.2699966430664,25178,-0.0005607867333246127,94.15104247409134,0.26049896808078515
2021-06-04,71.88999938964844,72.16999816894531,70.76000213623047,71.3499984741211,24006,0.008100628702012601,94.91682257366027,0.26144200366265863
2021-06-07,71.48999786376953,72.26000213623047,71.0999984741211,71.69999694824219,21019,-0.005579614608472627,94.38869801971141,0.2575410055612058
2021-06-08,72.22000122070312,72.41000366210938,70.72000122070312,71.38999938964844,29742,0.010159482854643425,95.35252608615343,0.2589716414248765
2021-06-09,72.22000122070312,72.87999725341797,71.81999969482422,72.13999938964844,31013,0.0,95.35252608615343,0.2590390134506929
2021-06-10,72.5199966430664,72.91999816894531,70.94999694824219,72.08999633789062,37080,0.004145306845011569,95.74861194676154,0.2590806320007769
2021-06-11,72.69000244140625,73.08000183105469,71.87999725341797,72.38999938964844,36538,0.0023415174862060485,95.97307168155798,0.2572342139576893
2021-06-14,72.86000061035156,73.63999938964844,72.48999786376953,72.48999786376953,25816,0.002335942874371047,96.19752134321638,0.22243903044606347
2021-06-15,73.98999786376953,74.33000183105469,72.77999877929688,73.0999984741211,32191,0.015390120108114717,97.68946389046923,0.2139677591503873
2021-06-16,74.38999938964844,74.95999908447266,73.88999938964844,74.30000305175781,42294,0.005391595932918977,98.2175884444181,0.21244064495842785
2021-06-17,73.08000183105469,74.48999786376953,72.0,73.9800033569336,42085,-0.017766759433208656,96.48799035154518,0.2194612966748412
2021-06-18,73.51000213623047,73.75,72.18000030517578,73.06999969482422,26417,0.005866723881113683,97.05572248424103,0.18324105550902123
2021-06-21,74.9000015258789,74.94999694824219,72.9800033569336,73.33000183105469,38734,0.018732430448986422,98.89094750253132,0.15808996121821825
2021-06-22,74.80999755859375,75.29000091552734,74.33999633789062,74.80999755859375,39381,-0.0012023776458336068,98.77211469315228,0.15226388326987003
2021-06-23,75.19000244140625,76.0,74.7300033569336,74.76000213623047,32883,0.0050667426102065545,99.2738375523158,0.12400310940227827
2021-06-24,75.55999755859375,75.7699966430664,74.5199966430664,75.37000274658203,26664,0.004908734462717795,99.76234445437963,0.12385623740275761
2021-06-25,76.18000030517578,76.20999908447266,74.94999694824219,75.61000061035156,31417,0.008171954733961775,100.58093801665726,0.12436126609247782
2021-06-28,74.68000030517578,76.58999633789062,74.5199966430664,76.16000366210938,27711,-0.019886642296473134,98.60047849420258,0.14995788561663395
2021-06-29,74.76000213623047,75.51000213623047,73.91000366210938,74.5999984741211,4089,0.0010706884019053417,98.70610541961996,0.15014940325908918
2021-06-30,75.12999725341797,75.5999984741211,74.54000091552734,75.13999938964844,33596,0.004936898661468477,99.19461232168378,0.14895496968029404
2021-07-01,75.83999633789062,76.75,74.55000305175781,74.69999694824219,52210,0.009405899836116562,100.13202862020243,0.14398699050806144
2021-07-02,76.16999816894531,76.43000030517578,75.2300033569336,75.58999633789062,31167,0.004341850686185245,100.56773213269558,0.14350038260800546
2021-07-06,74.52999877929688,77.83000183105469,74.12000274658203,76.08999633789062,58679,-0.021765947830722297,98.40243052732951,0.16601998108595747
2021-07-07,73.43000030517578,75.98999786376953,72.58999633789062,74.95999908447266,51166,-0.014869136895392224,96.9500955588237,0.17408724527060634
2021-07-08,74.12000274658203,74.38999938964844,72.0999984741211,73.47000122070312,42366,0.009352862853512382,97.86111016255703,0.17359027421243997
2021-07-09,75.55000305175781,75.79000091552734,73.81999969482422,74.36000061035156,31967,0.019109290639589112,99.74914864355601,0.1841740421212569
2021-07-12,75.16000366210938,75.83999633789062,74.23999786376953,75.63999938964844,32255,-0.005175505843186665,99.23422997356883,0.1857232701000959
2021-07-13,76.48999786376953,76.61000061035156,74.95999908447266,75.2300033569336,32219,0.017540762136098776,100.99022976122708,0.19367502330429315
2021-07-14,74.76000213623047,76.70999908447266,73.76000213623047,76.4000015258789,49772,-0.022876974243669163,98.70610541961999,0.212593119729393
2021-07-15,73.47000122070312,74.63999938964844,73.16000366210938,74.55000305175781,41748,-0.017405834914699665,97.00290902153239,0.21539862922923264
2021-07-16,73.58999633789062,74.06999969482422,72.33999633789062,73.26000213623047,33536,0.0016319209276507332,97.16133933652043,0.21453100423158217
2021-07-19,68.62000274658203,73.29000091552734,67.8499984741211,73.0,58659,-0.06992501971855172,90.59942524688985,0.31834734339766263
2021-07-20,69.3499984741211,69.7300033569336,67.41999816894531,68.76000213623047,43067,0.010582047301988126,91.56324324019384,0.3204142242514564
2021-07-21,72.2300033569336,72.36000061035156,68.63999938964844,68.73999786376953,43341,0.040689393780107636,95.36573197011515,0.34691562444959106
2021-07-22,73.79000091552734,73.9000015258789,71.75,72.0999984741211,34425,0.021367714939107708,97.42540665006386,0.3560373536660327
2021-07-23,74.0999984741211,74.20999908447266,73.33000183105469,73.70999908447266,23724,0.004192278232407083,97.83469839463366,0.3558731716281217
2021-07-26,74.5,74.83000183105469,72.75,74.16999816894531,31628,0.0053836136756307785,98.3628229485825,0.3559711848970065
2021-07-27,74.4800033569336,75.05000305175781,74.0199966430664,74.79000091552734,26028,-0.0002684473450921285,98.33642125379718,0.35452660771636246
2021-07-28,74.73999786376953,75.30999755859375,74.44000244140625,74.66000366210938,20863,0.0034847174347579775,98.67969365169661,0.3480866279595247
2021-07-29,76.05000305175781,76.13999938964844,74.62999725341797,74.80999755859375,9158,0.01737566335842925,100.40930181770756,0.3532403492901311
2021-07-30,76.33000183105469,76.38999938964844,75.51000213623047,75.80000305175781,27919,0.0036750109654332366,100.77898598353035,0.3530818142596165
2021-08-02,72.88999938964844,75.33000183105469,72.30999755859375,75.18000030517578,38106,-0.04611462277851875,96.23712892196343,0.38672069672913467
2021-08-03,72.41000366210938,73.52999877929688,71.04000091552734,73.2300033569336,41458,-0.006606985045159602,95.60338751573524,0.3863575969742051
2021-08-04,70.37999725341797,72.81999969482422,70.12000274658203,72.33000183105469,44616,-0.02843536910696152,92.92315716724396,0.39122756053500185
2021-08-05,71.29000091552734,71.5,69.75,70.25,32444,0.012846985103431453,94.12464077930605,0.392170150522996
2021-08-06,70.69999694824219,72.43000030517578,70.27999877929688,71.26000213623047,35762,-0.008310548234198974,93.34565479577542,0.3908341676779142
2021-08-09,69.04000091552734,70.05999755859375,67.61000061035156,70.05999755859375,42738,-0.0237594697016377,91.15395149562401,0.3895257963900956
2021-08-10,70.62999725341797,71.2300033569336,68.97000122070312,69.29000091552734,30525,0.022768884497928955,93.25323375431974,0.40059713865611374
2021-08-11,71.44000244140625,71.62999725341797,69.06999969482422,70.91000366210938,34214,0.011403026208536598,94.32268874617913,0.3971891556332769
2021-08-12,71.30999755859375,71.88999938964844,70.68000030517578,71.58000183105469,22952,-0.0018214349387710993,94.15104247409138,0.39072561205753653
2021-08-13,70.58999633789062,71.38999938964844,70.0,71.12000274658203,26874,-0.010148096274897912,93.20042029161105,0.38797763315412664
2021-08-16,69.51000213623047,70.4000015258789,68.13999938964844,70.22000122070312,33537,-0.015417781683692445,91.77449709102858,0.39050689870863586
2021-08-17,69.02999877929688,70.01000213623047,68.81999969482422,69.6500015258789,29163,-0.006929482813378128,91.14074561166237,0.30565273378710417
2021-08-18,68.2300033569336,70.04000091552734,67.22000122070312,69.01000213623047,34264,-0.011656775004134097,90.08450657690268,0.30591988769954853
2021-08-19,66.44999694824219,67.6500015258789,65.55999755859375,67.41999816894531,35816,-0.026434660793961094,87.73435281548717,0.27841694098890235
2021-08-20,65.18000030517578,66.91999816894531,64.80000305175781,66.5999984741211,27104,-0.019297061142166023,86.05756818532294,0.26719440887576557
2021-08-23,68.75,68.91000366210938,64.83000183105469,65.18000030517578,29582,0.0533240584552189,90.77106144583956,0.33595468432107994
2021-08-24,71.05000305175781,71.30000305175781,68.5199966430664,68.68000030517578,38685,0.03290716094868432,93.80777007619196,0.3580017231002594
2021-08-25,72.25,72.41000366210938,70.51000213623047,71.12999725341797,32345,0.016748429497176472,95.39213366490048,0.3639962043924993
2021-08-26,71.06999969482422,72.12999725341797,70.68000030517578,71.83999633789062,24373,-0.016467024447754646,93.83417177097728,0.3671379045958569
2021-08-27,72.69999694824219,72.73999786376953,71.16000366210938,71.41999816894531,13316,0.02267604001727452,95.98626749238169,0.3711717618260777
2021-08-30,73.41000366210938,73.69999694824219,71.98999786376953,73.58999633789062,3291,0.00971887344632933,96.92369386403837,0.3729521001197318
2021-08-31,72.98999786376953,73.48999786376953,72.91000366210938,73.02999877929688,28933,-0.0057377998122904224,96.36915754216616,0.33708337325885923
2021-09-01,71.58999633789062,72.37000274658203,70.41000366210938,71.69999694824219,32339,-0.01936706794193126,94.52072663991417,0.3431100881460356
2021-09-02,73.02999877929688,73.45999908447266,70.91999816894531,71.23999786376953,30185,0.019914950662757985,96.42197100487485,0.33435299136220975
2021-09-03,72.61000061035156,73.69999694824219,72.4000015258789,72.80999755859375,27095,-0.005767637118883045,95.86744475614066,0.33279005800774736
2021-09-07,71.69000244140625,72.7699966430664,71.0999984741211,72.69000244140625,35294,-0.012751359878217464,94.65276533325493,0.3346844207208191
2021-09-08,72.5999984741211,72.94999694824219,71.55999755859375,71.58000183105469,31671,0.012613598893308136,95.854238872179,0.3248149422050439
2021-09-09,71.44999694824219,73.19000244140625,70.88999938964844,72.62000274658203,35106,-0.015967039149054684,94.3358845570028,0.3219033796245559
2021-09-10,72.91999816894531,73.13999938964844,70.95999908447266,71.30999755859375,26654,0.02036506303592312,96.27673650071048,0.32716473341962754
2021-09-13,73.51000213623047,73.93000030517578,72.69999694824219,73.05000305175781,26510,0.008058555746399493,97.05572248424112,0.32788951450468934
2021-09-14,73.5999984741211,74.2699966430664,73.08000183105469,73.7300033569336,27690,0.001223524556377764,97.17454522048213,0.3251777666557203
2021-09-15,75.45999908447266,76.12999725341797,73.77999877929688,73.83999633789062,35197,0.024957697400766414,99.63031583417697,0.32801310026861696
2021-09-16,75.66999816894531,75.86000061035156,74.4800033569336,75.45999908447266,27363,0.002779054104988875,99.90757895854406,0.3256861530859514
2021-09-17,75.33999633789062,75.77999877929688,74.58000183105469,75.01000213623047,26771,-0.004370602852411224,99.4718754460509,0.3221260809583752
2021-09-20,73.91999816894531,75.38999938964844,73.51000213623047,75.38999938964844,28251,-0.019027751093457123,97.5970428490136,0.3140196710526285
2021-09-21,74.36000061035156,75.16999816894531,73.25,74.2300033569336,25140,0.005934768498639207,98.17798086567115,0.3012516646008325
2021-09-22,76.19000244140625,76.26000213623047,74.51000213623047,74.61000061035156,26605,0.024312081467268938,100.59414390061899,0.2577885177389538
2021-09-23,77.25,77.33999633789062,75.5999984741211,75.87000274658203,26832,0.013816663249279777,101.99366540641613,0.2394811666787838
2021-09-24,78.08999633789062,78.25,76.87000274658203,77.18000030517578,20417,0.010815045000718271,103.10271790388448,0.23635805225801437
2021-09-27,79.52999877929688,79.87999725341797,78.20999908447266,78.2300033569336,20799,0.018272332841506235,105.00396226884514,0.22954501577662456
2021-09-28,79.08999633789062,80.73999786376953,78.08000183105469,79.41999816894531,21656,-0.005547895391819288,104.42302425218759,0.22345246259076523
2021-09-29,78.63999938964844,79.41000366210938,77.52999877929688,78.25,8319,-0.005705930150686414,103.8288904247064,0.22487258338889288
2021-09-30,78.5199966430664,79.16000366210938,77.63999938964844,78.33000183105469,51076,-0.001527141421907292,103.67045003658033,0.22321261242762064
2021-10-01,79.27999877929688,79.41000366210938,77.56999969482422,78.41000366210938,31697,0.009632547968700556,104.67388568176936,0.20789635687455338
2021-10-04,81.26000213623047,82.0,78.76000213623047,79.36000061035156,43286,0.02466804222404493,107.28809668359027,0.2128271983299679
2021-10-05,82.55999755859375,83.11000061035156,81.19999694824219,81.27999877929688,44439,0.015871355313543518,109.00448889250151,0.2121236262656119
2021-10-06,81.08000183105469,83.44000244140625,80.58999633789062,82.66000366210938,41389,-0.01808892799484756,107.0504411379702,0.21880587123323625
2021-10-07,81.94999694824219,82.5,79.08000183105469,80.80000305175781,43830,0.010672923783464494,108.19910121418556,0.21815356381056616
2021-10-08,82.38999938964844,83.43000030517578,81.95999908447266,82.38999938964844,48729,0.005354794968848032,108.78003923084312,0.2033901356759631
2021-10-11,83.6500015258789,84.5999984741211,82.55999755859375,82.58999633789062,46216,0.01517738275464265,110.4436280501837,0.19978753501819782
2021-10-12,83.41999816894531,84.2300033569336,82.72000122070312,83.61000061035156,47351,-0.002753378855092469,110.13995315789325,0.2022456175479903
2021-10-13,83.18000030517578,83.69000244140625,82.20999908447266,83.16000366210938,39594,-0.0028811288353448807,109.82308245477914,0.20396527091602087
2021-10-14,84.0,84.52999877929688,83.19000244140625,83.3499984741211,37348,0.009809860859687831,110.90573325746217,0.19249038519644363
2021-10-15,84.86000061035156,85.0999984741211,84.16999816894531,84.19999694824219,33044,0.010186048123318229,112.0411975228539,0.19307169116223957
2021-10-18,84.33000183105469,86.02999877929688,83.95999908447266,85.05000305175781,40153,-0.0062651516671127245,111.34143676995534,0.19439393017142578
2021-10-19,85.08000183105469,85.4000015258789,83.70999908447266,84.11000061035156,45141,0.008854316554081327,112.33166653118268,0.17313816703299711
2021-10-20,85.81999969482422,85.88999938964844,83.62999725341797,85.0999984741211,43107,0.008660064153779679,113.30869040844833,0.17324461449615366
2021-10-21,84.61000061035156,86.12000274658203,83.36000061035156,85.87999725341797,49004,-0.014199605857265951,111.71112093577811,0.17561546619652246
2021-10-22,85.52999877929688,85.94000244140625,83.83000183105469,84.6500015258789,41174,0.010814707170354099,112.92580035866384,0.17401528115098572
2021-10-25,85.98999786376953,86.72000122070312,85.44000244140625,85.70999908447266,43061,0.005363808259558507,113.53314007010671,0.17267973285319274
2021-10-26,86.4000015258789,86.52999877929688,85.27999877929688,86.02999877929688,32042,0.004756707890618279,114.07447050801724,0.1653780466875922
2021-10-27,84.58000183105469,86.2699966430664,84.05000305175781,86.12999725341797,25643,-0.021289839777512674,111.67151335703109,0.18463359896801337
2021-10-28,84.31999969482422,84.56999969482422,82.30999755859375,84.18000030517578,10576,-0.003078772519337846,111.32823088599362,0.18325680610443715
2021-10-29,84.37999725341797,84.55999755859375,84.05999755859375,84.19000244140625,35155,0.000711292972242865,111.40744604348765,0.182673790800956
2021-11-01,84.70999908447266,85.11000061035156,83.02999877929688,83.7300033569336,36245,0.0039032734896382224,111.84314955598079,0.18129460860268812
2021-11-02,84.72000122070312,85.22000122070312,83.76000213623047,84.41999816894531,40105,0.00011806806615199769,111.85635543994246,0.1636786250027688
2021-11-03,81.98999786376953,84.18000030517578,81.08000183105469,84.04000091552734,50062,-0.032754453148510505,108.25191467689422,0.19531805266748578
2021-11-04,80.54000091552734,84.5,80.19000244140625,81.31999969482422,72626,-0.017843295762647402,106.33747450110991,0.19503830027025257
2021-11-05,82.73999786376953,83.1500015258789,80.2699966430664,81.0,43130,0.026949168424000882,109.24214443812154,0.21383888805637297
2021-11-08,83.43000030517578,83.98999786376953,82.5,82.56999969482422,27655,0.008304825357178327,110.15315904185488,0.21493166150043322
2021-11-09,84.77999877929688,85.13999938964844,83.18000030517578,83.58999633789062,34996,0.01605169095416173,111.93557059743648,0.2156989293227079
2021-11-10,82.63999938964844,85.5,82.08999633789062,85.16000366210938,36273,-0.025565834100295486,109.11011581791885,0.23392540202231246
2021-11-11,82.87000274658203,83.43000030517578,81.66000366210938,82.63999938964844,31162,0.002779330578495924,109.41379071020931,0.23400517028043544
2021-11-12,82.16999816894531,82.87000274658203,81.26000213623047,82.66999816894531,27167,-0.008482898344852444,108.4895702225143,0.2327441366750782
2021-11-15,82.05000305175781,82.48999786376953,80.68000030517578,81.91999816894531,32804,-0.001461394929380259,108.33113990752628,0.22912913623238115
2021-11-16,82.43000030517578,83.13999938964844,81.55000305175781,82.11000061035156,25767,0.004620597297399024,108.83285269355176,0.22944143807884568
2021-11-17,80.27999877929688,82.36000061035156,79.7699966430664,82.33000183105469,38038,-0.026428943304810108,105.99419203007243,0.24237308387149276
2021-11-18,81.23999786376953,81.41999816894531,79.2699966430664,80.27999877929688,30490,0.01188720169431228,107.26168491566688,0.24453801413311982
2021-11-19,78.88999938964844,82.2300033569336,78.05000305175781,81.01000213623047,44180,-0.029353241046623558,104.15896701178215,0.25880407408658757
2021-11-22,79.69999694824219,80.08999633789062,77.54000091552734,78.66999816894531,39085,0.010215078135350058,105.22841193050351,0.25839906878718505
2021-11-23,82.30999755859375,82.58999633789062,78.56999969482422,79.41999816894531,41865,0.032223029817832316,108.67441230542569,0.2851894728130454
2021-11-24,82.25,83.0,81.63999938964844,82.19999694824219,30734,-0.0007291876779574276,108.59519714793169,0.28416307601202434
2021-11-26,72.72000122070312,82.55999755859375,72.11000061035156,82.2699966430664,29171,-0.1231469229899114,96.01267926030503,0.5038622376239296
2021-11-29,73.44000244140625,77.0,72.63999938964844,73.58999633789062,12507,0.009852312900213723,96.96330144278535,0.5071733693671922
2021-11-30,70.56999969482422,74.56999969482422,70.22000122070312,74.56999969482422,77840,-0.03986365886748544,93.17401859682572,0.5191598288650001
2021-12-01,68.87000274658203,72.86000061035156,68.1500015258789,70.13999938964844,56808,-0.02438441125101787,90.92950183396562,0.5198845349601169
2021-12-02,69.66999816894531,70.70999908447266,65.7699966430664,68.80999755859375,81072,0.011549073322922888,91.9857408687253,0.5241389074387032
2021-12-03,69.87999725341797,72.5999984741211,69.2300033569336,70.5,43639,0.0030096632013869857,92.2630039930924,0.5185982046518375
2021-12-06,73.08000183105469,73.77999877929688,70.29000091552734,70.30000305175781,32294,0.04477531060369844,96.4879903515452,0.5475853692900654
2021-12-07,75.44000244140625,76.26000213623047,73.2300033569336,73.54000091552734,34533,0.03178291412213797,99.60391413939162,0.5513407386600506
2021-12-08,75.81999969482422,76.37000274658203,74.4000015258789,75.2699966430664,31080,0.005024435375758508,100.10562692541708,0.5505048797725206
2021-12-09,74.41999816894531,76.69999694824219,73.83000183105469,76.0199966430664,27715,-0.018637407749044932,98.25719602316512,0.5472498079117006
2021-12-10,75.1500015258789,75.69999694824219,73.80000305175781,74.0999984741211,24682,0.009761438189286355,99.22102408960714,0.5451824341675174
2021-12-13,74.38999938964844,76.38999938964844,74.19000244140625,75.54000091552734,27562,-0.01016462050492935,98.21758844441811,0.5448413752196165
2021-12-14,73.69999694824219,75.1500015258789,72.56999969482422,74.30000305175781,31237,-0.009318758211047171,97.30657384068479,0.5449136721789197
2021-12-15,73.87999725341797,74.56999969482422,72.4800033569336,73.26000213623047,29294,0.002439360367329335,97.54422938630486,0.5454164199794581
2021-12-16,75.0199966430664,75.58999633789062,74.0,74.56999969482422,26965,0.01531258175177888,99.04937781751939,0.5490369704520256
2021-12-17,73.5199966430664,74.95999908447266,72.62000274658203,74.51000213623047,26087,-0.020197267519269035,97.0689182950647,0.5463164240945304
2021-12-20,71.5199966430664,73.06999969482422,69.26000213623047,73.05999755859375,36842,-0.027580348459022557,94.42830559845846,0.5487850771406636
2021-12-21,73.9800033569336,74.26000213623047,71.23999786376953,72.0999984741211,27386,0.0338177478522715,97.6762680796456,0.5585554252918631
2021-12-22,75.29000091552734,75.69000244140625,73.58999633789062,74.04000091552734,28541,0.017552504241505208,99.40586617251851,0.5613241642732892
2021-12-23,76.8499984741211,76.9800033569336,74.79000091552734,75.66999816894531,27624,0.02050811410727306,101.46554085246721,0.553551019992599
2021-12-27,78.5999984741211,79.05999755859375,75.76000213623047,76.30000305175781,15723,0.022516229892626662,103.77607696199769,0.5607052492658112
2021-12-28,78.94000244140625,79.8499984741211,78.47000122070312,78.87000274658203,8523,0.004316421140123197,104.22498635845253,0.3474749650350043
2021-12-29,79.2300033569336,80.16000366210938,78.13999938964844,79.0,7057,0.003666956184559522,104.60787640823699,0.34680172436604684
2021-12-30,79.31999969482422,79.62000274658203,78.66000366210938,79.25,24512,0.0011352424575692592,104.726699144478,0.30906766487478243
2021-12-31,77.77999877929688,79.68000030517578,77.13999938964844,79.1500015258789,21740,-0.019605986770900044,102.69342615931465,0.30362857021513556
2022-01-03,78.9800033569336,79.27999877929688,77.04000091552734,77.94000244140625,27224,0.015310385328798035,104.27779982116121,0.3048042325440689
2022-01-04,80.0,80.55000305175781,78.5999984741211,78.94999694824219,31321,0.012831936311788373,105.62450786424964,0.30549951084988536
2022-01-05,80.80000305175781,81.48999786376953,79.55000305175781,80.08000183105469,35152,0.009950368622447272,106.68075697214736,0.27247190932200344
2022-01-06,81.98999786376953,82.83999633789062,79.62999725341797,80.1500015258789,41582,0.01462025925698872,108.25191467689422,0.2570948490114561
2022-01-07,81.75,82.98999786376953,81.44000244140625,82.05999755859375,29501,-0.0029314527759547178,107.93504397378011,0.2581566562149693
2022-01-10,80.87000274658203,82.2699966430664,80.48999786376953,81.79000091552734,30035,-0.01082284870670404,106.77317801360306,0.25100060189558
2022-01-11,83.72000122070312,83.97000122070312,80.87999725341797,80.95999908447266,37934,0.03463495108792288,110.53604909163934,0.27214566280124103
2022-01-12,84.66999816894531,85.19999694824219,83.51000213623047,83.69000244140625,32298,0.011283413869825253,111.79033609327209,0.26703959606841615
2022-01-13,84.47000122070312,85.08999633789062,83.79000091552734,84.77999877929688,27107,-0.0023648698376802176,111.52627885286668,0.26301576418942346
2022-01-14,86.05999755859375,86.5,84.02999877929688,84.12999725341797,31970,0.01864824285107383,113.62556111156239,0.2658448228821141
2022-01-18,87.51000213623047,88.55000305175781,85.55000305175781,86.5,45875,0.016708397917211567,115.54001136048473,0.2664204510650561
2022-01-19,88.44000244140625,89.16999816894531,87.62999725341797,88.44999694824219,37483,0.01057128663545987,116.76789666733217,0.24696969062952787
2022-01-20,88.37999725341797,89.51000213623047,87.02999877929688,87.7300033569336,30524,-0.0006787149688418971,116.68867143670012,0.2121708307246752
2022-01-21,87.88999938964844,88.22000122070312,85.70999908447266,87.3499984741211,29566,-0.005559642993569911,116.04172414651023,0.2001690746170432
2022-01-24,86.2699966430664,88.87999725341797,85.0199966430664,87.6500015258789,34253,-0.01860415145551945,113.9028242359295,0.21734246528396461
2022-01-25,88.19999694824219,88.36000061035156,86.19000244140625,87.16999816894531,29496,0.022125054235775852,116.45101589108005,0.21872498114790584
2022-01-26,89.95999908447266,90.4800033569336,87.80000305175781,88.0199966430664,29805,0.0197581885017494,118.7747578845722,0.21638592960580116
2022-01-27,89.33999633789062,91.04000091552734,88.9800033569336,89.77999877929688,15201,-0.006915841980796554,117.95616432229457,0.22121165753015762
2022-01-28,90.02999877929688,91.69000244140625,89.41000366210938,89.88999938964844,10824,0.007693659628267731,118.86717892602789,0.22114078510668927
2022-01-31,91.20999908447266,91.30000305175781,90.75,90.80000305175781,33664,0.013021595592953792,120.42514081995111,0.22162129731388033
2022-02-01,89.16000366210938,89.95999908447266,87.72000122070312,89.37999725341797,36248,-0.022731980563366935,117.71851884981253,0.22649871713530462
2022-02-02,89.47000122070312,90.51000213623047,88.27999877929688,89.29000091552734,38172,0.003470837612095314,118.12781059438234,0.22440101655592784
2022-02-03,91.11000061035156,91.29000091552734,88.01000213623047,89.05999755859375,33059,0.01816418722161053,120.2931121997484,0.2272076134897814
2022-02-04,93.2699966430664,93.69999694824219,90.88999938964844,91.04000091552734,33357,0.023430902322373597,123.14496867405138,0.23469257724386783
2022-02-07,92.69000244140625,93.98999786376953,92.1500015258789,92.7300033569336,37016,-0.0062378585199837164,122.37919864762046,0.23708411300666074
2022-02-08,90.77999877929688,93.01000213623047,89.93000030517578,93.01000213623047,39288,-0.020821634645728757,119.85740868725526,0.25299118175451624
2022-02-09,91.55000305175781,92.05999755859375,90.05999755859375,91.2699966430664,34759,0.008446320873357439,120.87405021640593,0.24654023241431922
2022-02-10,91.41000366210938,93.08999633789062,90.9000015258789,91.72000122070312,43235,-0.0015303827266625468,120.68920813349455,0.22426629447488738
2022-02-11,94.44000244140625,95.63999938964844,90.5199966430664,91.26000213623047,53045,0.03260981634052664,124.68973475715093,0.24406603233074503
2022-02-14,96.4800033569336,96.77999877929688,93.45999908447266,95.30999755859375,48449,0.02137102970425025,127.38316091646584,0.24860402152027952
2022-02-15,93.27999877929688,96.23999786376953,92.05999755859375,95.76000213623047,45181,-0.03373005825722042,123.15817455801303,0.2801198392718327
2022-02-16,94.80999755859375,96.06999969482422,91.13999938964844,93.58999633789062,45148,0.016269153663611122,125.17824165921472,0.2798695378655788
2022-02-17,92.97000122070312,94.51000213623047,91.81999969482422,92.08999633789062,38045,-0.019597989581511186,122.74888281344323,0.29002215866159464
2022-02-18,93.54000091552734,94.1500015258789,90.26000213623047,92.9800033569336,42436,0.006112288487447182,123.50145702905048,0.2900741999691019
2022-02-22,96.83999633789062,99.44000244140625,92.55999755859375,94.27999877929688,59945,0.034670932168485866,127.85846193456798,0.30852750146074165
2022-02-23,96.83999633789062,98.69999694824219,95.80000305175781,96.62999725341797,33549,0.0,127.85846193456798,0.29741480139279813
2022-02-24,99.08000183105469,105.75,97.48999786376953,97.55999755859375,21282,0.022867528847951738,130.81595540742637,0.2979482679458809
2022-02-25,97.93000030517578,101.98999786376953,96.0,99.6500015258789,7025,-0.011674682252759146,129.29760109225018,0.29894213623711696
2022-02-28,100.98999786376953,104.4800033569336,99.9000015258789,100.4800033569336,38241,0.030768540036606663,133.33773529465353,0.30984094911070703
2022-03-01,104.97000122070312,107.5999984741211,97.69000244140625,98.11000061035156,56428,0.03865312579119873,138.59255899308073,0.33007874879179966
2022-03-02,112.93000030517578,115.05000305175781,106.48999786376953,107.54000091552734,59273,0.07309355376115066,149.102196316797,0.40112390812922816
2022-03-03,110.45999908447266,119.7699966430664,109.41999816894531,114.25,37420,-0.022114704253197687,145.8410380247862,0.4004911170934415
2022-03-04,118.11000061035156,118.97000122070312,109.61000061035156,110.58000183105469,34984,0.0669629426066836,155.9413836039327,0.4449717338075325
2022-03-07,123.20999908447266,137.0,119.06999969482422,121.23999786376953,29504,0.042273810414542104,162.674943965651,0.45604423344169237
2022-03-08,127.9800033569336,133.1300048828125,121.37000274658203,124.25,38358,0.03798381873550438,168.97281088801418,0.462428165821913
2022-03-09,111.13999938964844,131.6300048828125,108.0,129.57000732421875,42740,-0.14108336558141701,146.73884674455786,0.7102328020480839
2022-03-10,109.33000183105469,118.33000183105469,108.94999694824219,112.73999786376953,30414,-0.01641981416568371,144.34909547753335,0.7080922341923223
2022-03-11,112.66999816894531,113.87999725341797,107.12999725341797,109.72000122070312,18819,0.03009232773023528,148.75891384575954,0.7118952748757884
2022-03-14,106.9000015258789,113.04000091552734,103.44999694824219,112.9000015258789,19364,-0.05256934361970051,141.14075064823126,0.7434624468043274
2022-03-15,99.91000366210938,106.45999908447266,97.5,106.0,26067,-0.06762401490588109,131.9118120940711,0.7808700036195779
2022-03-16,98.0199966430664,103.68000030517578,96.94999694824219,99.04000091552734,18514,-0.019098312165043246,129.41642382849122,0.7812494912335469
2022-03-17,106.63999938964844,107.56999969482422,97.87999725341797,98.0999984741211,15091,0.08428716491301076,140.79746817719382,0.821541562266488
2022-03-18,107.93000030517578,109.56999969482422,105.80000305175781,107.23999786376953,10489,0.012024201517812836,142.5006645752814,0.8210287792923152
2022-03-21,115.62000274658203,116.7300033569336,107.08999633789062,107.37000274658203,11620,0.06882610374479065,152.65382361713657,0.8429066298477847
2022-03-22,115.4800033569336,119.41999816894531,112.7699966430664,116.8499984741211,14222,-0.001211591545452315,152.46898153422518,0.8437555164802414
2022-03-23,121.5999984741211,122.29000091552734,114.41999816894531,114.73999786376953,14286,0.05163957311959268,160.54924993903194,0.8520056918892375
2022-03-24,119.02999877929688,123.69999694824219,116.94999694824219,121.2699966430664,12778,-0.021361405059355985,157.15606302681843,0.8586184319882016
2022-03-25,120.6500015258789,120.87000274658203,115.20999908447266,118.27999877929688,14026,0.013518252793828485,159.2949629373992,0.857438959658035
2022-03-28,112.4800033569336,120.30999755859375,109.05999755859375,120.30999755859375,15212,-0.07011834681112303,148.50806248931582,0.8984416874670755
2022-03-29,110.2300033569336,114.70999908447266,104.9800033569336,109.7300033569336,7152,-0.020206335477944353,145.5373732056338,0.8985142601573355
2022-03-30,113.44999694824219,114.6500015258789,110.9000015258789,111.0,4472,0.028793061897140856,149.7887511857339,0.8943858869219353
2022-03-31,107.91000366210938,109.36000061035156,107.37000274658203,108.70999908447266,22850,-0.050064604013923895,142.47426288049607,0.875540192242146
2022-04-01,104.38999938964844,106.19999694824219,102.37000274658203,105.98999786376953,17144,-0.03316370073897471,137.82677889351177,0.8795397707169726
2022-04-04,107.52999877929688,108.55000305175781,102.91000366210938,104.25,18406,0.029635987476857382,141.97254002133255,0.8513461160903071
2022-04-05,106.63999938964844,109.8499984741211,104.55999755859375,108.23999786376953,15613,-0.008311196903248585,140.79746817719382,0.8342130678317096
2022-04-06,101.06999969482422,108.66000366210938,100.54000091552734,105.79000091552734,20212,-0.053645327079854956,133.44336222007092,0.832511005344971
2022-04-07,100.58000183105469,103.5,98.44999694824219,102.1500015258789,19577,-0.00485989411834489,132.79641492988105,0.6855870276766044
2022-04-08,102.77999877929688,103.25,99.70999908447266,101.69000244140625,16735,0.021637320738452186,135.70108486689273,0.6900883170987662
2022-04-11,98.4800033569336,103.08999633789062,97.62000274658203,103.06999969482422,23852,-0.04273725372356585,130.0237736130721,0.6922743291032862
2022-04-12,104.63999938964844,105.5999984741211,98.9800033569336,99.25,22697,0.060672365912355246,138.15685548058758,0.7080984470429246
2022-04-13,108.77999877929688,109.0,104.06999969482422,104.9800033569336,22260,0.038801600897035916,143.62292295671148,0.6772641261803873
2022-04-14,111.69999694824219,112.38999938964844,106.63999938964844,108.37000274658203,17418,0.026489195981081844,147.47821507620347,0.6760414384899016
2022-04-18,113.16000366210938,114.81999969482422,110.72000122070312,111.88999938964844,13187,0.012986100041455192,149.4058712090875,0.6146301558765864
2022-04-19,107.25,114.05000305175781,106.7699966430664,112.6500015258789,18972,-0.05364022098746452,141.6028558555098,0.6436545753646832
2022-04-20,106.80000305175781,108.9800033569336,104.66999816894531,107.72000122070312,15985,-0.004204602707520949,141.00872202802861,0.5925144477200619
2022-04-21,108.33000183105469,109.79000091552734,106.77999877929688,107.01000213623047,13203,0.01422418575943378,143.0287891292303,0.5957609052461482
2022-04-22,106.6500015258789,108.7300033569336,105.52999877929688,108.63999938964844,11040,-0.015629681635329566,140.8106740611555,0.5626142637860397
2022-04-25,102.31999969482422,105.94999694824219,99.47000122070312,105.73999786376953,15464,-0.041447304936684845,135.09374515544988,0.5736083756077337
2022-04-26,104.98999786376953,106.1500015258789,101.12000274658203,102.56999969482422,13279,0.02575993289183499,138.61896068786606,0.5807041314697947
2022-04-27,105.31999969482422,106.3499984741211,103.2699966430664,105.37000274658203,8064,0.0031382445506436445,139.05466420035927,0.5332862713223046
2022-04-28,107.58999633789062,107.93000030517578,103.30000305175781,104.76000213623047,8567,0.021324340837676654,142.0517551788266,0.535931226120386
2022-04-29,109.33999633789062,109.7699966430664,107.6500015258789,107.6500015258789,32573,0.016134587405812015,144.36229128835706,0.5287646828996043
2022-05-02,107.58000183105469,108.41000366210938,103.12999725341797,106.19999694824219,23606,-0.016227486108495247,142.03855936800295,0.5021353849953275
2022-05-03,104.97000122070312,108.30000305175781,104.62000274658203,107.37000274658203,23410,-0.02456016718872394,138.59255899308076,0.4958524227905814
2022-05-04,110.13999938964844,111.0,105.5,106.0999984741211,21158,0.04807767161596495,145.4185403962548,0.513420785375862
2022-05-05,110.9000015258789,113.98999786376953,109.2300033569336,110.13999938964844,26443,0.006876629822635739,146.4219760414438,0.51259231725725
2022-05-06,112.38999938964844,113.5199966430664,109.87999725341797,111.1500015258789,23902,0.013346051984144815,148.38922967993676,0.47211547771963536
2022-05-09,105.94000244140625,113.22000122070312,104.94999694824219,113.05000305175781,28134,-0.05910204093795928,139.87325776263685,0.5212990221535972
2022-05-10,102.45999908447266,106.91000366210938,101.69999694824219,105.55999755859375,25904,-0.033400449585964186,135.27858723836127,0.5305861489797907
2022-05-11,107.51000213623047,108.26000213623047,100.93000030517578,101.69999694824219,31560,0.0481114167916044,141.94613832654724,0.5320350488568827
2022-05-12,107.44999694824219,108.69000244140625,104.69000244140625,107.55999755859375,27037,-0.0005582916803352771,141.86691309591518,0.4907948012686015
2022-05-13,111.55000305175781,111.69000244140625,107.80999755859375,108.0,25050,0.03744735354943417,147.2801771824684,0.4895103940278634
2022-05-16,114.23999786376953,114.77999877929688,109.04000091552734,111.41000366210938,20871,0.023828531655479327,150.83179440966995,0.4878622680715079
2022-05-17,111.93000030517578,115.66000366210938,111.12000274658203,114.29000091552734,23254,-0.020427801264113685,147.7818899684939,0.49129862023358056
2022-05-18,109.11000061035156,114.12999725341797,108.3499984741211,112.88999938964844,21217,-0.025517125366746288,144.05862646920463,0.4617565766443912
2022-05-19,112.04000091552734,112.2699966430664,105.69999694824219,109.30000305175781,26098,0.026499405302423007,147.9271244726583,0.4697288434497252
2022-05-20,112.55000305175781,113.22000122070312,110.54000091552734,111.5,16942,0.004541635904085434,148.60048353077156,0.46782051304436384
2022-05-23,113.41999816894531,114.36000061035156,111.86000061035156,112.73999786376953,20660,0.007700131974436402,149.74914360698693,0.46381963851815206
2022-05-24,113.55999755859375,114.62999725341797,111.72000122070312,113.36000061035156,20941,0.001233583664085708,149.93398568989835,0.4350372298806674
2022-05-25,114.02999877929688,115.31999969482422,113.04000091552734,113.91999816894531,12885,0.004130250858213941,150.5545312853029,0.4284108409922518
2022-05-26,117.4000015258789,118.0,113.83999633789062,114.44999694824219,11590,0.029125359427098964,155.00396730541414,0.4371718613054772
2022-05-27,119.43000030517578,119.7300033569336,116.68000030517578,117.54000091552734,4384,0.01714350784434354,157.68418758076737,0.4354619203978621
2022-05-31,122.83999633789062,124.12999725341797,119.36000061035156,119.47000122070312,41020,0.028152237524989805,162.18642699044923,0.44129450003834325
2022-06-01,116.29000091552734,118.58000183105469,115.43000030517578,116.62999725341797,21546,-0.05479558658284739,153.5384264529466,0.4834777228307006
2022-06-02,117.61000061035156,118.44000244140625,112.4800033569336,115.81999969482422,22117,0.011286991874821302,155.2812304297812,0.47290126403118254
2022-06-03,119.72000122070312,121.44000244140625,116.08000183105469,118.26000213623047,11028,0.01778162212824735,158.06707763055184,0.4495308507203819
2022-06-06,119.51000213623047,121.88999938964844,118.76000213623047,121.3499984741211,16523,-0.001755625427116296,157.78981450618474,0.44982244767798873
2022-06-07,120.56999969482422,121.37999725341797,118.55999755859375,120.08000183105469,20488,0.008830426844411531,159.1893360119819,0.44885564913868453
2022-06-08,123.58000183105469,124.41000366210938,120.45999908447266,121.02999877929688,21778,0.024658239851478504,163.16346094085296,0.39223601587466705
2022-06-09,123.06999969482422,124.33000183105469,122.5,123.88999938964844,21008,-0.004135437745036683,162.4901018827397,0.36617693380379746
2022-06-10,122.01000213623047,124.33000183105469,119.87000274658203,122.94000244140625,26036,-0.008650270608659244,161.09058037694257,0.34119481898120546
2022-06-13,122.2699966430664,123.61000061035156,118.94999694824219,121.69000244140625,21136,0.002128660605116997,161.433852774842,0.34066816314761533
2022-06-14,121.16999816894531,125.18000030517578,118.94000244140625,122.5,27702,-0.009037183569031774,159.98151780633617,0.3245391026538201
2022-06-15,118.51000213623047,121.8499984741211,117.75,121.0,22360,-0.022197139905881402,156.46950815788162,0.3281422061774114
2022-06-16,119.80999755859375,120.27999877929688,115.58000183105469,119.12000274658203,24329,0.010909771048394138,158.18590036679288,0.31929594866965266
2022-06-17,113.12000274658203,121.25,111.72000122070312,119.33999633789062,26686,-0.05745790784597767,149.35305774637885,0.37059283208429866
2022-06-21,114.6500015258789,116.25,111.56999969482422,113.80000305175781,22868,0.01343479618441772,151.37312484758056,0.36225508851038335
2022-06-22,111.73999786376953,114.56999969482422,107.02999877929688,114.56999969482422,33112,-0.0257092976997958,147.5310285389122,0.3736093221301179
2022-06-23,110.05000305175781,112.69000244140625,108.11000061035156,110.22000122070312,21806,-0.015239889210017187,145.2997176600138,0.3758306415203515
2022-06-24,113.12000274658203,113.98999786376953,109.2699966430664,109.80999755859375,13431,0.027514390725395313,149.35305774637885,0.3889795114771771
2022-06-27,115.08999633789062,116.04000091552734,111.25,112.45999908447266,11252,0.017265172732358496,151.95405279110008,0.3934509837612894
2022-06-28,117.9800033569336,118.23999786376953,115.4000015258789,115.83999633789062,6673,0.024800747867469112,155.7697474049831,0.3897461146657205
2022-06-29,116.26000213623047,120.37999725341797,115.41000366210938,117.95999908447266,4346,-0.014686066380541369,153.49881887419966,0.38793921362951034
2022-06-30,114.80999755859375,116.33000183105469,114.80999755859375,116.04000091552734,24733,-0.012550513806832026,151.5843686252773,0.3744161289789499
2022-07-01,111.62999725341797,112.41999816894531,108.01000213623047,109.45999908447266,17090,-0.028088760418663237,147.38579403474785,0.33769067669873076
2022-07-05,102.7699966430664,114.69000244140625,101.11000061035156,111.61000061035156,43356,-0.08269635744985175,135.68787898293115,0.4343790360520941
2022-07-06,100.69000244140625,105.80000305175781,98.51000213623047,104.0,28820,-0.02044693479816956,132.94164943404556,0.4276734395484615
2022-07-07,104.6500015258789,106.3499984741211,98.47000122070312,99.95999908447266,22837,0.03857494929850827,138.17006136454935,0.4571836059666624
2022-07-08,107.0199966430664,107.44999694824219,103.75,104.48999786376953,20610,0.022394238043018568,141.2991809632194,0.4651925030249271
2022-07-11,107.0999984741211,107.66000366210938,103.66000366210938,106.76000213623047,17691,0.0007472616906575689,141.40480788863678,0.45275406814521213
2022-07-12,99.48999786376953,106.51000213623047,98.91000366210938,106.2300033569336,22827,-0.07370584807701039,131.357275772199,0.5082992338441708
2022-07-13,99.56999969482422,101.19999694824219,97.30000305175781,99.30999755859375,22358,0.0008037962055985921,131.46290269761636,0.5096987486917732
2022-07-14,99.0999984741211,100.37000274658203,94.5,99.8499984741211,27515,-0.004731485396479105,130.8423571022118,0.5082483992211069
2022-07-15,101.16000366210938,102.62000274658203,98.20999908447266,99.5999984741211,19146,0.020574032064347304,133.5621950294501,0.5191920783695082
2022-07-18,106.2699966430664,106.47000122070312,99.4800033569336,100.91999816894531,20217,0.049279535792956304,140.30895120199207,0.5535040346119914
2022-07-19,107.3499984741211,107.5999984741211,103.58999633789062,105.58999633789062,21900,0.0101115163148537,141.73488447571256,0.5532182898374521
2022-07-20,106.91999816894531,107.43000030517578,105.08999633789062,107.1500015258789,23989,-0.0040136359654806405,141.16715234301668,0.5196003512680974
2022-07-21,103.86000061035156,106.80000305175781,101.5199966430664,106.79000091552734,26598,-0.02903702985240456,137.12701814061333,0.5238117874516295
2022-07-22,103.19999694824219,105.68000030517578,101.91000366210938,104.25,17586,-0.00637502081668352,136.255611115627,0.5182968094954573
2022-07-25,105.1500015258789,105.3499984741211,101.66999816894531,103.44000244140625,14999,0.018719093183992758,138.83021453870091,0.5221764792715555
2022-07-26,104.4000015258789,107.3499984741211,103.9800033569336,104.80999755859375,20242,-0.007158226595921476,137.83998477747357,0.5110369707125234
2022-07-27,106.62000274658203,107.80000305175781,103.72000122070312,104.77999877929688,11024,0.021041447090854783,140.77106648240857,0.513163147466953
2022-07-28,107.13999938964844,108.9800033569336,105.95999908447266,107.48999786376953,6831,0.004865247600956311,141.45762135134547,0.5038030551797107
2022-07-29,110.01000213623047,110.43000030517578,108.02999877929688,108.05000305175781,24476,0.026434905413808087,145.2469041973051,0.5134648402789945
2022-08-01,100.02999877929688,104.37000274658203,99.0999984741211,103.87000274658203,25670,-0.09510116137613675,132.07024240905923,0.6050257119890703
2022-08-02,100.54000091552734,102.41000366210938,98.47000122070312,100.0,17357,0.005085538576810537,132.74360146717245,0.6010545492104662
2022-08-03,96.77999877929688,102.37000274658203,96.4800033569336,99.63999938964844,22263,-0.03811531861853275,127.77924677707406,0.5457190318962517
2022-08-04,94.12000274658203,97.62999725341797,93.1500015258789,97.01000213623047,21011,-0.027869755711131042,124.26723712861954,0.549327068416711
2022-08-05,94.91999816894531,96.4000015258789,92.75,93.58999633789062,16576,0.00846381923619221,125.3234761633792,0.5300297807709546
2022-08-08,96.6500015258789,96.7300033569336,92.98999786376953,94.2699966430664,17288,0.018061809164957875,127.60761057812435,0.5274509651661698
2022-08-09,96.30999755859375,98.38999938964844,94.91000366210938,96.54000091552734,20553,-0.0035240912187008587,127.1587011816695,0.527086918276264
2022-08-10,97.4000015258789,97.9800033569336,93.61000061035156,96.45999908447266,29520,0.01125409609128211,128.59784033935168,0.46632795120993453
2022-08-11,99.5999984741211,100.16000366210938,96.6500015258789,97.2699966430664,20958,0.02233592295588594,131.50251027636335,0.473297021782289
2022-08-12,98.1500015258789,100.3499984741211,96.94000244140625,99.29000091552734,20095,-0.014665213001615749,129.58807010057902,0.4757964286237571
2022-08-15,95.0999984741211,98.04000091552734,92.72000122070312,97.76000213623047,20714,-0.03156798276251662,125.5611317089993,0.481010569208088
2022-08-16,92.33999633789062,95.94999694824219,91.72000122070312,93.63999938964844,22549,-0.029451576086479567,121.91708336720404,0.4496066616912521
2022-08-17,93.6500015258789,94.45999908447266,91.5199966430664,92.7699966430664,21011,0.01408706776364762,123.64669153321499,0.4516847642118952
2022-08-18,96.58999633789062,97.41000366210938,93.05000305175781,93.18000030517578,21327,0.030910733093725377,127.52838534749232,0.4699416550888569
2022-08-19,96.72000122070312,97.87000274658203,94.25,96.62999725341797,22212,0.0013450406502932795,127.70003161958007,0.46194677524654254
2022-08-22,96.4800033569336,97.25,92.36000061035156,95.66000366210938,26974,-0.002484451154574634,127.38316091646598,0.46182676412522894
2022-08-23,100.22000122070312,100.44999694824219,96.51000213623047,96.58000183105469,22624,0.038032013938850764,132.32110383864102,0.47794415748750346
2022-08-24,101.22000122070312,102.0,99.06999969482422,100.16000366210938,24490,0.009928596134019004,133.64141018694414,0.4794126611345138
2022-08-25,99.33999633789062,102.47000122070312,99.12000274658203,101.5999984741211,20704,-0.018748105031027338,131.1592278053259,0.4756677665572189
2022-08-26,100.98999786376953,101.16999816894531,98.13999938964844,99.87999725341797,14241,0.01647320807076933,133.3377352946537,0.4798802810275767
2022-08-29,105.08999633789062,105.4800033569336,100.29000091552734,100.83000183105469,6048,0.039795610144567235,138.75098930806888,0.492214716723857
2022-08-30,99.30999755859375,105.37000274658203,97.66999816894531,105.0,7116,-0.05657084469856467,131.11962022657892,0.412148101243863
2022-08-31,96.48999786376953,100.30000305175781,95.76000213623047,99.70999908447266,24672,-0.028806892438682268,127.39635672728964,0.42309941397634726
2022-09-01,92.36000061035156,95.66000366210938,91.80999755859375,94.77999877929688,22870,-0.043745362798202854,121.94349513512743,0.4295618584816514
2022-09-02,93.0199966430664,95.31999969482422,92.0,92.0,22869,0.007120496612959282,122.81489208697572,0.42024245978215535
2022-09-06,92.83000183105469,96.98999786376953,92.27999877929688,93.08999633789062,34757,-0.0020446045709938813,122.56404073053197,0.41897407989176655
2022-09-07,88.0,93.79000091552734,87.4000015258789,92.80000305175781,28966,-0.053433068658450766,116.18695865067477,0.44991765266132
2022-09-08,89.1500015258789,89.83000183105469,87.2300033569336,87.63999938964844,21562,0.012983546946802652,117.70531296585096,0.45396830261107624
2022-09-09,92.83999633789062,93.0999984741211,88.31999969482422,88.45999908447266,22448,0.0405571805358433,122.57723654135563,0.4768838182881047
2022-09-12,94.0,95.16999816894531,91.20999908447266,92.30000305175781,22758,0.012417240309151619,124.10879674049352,0.4716409143813373
2022-09-13,93.16999816894531,95.51000213623047,91.06999969482422,94.20999908447266,27762,-0.008869020460506088,123.0129400538488,0.47022200537654446
2022-09-14,94.0999984741211,95.80999755859375,91.94999694824219,93.48999786376953,30880,0.009932268566332229,124.24082536069622,0.4597337800821743
2022-09-15,90.83999633789062,94.6500015258789,90.05000305175781,94.43000030517578,29483,-0.03525835345231483,119.93662384474939,0.46475346722409416
2022-09-16,91.3499984741211,92.63999938964844,90.22000122070312,90.6500015258789,20652,0.005598589196845163,120.60998290286264,0.4622556116822436
2022-09-19,92.0,92.58000183105469,88.4800033569336,91.6500015258789,17627,0.007090310928680058,121.46818404388728,0.4485794066631277
2022-09-20,90.62000274658203,93.0199966430664,89.80000305175781,91.97000122070312,24688,-0.015113607501264396,119.64616490955866,0.4505049214185259
2022-09-21,89.83000183105469,93.51000213623047,89.30000305175781,90.69000244140625,27621,-0.0087559539231065,118.60312168562264,0.45092021706464225
2022-09-22,90.45999908447266,92.80000305175781,89.29000091552734,89.91999816894531,22375,0.006988738304230189,119.43491105872393,0.427177673629475
2022-09-23,86.1500015258789,90.70999908447266,85.45999908447266,90.3499984741211,18951,-0.04881777324307592,113.74439392094165,0.4494140986538365
2022-09-26,84.05999755859375,87.66000366210938,83.62999725341797,86.72000122070312,14034,-0.024559180152468125,110.98494841495632,0.451663117504898
2022-09-27,86.2699966430664,87.12999725341797,83.91000366210938,83.91000366210938,10008,0.025951073643184965,113.90282423592966,0.4592511201792984
2022-09-28,89.31999969482422,89.48999786376953,84.2699966430664,85.83000183105469,9937,0.03474354937875978,117.92976262750938,0.4529860214373926
2022-09-29,88.48999786376953,90.0999984741211,87.44999694824219,88.94999694824219,7456,-0.009335896416966983,116.83390594086467,0.41695153581489575
2022-09-30,87.95999908447266,89.5199966430664,87.8499984741211,88.55999755859375,33026,-0.00600737186022392,116.1341451879661,0.4082787702809219
2022-10-03,88.86000061035156,89.83000183105469,86.51000213623047,86.51000213623047,38251,0.01017994909834039,117.32242291606654,0.3848764497789716
2022-10-04,91.80000305175781,92.38999938964844,88.69000244140625,88.88999938964844,38971,0.03255022649354366,121.2041268034819,0.40203462011008656
2022-10-05,93.37000274658203,93.97000122070312,90.9000015258789,91.6500015258789,39563,0.016957793041949044,123.27700736739227,0.4065549115489244
2022-10-06,94.41999816894531,95.01000213623047,92.7300033569336,93.83000183105469,26200,0.01118277181354086,124.66332298922771,0.3576779874790393
2022-10-07,97.91999816894531,98.58999633789062,93.93000030517578,94.98999786376953,36871,0.03639790433903605,129.28439520828866,0.37442578310479324
2022-10-10,96.19000244140625,98.76000213623047,95.62000274658203,98.69999694824219,24699,-0.017825372518913758,127.00027086668155,0.35777262302173835
2022-10-11,94.29000091552734,96.44999694824219,93.11000061035156,96.1500015258789,31431,-0.019950278358322568,124.491686790278,0.3630725720693665
2022-10-12,92.44999694824219,95.16999816894531,91.58000183105469,93.69000244140625,29821,-0.01970722436396925,122.06231787136848,0.36836623960917897
2022-10-13,94.56999969482422,94.9000015258789,91.08999633789062,92.47000122070312,32826,0.022672372977124006,124.86137095610079,0.375431449780676
2022-10-14,91.62999725341797,95.11000061035156,91.2699966430664,94.75,29344,-0.031581598798019375,120.97966706868544,0.37124409537384895
2022-10-17,91.62000274658203,93.2300033569336,90.83999633789062,91.70999908447266,23783,-0.00010908056584828134,120.9664712578618,0.3707656298109511
2022-10-18,90.02999877929688,92.6500015258789,88.7699966430664,92.0199966430664,40941,-0.017506683875033274,118.86717892602805,0.37472593021000117
2022-10-19,92.41000366210938,92.83999633789062,89.37999725341797,90.79000091552734,43364,0.026092302967340893,122.00951448179784,0.38232336917795434
2022-10-20,92.37999725341797,94.7699966430664,91.91999816894531,92.51000213623047,40748,-0.0003247622577679754,121.9698968299128,0.380743924605099
2022-10-21,93.5,93.80000305175781,91.0199966430664,92.79000091552734,26861,0.01205096102353157,123.44864356634197,0.38209285515694535
2022-10-24,93.26000213623047,94.44000244140625,91.20999908447266,93.61000061035156,28074,-0.0025701220082855075,123.13177286322787,0.33605428347900884
2022-10-25,93.5199966430664,94.37000274658203,91.62999725341797,93.55999755859375,22553,0.00278396698210164,123.47504526112732,0.3199684346658561
2022-10-26,95.69000244140625,96.19000244140625,92.04000091552734,93.25,15637,0.02293854403641692,126.34011769253001,0.31765410695811924
2022-10-27,96.95999908447266,97.27999877929688,95.08000183105469,96.16000366210938,14677,0.01318468757381007,128.01690232269425,0.30047791842848576
2022-10-28,95.7699966430664,96.88999938964844,95.0,96.77999877929688,12135,-0.012349064397194071,126.44573454480937,0.30232694450341946
2022-10-31,94.83000183105469,96.0,94.31999969482422,96.0,23096,-0.009863614277041901,125.2046534271383,0.30418687995580357
2022-11-01,94.6500015258789,95.55000305175781,92.36000061035156,92.80000305175781,21355,-0.0018999404278392529,124.9669978815182,0.3037630231357065
2022-11-02,96.16000366210938,96.47000122070312,93.98999786376953,94.66999816894531,28689,0.01582761509378773,126.96066328793457,0.2884050135759935
2022-11-03,94.66999816894531,95.94000244140625,94.16000366210938,95.66000366210938,21292,-0.015616368071043172,124.99339957630352,0.28948923057120435
2022-11-04,98.56999969482422,98.81999969482422,94.33999633789062,94.4800033569336,31256,0.04036981178196275,130.1425963493133,0.3190100456212117
2022-11-07,97.91999816894531,99.55999755859375,96.69999694824219,97.77999877929688,22568,-0.00661615251679722,129.28439520828866,0.2945106223654754
2022-11-08,95.36000061035156,98.2699966430664,94.9800033569336,98.0,28901,-0.026491590346980957,125.90441418003684,0.30254025583966276
2022-11-09,92.6500015258789,95.69000244140625,92.30000305175781,95.01000213623047,26729,-0.028830240516888532,122.32638518491193,0.31120552498369625
2022-11-10,93.66999816894531,94.30999755859375,91.69000244140625,92.54000091552734,31486,0.010948978472458272,123.67309322800037,0.3058552676220506
2022-11-11,95.98999786376953,96.91999816894531,93.2699966430664,93.2699966430664,23629,0.024466049447618224,126.73620355313811,0.30754290724544625
2022-11-14,93.13999938964844,96.91999816894531,92.48999786376953,95.97000122070312,22959,-0.03014026611955051,122.9733324751018,0.3056708981426018
2022-11-15,93.86000061035156,95.75,91.52999877929688,92.52999877929688,30904,0.007700585867882412,123.92395465758214,0.3065810530744832
2022-11-16,92.86000061035156,94.77999877929688,91.68000030517578,93.76000213623047,22376,-0.01071132770446804,122.60364830927904,0.3022436105484444
2022-11-17,89.77999877929688,92.87999725341797,89.54000091552734,92.80000305175781,29012,-0.0337307694074084,118.5371023389523,0.31174253036551314
2022-11-18,87.62000274658203,90.61000061035156,85.79000091552734,89.9800033569336,34614,-0.02435290602491041,115.68524586464932,0.32167647422426415
2022-11-21,87.44999694824219,88.04000091552734,82.31999969482422,87.80000305175781,39835,-0.001942147164834279,115.46078612985289,0.31731317474049037
2022-11-22,88.36000061035156,89.87999725341797,87.37000274658203,87.6500015258789,23782,0.010352218892034339,116.66226974191498,0.32076762312932716
2022-11-23,85.41000366210938,89.54000091552734,84.12000274658203,88.41000366210938,27071,-0.03395615262459436,112.76737004367598,0.33783552790438875
2022-11-25,83.62999725341797,86.9000015258789,83.55999755859375,84.94000244140625,12021,-0.02106095828350982,110.41721628226047,0.32732370284122814
2022-11-28,83.19000244140625,84.05000305175781,80.63999938964844,83.80000305175781,12583,-0.005275096908218839,109.83628833874096,0.31955052049885324
2022-11-29,83.02999877929688,86.0,82.19000244140625,82.33000183105469,12182,-0.0019252040711618236,109.62503448790622,0.31951293150709736
2022-11-30,85.43000030517578,85.81999969482422,83.51000213623047,83.58000183105469,23710,0.028495357163772675,112.7937717384613,0.3417332193065382
2022-12-01,86.87999725341797,89.41000366210938,86.25,86.5999984741211,23123,0.016830493836352312,114.70821191424562,0.3499157734638525
2022-12-02,85.56999969482422,87.88999938964844,85.19000244140625,87.12999725341797,23562,-0.015193073708535596,112.9786138213727,0.3441323213417586
2022-12-05,82.68000030517578,88.43000030517578,82.54000091552734,85.5199966430664,25039,-0.03435701235896121,109.16292928062772,0.3569211195618741
2022-12-06,79.3499984741211,83.66999816894531,78.70999908447266,83.08999633789062,26680,-0.04110931076192464,104.7663067232252,0.33305847718776843
2022-12-07,77.16999816894531,80.4800033569336,76.94000244140625,79.79000091552734,26919,-0.027857671000724088,101.88803848099887,0.3381644648124966
2022-12-08,76.1500015258789,79.18000030517578,75.76000213623047,77.48999786376953,33131,-0.013305657362989486,100.54133043791043,0.333776838542509
2022-12-09,76.0999984741211,77.47000122070312,75.11000061035156,76.7300033569336,24479,-0.0006568545623075724,100.47531109124006,0.3287377836491497
2022-12-12,77.98999786376953,78.58000183105469,75.26000213623047,76.66999816894531,23020,0.024532341134655678,102.97068928368192,0.3424003496633257
2022-12-13,80.68000030517578,81.27999877929688,78.04000091552734,78.19000244140625,30052,0.0339101309172322,106.5223165840215,0.35525644328651407
2022-12-14,82.69999694824219,83.13999938964844,80.12999725341797,80.33999633789062,27330,0.024728848259542788,109.18933097541306,0.36345564613710574
2022-12-15,81.20999908447266,83.19000244140625,80.83000183105469,82.83999633789062,26470,-0.01818118410735895,107.22207733692007,0.3625239288525195
2022-12-16,79.04000091552734,81.76000213623047,78.27999877929688,81.33999633789062,24439,-0.027084315998039385,104.35701497865541,0.36907408624493016
2022-12-19,79.80000305175781,80.88999938964844,78.62999725341797,79.08999633789062,19676,0.009569477675640188,105.36045062384443,0.36094538064925263
2022-12-20,79.98999786376953,80.9000015258789,78.30000305175781,80.27999877929688,19646,0.0023780574561695464,105.61130198028815,0.355290612027288
2022-12-21,82.19999694824219,82.54000091552734,79.5999984741211,79.94999694824219,17234,0.027253664781615162,108.5291778012615,0.37178382970034984
2022-12-22,80.9800033569336,83.86000061035156,80.68000030517578,82.37000274658203,16647,-0.014953012878251778,106.91841251776763,0.3707100127353167
2022-12-23,83.91999816894531,84.37000274658203,81.33999633789062,81.7300033569336,8621,0.03566169021111702,110.80010633204496,0.3785501832265002
2022-12-27,84.33000183105469,85.66999816894531,83.66000366210938,84.45999908447266,7512,0.004873753030527658,111.34143676995546,0.3716917842173874
2022-12-28,83.26000213623047,84.63999938964844,81.94999694824219,84.5999984741211,5384,-0.012769427875345952,109.92870938019665,0.37403203634704413
2022-12-29,82.26000213623047,82.91000366210938,81.30000305175781,82.86000061035156,20599,-0.012083278652645926,108.60840303189354,0.37635259401845067
2022-12-30,85.91000366210938,86.27999877929688,82.87999725341797,83.66000366210938,19375,0.043415290505714015,113.42752321782751,0.3939455406626688
2023-01-03,82.0999984741211,87.0199966430664,81.7699966430664,86.04000091552734,27559,-0.045362281404472925,108.39714918105877,0.41910477804969437
2023-01-04,77.83999633789062,82.66999816894531,77.72000122070312,82.2300033569336,24772,-0.05328260704164598,102.77264131680882,0.4528301625045201
2023-01-05,78.69000244140625,79.95999908447266,77.61000061035156,78.08999633789062,28051,0.010860722741391757,103.8949097713769,0.4422430734357821
2023-01-06,78.56999969482422,80.56999969482422,78.05000305175781,78.80999755859375,23767,-0.0015261702689100644,103.73646938325084,0.4191943632310017
2023-01-09,79.6500015258789,81.37000274658203,78.33999633789062,78.4800033569336,29985,0.013652112209752676,105.16240265697132,0.40957576052705186
2023-01-10,80.0999984741211,80.87999725341797,78.80999755859375,79.70999908447266,21541,0.005633779511282356,105.75653648445254,0.4061864033705754
2023-01-11,82.66999816894531,82.97000122070312,79.30000305175781,79.58999633789062,29995,0.03158092209098295,109.14972339666605,0.4182926202260796
2023-01-12,84.02999877929688,84.61000061035156,82.37999725341797,82.86000061035156,29360,0.01631710629751283,110.94534083620933,0.4141451018785021
2023-01-13,85.27999877929688,85.48999786376953,83.48999786376953,83.94999694824219,17857,0.014766082690338429,112.59572377158821,0.40158244008378824
2023-01-17,85.91999816894531,86.81999969482422,83.86000061035156,85.44000244140625,36658,0.007476663345923151,113.44071902865119,0.39400134938605413
2023-01-18,84.9800033569336,87.83999633789062,84.4000015258789,86.72000122070312,26461,-0.011000635260100597,112.19963791098012,0.3901753113886217
2023-01-19,86.16000366210938,86.8499984741211,83.73999786376953,84.58999633789062,28822,0.013790101162426991,113.7575998049033,0.37704356281051227
2023-01-20,87.62999725341797,87.7699966430664,85.58000183105469,86.36000061035156,24374,0.01691729837309354,115.69844167547294,0.37923759021395104
2023-01-23,88.19000244140625,89.0999984741211,86.93000030517578,87.80999755859375,21194,0.006370231858754159,116.43782008025654,0.3792139743153344
2023-01-24,86.12999725341797,88.70999908447266,85.80999755859375,88.02999877929688,26572,-0.023635854671285306,113.71798215301826,0.38195459956097944
2023-01-25,86.12000274658203,87.01000213623047,85.41000366210938,86.30000305175781,19993,-0.00011604652362438913,113.70478634219461,0.37697298301495447
2023-01-26,87.47000122070312,88.01000213623047,85.77999877929688,86.12999725341797,14187,0.015554186998780214,115.48719789777621,0.36107499713893854
2023-01-27,86.66000366210938,88.91000366210938,85.68000030517578,87.5999984741211,10012,-0.009303432817319886,114.41775297905485,0.36297480503490975
2023-01-30,84.9000015258789,87.37000274658203,84.75,86.80000305175781,5879,-0.020518347280158923,112.09401098556273,0.3677202926274217
2023-01-31,84.48999786376953,85.16000366210938,83.69000244140625,85.16000366210938,30498,-0.004840952409035302,111.55268054765219,0.36533933472801944
2023-02-01,82.83999633789062,86.19999694824219,82.37000274658203,85.5199966430664,28085,-0.019722166560562585,109.37417305832444,0.3380221336409012
2023-02-02,82.16999816894531,83.5999984741211,81.23999786376953,83.08999633789062,24611,-0.008120742661005367,108.48957022251446,0.2999274574500998
2023-02-03,79.94000244140625,84.19000244140625,79.62000274658203,82.1500015258789,24743,-0.027513865835698557,105.54529270675579,0.25159136378756586
2023-02-06,80.98999786376953,81.4000015258789,79.08999633789062,79.75,31365,0.013049280060765575,106.93160832859125,0.25275435617685815
2023-02-07,83.69000244140625,84.0999984741211,81.18000030517578,81.4000015258789,24432,0.03279386133237484,110.4964415128925,0.27479576933491556
2023-02-08,85.08999633789062,85.16000366210938,83.5,84.02999877929688,29853,0.016589951606594107,112.34486234200645,0.2764135353612855
2023-02-09,84.5,85.5,83.05999755859375,85.06999969482422,30520,-0.0069579424602668775,111.56588643161388,0.27841997193020845
2023-02-10,86.38999938964844,86.91000366210938,83.94000244140625,84.2300033569336,30882,0.022120386942592603,114.06126462405572,0.2677120222958934
2023-02-13,86.61000061035156,86.94999694824219,85.08999633789062,86.5999984741211,19426,0.0025433680843583014,114.3517336323845,0.26269789302414603
2023-02-14,85.58000183105469,86.4000015258789,84.12000274658203,85.75,19585,-0.01196365700558385,112.99181970533434,0.2619306548836638
2023-02-15,85.37999725341797,85.8499984741211,83.9000015258789,85.29000091552734,21161,-0.0023397832235956817,112.72775239179091,0.2606834299953076
2023-02-16,85.13999938964844,86.19999694824219,84.5999984741211,85.13999938964844,20089,-0.002814895929692619,112.41088168867681,0.2579779827419664
2023-02-17,83.0,84.8499984741211,81.79000091552734,84.66999816894531,27191,-0.025456345434609125,109.58542690915918,0.26736879829745264
2023-02-21,83.05000305175781,84.29000091552734,82.54000091552734,83.01000213623047,31936,0.0006022650087355925,109.65144625582954,0.2588307110933851
2023-02-22,80.5999984741211,83.2300033569336,80.4000015258789,82.73999786376953,20309,-0.02994424222425107,106.41668965860407,0.2732204559170899
2023-02-23,82.20999908447266,82.75,80.33999633789062,80.47000122070312,14474,0.019778307446512242,108.54238368522316,0.2758565969740186
2023-02-24,83.16000366210938,83.37999725341797,81.06999969482422,82.3499984741211,13365,0.011489568999125942,109.79668075999393,0.27987126593928086
2023-02-27,82.44999694824219,83.62999725341797,81.73999786376953,83.12000274658203,5691,-0.008574495034549408,108.85925438833726,0.27357621852605146
2023-02-28,83.88999938964844,84.12000274658203,82.61000061035156,82.63999938964844,24882,0.017314397590414445,110.76049875329792,0.2810577470437245
2023-03-01,84.30999755859375,84.48999786376953,82.61000061035156,83.0999984741211,26723,0.004994043394505118,111.3150250020321,0.27314300562676297
2023-03-02,84.75,85.08999633789062,83.83999633789062,84.30999755859375,17997,0.005205293283469009,111.89596301868964,0.2732704437788804
2023-03-03,85.83000183105469,86.0,82.36000061035156,84.41000366210938,27594,0.012662870803073278,113.32189629241016,0.26654736541755863
2023-03-06,86.18000030517578,86.36000061035156,84.3499984741211,85.93000030517578,24587,0.004069518665203052,113.78400149968866,0.264229813299806
2023-03-07,83.29000091552734,86.76000213623047,82.6500015258789,86.2300033569336,26092,-0.03410963078954278,109.96831695894367,0.27438976389042363
2023-03-08,82.66000366210938,83.58999633789062,82.05000305175781,82.9800033569336,23661,-0.007592651552424669,109.1365275858424,0.27318813585839496
2023-03-09,81.58999633789062,84.01000213623047,81.41000366210938,82.62000274658203,25018,-0.013029192830452355,107.72379012294554,0.251162653817204
2023-03-10,82.77999877929688,83.08000183105469,80.7300033569336,81.47000122070312,26753,0.014479811017817028,109.29495790083044,0.24937839050165092
2023-03-13,80.7699966430664,83.47000122070312,78.33999633789062,82.54000091552734,38195,-0.024580903681667994,106.64113932026251,0.2615805329810789
2023-03-14,77.44999694824219,80.87999725341797,76.87999725341797,80.69000244140625,33198,-0.04197304043262951,102.25772264682166,0.28021397739219994
2023-03-15,73.69000244140625,78.70999908447266,71.62999725341797,77.56999969482422,46598,-0.04976538955026066,97.29337802986132,0.31803256995886076
2023-03-16,74.69999694824219,75.5199966430664,71.86000061035156,74.3499984741211,29873,0.01361291337557783,98.62688018898808,0.3259477464796486
2023-03-17,72.97000122070312,75.9000015258789,71.3499984741211,74.55000305175781,34734,-0.023431636778888522,96.34275584738099,0.3307302327593669
2023-03-20,73.79000091552734,73.8499984741211,70.12999725341797,72.88999938964844,22185,0.011174818971111798,97.425406650064,0.33671262797394746
2023-03-21,75.31999969482422,75.4000015258789,72.80999755859375,73.73999786376953,18784,0.02052246625975256,99.4454737512657,0.342261063438489
2023-03-22,76.69000244140625,77.08999633789062,74.5199966430664,75.08999633789062,19933,0.018025653874279325,101.25429707477068,0.3508276389402867
2023-03-23,75.91000366210938,77.43000030517578,75.12000274658203,75.73999786376953,18685,-0.010222877340052953,100.22445973479633,0.3387492508001979
2023-03-24,74.98999786376953,76.27999877929688,72.69000244140625,75.41999816894531,18941,-0.012193733445028545,99.00977023877253,0.3298215051036951
2023-03-27,78.12000274658203,78.43000030517578,74.80000305175781,75.23999786376953,13874,0.040891398340551235,103.14233555576963,0.3618175982865975
2023-03-28,78.6500015258789,79.20999908447266,77.55000305175781,78.18000030517578,17782,0.006761507738184953,103.8420963086682,0.36272731289619914
2023-03-29,78.27999877929688,79.69999694824219,77.94999694824219,79.0199966430664,11027,-0.00471552197134874,103.35357933346636,0.3557181382948424
2023-03-30,79.2699966430664,79.55000305175781,77.8499984741211,78.22000122070312,6818,0.012567577567153402,104.66067979780782,0.358895332237035
2023-03-31,79.7699966430664,79.7699966430664,79.06999969482422,79.27999877929688,38477,0.006287747339412377,105.32083297195938,0.35922413210363785
2023-04-03,84.93000030517578,86.23999786376953,83.29000091552734,83.29000091552734,37587,0.06267993954480063,112.13361856430973,0.4226793880036868
2023-04-04,84.94000244140625,86.05000305175781,83.87000274658203,84.77999877929688,32987,0.00011776224265966554,112.1468244482714,0.4223624201431346
2023-04-05,84.98999786376953,85.55000305175781,84.01000213623047,85.0999984741211,28362,0.0005884237476141602,112.21283372180373,0.40449446776540965
2023-04-06,85.12000274658203,85.44000244140625,84.05000305175781,84.83000183105469,0,0.0015284804850554277,112.38447999389147,0.40329613578581724
2023-04-10,84.18000030517578,85.63999938964844,84.08000183105469,84.94999694824219,14242,-0.011104690892808735,111.14338880308236,0.40248305432017295
2023-04-11,85.61000061035156,85.68000030517578,83.75,84.27999877929688,28189,0.01684473891613557,113.03142728408136,0.4035269238716461
2023-04-12,87.33000183105469,87.48999786376953,85.41000366210938,85.55000305175781,36337,0.01989196150887995,115.30235581486481,0.3965170990326927
2023-04-13,86.08999633789062,87.47000122070312,86.05999755859375,87.1500015258789,26363,-0.01430084926100474,113.66516869030956,0.36681372487949343
2023-04-14,86.30999755859375,86.86000061035156,85.54000091552734,86.33999633789062,28360,0.0025522198133720053,113.95563769863833,0.30845946808861513
2023-04-17,84.76000213623047,86.51000213623047,84.3499984741211,86.2699966430664,30271,-0.018121679341700548,111.9091689026513,0.31994641726622475
2023-04-18,84.7699966430664,85.4000015258789,83.81999969482422,84.81999969482422,27241,0.00011790841643929448,111.92236471347495,0.3025637255895456
2023-04-19,83.12000274658203,85.1500015258789,82.41000366210938,84.86000061035156,30732,-0.01965628718527541,109.74386729728522,0.3159350184857178
2023-04-20,81.0999984741211,83.04000091552734,80.7699966430664,83.0,26114,-0.024602437527963324,107.0768428327556,0.32765858440941736
2023-04-21,81.66000366210938,82.04000091552734,80.44999694824219,80.83000183105469,17805,0.006881388430661271,107.81622123753922,0.323692774015414
2023-04-24,82.7300033569336,82.98999786376953,80.48999786376953,81.5999984741211,16684,0.013018003041825897,109.22894862729804,0.3217455560645654
2023-04-25,80.7699966430664,83.05000305175781,80.3499984741211,82.58000183105469,17134,-0.02397676588650626,106.64113932026244,0.3316978798860242
2023-04-26,77.69000244140625,81.47000122070312,77.4800033569336,81.0,15436,-0.0388789875052618,102.57460342307374,0.3336021991308534
2023-04-27,78.37000274658203,78.62999725341797,77.38999938964844,77.87000274658203,8926,0.008714655723814189,103.4724121428454,0.3341884770723235
2023-04-28,79.54000091552734,79.5999984741211,77.97000122070312,78.30999755859375,26788,0.014818815178703067,105.0171681528069,0.3376734152027197
2023-05-01,79.30999755859375,80.19000244140625,78.12999725341797,80.18000030517578,12551,-0.002895857977674831,104.71349326051647,0.3350995918186011
2023-05-02,75.31999969482422,79.77999877929688,75.08999633789062,79.26000213623047,35700,-0.051618493574917,99.44547375126564,0.37866749222918467
2023-05-03,72.33000183105469,75.55000305175781,71.68000030517578,75.2699966430664,34878,-0.04050669356075285,95.49776059031797,0.31790609925453206
2023-05-04,72.5,73.7300033569336,68.19999694824219,71.88999938964844,30132,0.0023475556841534148,95.72221025197636,0.31868521075895406
2023-05-05,75.30000305175781,75.7300033569336,72.41000366210938,72.6500015258789,20363,0.0378936134732101,99.41907205648032,0.3548276739985199
2023-05-08,77.01000213623047,77.41999816894531,74.95999908447266,75.41000366210938,17211,0.022455135956969324,101.6767947033021,0.367428517349313
2023-05-09,77.44000244140625,77.48999786376953,75.06999969482422,76.8499984741211,24836,0.005568163203936219,102.24452683599796,0.36834372647845687
2023-05-10,76.41000366210938,77.5999984741211,75.68000030517578,77.25,30289,-0.013389848908174986,100.88461290894783,0.3616415758680659
2023-05-11,74.9800033569336,77.4000015258789,74.62000274658203,76.63999938964844,32136,-0.018892169507751317,98.99657442794883,0.35228164158990927
2023-05-12,74.16999816894531,75.83999633789062,74.02999877929688,75.45999908447266,26553,-0.010861725017620418,97.92711943608944,0.35161646178542755
2023-05-15,75.2300033569336,75.75,73.48999786376953,74.25,24312,0.014190401133203993,99.32665101502461,0.3578957926957233
2023-05-16,74.91000366210938,75.94999694824219,74.5,75.44999694824219,23070,-0.004262690347822648,98.90415338649314,0.3554578960751197
2023-05-17,76.95999908447266,77.30999755859375,74.08999633789062,74.68000030517578,31285,0.026998352614726148,101.61077535663172,0.3729420037752596
2023-05-18,75.86000061035156,76.9800033569336,75.4800033569336,76.79000091552734,20152,-0.014396250154790055,100.1584403881259,0.3707052086168892
2023-05-19,75.58000183105469,77.5,75.0999984741211,75.9000015258789,22388,-0.003697822158463732,99.78875622230309,0.3633161536812901
2023-05-22,75.98999786376953,76.45999908447266,74.55000305175781,75.73999786376953,22801,0.005410002421646738,100.3300765870756,0.36282914572961045
2023-05-23,76.83999633789062,77.73999786376953,75.6500015258789,75.97000122070312,30676,0.011123565671762762,101.45233496850565,0.36180517434301973
2023-05-24,78.36000061035156,78.66000366210938,77.04000091552734,77.58999633789062,33849,0.019588310623949088,103.4592062588837,0.36223808364768945
2023-05-25,76.26000213623047,78.5,75.12000274658203,78.26000213623047,36272,-0.02716501842352968,100.68656494207472,0.34901586527274886
2023-05-26,76.94999694824219,77.3499984741211,75.72000122070312,76.12000274658203,15522,0.0090072381840356,101.59756947267002,0.3491187162241886
2023-05-30,73.54000091552734,77.73999786376953,73.16000366210938,77.37000274658203,13840,-0.04532633230341153,97.09533006298815,0.3761823451687962
2023-05-31,72.66000366210938,73.7699966430664,71.55000305175781,73.6500015258789,34611,-0.012038411128825931,95.9334641028111,0.3772570860030378
2023-06-01,74.27999877929688,75.25,72.01000213623047,72.08999633789062,31338,0.022050642857019537,98.0723539402538,0.3454888533502866
2023-06-02,76.12999725341797,76.48999786376953,74.18000030517578,74.41000366210938,26080,0.024600649189896188,100.51491866998697,0.3238161607841761
2023-06-05,76.70999908447266,78.72000122070312,76.30000305175781,77.5,34658,0.007589696795694742,101.2806987695559,0.3243064675556796
2023-06-06,76.29000091552734,76.76000213623047,74.7300033569336,76.47000122070312,27997,-0.005490185933531259,100.72617252082172,0.2987826987939503
2023-06-07,76.94999694824219,77.62000274658203,75.51000213623047,76.06999969482422,35446,0.00861394052315809,101.59756947267,0.28974934616706444
2023-06-08,75.95999908447266,77.66000366210938,73.56999969482422,76.80000305175781,45284,-0.012948946734587451,100.29046900832856,0.2923246221576734
2023-06-09,74.79000091552734,76.55000305175781,74.72000122070312,75.52999877929688,25616,-0.015522675446445994,98.74571299836704,0.2935618364472555
2023-06-12,71.83999633789062,74.87999725341797,71.56999969482422,74.87999725341797,33191,-0.04024282542685017,94.85080322699001,0.3182206725467986
2023-06-13,74.29000091552734,74.6500015258789,71.94999694824219,72.0,28142,0.033534992469377495,98.08555982421548,0.339181816465034
2023-06-14,73.19999694824219,75.4800033569336,73.02999877929688,74.06999969482422,26201,-0.014780986210825861,96.64642066653329,0.3388399180885725
2023-06-15,75.66999816894531,75.95999908447266,72.91000366210938,73.47000122070312,21211,0.03318637723195084,99.90757895854411,0.3589543185444602
2023-06-16,76.61000061035156,76.73999786376953,75.08000183105469,75.58000183105469,20871,0.01234586798719033,101.14867014935322,0.3487593616859607
2023-06-20,75.9000015258789,77.1500015258789,74.5199966430664,76.2300033569336,34421,-0.009310919990335008,100.21125385083458,0.3465924855663038
2023-06-21,77.12000274658203,77.23999786376953,75.37999725341797,75.5,22470,0.015945981411292585,101.82202920746646,0.35059087637338276
2023-06-22,74.13999938964844,77.19000244140625,73.58000183105469,76.95999908447266,30975,-0.03940749642651613,97.88751185734242,0.3768182766518895
2023-06-23,73.8499984741211,74.37000274658203,72.0999984741211,74.1500015258789,15800,-0.003919201174645718,97.50462180755795,0.3742269808167374
2023-06-26,74.18000030517578,74.83000183105469,73.43000030517578,74.44999694824219,20960,0.0044585878599135926,97.94032532005112,0.36688381494646133
2023-06-27,72.26000213623047,74.88999938964844,72.08999633789062,74.2300033569336,15262,-0.026223820892829104,95.40533954886224,0.36610377463744526
2023-06-28,74.02999877929688,74.20999908447266,71.58000183105469,72.55999755859375,12437,0.024199644683097894,97.74227735317804,0.3758089061362103
2023-06-29,74.33999633789062,74.97000122070312,73.41000366210938,73.75,6372,0.004178715641773948,98.15156909774784,0.341165131166955
2023-06-30,74.9000015258789,75.12999725341797,74.25,74.25,29055,0.0075047952879110525,98.89094750253145,0.33881317389712623
2023-07-03,74.6500015258789,76.58000183105469,74.58000183105469,75.12999725341797,24066,-0.003343366469748668,98.56087091545565,0.33067662393305935
2023-07-05,76.6500015258789,76.94000244140625,74.77999877929688,74.94000244140625,35538,0.026439080799278942,101.20148361206192,0.3324399740883625
2023-07-06,76.5199966430664,77.08000183105469,75.01000213623047,76.54000091552734,29695,-0.0016975245228833234,101.02983733997415,0.33143770671930645
2023-07-07,78.47000122070312,78.52999877929688,76.0199966430664,76.4800033569336,26656,0.0251643009936496,103.60444076304806,0.34201961953770116
2023-07-10,77.69000244140625,78.77999877929688,77.33999633789062,78.48999786376953,21082,-0.009989821308381957,102.57460342307371,0.3431053181164157
2023-07-11,79.4000015258789,79.5,77.63999938964844,77.86000061035156,22736,0.021771807083405235,104.8323260698955,0.3470720591507023
2023-07-12,80.11000061035156,80.56999969482422,79.22000122070312,79.27999877929688,25367,0.008902310375235674,105.76974236841417,0.3417095747918913
2023-07-13,81.36000061035156,81.75,79.87000274658203,80.1500015258789,28794,0.015483061396223408,107.42012530379306,0.3048312480740781
2023-07-14,79.87000274658203,81.69000244140625,79.56999969482422,81.61000061035156,23286,-0.018483411924714224,105.45287166530007,0.2986657135407195
2023-07-17,78.5,80.62000274658203,78.26000213623047,79.44999694824219,29152,-0.017301722529090367,103.6440483417951,0.30072488741403447
2023-07-18,79.62999725341797,80.01000213623047,78.19999694824219,78.52999877929688,30304,0.014292246989190247,105.13599088904795,0.2837307352798956
2023-07-19,79.45999908447266,80.94999694824219,79.18000030517578,79.80000305175781,33372,-0.0021371329129644834,104.91154122738952,0.2817815546224761
2023-07-20,79.63999938964844,80.2699966430664,78.66999816894531,79.5,24867,0.0022627326675251384,105.14919677300962,0.27890027422846136
2023-07-21,81.06999969482422,81.23999786376953,79.66000366210938,79.66000366210938,23563,0.017796503703153162,107.0372352540086,0.28011293447268143
2023-07-24,82.73999786376953,83.16000366210938,80.41999816894531,80.98999786376953,28032,0.02039015997940446,109.2421444381217,0.24167103022174463
2023-07-25,83.63999938964844,83.87999725341797,82.23999786376953,82.83000183105469,22083,0.010818732048397329,110.43042216622212,0.24003091918981462
2023-07-26,82.91999816894531,83.86000061035156,82.5999984741211,83.2699966430664,19315,-0.008645601777673694,109.4797999837418,0.24527674924612763
2023-07-27,84.23999786376953,84.51000213623047,82.98999786376953,83.02999877929688,18467,0.015793576981463792,111.2226039605764,0.21900564525666424
2023-07-28,84.98999786376953,85.0999984741211,83.22000122070312,84.05000305175781,11121,0.008863734908595756,112.21283372180373,0.21037218868216478
2023-07-31,85.55999755859375,85.66000366210938,84.5199966430664,84.87999725341797,23446,0.0066842783043151765,112.96540793741097,0.21019164023609696
2023-08-01,84.91000366210938,85.79000091552734,84.26000213623047,85.3499984741211,27179,-0.007625940539192455,112.10721686952436,0.21591328885142916
2023-08-02,83.19999694824219,85.9800033569336,82.75,85.7300033569336,32246,-0.020344603993196275,109.84948414956457,0.2325480106486652
2023-08-03,85.13999938964844,85.41999816894531,82.37000274658203,83.44000244140625,30333,0.02304964208382635,112.4108816886768,0.22890876063253637
2023-08-04,86.23999786376953,86.6500015258789,85.11000061035156,85.31999969482422,22130,0.012837129158718088,113.86321665718262,0.2290858897534711
2023-08-07,85.33999633789062,86.70999908447266,85.04000091552734,86.13999938964844,19591,-0.010490847542064018,112.6749389290822,0.2241470647843117
2023-08-08,86.16999816894531,86.3499984741211,83.31999969482422,85.83999633789062,26377,0.00967883315448493,113.77079561572691,0.2189791062157713
2023-08-09,87.55000305175781,87.66000366210938,85.94000244140625,86.01000213623047,29154,0.01588802558682774,115.59282482319358,0.21417418478541922
2023-08-10,86.4000015258789,88.0999984741211,86.1500015258789,87.37000274658203,28721,-0.01322240011852869,114.07447050801738,0.2222057804175272
2023-08-11,86.80999755859375,87.3499984741211,85.8499984741211,86.38999938964844,33204,0.004734100809510832,114.61579087278989,0.2180433738466292
2023-08-14,86.20999908447266,86.69999694824219,85.5,86.63999938964844,24768,-0.006935624678057439,113.82360907843561,0.20704080599448205
2023-08-15,84.88999938964844,86.66999816894531,84.29000091552734,86.30000305175781,29945,-0.01542987604213354,112.08080510160102,0.20474430534525492
2023-08-16,83.44999694824219,85.36000061035156,83.12000274658203,85.12000274658203,31925,-0.01710868002201762,110.17956073664035,0.21305347243642142
2023-08-17,84.12000274658203,84.88999938964844,83.05000305175781,83.3499984741211,33977,0.007996769947312255,111.06417364558834,0.21332734242759796
2023-08-18,84.80000305175781,85.06999969482422,83.31999969482422,83.83000183105469,26072,0.008051195300307125,111.96198236535999,0.2141140534829895
2023-08-21,84.45999908447266,85.87000274658203,84.30999755859375,85.05999755859375,27958,-0.004017540119543759,111.51307296890516,0.2083637010031075
2023-08-22,84.02999877929688,84.6500015258789,83.83999633789062,84.38999938964844,27081,-0.005104175252888194,110.94534083620928,0.19841474706075463
2023-08-23,83.20999908447266,84.23999786376953,81.97000122070312,83.9800033569336,35103,-0.00980634150340838,109.86269003352625,0.1980731723708439
2023-08-24,83.36000061035156,83.61000061035156,81.97000122070312,82.98999786376953,27997,0.0018010634172059656,110.06073800039931,0.19578351314831616
2023-08-25,84.4800033569336,84.97000122070312,82.69000244140625,83.19999694824219,20715,0.01334627436744794,111.53948473682851,0.19350600999271156
2023-08-28,84.41999816894531,85.22000122070312,84.11000061035156,84.87000274658203,14607,-0.0007105410298489207,111.46025950619646,0.19088922162069083
2023-08-29,85.48999786376953,85.6500015258789,83.77999877929688,84.37999725341797,14579,0.012595066385536209,112.87298689595526,0.19468258748612202
2023-08-30,85.86000061035156,86.20999908447266,85.12999725341797,85.62999725341797,12280,0.00431868485503026,113.36150387115713,0.1932089218798842
2023-08-31,86.86000061035156,86.9000015258789,85.8499984741211,85.8499984741211,33559,0.011579564228420476,114.68181021946022,0.181014570935538
2023-09-01,88.55000305175781,88.95999908447266,86.73999786376953,86.81999969482422,33224,0.01926976455899154,116.91313117149669,0.1758904458793694
2023-09-05,90.04000091552734,91.18000030517578,88.06999969482422,88.69999694824219,46893,0.01668662751402838,118.8803848099897,0.179385514397168
2023-09-06,90.5999984741211,91.11000061035156,89.25,89.9800033569336,25396,0.006200170000464537,119.61975314163527,0.17391374613669472
2023-09-07,89.91999816894531,90.86000061035156,89.47000122070312,90.61000061035156,22300,-0.007533830424774866,118.72194442186364,0.17560872848380993
2023-09-08,90.6500015258789,91.0199966430664,89.30000305175781,89.80000305175781,27150,0.008085588251272815,119.68577248830563,0.16983486200883469
2023-09-11,90.63999938964844,91.44999694824219,90.12000274658203,90.66000366210938,29901,-0.00011034404754931107,119.67256660434396,0.1612157012657731
2023-09-12,92.05999755859375,92.41999816894531,90.54000091552734,90.55999755859375,31070,0.015544901883414508,121.54739920138127,0.1675147673008663
2023-09-13,91.87999725341797,92.83000183105469,91.62999725341797,91.93000030517578,31803,-0.0019571639416125454,121.3097436557612,0.16473524030368053
2023-09-14,93.69999694824219,94.20999908447266,92.02999877929688,92.19999694824219,36699,0.019614808747168887,123.71270080674736,0.15990633493927023
2023-09-15,93.93000030517578,94.61000061035156,92.66999816894531,94.12999725341797,35162,0.002451670580472073,124.01637569903782,0.13932116975781098
2023-09-18,94.43000030517578,94.94999694824219,93.77999877929688,94.19999694824219,33918,0.005308995251350648,124.67652887318937,0.13905755992127478
2023-09-19,94.33999633789062,95.94999694824219,94.16999816894531,94.62999725341797,43614,-0.000953583468834282,124.55769606381031,0.14047190372227333
2023-09-20,93.52999877929688,94.7300033569336,92.76000213623047,94.4800033569336,43515,-0.008623011642911986,123.48825114508895,0.14505975546224617
2023-09-21,93.30000305175781,94.5999984741211,92.19999694824219,93.22000122070312,38711,-0.0024620868326142493,123.18458632593652,0.1430484398085038
2023-09-22,93.2699966430664,94.62999725341797,92.80000305175781,93.31999969482422,31511,-0.00032166381518153125,123.1449686740515,0.13419191592863058
2023-09-25,93.29000091552734,94.25,92.54000091552734,93.75,18626,0.00021445403944449448,123.17138044197485,0.13484422354991665
2023-09-26,93.95999908447266,94.20999908447266,91.80000305175781,93.26000213623047,18509,0.00715621926026553,124.0559832777848,0.1318972163163509
2023-09-27,96.55000305175781,97.04000091552734,94.1500015258789,94.16000366210938,23665,0.02719189043566586,127.47558195792166,0.15059469170892978
2023-09-28,95.37999725341797,97.62999725341797,94.75,96.62000274658203,9192,-0.01219215640870612,125.93081587482212,0.1617952484130281
2023-09-29,95.30999755859375,96.23999786376953,94.95999908447266,95.0999984741211,47666,-0.000734172739764712,125.83839483336641,0.16308872605369232
2023-10-02,90.70999908447266,93.31999969482422,90.3499984741211,92.19000244140625,38153,-0.04946711680015964,119.76498764579966,0.24729278019143752
2023-10-03,90.91999816894531,91.55999755859375,89.5199966430664,90.44000244140625,50094,0.002312384311208917,120.04225077016675,0.23927475858780192
2023-10-04,85.80999755859375,91.19000244140625,85.7300033569336,90.95999908447266,49185,-0.05784445747743051,113.29548452448677,0.3081115475559543
2023-10-05,84.06999969482422,86.51000213623047,83.83999633789062,86.02999877929688,44895,-0.020485739850541352,110.99815429891797,0.3126786768802975
2023-10-06,84.58000183105469,84.95999908447266,83.44999694824219,84.22000122070312,41254,0.0060480721759471005,111.6715133570312,0.31404171206670245
2023-10-09,88.1500015258789,89.0,86.06999969482422,86.3499984741211,37096,0.041342072460773795,116.38500661754784,0.3480138101096717
2023-10-10,87.6500015258789,88.47000122070312,86.91999816894531,88.11000061035156,29704,-0.005688297377890518,115.72485344339628,0.3483034501649052
2023-10-11,85.81999969482422,88.25,85.22000122070312,87.75,37902,-0.021099552768635614,113.30869040844844,0.34871084985402045
2023-10-12,86.0,87.63999938964844,85.18000030517578,85.5999984741211,40488,0.0020952202461273933,113.54634595406851,0.3491958898456077
2023-10-13,90.88999938964844,90.98999786376953,86.27999877929688,86.41000366210938,44455,0.05530268116189383,120.00264319141974,0.3971068348222497
2023-10-16,89.6500015258789,91.38999938964844,89.48999786376953,90.91999816894531,28811,-0.013736760343859317,118.36546614000252,0.3990576107280658
2023-10-17,89.9000015258789,90.91999816894531,88.87000274658203,90.05999755859375,27054,0.002784741379101311,118.69554272707832,0.3985529579024957
2023-10-18,91.5,92.97000122070312,90.5999984741211,90.9000015258789,35456,0.017641013830832122,120.8080308697357,0.40452896903277286
2023-10-19,92.37999725341797,93.47000122070312,89.52999877929688,91.33999633789062,34880,0.009571502989634184,121.96989682991276,0.4053762093592295
2023-10-20,92.16000366210938,93.79000091552734,91.68000030517578,92.8499984741211,30081,-0.0023842385870995763,121.67943789472201,0.4053717670476724
2023-10-23,89.83000183105469,92.43000030517578,89.62000274658203,92.12999725341797,36158,-0.02560722105934074,118.60312168562261,0.4145244449231737
2023-10-24,88.06999969482422,90.66999816894531,87.3499984741211,90.3499984741211,42436,-0.019787066272451515,116.27937969213048,0.41907180355919377
2023-10-25,90.12999725341797,90.33999633789062,86.66999816894531,88.13999938964844,47506,0.023121092742539415,118.99920754623075,0.42738961553467547
2023-10-26,87.93000030517578,90.36000061035156,87.55000305175781,90.04000091552734,22662,-0.024711995233179105,116.0945376092191,0.4205135029038216
2023-10-27,90.4800033569336,90.73999786376953,87.83999633789062,88.26000213623047,21249,0.02858782204767423,119.46132282664725,0.4345513108508242
2023-10-30,87.44999694824219,90.30000305175781,87.22000122070312,90.30000305175781,15413,-0.034061702341815374,115.46078612985285,0.4479630530974896
2023-10-31,87.41000366210938,88.52999877929688,87.41000366210938,87.80999755859375,35673,-0.0004574320792700818,115.4079827402822,0.4164876836808124
2023-11-01,84.62999725341797,87.22000122070312,84.55999755859375,85.44999694824219,36235,-0.03232095326015307,111.73752263056356,0.4292986441667578
2023-11-02,86.8499984741211,87.02999877929688,84.61000061035156,84.94000244140625,31512,0.02589369388997017,114.66860433549857,0.39189635346408147
2023-11-03,84.88999938964844,87.77999877929688,84.55000305175781,86.86000061035156,36172,-0.022826181558019014,112.08080510160102,0.39356136654090335
2023-11-06,85.18000030517578,86.44999694824219,84.91000366210938,85.38999938964844,26524,0.0034103745178185787,112.46369515138548,0.39319555794940264
2023-11-07,81.61000061035156,85.31999969482422,81.41999816894531,85.2300033569336,38007,-0.04281485711775027,107.75020189086885,0.39067747389307395
2023-11-08,79.54000091552734,81.93000030517578,79.16000366210938,81.47000122070312,36137,-0.02569175967021311,105.0171681528069,0.39805466180683363
2023-11-09,80.01000213623047,81.4800033569336,79.44000244140625,79.77999877929688,32592,0.005891602271755378,105.63771374821147,0.3949469420249256
2023-11-10,81.43000030517578,82.05000305175781,79.61000061035156,79.69999694824219,20653,0.017592105665171297,107.51254634524878,0.40123155776204655
2023-11-13,82.5199966430664,82.81999969482422,80.41000366210938,81.44999694824219,22380,0.01329688829606105,108.95167542979294,0.3476604289778245
2023-11-14,82.47000122070312,83.97000122070312,82.05000305175781,82.75,25753,-0.0006060418757600274,108.88566615626061,0.3462854457763688
2023-11-15,81.18000030517578,83.01000213623047,80.80000305175781,82.37999725341797,32261,-0.015765690477047935,107.182469758173,0.34768228249241345
2023-11-16,77.41999816894531,81.16000366210938,76.5999984741211,80.94000244140625,37692,-0.04742379367142417,102.21811506807464,0.36714183707385645
2023-11-17,80.61000061035156,80.80000305175781,77.27999877929688,77.52999877929688,35037,0.04037759736859441,106.42989554256576,0.3997359283345619
2023-11-20,82.31999969482422,82.93000030517578,79.97000122070312,80.47000122070312,24121,0.020991368951435316,108.68761818938755,0.4108093711442007
2023-11-21,82.44999694824219,82.52999877929688,81.41000366210938,82.12999725341797,22699,0.0015779241735657725,108.85925438833728,0.40468943262955126
2023-11-22,81.95999908447266,82.62999725341797,78.41000366210938,82.4000015258789,40651,-0.005960699791888676,108.21230709814739,0.40074382337556513
2023-11-23,81.37000274658203,81.62999725341797,80.18000030517578,81.62999725341797,40651,-0.0072246237374829205,107.4333311877548,0.38903307328086195
2023-11-24,80.58000183105469,82.19999694824219,80.18000030517578,81.62999725341797,19356,-0.0097561859761599,106.39028796381878,0.3828214263507289
2023-11-27,79.9800033569336,81.18000030517578,79.12999725341797,80.33999633789062,15161,-0.007473857095805239,105.5981061694645,0.36386929240482985
2023-11-28,81.68000030517578,82.18000030517578,79.83000183105469,80.13999938964844,15095,0.021032532201811928,107.84262293232459,0.3601251832174989
2023-11-29,83.0999984741211,83.23999786376953,80.95999908447266,81.93000030517578,8045,0.017235505906795515,109.71745552936187,0.3670039480479705
2023-11-30,82.83000183105469,84.70999908447266,82.66999816894531,82.87000274658203,59320,-0.0032543467830918964,109.36097724750078,0.35059893287618465
2023-12-01,78.87999725341797,81.5199966430664,78.75,80.47000122070312,29551,-0.048862661241722664,104.1457611278206,0.37319310130765593
2023-12-04,78.02999877929688,79.66000366210938,77.5199966430664,79.43000030517578,32582,-0.01083432298998088,103.02350274639056,0.36808412281531017
2023-12-05,77.19999694824219,79.06999969482422,76.9800033569336,78.19999694824219,30931,-0.01069393498445855,101.92764605974585,0.36774283224565657
2023-12-06,74.30000305175781,77.62999725341797,74.11000061035156,77.05999755859375,34004,-0.03828842470301902,98.09876570817721,0.36212046803257175
2023-12-07,74.05000305175781,75.4800033569336,73.61000061035156,74.30000305175781,26600,-0.003370410871237661,97.76868912110143,0.35379678617522786
2023-12-08,75.83999633789062,76.36000061035156,74.2300033569336,74.5,21497,0.023885227733526745,100.13202862020256,0.3650659809159077
2023-12-11,76.02999877929688,76.4800033569336,75.0,75.66000366210938,20413,0.002502173525341683,100.38289004978434,0.3582550999916362
2023-12-12,73.23999786376953,76.63999938964844,72.86000061035156,76.25,29568,-0.03738629254602788,96.69923412924206,0.3715049595872006
2023-12-13,74.26000213623047,74.69999694824219,72.30000305175781,73.36000061035156,27711,0.013830786877068277,98.04595224546856,0.37731058120634553
2023-12-14,76.61000061035156,77.3499984741211,74.45999908447266,74.70999908447266,28386,0.03115514697988543,101.14867014935326,0.39502516919647995
2023-12-15,76.55000305175781,77.22000122070312,75.33000183105469,76.5999984741211,19442,-0.0007834625258309145,101.06945499185925,0.3600731912242639
2023-12-18,77.94999694824219,79.51000213623047,75.77999877929688,76.97000122070312,30258,0.018123394383693637,102.91787582097318,0.33563359423775474
2023-12-19,79.2300033569336,79.66000366210938,77.43000030517578,78.05000305175781,25735,0.016287500993037524,104.60787640823715,0.3320207152885927
2023-12-20,79.69999694824219,80.61000061035156,79.08000183105469,79.25,26913,0.005914490158980527,105.22841193050365,0.3329188463716655
2023-12-21,79.38999938964844,80.12000274658203,77.8499984741211,79.13999938964844,22237,-0.0038971394566000637,104.81912018593384,0.3326561171283297
2023-12-22,79.06999969482422,80.37000274658203,78.83000183105469,79.44000244140625,12334,-0.004038875825735407,104.39662255740237,0.332150078351955
2023-12-26,81.06999969482422,81.70999908447266,78.80999755859375,79.19000244140625,10247,0.02497944301199581,107.03723525400864,0.342720963587939
2023-12-27,79.6500015258789,81.31999969482422,79.48999786376953,80.73999786376953,8282,-0.017670919721909782,105.16240265697132,0.347419242722079
2023-12-28,78.38999938964844,79.95999908447266,78.33999633789062,79.83999633789062,24301,-0.015945695098815653,103.49881383763075,0.34252903660427353
2023-12-29,77.04000091552734,77.97000122070312,76.75,77.41999816894531,20115,-0.017371581040878995,101.71640228204915,0.339056827532954
2024-01-02,75.88999938964844,79.04000091552734,75.5999984741211,77.20999908447266,28591,-0.015039864000422884,100.19804796687295,0.34135313129110095
2024-01-03,78.25,78.66999816894531,74.79000091552734,75.98999786376953,32172,0.030623914047023307,103.31397175471935,0.32064159182749485
2024-01-04,77.58999633789062,79.4000015258789,76.5,78.5,33154,-0.008470323712619202,102.44256472973304,0.3197739974057996
2024-01-05,78.76000213623047,79.25,77.5,77.5999984741211,30994,0.014966775186572953,103.9873308128326,0.3215835364051867
2024-01-08,76.12000274658203,78.94999694824219,75.26000213623047,78.5999984741211,32539,-0.034094202384002945,100.5017228591634,0.31540371887688307
2024-01-09,77.58999633789062,78.18000030517578,75.95999908447266,76.36000061035156,27914,0.01912742719742998,102.44256472973304,0.3209192415877257
2024-01-10,76.80000305175781,78.7300033569336,76.37999725341797,77.45999908447266,34395,-0.010233825817587873,101.39953157893504,0.313582368418195
2024-01-11,77.41000366210938,79.08999633789062,76.6500015258789,76.73999786376953,35565,0.007911338634527799,102.20491925725096,0.31455434322697706
2024-01-12,78.29000091552734,80.73999786376953,77.93000030517578,78.45999908447266,31824,0.01130387408929161,103.36678521742803,0.28367150884347314
2024-01-16,78.29000091552734,79.38999938964844,76.83000183105469,78.08000183105469,46742,0.0,103.36678521742803,0.2811603502347654
2024-01-17,77.87999725341797,78.18000030517578,76.5,77.86000061035156,35892,-0.005250747376723442,102.8254547795175,0.26207239500947876
2024-01-18,79.0999984741211,79.30000305175781,77.33999633789062,78.05000305175781,28190,0.01554371024595205,104.4362301361494,0.2669014336207627
2024-01-19,78.55999755859375,79.75,78.33000183105469,78.9800033569336,23734,-0.006850222513856957,103.72326349928915,0.26133673310619865
2024-01-22,80.05999755859375,80.55000305175781,77.81999969482422,78.8499984741211,27825,0.018913690100473578,105.70372302174384,0.26350140633574964
2024-01-23,79.55000305175781,80.44000244140625,78.69999694824219,79.91000366210938,27835,-0.006390529923161672,105.03037403676865,0.2637609342639698
2024-01-24,80.04000091552734,80.73999786376953,79.05000305175781,79.73999786376953,22429,0.006140728007346922,105.67732132695853,0.26422685038935534
2024-01-25,82.43000030517578,82.55999755859375,80.06999969482422,80.30999755859375,21420,0.029422930873472645,108.83285269355196,0.281991108475521
2024-01-26,83.55000305175781,83.83000183105469,81.31999969482422,82.38999938964844,19128,0.013495839540150111,110.31159942998114,0.2728483509990105
2024-01-29,82.4000015258789,84.79000091552734,82.04000091552734,84.12999725341797,12802,-0.013859836134154174,108.79324511480495,0.26978807967552454
2024-01-30,82.87000274658203,83.25,81.33999633789062,82.56999969482422,7284,0.005687692570837788,109.41379071020951,0.2623499564141799
2024-01-31,81.70999908447266,82.80000305175781,81.70999908447266,82.58999633789062,33486,-0.014096765812189079,107.88223051107163,0.25943051566531133
2024-02-01,78.69999694824219,81.55000305175781,78.58000183105469,80.66999816894531,48919,-0.03753326554576618,103.90810558220058,0.28894507979825146
2024-02-02,77.33000183105469,79.44000244140625,76.86000061035156,78.91999816894531,32405,-0.01756111434686056,102.09929233183364,0.27616598414270754
2024-02-05,77.98999786376953,78.33000183105469,76.62000274658203,77.66000366210938,24879,0.008498583651928772,102.97068928368192,0.27630011349165506
2024-02-06,78.58999633789062,79.06999969482422,77.6500015258789,77.94000244140625,24904,0.007663832329107285,103.76287107803618,0.27252965579985705
2024-02-07,79.20999908447266,79.47000122070312,78.48999786376953,78.69999694824219,26342,0.007858123637527146,104.58146464031381,0.24383770316341255
2024-02-08,81.62999725341797,81.88999938964844,79.0199966430664,79.37999725341797,32568,0.030094265898581617,107.77660358565421,0.2562470661821265
2024-02-09,82.19000244140625,82.45999908447266,81.20999908447266,81.7300033569336,26408,0.006836862048287254,108.51598199043784,0.25242282728558413
2024-02-12,82.0,82.20999908447266,80.79000091552734,81.76000213623047,22915,-0.002314422600574686,108.26512056085609,0.2525187821258104
2024-02-13,82.7699966430664,83.2300033569336,81.95999908447266,82.05000305175781,29306,0.0093463890756796,109.28175201686877,0.2517725574991708
2024-02-14,81.5999984741211,83.61000061035156,81.38999938964844,82.66000366210938,28305,-0.0142363930693679,107.73699600690725,0.25840308236854603
2024-02-15,82.86000061035156,83.25,80.72000122070312,81.5199966430664,31230,0.01532320074474896,109.40058482624781,0.260973055411135
2024-02-16,83.47000122070312,83.66000366210938,81.9000015258789,82.83000183105469,34125,0.007334856471784813,110.20597250456376,0.25750866567079694
2024-02-20,82.33999633789062,83.62999725341797,82.05000305175781,83.30000305175781,34581,-0.013630328620800946,108.71401988417288,0.2616682759288512
2024-02-21,83.02999877929688,83.16999816894531,81.66999816894531,82.55999755859375,23038,0.008345001705688762,109.62503448790622,0.25567431224715764
2024-02-22,83.66999816894531,83.97000122070312,82.33999633789062,83.16000366210938,27885,0.007678494851276518,110.47002974496915,0.25468400143130615
2024-02-23,81.62000274658203,83.4800033569336,81.44000244140625,83.41999816894531,19427,-0.0248061047947583,107.76340777483058,0.2710031164929864
2024-02-26,82.52999877929688,83.05999755859375,81.0199966430664,81.58999633789062,15694,0.01108748518506503,108.96488131375463,0.2535982921295625
2024-02-27,83.6500015258789,83.73999786376953,82.0999984741211,82.55000305175781,10882,0.013479596860493182,110.44362805018382,0.25358745337917504
2024-02-28,83.68000030517578,84.30000305175781,82.62000274658203,83.4000015258789,6015,0.00035855828948782513,110.48323562893083,0.24848764995205455
2024-02-29,83.62000274658203,83.73999786376953,83.04000091552734,83.6500015258789,27327,-0.0007172451891383123,110.40402047143682,0.24786860872988803
2024-03-01,83.55000305175781,84.3499984741211,81.80999755859375,81.97000122070312,30885,-0.0008374672068846977,110.31159942998113,0.2422704862690587
2024-03-04,82.80000305175781,84.06999969482422,82.58000183105469,83.58999633789062,26396,-0.009017193319336184,109.32136966875376,0.20179040062345496
2024-03-05,82.04000091552734,83.13999938964844,81.7300033569336,82.97000122070312,37442,-0.009221153884487994,108.31793402356476,0.19327442821155785
2024-03-06,82.95999908447266,84.05999755859375,81.88999938964844,82.08000183105469,35173,0.011151608521799649,109.53261344645048,0.19447215326980238
2024-03-07,82.95999908447266,83.47000122070312,82.06999969482422,82.83999633789062,32447,0.0,109.53261344645048,0.1939388369328513
2024-03-08,82.08000183105469,83.83999633789062,81.70999908447266,83.33999633789062,26605,-0.010664149154873159,108.37074748627342,0.19815165872663962
2024-03-11,82.20999908447266,82.7300033569336,81.08000183105469,81.91000366210938,28619,0.001582534296964144,108.54238368522313,0.1691574708046472
2024-03-12,81.91999816894531,83.01000213623047,81.69000244140625,82.43000030517578,29951,-0.0035337990881388823,108.15949363543866,0.16794706901574352
2024-03-13,84.02999877929688,84.22000122070312,81.97000122070312,82.38999938964844,34043,0.025430724473679323,110.94534083620931,0.18956555345632528
2024-03-14,85.41999816894531,85.68000030517578,83.94000244140625,83.9800033569336,34250,0.01640638056428394,112.78056585449959,0.19490734805374282
2024-03-15,85.33999633789062,85.55000305175781,84.62999725341797,85.12999725341797,23623,-0.0009370091295576753,112.67493892908223,0.1866471520230234
2024-03-18,86.88999938964844,87.18000030517578,85.26000213623047,85.37999725341797,33687,0.017999708978836786,114.72141779820728,0.18924246101766176
2024-03-19,87.37999725341797,87.70999908447266,86.48999786376953,86.8499984741211,30045,0.0056234482639747705,115.36836508839714,0.18875659697116223
2024-03-20,85.94999694824219,87.3499984741211,85.58000183105469,87.22000122070312,35304,-0.01650069576801427,113.48032660739815,0.19201960927988757
2024-03-21,85.77999877929688,86.63999938964844,85.05000305175781,86.16000366210938,23829,-0.00197983146455054,113.25587694573976,0.1910788740371193
2024-03-22,85.43000030517578,86.1500015258789,85.11000061035156,85.55000305175781,14778,-0.004088534122348653,112.79377173846127,0.19067221367072285
2024-03-25,86.75,87.18000030517578,85.4000015258789,85.5999984741211,21176,0.015333088091209273,114.53657571529587,0.17203342476939454
2024-03-26,86.25,87.05000305175781,85.80999755859375,86.7699966430664,12736,-0.005780362915499425,113.87642254114432,0.17184490975042324
2024-03-27,86.08999633789062,86.36000061035156,85.18000030517578,85.97000122070312,8449,-0.0018568377797572885,113.66516869030956,0.167197383734794
2024-03-28,87.4800033569336,87.4800033569336,86.31999969482422,86.52999877929688,30759,0.016017016050581,115.50040378173789,0.17463804643738626
2024-04-01,87.41999816894531,87.98999786376953,86.4000015258789,86.93000030517578,29598,-0.0006861656926140027,115.42117855110585,0.17463172910088565
2024-04-02,88.91999816894531,89.27999877929688,87.6500015258789,87.80000305175781,40754,0.017013000014158928,117.40163807356055,0.18163489157858886
2024-04-03,89.3499984741211,89.9800033569336,88.68000030517578,89.20999908447266,35138,0.00482415602405137,117.9693702062564,0.17638132403474097
2024-04-04,90.6500015258789,91.30000305175781,88.7300033569336,89.5,38764,0.014444729505611919,119.68577248830567,0.17369466461909852
2024-04-05,91.16999816894531,91.91000366210938,90.56999969482422,91.01000213623047,37391,0.005719921479349572,120.37232735724255,0.17218580660035093
2024-04-08,90.37999725341797,91.0999984741211,88.80000305175781,90.30999755859375,39142,-0.008702901918985281,119.32928413330653,0.17760169334826412
2024-04-09,89.41999816894531,90.94000244140625,89.2699966430664,90.55000305175781,33993,-0.010678623265045985,118.0617912477121,0.17761683933749983
2024-04-10,90.4800033569336,90.66000366210938,88.83000183105469,89.51000213623047,51136,0.011784518580433197,119.46132282664728,0.17931815823792777
2024-04-11,89.73999786376953,90.91999816894531,89.37000274658203,90.54000091552734,47337,-0.008212292166078541,118.48428887624358,0.1826811990682198
2024-04-12,90.44999694824219,92.18000030517578,90.01000213623047,90.29000091552734,43560,0.007880601358408158,119.42170517476222,0.1665579698321848
2024-04-15,90.0999984741211,91.1500015258789,88.7300033569336,90.37000274658203,35488,-0.003877030422682936,118.95959996748375,0.16150717421546346
2024-04-16,90.0199966430664,90.83000183105469,89.41000366210938,90.43000030517578,34348,-0.0008883171050885048,118.85397304206636,0.1614940536174217
2024-04-17,87.29000091552734,90.1500015258789,87.13999938964844,90.05000305175781,45933,-0.030795911338210632,115.24954235215614,0.18879962964240726
2024-04-18,87.11000061035156,87.79000091552734,86.0999984741211,87.44000244140625,38630,-0.0020642243981232457,115.01188680653604,0.187902762223902
2024-04-19,87.29000091552734,90.77999877929688,86.16000366210938,86.95999908447266,45203,0.00206422439812315,115.24954235215613,0.17830492769188744
2024-04-22,87.0,87.25,85.79000091552734,87.04000091552734,32395,-0.0033278005810162474,114.86665230237165,0.1786245450362712
2024-04-23,88.41999816894531,88.48999786376953,86.04000091552734,87.2300033569336,35381,0.01619004903491017,116.74148489940899,0.18549501404244756
2024-04-24,88.0199966430664,88.80000305175781,87.6500015258789,88.45999908447266,26662,-0.0045341444448541044,116.2133603454601,0.17968986287636063
2024-04-25,89.01000213623047,89.26000213623047,87.29000091552734,88.11000061035156,24588,0.011184723726092917,117.52047088293958,0.18159052385585805
2024-04-26,89.5,89.83000183105469,88.80000305175781,89.20999908447266,15475,0.005489878310077012,118.16741817312948,0.18166272331325023
2024-04-29,88.4000015258789,89.30000305175781,88.0999984741211,89.25,15093,-0.012366638376138472,116.71508320462365,0.18037615179728114
2024-04-30,87.86000061035156,88.70999908447266,87.47000122070312,88.31999969482422,39816,-0.006127341410172731,116.00211656776338,0.18180546567571107
2024-05-01,83.44000244140625,85.95999908447266,83.29000091552734,85.95999908447266,48165,-0.05161680554255898,110.16636492581671,0.24609715865417714
2024-05-02,83.66999816894531,84.41999816894531,83.02999877929688,83.55999755859375,39951,0.002752628471323538,110.47002974496914,0.2453677878482211
2024-05-03,82.95999908447266,84.4000015258789,82.80000305175781,83.80000305175781,31511,-0.008521915537759682,109.53261344645047,0.23741265555254815
2024-05-06,83.33000183105469,83.81999969482422,82.76000213623047,82.9800033569336,23246,0.004450097482146828,110.02113042165232,0.2367826081830596
2024-05-07,83.16000366210938,83.87000274658203,82.4000015258789,83.58999633789062,33414,-0.002042143340929874,109.79668075999392,0.23633937570671842
2024-05-08,83.58000183105469,83.81999969482422,81.72000122070312,83.04000091552734,35419,0.0050377719008577,110.3512070087281,0.2369836466907594
2024-05-09,83.87999725341797,84.33000183105469,83.45999908447266,83.77999877929688,25231,0.003582894361957821,110.7472928693362,0.23209499622118088
2024-05-10,82.79000091552734,84.5199966430664,82.70999908447266,84.20999908447266,25062,-0.013079881080392639,109.30816378479204,0.23391737724592992
2024-05-13,83.36000061035156,83.83000183105469,82.26000213623047,82.69999694824219,29242,0.006861293117788952,110.06073800039931,0.2332997702516435
2024-05-14,82.37999725341797,83.62000274658203,82.0999984741211,83.5,33169,-0.011825929659396871,108.76683334688151,0.2349148581227618
2024-05-15,82.75,83.06999969482422,81.05999755859375,82.7699966430664,41744,0.004481358589636593,109.25535032208336,0.23661781569748558
2024-05-16,83.2699966430664,83.77999877929688,82.30999755859375,82.93000030517578,27576,0.006264285676713261,109.94190519102025,0.21783841490848974
2024-05-17,83.9800033569336,84.04000091552734,83.08999633789062,83.44000244140625,23516,0.008490415295173383,110.87933156267691,0.22099433330132565
2024-05-20,83.70999908447266,84.5,83.12000274658203,84.0,22320,-0.0032202814939873313,110.52284320767778,0.22060522335361835
2024-05-21,82.87999725341797,83.73999786376953,82.05999755859375,83.69999694824219,29726,-0.009964688363161176,109.42698652103306,0.22230225761583555
2024-05-22,81.9000015258789,82.63999938964844,81.58000183105469,82.4800033569336,32042,-0.011894735881886746,108.1330919406533,0.2139860898463168
2024-05-23,81.36000061035156,82.97000122070312,80.93000030517578,81.69000244140625,27035,-0.0066152502478562785,107.42012530379306,0.2142160441836085
2024-05-24,82.12000274658203,82.44999694824219,80.66000366210938,81.54000091552734,17991,0.009297866354522469,108.42356094898209,0.21265292374015002
2024-05-28,84.22000122070312,84.62999725341797,82.06999969482422,82.1500015258789,23477,0.025250811631310897,111.19620226579103,0.23356267386827884
2024-05-29,83.5999984741211,85.01000213623047,83.30000305175781,84.62000274658203,15987,-0.007388935389484824,110.3776087035134,0.2316480418898093
2024-05-30,81.86000061035156,83.76000213623047,81.81999969482422,83.5,9220,-0.02103302331821725,108.08027847794463,0.240062377460098
2024-05-31,81.62000274658203,82.12000274658203,81.18000030517578,81.77999877929688,33414,-0.002936114891793664,107.76340777483054,0.16394704808615268
2024-06-03,78.36000061035156,81.62999725341797,78.08999633789062,81.19000244140625,42771,-0.040760762763094385,103.4592062588837,0.21314246666250525
2024-06-04,77.5199966430664,78.20999908447266,76.75,78.16000366210938,41209,-0.010777676586997508,102.35014368827731,0.21400401532720018
2024-06-05,78.41000366210938,78.5999984741211,77.13999938964844,77.16999816894531,37039,0.011415592669038108,103.52522560555408,0.2184673102037092
2024-06-06,79.87000274658203,80.06999969482422,78.37000274658203,78.58000183105469,36186,0.01844883037000211,105.45287166530007,0.2306695585408396
2024-06-07,79.62000274658203,80.37999725341797,79.33000183105469,80.0199966430664,26371,-0.003134995249150555,105.12279507822429,0.22929575425283824
2024-06-10,81.62999725341797,82.16000366210938,79.3499984741211,79.41000366210938,36413,0.024931455748238074,107.77660358565417,0.24742008455837675
2024-06-11,81.91999816894531,82.36000061035156,81.19999694824219,81.97000122070312,35178,0.003546331122914942,108.15949363543864,0.24412320872156226
2024-06-12,82.5999984741211,83.33999633789062,81.97000122070312,82.12000274658203,40802,0.008266523114366264,109.0573023552103,0.24470517338686973
2024-06-13,82.75,83.04000091552734,81.80000305175781,82.54000091552734,39191,0.0018143522033504222,109.25535032208337,0.24124311090474096
2024-06-14,82.62000274658203,83.38999938964844,81.91999816894531,82.13999938964844,39346,-0.001572199045005178,109.08371412313367,0.24080471212028973
2024-06-17,84.25,84.55000305175781,82.11000061035156,82.62000274658203,32978,0.019536754020303984,111.23580984453805,0.24944146119908198
2024-06-18,85.33000183105469,85.4800033569336,83.66000366210938,84.4000015258789,45690,0.012737544774532372,112.66174311825854,0.2515682374753275
2024-06-20,85.70999908447266,85.97000122070312,84.88999938964844,85.37999725341797,52543,0.004443380222101336,113.16345590428402,0.2514414157298495
2024-06-21,85.23999786376953,86.2300033569336,84.83999633789062,85.68000030517578,25055,-0.0054987120600504666,112.54291030887948,0.24942761913520642
2024-06-24,86.01000213623047,86.16999816894531,84.7300033569336,85.08999633789062,28043,0.00899281123133469,113.55955183803019,0.24593672639752248
2024-06-25,85.01000213623047,86.31999969482422,84.76000213623047,86.1500015258789,26591,-0.011694671641954984,112.23924548972708,0.2488768675012423
2024-06-26,85.25,85.81999969482422,84.4800033569336,84.88999938964844,18107,0.0028191944051921733,112.55611619284119,0.24752083009706252
2024-06-27,86.38999938964844,86.51000213623047,84.88999938964844,85.25,11216,0.013283805142094686,114.0612646240557,0.23644744390781944
2024-06-28,86.41000366210938,87.2300033569336,86.29000091552734,86.54000091552734,38920,0.00023153092820624266,114.08767639197907,0.23441987794838298
2024-07-01,86.5999984741211,86.87999725341797,84.87999725341797,84.9000015258789,55468,0.0021963457146134883,114.33852774842279,0.21953144370290884
2024-07-02,86.23999786376953,87.44999694824219,86.16999816894531,86.69000244140625,52311,-0.00416571555861527,113.86321665718265,0.2199687071381118
2024-07-03,87.33999633789062,87.37999725341797,85.88999938964844,86.5,39021,0.012674423738139335,115.31555162568846,0.15566767356040112
2024-07-05,86.54000091552734,87.94999694824219,86.48999786376953,87.02999877929688,51456,-0.009201760752087007,114.25931259092876,0.15371739456260436
2024-07-08,85.75,86.91000366210938,85.55000305175781,86.75,36568,-0.009170659329928407,113.21626936699273,0.15972347949494517
2024-07-09,84.66000366210938,85.8499984741211,84.54000091552734,85.68000030517578,44667,-0.012792807696606224,111.77714028244858,0.1614133710379984
2024-07-10,85.08000183105469,85.6500015258789,84.0,85.01000213623047,51274,0.00494873350415741,112.33166653118278,0.16010878351249036
2024-07-11,85.4000015258789,85.88999938964844,84.6500015258789,85.41999816894531,47743,0.0037541068083579536,112.75416415971424,0.13927304606661117
2024-07-12,85.02999877929688,86.33999633789062,84.95999908447266,85.58999633789062,48430,-0.00434199762040384,112.2656471845124,0.14094719821409193
2024-07-15,84.8499984741211,85.36000061035156,84.41000366210938,85.02999877929688,36586,-0.002119147344571181,112.02799163889232,0.13950386923892993
2024-07-16,83.7300033569336,84.87000274658203,83.30000305175781,84.86000061035156,45546,-0.013287597388280356,110.54925497560116,0.14830614684924143
2024-07-17,85.08000183105469,85.19999694824219,83.44000244140625,83.83999633789062,44273,0.01599463554489727,112.33166653118276,0.15733297414287237
2024-07-18,85.11000061035156,85.81999969482422,84.22000122070312,85.19999694824219,45867,0.0003525328065952595,112.37127410992977,0.14283075546842025
2024-07-19,82.62999725341797,85.3499984741211,82.56999969482422,84.80000305175781,45739,-0.029571767186629214,109.0969099339573,0.16975419821657226
2024-07-22,82.4000015258789,83.20999908447266,81.58999633789062,82.83000183105469,36408,-0.00278732204019272,108.79324511480488,0.16839017279306454
2024-07-23,81.01000213623047,82.77999877929688,80.5199966430664,82.20999908447266,45436,-0.01701282522101405,106.95802009651459,0.1760609654682668
2024-07-24,81.70999908447266,82.22000122070312,80.94000244140625,81.48999786376953,47261,0.008603751979662684,107.88223051107155,0.17574796992584574
2024-07-25,82.37000274658203,82.5199966430664,80.08999633789062,81.52999877929688,51868,0.008044944105580683,108.75363753605787,0.17595643814380113
2024-07-26,81.12999725341797,82.69000244140625,80.31999969482422,82.44999694824219,27491,-0.015168553744716384,107.11645041150261,0.18134083025783598
2024-07-29,79.77999877929688,81.72000122070312,79.37999725341797,81.0199966430664,22531,-0.016779941376492632,105.33403885592101,0.17854827191435813
2024-07-30,78.62999725341797,79.94999694824219,78.41999816894531,79.83999633789062,15035,-0.014519560103429422,103.81568454074481,0.1816467646888382
2024-07-31,80.72000122070312,80.83999633789062,79.0,79.05999755859375,54838,0.02623312009507381,106.57513004673011,0.2097154726945202
2024-08-01,79.5199966430664,81.80000305175781,79.44000244140625,81.51000213623047,44000,-0.014977871034680248,104.99075638488355,0.21355594526173277
2024-08-02,76.80999755859375,80.44999694824219,76.41999816894531,80.04000091552734,58894,-0.03467371190777319,101.41272738975866,0.22973058083004505
2024-08-05,76.30000305175781,77.75,75.05000305175781,77.44000244140625,59442,-0.006661829938348533,100.73937840478344,0.22946930438913796
2024-08-06,76.4800033569336,77.80000305175781,75.58999633789062,77.2300033569336,45238,0.0023563343488685966,100.97703395040352,0.2309300556686257
2024-08-07,78.33000183105469,78.86000061035156,75.94999694824219,76.19999694824219,49730,0.023901382119202865,103.4195986801367,0.25038870351405834
2024-08-08,79.16000366210938,79.37000274658203,77.62999725341797,78.4800033569336,40462,0.010540472241175417,104.51545536678142,0.2535517827493205
2024-08-09,79.66000366210938,79.81999969482422,78.7699966430664,79.01000213623047,32227,0.006296456728760983,105.17560854093297,0.25461070665047564
2024-08-12,82.30000305175781,82.4000015258789,79.4800033569336,79.66999816894531,45234,0.03260352103867598,108.66121649460216,0.2832816391951363
2024-08-13,80.69000244140625,82.30000305175781,80.55000305175781,81.98999786376953,50485,-0.019756462646890717,106.5355224679831,0.2902285186691946
2024-08-14,79.76000213623047,81.44000244140625,79.61000061035156,80.9800033569336,50327,-0.011592529680216504,105.30763716113567,0.28948529643858745
2024-08-15,81.04000091552734,81.41000366210938,79.6500015258789,79.98999786376953,33165,0.015920718800842556,106.99762767526157,0.2894265028511853
2024-08-16,79.68000030517578,81.0,78.63999938964844,80.95999908447266,33753,-0.01692425413129556,105.20201023571829,0.29357701539686815
2024-08-19,77.66000366210938,79.75,77.5,79.6500015258789,45853,-0.02567824564716948,102.53499584432673,0.28944069070670336
2024-08-20,77.19999694824219,78.33999633789062,76.54000091552734,77.73999786376953,39162,-0.005940953959002638,101.9276460597458,0.289623925200934
2024-08-21,76.05000305175781,78.19999694824219,75.6500015258789,77.08000183105469,45081,-0.015008358666579145,100.40930181770764,0.28849205752603413
2024-08-22,77.22000122070312,77.69999694824219,75.77999877929688,76.16000366210938,33822,0.015267447810602438,101.95405782766915,0.29276362291420527
2024-08-23,79.0199966430664,79.26000213623047,77.05000305175781,77.12000274658203,19275,0.023042435856957033,104.33060321073198,0.30408431071465775
2024-08-26,81.43000030517578,81.58000183105469,79.23999786376953,79.31999969482422,25997,0.030042816725578462,107.51254634524874,0.3193223772510453
2024-08-27,79.55000305175781,81.56999969482422,79.4800033569336,81.22000122070312,21261,-0.02335796608018862,105.03037403676856,0.3244945427883538
2024-08-28,78.6500015258789,80.01000213623047,77.93000030517578,79.83999633789062,16512,-0.011378144241395544,103.84209630866815,0.32291886238119427
2024-08-29,79.94000244140625,80.79000091552734,78.11000061035156,78.36000061035156,9726,0.01626873491849767,105.54529270675575,0.314458103408867
2024-08-30,78.80000305175781,80.5,78.5999984741211,79.5199966430664,50268,-0.014363348231936773,104.04014427554122,0.31410769483263984
2024-09-03,73.75,77.61000061035156,73.5199966430664,76.88999938964844,70646,-0.06623204037179452,97.37259318735524,0.371275226437404
2024-09-04,72.69999694824219,74.79000091552734,72.3499984741211,73.68000030517578,56979,-0.014339652657867852,95.98626749238176,0.37345288911045343
2024-09-05,72.69000244140625,74.18000030517578,72.36000061035156,72.62000274658203,47879,-0.00013748547896886746,95.9730716815581,0.3731607850183345
2024-09-06,71.05999755859375,73.5199966430664,70.62000274658203,72.8499984741211,36035,-0.022679300847181554,93.82096588701567,0.3665908814337553
2024-09-09,71.83999633789062,72.22000122070312,70.6500015258789,71.5199966430664,35995,0.010916816782121919,94.85080322699002,0.3667894879827322
2024-09-10,69.19000244140625,72.26000213623047,68.69000244140625,71.9000015258789,47963,-0.03758499422177757,91.35199946249716,0.38153563216510683
2024-09-11,70.61000061035156,71.08000183105469,69.01000213623047,69.68000030517578,42995,0.020315407375982024,93.22683205953449,0.3677057926179306
2024-09-12,71.97000122070312,72.86000061035156,70.58999633789062,70.72000122070312,42690,0.019077596308752567,95.02244949907775,0.3756457738960998
2024-09-13,71.61000061035156,73.2300033569336,71.4800033569336,72.37000274658203,34281,-0.005014644938868862,94.5471384078376,0.37498013200981267
2024-09-16,72.75,73.37999725341797,71.5199966430664,72.0199966430664,36417,0.01579416850948079,96.05228683905212,0.374890851719411
2024-09-17,73.69999694824219,74.2699966430664,72.16999816894531,73.01000213623047,38565,0.012973851735848209,97.30657384068488,0.3773464457646127
2024-09-18,73.6500015258789,74.08999633789062,72.30999755859375,73.68000030517578,35693,-0.0006785941608353138,97.24056456715253,0.3688543139765544
2024-09-19,74.87999725341797,75.19000244140625,72.87999725341797,72.9000015258789,36126,0.016562631862939887,98.86453573460808,0.3744236229744144
2024-09-20,74.48999786376953,75.01000213623047,74.0,74.87999725341797,27358,-0.005221935979453926,98.34961706462092,0.37148262462306
2024-09-23,73.9000015258789,75.16000366210938,73.11000061035156,74.76000213623047,29116,-0.007952010908056948,97.57064115422833,0.3673664532456775
2024-09-24,75.16999816894531,75.87000274658203,73.97000122070312,74.27999877929688,31341,0.0170393422284844,99.24742578439255,0.3627508401244503
2024-09-25,73.45999908447266,75.31999969482422,73.04000091552734,75.12999725341797,31571,-0.023011162901943768,96.98970313757079,0.3493119524700405
2024-09-26,71.5999984741211,73.7699966430664,70.7699966430664,73.47000122070312,18234,-0.02564597527314244,94.53393252387593,0.3509211082453338
2024-09-27,71.9800033569336,72.36000061035156,70.93000030517578,71.23999786376953,7872,0.005293296632474206,95.03565538303947,0.3518623254076744
2024-09-30,71.7699966430664,73.0999984741211,71.38999938964844,71.83999633789062,41928,-0.0029218346194295696,94.75838218553434,0.34397390493624647
2024-10-01,73.55999755859375,75.44999694824219,69.91000366210938,72.0,90111,0.02463485187831503,97.12173175777347,0.35706859912318123
2024-10-02,73.9000015258789,76.12999725341797,73.58999633789062,74.4000015258789,53911,0.004611482055242054,97.57064115422831,0.2744672577870053
2024-10-03,77.62000274658203,77.97000122070312,74.30999755859375,74.7300033569336,68997,0.049112312723694575,102.48218238161802,0.31711580532730776
2024-10-04,78.05000305175781,79.30000305175781,77.38999938964844,77.98999786376953,57481,0.005524524735738198,103.04991451431388,0.3169898948705843
2024-10-07,80.93000030517578,81.16000366210938,77.26000213623047,78.01000213623047,55050,0.03623490121699517,106.85239317109718,0.3216097679064429
2024-10-08,77.18000030517578,82.08000183105469,76.37000274658203,81.16000366210938,66184,-0.04744422721492033,101.90124436496046,0.37061862250097183
2024-10-09,76.58000183105469,78.0199966430664,75.1500015258789,77.5199966430664,46931,-0.007804390104051903,101.10906257060621,0.34239163590313293
2024-10-10,79.4000015258789,79.72000122070312,76.73999786376953,76.75,43562,0.036162417511209036,104.8323260698955,0.35556804795361646
2024-10-11,79.04000091552734,79.48999786376953,78.05000305175781,79.2300033569336,44341,-0.004544322448007127,104.35701497865533,0.3536862832641458
2024-10-14,77.45999908447266,78.5999984741211,75.38999938964844,78.5999984741211,35593,-0.02019240275545151,102.27092853078325,0.362605888265056
2024-10-15,74.25,75.62999725341797,73.33000183105469,75.20999908447266,47877,-0.04232388458444073,98.03274636150681,0.3928872387354766
2024-10-16,74.22000122070312,74.91999816894531,73.41999816894531,74.72000122070312,40980,-0.0004041056032662,97.99313878275979,0.39046363529227135
2024-10-17,74.44999694824219,74.91000366210938,73.25,74.5,36901,0.003094046059771714,98.29680360191222,0.39055895818105313
2024-10-18,73.05999755859375,74.94000244140625,72.48999786376953,74.5199966430664,34009,-0.018846730188634263,96.46157858362191,0.3914870765228493
2024-10-21,74.29000091552734,74.55999755859375,72.80000305175781,73.13999938964844,29891,0.016695377536730022,98.08555982421548,0.39596659725436795
2024-10-22,76.04000091552734,76.31999969482422,73.56999969482422,74.13999938964844,36505,0.023283164172893427,100.39609593374594,0.4029127858141216
2024-10-23,74.95999908447266,76.01000213623047,74.44000244140625,75.6500015258789,28090,-0.01430490394368236,98.97016266002544,0.40217288909731286
2024-10-24,74.37999725341797,76.52999877929688,74.0,75.20999908447266,23845,-0.007767574146049832,98.2043825604565,0.3946430519833145
2024-10-25,76.05000305175781,76.13999938964844,74.16999816894531,74.55000305175781,20056,0.022204007263037125,100.4093018177076,0.38933214533248217
2024-10-28,71.41999816894531,74.0,71.16999816894531,74.0,28003,-0.06281314230514903,94.2962769782558,0.45064889669029096
2024-10-29,71.12000274658203,72.56999969482422,70.7300033569336,72.11000061035156,16776,-0.0042092867038290025,93.90019111764771,0.4507627393754714
2024-10-30,72.55000305175781,73.08000183105469,71.16000366210938,71.31999969482422,11034,0.019907391569766626,95.7882295986467,0.4477374484506313
2024-10-31,73.16000366210938,73.36000061035156,72.37000274658203,72.76000213623047,36772,0.008372852184436027,96.59361727696265,0.44848423234928114
2024-11-01,73.0999984741211,74.94999694824219,72.88999938964844,74.12999725341797,32059,-0.0008205276969572613,96.51439204633058,0.41067766747438156
2024-11-04,75.08000183105469,75.38999938964844,73.7300033569336,73.7300033569336,31292,0.026725890224480225,99.1286030481515,0.42252591735368467
2024-11-05,75.52999877929688,76.2300033569336,74.91999816894531,75.19999694824219,40233,0.005975676057168695,99.7227368756327,0.40059531468211806
2024-11-06,74.91999816894531,76.01000213623047,73.3499984741211,75.48999786376953,57996,-0.00810905902776955,98.91734919731675,0.367796536927824
2024-11-07,75.62999725341797,76.06999969482422,74.05000305175781,75.11000061035156,41262,0.009432140416142947,99.85476549583541,0.3688688960691683
2024-11-08,73.87000274658203,75.62000274658203,73.44000244140625,75.5199966430664,35855,-0.023546164829960876,97.5310335754813,0.35148146854797224
2024-11-11,71.83000183105469,74.12999725341797,71.58999633789062,73.73999786376953,33838,-0.028004587143724242,94.83760741616636,0.3616601563127012
2024-11-12,71.88999938964844,72.81999969482422,71.55999755859375,71.91999816894531,38295,0.0008349229274907661,94.91682257366037,0.3575159969131657
2024-11-13,72.27999877929688,72.62000274658203,70.75,71.77999877929688,43666,0.005410284329790983,95.43174124364755,0.32942892890861175
2024-11-14,72.55999755859375,73.22000122070312,71.80000305175781,71.98999786376953,32367,0.0038663233246620517,95.80142540947033,0.3299038800910677
2024-11-15,71.04000091552734,72.47000122070312,70.83999633789062,72.43000030517578,30126,-0.021170660588751933,93.79456419223033,0.3366768858370277
2024-11-18,73.30000305175781,73.45999908447266,70.69999694824219,70.87999725341797,30425,0.03131753895500344,96.77845935987403,0.35006598383439935
2024-11-19,73.30999755859375,73.87000274658203,72.61000061035156,73.18000030517578,32668,0.0001363414065864249,96.7916551706977,0.3448695506449753
2024-11-20,72.80999755859375,73.94000244140625,72.69999694824219,73.33999633789062,26041,-0.006843717057570064,96.13150199654613,0.33417055141843255
2024-11-21,74.2300033569336,74.37000274658203,72.91000366210938,73.12000274658203,35756,0.019315151477437786,98.00634466672146,0.3389179279208058
2024-11-22,75.16999816894531,75.41999816894531,73.51000213623047,74.29000091552734,29569,0.012583764477665318,99.24742578439253,0.34072107504576826
2024-11-25,73.01000213623047,75.30999755859375,72.8499984741211,75.20999908447266,29335,-0.02915574350311125,96.39556931008956,0.3459161763154834
2024-11-26,72.80999755859375,74.33000183105469,72.12000274658203,73.12000274658203,17616,-0.002743172451991986,96.13150199654612,0.2661113072483264
2024-11-27,72.83000183105469,73.3499984741211,72.2699966430664,72.94000244140625,10246,0.0002747084958880715,96.15791376446947,0.26547532888205555
2024-11-29,72.94000244140625,73.5,72.12000274658203,72.91999816894531,45282,0.0015092354806524578,96.30314826863385,0.2565811288340685
2024-12-02,71.83000183105469,72.87999725341797,71.5199966430664,71.73999786376953,31283,-0.015334977273752324,94.83760741616634,0.2602477250797633
2024-12-03,73.62000274658203,73.9000015258789,71.69000244140625,71.86000061035156,40365,0.024614523680213763,97.20095698840548,0.2748203583596135
2024-12-04,72.30999755859375,74.26000213623047,72.25,73.80999755859375,36988,-0.01795436683461857,95.47134882239455,0.26414082160095614
2024-12-05,72.08999633789062,72.9000015258789,71.80000305175781,72.44999694824219,32373,-0.00304711080645381,95.18087981406576,0.26264342239310984
2024-12-06,71.12000274658203,72.2300033569336,70.83000183105469,72.16999816894531,27572,-0.013546657792723805,93.9001911176477,0.2648459460444981
2024-12-09,72.13999938964844,72.6500015258789,70.95999908447266,71.04000091552734,25921,0.014240037190108341,95.24689916073615,0.26807437091443775
2024-12-10,72.19000244140625,72.72000122070312,71.52999877929688,71.93000030517578,32220,0.0006928989555049538,95.31291850740651,0.25672139103352626
2024-12-11,73.5199966430664,73.73999786376953,72.0199966430664,72.02999877929688,35954,0.018255866417045095,97.06891829506475,0.2453906772640313
2024-12-12,73.41000366210938,73.9800033569336,72.43000030517578,73.58999633789062,36231,-0.0014972163788985707,96.92369386403841,0.24555623356121176
2024-12-13,74.48999786376953,74.58999633789062,73.2699966430664,73.43000030517578,26225,0.014604643501710098,98.34961706462087,0.24966978415578683
2024-12-16,73.91000366210938,74.54000091552734,73.69999694824219,74.51000213623047,25458,-0.007816673165080569,97.58384703818997,0.25150915258466666
2024-12-17,73.19000244140625,74.18000030517578,72.45999908447266,73.86000061035156,26356,-0.009789353374783484,96.63322485570964,0.2418420138081208
2024-12-18,73.38999938964844,74.19000244140625,72.80000305175781,73.33999633789062,25873,0.00272884527018541,96.89728209611505,0.2162312138521913
2024-12-19,72.87999725341797,73.87000274658203,72.52999877929688,72.93000030517578,27742,-0.006973462975081408,96.22392303800181,0.2175972667249415
2024-12-20,72.94000244140625,73.27999877929688,71.97000122070312,72.70999908447266,25362,0.0008230035866250031,96.30314826863386,0.2163003010474312
2024-12-23,72.62999725341797,73.37000274658203,71.9800033569336,72.83000183105469,20997,-0.004259197049971501,95.89384645092602,0.20501381483524422
2024-12-24,73.58000183105469,73.80999755859375,72.77999877929688,72.83999633789062,8922,0.012995252759856623,97.14814352569682,0.20536295514278297
2024-12-26,73.26000213623047,74.18000030517578,72.9800033569336,73.77999877929688,5773,-0.0043584880516078055,96.72564589716534,0.17880100403984553
2024-12-27,74.16999816894531,74.33999633789062,73.06999969482422,73.13999938964844,5515,0.012344944550955238,97.9271194360894,0.18329405949424815
2024-12-30,74.38999938964844,75.04000091552734,73.76000213623047,74.2300033569336,30436,0.0029617849372990854,98.21758844441818,0.18341833220624995
2024-12-31,74.63999938964844,74.87999725341797,73.83999633789062,74.0999984741211,20588,0.003355032363319517,98.54766503149396,0.18359309937256338
2025-01-02,75.93000030517578,76.54000091552734,74.7300033569336,74.87999725341797,41474,0.01713531888249837,100.25086142958155,0.18141854236152233
2025-01-03,76.51000213623047,76.73999786376953,75.52999877929688,75.9000015258789,38822,0.007609611920376469,101.01664152915049,0.16421786353249176
2025-01-06,76.30000305175781,77.5,75.94000244140625,76.58999633789062,49229,-0.0027485008774552544,100.7393784047834,0.1488611274654982
2025-01-07,77.05000305175781,77.2699966430664,75.91999816894531,76.23999786376953,37188,0.009781623086386816,101.72960816601073,0.14940757440496763
2025-01-08,76.16000366210938,77.88999938964844,76.02999877929688,77.23999786376953,46650,-0.011618162806095103,100.55453632187199,0.1468159597988152
2025-01-09,76.91999816894531,77.2699966430664,75.69999694824219,76.16000366210938,31706,0.009929458348387493,101.557961893923,0.14347548766348414
2025-01-10,79.76000213623047,80.76000213623047,77.04000091552734,77.20999908447266,92049,0.0362562555208976,105.30763716113563,0.18342639250870504
2025-01-13,81.01000213623047,81.66999816894531,79.54000091552734,79.55000305175781,77109,0.015550477775546485,106.95802009651455,0.1811413877269703
2025-01-14,79.91999816894531,81.13999938964844,79.86000061035156,80.91000366210938,67129,-0.013546518783156493,105.51888093883235,0.19081878199464325
2025-01-15,82.02999877929688,82.62999725341797,79.62999725341797,80.31999969482422,69122,0.02605890770427604,108.30472813960297,0.2025683505045365
2025-01-16,81.29000091552734,82.55000305175781,80.38999938964844,82.44000244140625,69075,-0.009062000112514115,107.3277042623373,0.20357293766683932
2025-01-17,80.79000091552734,81.93000030517578,80.55999755859375,81.30999755859375,42284,-0.006169812197161495,106.66755108818575,0.20073080489707035
2025-01-21,79.29000091552734,81.23999786376953,78.47000122070312,80.94000244140625,83935,-0.018741177992928564,104.68709156573108,0.21654863857211423
2025-01-22,79.0,79.9000015258789,78.80999755859375,79.30999755859375,40868,-0.0036641763638535544,104.30420151594659,0.21479319855902662
2025-01-23,78.29000091552734,79.58999633789062,77.80000305175781,78.91000366210938,46348,-0.009027959853146592,103.36678521742795,0.21920194524299022
2025-01-24,78.5,78.95999908447266,77.61000061035156,77.87999725341797,30464,0.0026787321744879034,103.64404834179506,0.21746988005390555
2025-01-27,77.08000183105469,78.98999786376953,76.31999969482422,78.55000305175781,40623,-0.01825475748694721,101.76921574475774,0.22736020997396214
2025-01-28,77.48999786376953,78.13999938964844,76.83000183105469,77.06999969482422,29822,0.005305000906621637,102.31053610953025,0.2263028965004739
2025-01-29,76.58000183105469,77.69999694824219,76.30000305175781,77.62999725341797,19845,-0.011812898248537868,101.10906257060618,0.22875354682080132
2025-01-30,76.87000274658203,77.55000305175781,75.98999786376953,76.86000061035156,8389,0.0037797491317610073,101.49195262039066,0.22883591904146738
2025-01-31,76.76000213623047,77.08000183105469,76.51000213623047,77.0,50618,-0.001432020121765803,101.34671811622627,0.22896402194160273
2025-02-03,75.95999908447266,77.52999877929688,75.04000091552734,76.81999969482422,75087,-0.010476825078165336,100.29046900832856,0.22489662818524356
2025-02-04,76.19999694824219,76.66999816894531,74.12999725341797,75.5199966430664,62716,0.003154548751955607,100.60733971144266,0.22352732126837374
2025-02-05,74.61000061035156,76.3499984741211,74.55000305175781,76.08000183105469,30739,-0.02108686797930193,98.50805745274697,0.23490598573898555
2025-02-06,74.29000091552734,75.38999938964844,74.08999633789062,74.5999984741211,41460,-0.00429818917657237,98.08555982421548,0.23175557528651627
2025-02-07,74.66000366210938,75.08999633789062,74.19000244140625,74.19999694824219,35634,0.004968157049513478,98.57407679941733,0.22996056565122042
2025-02-10,75.87000274658203,76.06999969482422,74.54000091552734,74.54000091552734,27341,0.01607686301421926,100.17164627208754,0.23456407908555668
2025-02-11,77.0,77.2699966430664,75.88999938964844,76.05000305175781,37979,0.014784036302540793,101.66358881934039,0.20144620687431156
2025-02-12,75.18000030517578,76.88999938964844,74.94999694824219,76.81999969482422,47048,-0.023920179658383733,99.26063166835422,0.2052809971384208
2025-02-13,75.0199966430664,75.33000183105469,74.05000305175781,74.97000122070312,37759,-0.002130542288741826,99.04937781751947,0.20206493889092084
2025-02-14,74.73999786376953,75.83000183105469,74.48999786376953,75.23999786376953,41397,-0.003739304431378567,98.67969365169668,0.17220617784712236
2025-02-18,75.83999633789062,76.05000305175781,74.19000244140625,74.63999938964844,50542,0.01461041418427828,100.13202862020249,0.18335074554055117
2025-02-19,76.04000091552734,76.81999969482422,75.75,75.80000305175781,30426,0.0026337200008458993,100.39609593374594,0.1841517960387308
2025-02-20,76.4800033569336,77.13999938964844,75.70999908447266,76.04000091552734,33347,0.005769782975801222,100.9770339504035,0.17699604986815182
2025-02-21,74.43000030517578,76.75,74.20999908447266,76.55999755859375,28100,-0.027170222164114025,98.2704019071269,0.19776425627180527
2025-02-24,74.77999877929688,74.91000366210938,73.91000366210938,73.91000366210938,17858,0.004691362753051228,98.73250711440537,0.19806350221624305
2025-02-25,73.0199966430664,75.25,72.69999694824219,74.88999938964844,19080,-0.02381712297034897,96.40876512091322,0.21072853962119764
2025-02-26,72.52999877929688,73.33999633789062,72.38999938964844,73.13999938964844,11916,-0.006733077709692673,95.76181783072334,0.20420535870012288
2025-02-27,74.04000091552734,74.26000213623047,72.4800033569336,72.69000244140625,7925,0.020605247525603197,97.7554832371397,0.21833812075148423
2025-02-28,73.18000030517578,73.73999786376953,72.97000122070312,73.7300033569336,36432,-0.01168333630933562,96.620018971748,0.21826646234095903
2025-03-03,71.62000274658203,73.66000366210938,71.16999816894531,73.06999969482422,51816,-0.02154776084161021,94.56034429179928,0.22703599316496123
2025-03-04,71.04000091552734,71.45999908447266,69.75,71.44999694824219,58867,-0.008131291348252717,93.79456419223034,0.2275015663098322
2025-03-05,69.30000305175781,71.16000366210938,68.33999633789062,71.13999938964844,51721,-0.02479816133863946,91.49723396666157,0.23805119052252502
2025-03-06,69.45999908447266,69.87999725341797,68.7300033569336,69.44999694824219,49024,0.002306083902520818,91.70847774435829,0.23773121692842172
2025-03-07,70.36000061035156,71.37999725341797,69.27999877929688,69.37999725341797,46468,0.012873894408766146,92.89675547245871,0.23682039041882924
2025-03-10,69.27999877929688,70.86000061035156,69.05999755859375,70.44000244140625,33488,-0.01546868190972197,91.4708221987382,0.2408422861508148
2025-03-11,69.55999755859375,70.43000030517578,68.62999725341797,69.41000366210938,26933,0.0040334077539037365,91.840506364561,0.240458200891911
2025-03-12,70.94999694824219,71.08999633789062,69.47000122070312,69.8499984741211,30577,0.019785706205021205,93.6757313828513,0.2445459148173587
2025-03-13,69.87999725341797,71.23999786376953,69.68000030517578,70.9800033569336,33450,-0.01519591463166544,92.26300399309248,0.23876132034565029
2025-03-14,70.58000183105469,70.75,69.94000244140625,70.08000183105469,24740,0.009967398228501609,93.18722448078749,0.23303628584513517
2025-03-17,71.06999969482422,71.79000091552734,70.68000030517578,70.68000030517578,29314,0.006918458354695154,93.83417177097738,0.23555953162203727
2025-03-18,70.55999755859375,72.19000244140625,70.26000213623047,70.93000030517578,32008,-0.007201925446680359,93.16081271286413,0.23607986991740304
2025-03-19,70.77999877929688,71.22000122070312,69.9000015258789,70.36000061035156,26898,0.003113080572769103,93.45128172119288,0.22867623208974647
2025-03-20,72.0,72.29000091552734,70.52999877929688,70.86000061035156,33049,0.017089661345179495,95.06205707782478,0.2386582393085086
2025-03-21,72.16000366210938,72.54000091552734,71.51000213623047,72.2300033569336,23983,0.002219807488164401,95.27331092865954,0.23740314984630967
2025-03-24,73.0,73.16000366210938,71.80000305175781,72.19999694824219,31456,0.011573514644171373,96.3823634261279,0.22483099901408712
2025-03-25,73.0199966430664,73.56999969482422,72.5,73.08999633789062,30415,0.00027388910630211086,96.40876512091322,0.22395996515816818
2025-03-26,73.79000091552734,74.16999816894531,73.08999633789062,73.18000030517578,27419,0.010489903222782648,97.42540665006392,0.21135623641168333
2025-03-27,74.02999877929688,74.06999969482422,73.2300033569336,73.98999786376953,19183,0.0032471664882276013,97.74227735317803,0.20987545892880088
2025-03-28,73.62999725341797,74.20999908447266,73.12000274658203,74.05999755859375,12292,-0.005417885887564567,97.21415279922917,0.19824433542903963
2025-03-31,74.73999786376953,74.79000091552734,73.37000274658203,73.41999816894531,53426,0.014962881397040679,98.67969365169667,0.2003832463539014
2025-04-01,74.48999786376953,75.27999877929688,74.33999633789062,74.62999725341797,54055,-0.0033505359650791173,98.34961706462089,0.18380791405794109
2025-04-02,74.94999694824219,75.45999908447266,73.70999908447266,74.4000015258789,61062,0.006156324321256228,98.95695677606375,0.18064796146517131
2025-04-03,70.13999938964844,73.62000274658203,69.47000122070312,73.58999633789062,100212,-0.06632794782122915,92.60628646412991,0.2862743407193438
2025-04-04,65.58000183105469,70.05000305175781,64.01000213623047,69.80999755859375,121211,-0.06722243667269447,86.58569273927183,0.37003822349250043
2025-04-07,64.20999908447266,67.41000366210938,62.5099983215332,64.79000091552734,114411,-0.021111851789805954,84.77686941576688,0.3707003092733543
2025-04-08,62.81999969482422,65.19000244140625,61.279998779296875,64.44000244140625,89690,-0.021885458295066693,82.94164439747658,0.3737778057396351
2025-04-09,65.4800033569336,66.0199966430664,58.38999938964844,61.54999923706055,127044,0.04147131451692063,86.45366411906913,0.4058715315527241
2025-04-10,63.33000183105469,66.2300033569336,62.0099983215332,65.80999755859375,78111,-0.03338562432823125,83.61500345558981,0.4102317034056654
2025-04-11,64.76000213623047,65.05000305175781,62.7599983215332,63.45000076293945,58543,0.022328982355065558,85.5030419365888,0.41944476929919183
2025-04-14,64.87999725341797,65.9000015258789,64.04000091552734,64.88999938964844,43786,0.0018512056775789288,85.66147225157682,0.4170667657680846
2025-04-15,64.66999816894531,65.38999938964844,64.2300033569336,64.93000030517578,40096,-0.003241980329212837,85.38420912720973,0.41519317935471994
2025-04-16,65.8499984741211,66.30999755859375,63.79999923706055,64.86000061035156,50308,0.018082017872566945,86.94217102113294,0.4222927370963776
2025-04-17,67.95999908447266,68.12999725341797,65.94999694824219,66.01000213623047,39781,0.03153987831492055,89.72801822190355,0.43887905493654694
2025-04-21,66.26000213623047,67.77999877929688,65.68000030517578,67.77999877929688,38512,-0.02533285422029827,87.48350145904348,0.440308379838331
2025-04-22,67.44000244140625,68.04000091552734,66.55000305175781,66.5999984741211,46152,0.017651920782888627,89.04146335296667,0.4462410159427711
2025-04-23,66.12000274658203,68.63999938964844,65.29000091552734,67.76000213623047,58914,-0.01976703540258393,87.29865937613208,0.44635537253186813
2025-04-24,66.55000305175781,67.02999877929688,65.80999755859375,66.22000122070312,36169,0.006482276205560202,87.86639150882795,0.4477454250849938
2025-04-25,66.87000274658203,67.18000030517578,65.55999755859375,66.56999969482422,30729,0.0047968864416069144,88.28888913735943,0.44578709190853477
2025-04-28,65.86000061035156,67.52999877929688,65.25,67.20999908447266,21525,-0.015219190923715473,86.95537690509462,0.4462342565932372
2025-04-29,64.25,65.80999755859375,63.88999938964844,65.75,17528,-0.024749562440298144,84.82968287847555,0.4511498523022073
2025-04-30,63.119998931884766,63.75,63.0,63.54999923706055,79025,-0.017744064159688273,83.3377352946537,0.44574890621375696
2025-05-01,62.130001068115234,62.36000061035156,59.310001373291016,61.13999938964844,66984,-0.015808678348420504,82.03063483031225,0.44618410700359984
2025-05-02,61.290000915527344,62.720001220703125,60.70000076293945,61.880001068115234,58444,-0.01361226883195014,80.92157729627488,0.4431691088381637
2025-05-05,60.22999954223633,60.77000045776367,58.40999984741211,59.5099983215332,49504,-0.0174461529799008,79.52205075390873,0.39391639467409617
2025-05-06,62.150001525878906,62.79999923706055,60.189998626708984,60.279998779296875,63444,0.03138028305290159,82.05704156166661,0.350470909181111
2025-05-07,61.119998931884766,63.209999084472656,60.849998474121094,62.06999969482422,60579,-0.016711715125713435,80.69712259804747,0.34785756849873206
2025-05-08,62.84000015258789,63.209999084472656,60.779998779296875,60.93000030517578,56931,0.0277526884330597,82.96805112883092,0.3551533446040647
2025-05-09,63.90999984741211,64.2699966430664,62.849998474121094,63.25,51994,0.016884025459029856,84.38077851858974,0.32817997249410313
2025-05-12,64.95999908447266,66.37999725341797,63.88999938964844,64.2300033569336,62946,0.016295840485066205,85.76709917699422,0.31140011797247075
2025-05-13,66.62999725341797,66.80000305175781,64.6500015258789,64.91999816894531,55567,0.025383203593329427,87.97200836110731,0.31417736237744237
2025-05-14,66.08999633789062,66.58999633789062,65.68000030517578,66.5199966430664,49980,-0.008137491281628058,87.25904172424707,0.31587963192366453
2025-05-15,64.52999877929688,65.83999633789062,63.439998626708984,65.76000213623047,70642,-0.023887181040497734,85.19936704429836,0.3271682783010165
2025-05-16,65.41000366210938,65.54000091552734,64.16999816894531,64.62999725341797,38629,0.013544994929198518,86.36124307761347,0.32435617348149487
2025-05-19,65.54000091552734,66.01000213623047,64.43000030517578,65.30999755859375,43539,0.001985449279539095,86.53287927656316,0.30325026977446956
2025-05-20,65.37999725341797,66.0,64.8499984741211,65.56999969482422,42663,-0.002444297953104836,86.32162542572843,0.2909148833694149
2025-05-21,64.91000366210938,67.48999786376953,64.61000061035156,65.61000061035156,58658,-0.007214607822912097,85.7010899034619,0.2838860711802454
2025-05-22,64.44000244140625,65.0199966430664,63.529998779296875,64.63999938964844,45811,-0.007267155268361538,85.08054430805736,0.2771520385708733
2025-05-23,64.77999877929688,65.04000091552734,63.310001373291016,64.0199966430664,29810,0.005262298704079938,85.52944363137416,0.2767564765999963
2025-05-27,64.08999633789062,65.41000366210938,63.470001220703125,65.0199966430664,34117,-0.010708606523327707,84.61842902764083,0.27767479362458775
2025-05-28,64.9000015258789,65.61000061035156,64.02999877929688,64.31999969482422,17817,0.012559358845247061,85.68788401950022,0.27771348697325315
2025-05-29,64.1500015258789,66.12999725341797,63.779998779296875,65.30000305175781,10456,-0.011623532373520932,84.69765425827288,0.26690263782230866
2025-05-30,63.900001525878906,64.5199966430664,63.70000076293945,63.81999969482422,63546,-0.0039047295850964114,84.3675776711971,0.2595629934251432
2025-06-02,64.62999725341797,65.70999908447266,62.970001220703125,63.040000915527344,57349,0.01135927151513094,85.33139566450107,0.25496388369672035
2025-06-03,65.62999725341797,65.94000244140625,64.5199966430664,65.02999877929688,43536,0.015354209858351436,86.65170201280418,0.25252258422780854
2025-06-04,64.86000061035156,65.95999908447266,64.27999877929688,65.61000061035156,56182,-0.011801756346676295,85.6350705567915,0.24739653359095956
2025-06-05,65.33999633789062,65.86000061035156,64.62999725341797,64.91000366210938,38658,0.0073732398364828805,86.26881196301971,0.22642947530529106
2025-06-06,66.47000122070312,66.66999816894531,64.81999969482422,65.19999694824219,39490,0.017146386292265985,87.76076458341058,0.22075837595187436
2025-06-09,67.04000091552734,67.12999725341797,66.08000183105469,66.5999984741211,35213,0.008538733412048536,88.51333879901784,0.2041114439675734
2025-06-10,66.87000274658203,68.0,66.4800033569336,67.11000061035156,40266,-0.002538992690918894,88.28888913735943,0.19857597424418957
2025-06-11,69.7699966430664,69.95999908447266,66.47000122070312,66.56999969482422,58118,0.04245359269751738,92.11776948892806,0.23867096756418862
2025-06-12,69.36000061035156,70.61000061035156,68.37000274658203,70.36000061035156,60336,-0.0058937285648106765,91.57644912415556,0.2266656382465032
2025-06-13,74.2300033569336,78.52999877929688,69.91999816894531,70.2699966430664,175031,0.06785808508081347,98.00634466672146,0.318489030409694
2025-06-16,73.2300033569336,78.4800033569336,70.63999938964844,76.80999755859375,100509,-0.013563207438924146,96.68603831841834,0.3083191846867261
2025-06-17,76.44999694824219,77.08000183105469,72.52999877929688,72.80999755859375,88748,0.04303167354278252,100.93741629851844,0.3332925126708159
2025-06-18,76.69999694824219,77.43000030517578,74.44000244140625,77.19000244140625,0,0.0032647761282511133,101.26749288559422,0.3330587289596319
2025-06-20,77.01000213623047,79.0199966430664,75.52999877929688,76.12000274658203,98821,0.004033642705836338,101.67679470330204,0.33137644267336697
2025-06-23,71.4800033569336,81.4000015258789,69.54000091552734,80.01000213623047,100475,-0.07451757403632567,94.37550220888788,0.43545995082401023
2025-06-24,67.13999938964844,70.7300033569336,66.80999755859375,70.5999984741211,62358,-0.06263775479332342,88.64536741922055,0.49291245403945033
2025-06-25,67.68000030517578,68.76000213623047,67.31999969482422,67.91999816894531,23618,0.008010737345906661,89.35833405608079,0.49323668933341575
2025-06-26,67.7300033569336,69.04000091552734,67.38999938964844,67.75,13057,0.0007385429832113716,89.42435340275115,0.49108472693835065
2025-06-27,67.7699966430664,68.41000366210938,67.20999908447266,67.95999908447266,8218,0.0005903068235299825,89.47715679232181,0.4897842084175037
2025-06-30,67.61000061035156,68.12000274658203,67.11000061035156,67.16999816894531,32957,-0.002363659483687355,89.26591301462508,0.48756983650644675
2025-07-01,67.11000061035156,67.4800033569336,66.33999633789062,66.58999633789062,29256,-0.007422836865179387,88.60575984047352,0.48830402854948257
2025-07-02,69.11000061035156,69.19999694824219,66.94000244140625,67.20999908447266,50268,0.02936637366995736,91.24637253707976,0.4964145225782236
2025-07-03,68.80000305175781,69.12999725341797,68.30999755859375,69.0199966430664,0,-0.004495657638656478,90.83708079250997,0.49504704633081775
2025-07-04,68.29000091552734,68.91000366210938,67.75,68.80999755859375,0,-0.007440432916781375,90.16372173439672,0.4937163987942161
2025-07-07,69.58000183105469,69.93000030517578,67.36000061035156,67.61000061035156,59456,0.018713839660154073,91.86691813248432,0.4966941236271744
2025-07-08,70.1500015258789,70.66000366210938,69.05000305175781,69.54000091552734,34109,0.008158632260514456,92.61949234809157,0.4944380677715816
2025-07-09,70.19000244140625,70.69999694824219,69.61000061035156,69.9000015258789,42186,0.0005700572250220184,92.67230581080025,0.49399554994096556
2025-07-10,68.63999938964844,70.48999786376953,68.52999877929688,70.19000244140625,52295,-0.0223304392375125,90.62582694167521,0.5010876479252893
2025-07-11,70.36000061035156,70.69000244140625,68.55999755859375,68.98999786376953,40262,0.024749482256414015,92.89675547245866,0.4862763437245379
2025-07-14,69.20999908447266,71.51000213623047,69.0199966430664,70.52999877929688,62179,-0.01647958091853313,91.37840115728247,0.4893757325462734
2025-07-15,68.70999908447266,69.4000015258789,68.55999755859375,69.0999984741211,51233,-0.007250611907048874,90.7182479831309,0.4225536852386395
2025-07-16,68.5199966430664,69.06999969482422,67.70999908447266,68.9000015258789,55511,-0.0027691112545783292,90.46738655354913,0.4210241584307701
2025-07-17,69.5199966430664,69.62000274658203,68.29000091552734,68.69000244140625,50817,0.01448880820593591,91.78769290185225,0.39218469010932044
2025-07-18,69.27999877929688,70.77999877929688,69.13999938964844,69.55999755859375,52366,-0.003458186035497487,91.47082219873816,0.3911924040215013
2025-07-21,69.20999908447266,69.62000274658203,68.41999816894531,69.22000122070312,41204,-0.0010108990088111345,91.37840115728247,0.3901386784196337
2025-07-22,68.58999633789062,69.0999984741211,68.11000061035156,69.02999877929688,50140,-0.008998649505592557,90.55980759500484,0.29846744101096323
2025-07-23,68.51000213623047,69.08000183105469,68.0,68.72000122070312,37734,-0.0011669469238256023,90.45419074272549,0.20109992414432246
2025-07-24,69.18000030517578,69.52999877929688,68.5,68.72000122070312,39597,0.00973205672425079,91.33879357853546,0.20194676084265276
2025-07-25,68.44000244140625,69.88999938964844,68.30000305175781,69.26000213623047,27384,-0.010754323224147226,90.36176970126981,0.20604842215030356
2025-07-28,70.04000091552734,70.44999694824219,68.38999938964844,68.47000122070312,31485,0.02310903579293866,92.47425784392719,0.2204410495715197
2025-07-29,72.51000213623047,73.06999969482422,69.88999938964844,70.38999938964844,24345,0.03465799235554147,95.73541613593798,0.24773498413467088
2025-07-30,73.23999786376953,73.62999725341797,71.75,72.68000030517578,15242,0.010017177794086625,96.69923412924196,0.24555226955019988
2025-07-31,72.52999877929688,73.48999786376953,72.41999816894531,73.4000015258789,56020,-0.009741438093771038,95.76181783072332,0.23196970451748036
2025-08-01,69.66999816894531,71.98999786376953,69.41000366210938,71.7699966430664,68855,-0.04023046978479766,91.98574086872534,0.27432336208816643
2025-08-04,68.76000213623047,69.9800033569336,67.98999786376953,69.0,41788,-0.013147571177630796,90.78426732980128,0.2771286801247549
2025-08-05,67.63999938964844,68.8499984741211,67.52999877929688,68.75,47388,-0.01642269657572258,89.3055205933721,0.27447116361187285
2025-08-06,66.88999938964844,69.19000244140625,66.22000122070312,67.76000213623047,62159,-0.01115004500123869,88.31529083214474,0.2741957292075825
2025-08-07,66.43000030517578,67.63999938964844,66.2699966430664,66.87999725341797,44063,-0.006900703734515914,87.70795112070188,0.2744432852054527
2025-08-08,66.58999633789062,67.19000244140625,65.5,66.37999725341797,52157,0.002405594856549754,87.9191948983986,0.265285150663309
2025-08-11,66.62999725341797,67.11000061035156,65.83000183105469,66.2300033569336,31132,0.0006005242253979446,87.97200836110729,0.2478592747216285
2025-08-12,66.12000274658203,67.04000091552734,65.97000122070312,66.72000122070312,33110,-0.007683570860866995,87.29865937613208,0.24348458994052666
2025-08-13,65.62999725341797,66.33000183105469,65.0,66.05000305175781,40497,-0.007438447856035271,86.65170201280417,0.243534790903729
2025-08-14,66.83999633789062,66.9800033569336,65.56999969482422,65.7699966430664,34810,0.018268782301862362,88.2492714854744,0.2535942754855376
2025-08-15,65.8499984741211,67.08000183105469,65.7300033569336,66.80000305175781,35864,-0.014922243920754084,86.94217102113295,0.251148469567229
2025-08-18,66.5999984741211,66.80999755859375,65.30999755859375,65.94999694824219,35004,0.01132514961799989,87.9324007823603,0.25567935903429667
2025-08-19,65.79000091552734,66.58000183105469,65.5999984741211,66.55999755859375,32562,-0.012236689621437815,86.86295586363893,0.2581446814433777
2025-08-20,66.83999633789062,67.05000305175781,65.81999969482422,65.93000030517578,39505,0.015833783924191918,88.24927148547438,0.26441909352569715
2025-08-21,67.66999816894531,67.77999877929688,66.73999786376953,66.94999694824219,29950,0.012341274247542463,89.34512817211909,0.26856810897085703
2025-08-22,67.7300033569336,68.0199966430664,67.41999816894531,67.62000274658203,27481,0.0008863396047325279,89.42435340275115,0.2660215086418839
2025-08-25,68.80000305175781,69.05999755859375,67.58000183105469,67.83999633789062,19094,0.015674526505964206,90.83708079250997,0.26955258097423146
2025-08-26,67.22000122070312,68.7300033569336,67.11000061035156,68.7300033569336,21046,-0.02323294883946215,88.7509943446379,0.2678323153215862
2025-08-27,68.05000305175781,68.0999984741211,66.91999816894531,67.23999786376953,16597,0.012271933486510865,89.84685103128264,0.23893983497011004
2025-08-28,68.62000274658203,68.66000366210938,67.4000015258789,67.70999908447266,8829,0.008341303512981927,90.5994252468899,0.23785549546431906
2025-08-29,68.12000274658203,68.36000061035156,68.02999877929688,68.26000213623047,0,-0.0073131813420259815,89.93927207273835,0.23714923239731098
2025-09-02,69.13999938964844,69.51000213623047,67.08999633789062,67.43000030517578,55307,0.014862529551468613,91.28598011582679,0.20237599865065478
2025-09-03,67.5999984741211,69.2300033569336,67.37999725341797,69.05999755859375,45108,-0.02252546518897004,89.25270713066342,0.21220867224740847
2025-09-04,66.98999786376953,67.48999786376953,66.31999969482422,67.44000244140625,42152,-0.009064637845365636,88.44731945234747,0.20685090322734953
2025-09-05,65.5,67.05000305175781,65.08000183105469,66.83999633789062,38287,-0.022493179990173053,86.48006581385448,0.21768570426843284
2025-09-08,66.0199966430664,67.02999877929688,65.5199966430664,65.80999755859375,29078,0.007907532936617527,87.16662068279138,0.21866986333449678
2025-09-09,66.38999938964844,67.38999938964844,66.13999938964844,66.16999816894531,38860,0.005588757959818188,87.65513765799324,0.2194418252304366
2025-09-10,67.48999786376953,67.7699966430664,66.44000244140625,66.44000244140625,38789,0.01643297356512486,89.10747262649906,0.2268467661380733
2025-09-11,66.37000274658203,67.61000061035156,66.16000366210938,67.58000183105469,34565,-0.016734218562049485,87.6287359632079,0.23309687009759153
2025-09-12,66.98999786376953,68.1500015258789,65.72000122070312,66.30999755859375,50762,0.009298134090662317,88.4473194523475,0.23341478361231277
2025-09-15,67.44000244140625,67.83999633789062,66.79000091552734,67.22000122070312,26320,0.006695027263380272,89.04146335296672,0.22593471292964615
2025-09-16,68.47000122070312,68.69000244140625,67.0,67.48999786376953,34128,0.015157361066503231,90.40137728001685,0.22421008030917353
2025-09-17,67.94999694824219,68.58999633789062,67.62000274658203,68.41000366210938,30515,-0.0076236152759259716,89.71481233794194,0.2237367692565175
2025-09-18,67.44000244140625,68.41000366210938,67.19000244140625,67.88999938964844,29610,-0.007533745790577349,89.04146335296672,0.22081684938309168
2025-09-19,66.68000030517578,67.55999755859375,66.43000030517578,67.45999908447266,24400,-0.011333287435445072,88.03802770777769,0.21813811691551382
2025-09-22,66.56999969482422,67.30000305175781,65.94000244140625,66.66999816894531,23634,-0.0016510414309863035,87.89279320361331,0.213405258943735
2025-09-23,67.62999725341797,68.08000183105469,66.12000274658203,66.58999633789062,27893,0.01579760994663083,89.29231470941045,0.2209892895381474
2025-09-24,69.30999755859375,69.36000061035156,67.5199966430664,67.86000061035156,28459,0.024537529730489064,91.51042977748521,0.23085814835315555
2025-09-25,69.41999816894531,69.66999816894531,68.44000244140625,69.08999633789062,21388,0.0015858233517196865,91.6556642816496,0.21432809617500706
2025-09-26,70.12999725341797,70.7699966430664,69.11000061035156,69.69999694824219,11917,0.010175639327497816,92.59308058016826,0.21312435982655825
2025-09-29,67.97000122070312,69.93000030517578,67.55000305175781,69.47000122070312,8229,-0.03128417406667901,89.7412241058653,0.2395129869496641
2025-09-30,67.0199966430664,67.58999633789062,66.91000366210938,67.58999633789062,46335,-0.014075417097358111,88.48692703109451,0.24307241610740868
2025-10-01,65.3499984741211,66.56999969482422,65.04000091552734,66.08999633789062,44601,-0.025233615499730706,86.28201784698142,0.2501516707134974
2025-10-02,64.11000061035156,66.12000274658203,64.0,65.4000015258789,52074,-0.019157049201351903,84.6448407955642,0.24703812872018027
2025-10-03,64.52999877929688,65.0,64.20999908447266,64.30000305175781,38970,0.0065298455113709025,85.19936704429838,0.24774142354025086
2025-10-06,65.47000122070312,65.7699966430664,64.76000213623047,64.81999969482422,38055,0.014461828067311586,86.44045823510747,0.2418178409056004
2025-10-07,65.44999694824219,65.83000183105469,64.5199966430664,65.54000091552734,36191,-0.0003055953696363721,86.41404646718411,0.24009204543605425
2025-10-08,66.25,66.52999877929688,65.77999877929688,65.80999755859375,38630,0.012149019137739343,87.47029557508182,0.2432135333008479
2025-10-09,65.22000122070312,66.55999755859375,64.95999908447266,66.08999633789062,40845,-0.015669275788459478,86.11038164803169,0.24113121546989344
2025-10-10,62.72999954223633,65.3499984741211,62.130001068115234,65.16999816894531,54929,-0.03892639426658475,82.82281662466654,0.2692611146042209
2025-10-13,63.31999969482422,63.95000076293945,62.66999816894531,62.66999816894531,35368,0.009361435381944337,83.60179757162814,0.2692967004584336
2025-10-14,62.38999938964844,63.619998931884766,61.5,63.439998626708984,44016,-0.014796233853379696,82.37391226478071,0.27015602527534427
2025-10-15,61.90999984741211,63.02000045776367,61.790000915527344,62.279998779296875,40209,-0.007723281273384103,81.7401658219835,0.2615146171889486
2025-10-16,61.060001373291016,62.75,60.84000015258789,62.439998626708984,46229,-0.013824705268891145,80.61790744055345,0.26323604692557295
2025-10-17,61.290000915527344,61.45000076293945,60.150001525878906,61.11000061035156,50372,0.0037597026376934807,80.92157729627489,0.26481801771667357
2025-10-20,61.0099983215332,61.54999923706055,60.06999969482422,61.43000030517578,33883,-0.004578954782848648,80.55188809388308,0.2636703196168597
2025-10-21,61.31999969482422,62.09000015258789,60.34000015258789,60.90999984741211,45150,0.0050682913744178135,80.96118487502191,0.26551990366495454
2025-10-22,62.59000015258789,63.91999816894531,61.400001525878906,61.619998931884766,46114,0.020499474347666368,82.63797454175516,0.27037274100453307
2025-10-23,65.98999786376953,66.33999633789062,63.849998474121094,64.25,87705,0.05289765964879074,87.12701310404435,0.3208192738847468
2025-10-24,65.94000244140625,66.7699966430664,65.44000244140625,65.87000274658203,38354,-0.0007579083550496586,87.06100383051202,0.3205607715244195
2025-10-27,65.62000274658203,66.5999984741211,65.08000183105469,66.26000213623047,32237,-0.0048647052794245395,86.63850620198053,0.3173149698516124
2025-10-28,64.4000015258789,65.79000091552734,64.0,65.79000091552734,33807,-0.018766912584742758,85.02773084534864,0.3061033757646808
2025-10-29,64.91999816894531,65.37999725341797,63.93000030517578,64.48999786376953,16478,0.008042057637524991,85.71428571428555,0.3052152498834621
2025-10-30,65.0,65.16000366210938,64.05999755859375,64.8499984741211,10024,0.0012315554540326826,85.81991263970292,0.292819711611924
2025-10-31,65.06999969482422,65.5,64.5199966430664,64.75,44972,0.0010763389212942712,85.91233368115861,0.2846377140661347
2025-11-03,64.88999938964844,65.30999755859375,64.33000183105469,65.06999969482422,0,-0.002770089589796132,85.67467813553854,0.2840634479900061
2025-11-04,64.44000244140625,64.83999633789062,63.83000183105469,64.81999969482422,36655,-0.0069589230318593525,85.08054430805736,0.28024041914393394
2025-11-05,63.52000045776367,64.94000244140625,63.43000030517578,64.26000213623047,42320,-0.014379772049788677,83.86585984860258,0.284169404785971
2025-11-06,63.380001068115234,64.33000183105469,62.83000183105469,63.58000183105469,43138,-0.002206453030152947,83.6810177656912,0.2798474278673725
2025-11-07,63.630001068115234,64.37999725341797,63.2400016784668,63.63999938964844,36620,0.00393670291571288,84.01109435276697,0.2760933472446695
2025-11-10,64.05999755859375,64.30999755859375,63.33000183105469,63.689998626708984,30891,0.0067350320387206605,84.5788214488938,0.24043323918209744
2025-11-11,65.16000366210938,65.29000091552734,63.61000061035156,63.970001220703125,41959,0.017025733865876153,86.03116649053767,0.24521042302360013
2025-11-12,62.709999084472656,65.20999908447266,62.560001373291016,65.20999908447266,42279,-0.03832492998009837,82.7964098933122,0.2763207192926074
2025-11-13,63.0099983215332,63.439998626708984,62.34000015258789,62.66999816894531,36603,0.004772507360316131,83.19250079048932,0.275169311345267
2025-11-14,64.38999938964844,64.8499984741211,63.04999923706055,63.04999923706055,58912,0.02166491475524948,85.01452496138695,0.27878002651534634
2025-11-17,64.19999694824219,64.72000122070312,63.65999984741211,64.0199966430664,33667,-0.0029551689103654664,84.76366353180521,0.27937620203172203
2025-11-18,64.88999938964844,65.08000183105469,63.61000061035156,64.0,36791,0.010690356066389406,85.67467813553853,0.2797088074223378
2025-11-19,63.5099983215332,64.86000061035156,62.869998931884766,64.7300033569336,38776,-0.021496171840638192,83.8526539646409,0.292023371993517
2025-11-20,63.380001068115234,64.38999938964844,62.95000076293945,63.59000015258789,42345,-0.002048976271162809,83.68101776569118,0.28404245401175787
2025-11-21,62.560001373291016,63.13999938964844,61.869998931884766,63.130001068115234,43029,-0.013022252926696143,82.59836696300815,0.21434759847748322
2025-11-24,63.369998931884766,63.529998779296875,61.93000030517578,62.560001373291016,30888,0.012864428291568274,83.6678118817295,0.2208711775939697
2025-11-25,62.47999954223633,63.40999984741211,61.61000061035156,63.40999984741211,26580,-0.014144048275339164,82.49274003759076,0.2247492697074125
2025-11-26,63.130001068115234,63.20000076293945,62.119998931884766,62.599998474121094,21288,0.010349611093964038,83.35094117861539,0.2205193253754866
2025-11-28,63.20000076293945,63.459999084472656,62.810001373291016,63.0099983215332,31795,0.0011082039258071702,83.4433622200711,0.21825391769343724
2025-12-01,63.16999816894531,63.810001373291016,62.689998626708984,62.689998626708984,31203,-0.0004748373001733858,83.40374960475508,0.21808661770842547
2025-12-02,62.45000076293945,63.43000030517578,62.16999816894531,63.29999923706055,39539,-0.011463227136073771,82.45313245884375,0.2206327688126769
2025-12-03,62.66999816894531,63.349998474121094,62.16999816894531,62.43000030517578,40622,0.0035165862307886425,82.7435964306035,0.22141426289141486
2025-12-04,63.2599983215332,63.61000061035156,62.529998779296875,62.7599983215332,32164,0.009370356325492936,83.52257737756511,0.22370194110287775
2025-12-05,63.75,64.08000183105469,63.06999969482422,63.29999923706055,26349,0.00771599269386263,84.169529704324,0.21996458191692508
2025-12-08,62.4900016784668,63.959999084472656,62.349998474121094,63.900001525878906,38815,-0.01996261323777931,82.50594592155244,0.23072081299643063
2025-12-09,61.939998626708984,62.779998779296875,61.83000183105469,62.5,32575,-0.008840418427010924,81.77977340073052,0.23174720816395747
2025-12-10,62.209999084472656,62.72999954223633,61.349998474121094,62.13999938964844,45191,0.004349591436459808,82.13625671916063,0.23085305402337497
2025-12-11,61.279998779296875,62.619998931884766,60.75,62.619998931884766,48635,-0.015062238297959723,80.9083714123132,0.2252845109114445
2025-12-12,61.119998931884766,61.849998474121094,60.810001373291016,61.599998474121094,42931,-0.002614378129687933,80.69712259804747,0.18492708597668314
2025-12-15,60.560001373291016,61.5,60.130001068115234,61.15999984741211,42976,-0.009204495576828517,79.95775426640189,0.1855548070944184
2025-12-16,58.91999816894531,60.40999984741211,58.720001220703125,60.33000183105469,48212,-0.02745407128826342,77.7924476244668,0.1850088831658265
2025-12-17,59.68000030517578,60.65999984741211,58.90999984741211,58.939998626708984,50078,0.01281640049157498,78.79588326965582,0.19421349229685014
2025-12-18,59.81999969482422,60.720001220703125,59.54999923706055,60.63999938964844,31064,0.002343087091193699,78.98072535256722,0.18861333860873664
2025-12-19,60.470001220703125,60.63999938964844,59.40999984741211,59.77000045776367,36104,0.01080734637180837,79.83892649359186,0.1837168286028252
2025-12-22,62.06999969482422,62.15999984741211,60.560001373291016,60.56999969482422,35138,0.02611538103687975,81.95141463624924,0.20850456529100214
2025-12-23,62.380001068115234,62.54999923706055,61.72999954223633,61.9900016784668,26231,0.004981952793454131,82.36071141738806,0.20471182433481083
2025-12-24,62.2400016784668,62.720001220703125,62.02000045776367,62.43000030517578,14966,-0.0022468214645863815,82.17586933447667,0.19923870239053484
2025-12-26,60.63999938964844,62.689998626708984,60.59000015258789,62.349998474121094,9687,-0.026043175568838114,80.06337615525027,0.2130244619312569
2025-12-29,61.939998626708984,62.150001525878906,60.95000076293945,61.040000915527344,9170,0.02121142110479338,81.77977340073052,0.22364626902822632
2025-12-30,61.91999816894531,62.33000183105469,61.5099983215332,61.70000076293945,30567,-0.00032295266357063333,81.75336666937618,0.22353877248948764
2025-12-31,60.849998474121094,61.90999984741211,60.619998931884766,61.27000045776367,30919,-0.01743140535270956,80.34063927961735,0.23066522383775076
2026-01-02,60.75,61.36000061035156,60.0,60.91999816894531,33381,-0.0016447121368073046,80.20861065941465,0.2279645598507583
2026-01-05,61.7599983215332,61.880001068115234,59.7599983215332,60.88999938964844,45681,0.016488796318615113,81.54211785511042,0.23572521492318207
2026-01-06,60.70000076293945,62.31999969482422,60.400001525878906,61.790000915527344,48263,-0.017312167904801525,80.1425963493133,0.23945959419676202
2026-01-07,59.959999084472656,60.90999984741211,59.45000076293945,60.61000061035156,71788,-0.012266052669043024,79.16556743547861,0.23928304626658442
2026-01-08,61.9900016784668,63.0099983215332,59.95000076293945,60.349998474121094,64136,0.03329545082481151,81.84579274740088,0.2615696219282298
2026-01-09,63.34000015258789,63.90999984741211,61.84000015258789,62.66999816894531,56568,0.0215439347292828,83.6282043029825,0.2702241699127745
2026-01-12,63.869998931884766,64.27999877929688,62.7599983215332,63.40999984741211,56900,0.0083327073307053,84.32796505588107,0.2711848839426742
2026-01-13,65.47000122070312,65.91000366210938,63.849998474121094,64.16999816894531,80180,0.024742290248000683,86.44045823510747,0.27602110516038725
2026-01-14,66.5199966430664,66.80999755859375,63.470001220703125,65.44000244140625,96568,0.015910562761470213,87.82677385694294,0.2785947065385999
2026-01-15,63.7599983215332,65.69000244140625,63.279998779296875,65.69000244140625,54944,-0.042376595702500956,84.18273055171669,0.3191930533807444
2026-01-16,64.12999725341797,64.7699966430664,63.45000076293945,63.79999923706055,35235,0.005786222175223866,84.67124249034953,0.3001537165371461
2026-01-20,64.91999816894531,65.12000274658203,63.2599983215332,63.560001373291016,78657,0.012243484109182858,85.71428571428555,0.2999490100884571
2026-01-21,65.23999786376953,65.41000366210938,63.630001068115234,64.01000213623047,52906,0.004917030567025608,86.13678334281703,0.2999015631204459
2026-01-22,64.05999755859375,65.37000274658203,63.560001373291016,65.13999938964844,49453,-0.018252638938862076,84.57882144889382,0.3085205603509017
2026-01-23,65.87999725341797,66.20999908447266,64.23999786376953,64.27999877929688,34015,0.028014757548990164,86.98177859987997,0.3103977629143277
2026-01-26,65.58999633789062,66.51000213623047,65.27999877929688,66.06999969482422,25795,-0.004411674146464803,86.59888855009551,0.31128418951625847
2026-01-27,67.56999969482422,67.77999877929688,65.0,65.7300033569336,34327,0.02974090357535081,89.21309955191641,0.3247139751796106
2026-01-28,68.4000015258789,68.69999694824219,67.12999725341797,67.7699966430664,23555,0.012208753889031485,90.30895623856114,0.3067927404007151
2026-01-29,70.70999908447266,71.87999725341797,68.61000061035156,68.66999816894531,26980,0.03321414573183764,93.35886067973718,0.31706773077106615
2026-01-30,70.69000244140625,70.91999816894531,69.11000061035156,70.16000366210938,85305,-0.00028283794885322443,93.33245898495186,0.31705719406384725
2026-02-02,66.30000305175781,68.80999755859375,65.45999908447266,68.72000122070312,80104,-0.0641142114983147,87.5363149217522,0.39319648801991686
2026-02-03,67.33000183105469,68.2699966430664,65.19000244140625,66.30000305175781,83736,0.01541598653107164,88.89622884880232,0.39450355491160705
2026-02-04,69.45999908447266,69.75,66.98999786376953,67.94000244140625,98236,0.031145104382869583,91.70847774435829,0.4031029803553422
2026-02-05,67.55000305175781,68.94000244140625,66.91999816894531,68.83000183105469,65248,-0.027882924551317922,89.1866978571311,0.41223171536416164
2026-02-06,68.05000305175781,68.81999969482422,66.58000183105469,67.41000366210938,79538,0.007374664359321896,89.84685103128265,0.40739779030918516
2026-02-09,69.04000091552734,69.44000244140625,67.02999877929688,67.51000213623047,51346,0.01444328609270671,91.15395149562411,0.39658948456749976
2026-02-10,68.80000305175781,69.5,68.48999786376953,69.1500015258789,45779,-0.0034822707397552475,90.83708079251001,0.39299722710857243
2026-02-11,69.4000015258789,70.72000122070312,69.01000213623047,69.11000061035156,49482,0.008683100203244299,91.62926258686426,0.3930484745893977
2026-02-12,67.5199966430664,69.83999633789062,67.08999633789062,69.63999938964844,48058,-0.027463088929404262,89.14708020524606,0.39980439329357237
2026-02-13,67.75,68.05000305175781,66.88999938964844,67.58999633789062,42167,0.0034006591897283015,89.45075509753651,0.3964449140570777
2026-02-17,67.41999816894531,69.02999877929688,66.83000183105469,68.05999755859375,74745,-0.004882777112820479,89.01505158504335,0.3649306476442496
2026-02-18,70.3499984741211,70.68000030517578,67.33999633789062,67.51000213623047,56115,0.042541079223587054,92.88354958849703,0.39023447285160895
2026-02-19,71.66000366210938,72.12999725341797,70.05000305175781,70.05000305175781,73081,0.01845000111018413,94.61315775450798,0.3923909759833566
2026-02-20,71.76000213623047,72.31999969482422,71.08000183105469,71.73999786376953,40579,0.0013944845388772942,94.74518637471068,0.39255654151187946
2026-02-23,71.48999786376953,72.4800033569336,70.73999786376953,71.23999786376953,28933,-0.003769697622406644,94.38869801971154,0.38509811615302725
2026-02-24,70.7699966430664,72.23999786376953,70.70999908447266,71.47000122070312,37988,-0.010122415243954897,93.43807583723121,0.3792785328910214
2026-02-25,70.8499984741211,71.76000213623047,70.44999694824219,71.22000122070312,18491,0.0011298099466601236,93.54370276264858,0.3783232823270701
2026-02-26,70.75,72.58999633789062,69.31999969482422,71.11000061035156,17725,-0.001412408076589853,93.41167414244588,0.3664835886708395
2026-02-27,72.4800033569336,72.98999786376953,70.44000244140625,70.5,79435,0.024158171526684702,95.69580855719101,0.37288149133831344
2026-03-02,77.73999786376953,82.11000061035156,75.79000091552734,77.0,143671,0.07005918989487765,102.64061269660604,0.4284959722855354
2026-03-03,81.4000015258789,85.05000305175781,77.37000274658203,78.05000305175781,229556,0.046005393809026095,107.47293876650173,0.45135937259125464
2026-03-04,81.4000015258789,84.44999694824219,80.30000305175781,81.9000015258789,152390,0.0,107.47293876650173,0.372305441317683
2026-03-05,85.41000366210938,86.27999877929688,81.5199966430664,82.43000030517578,146018,0.048087941080941526,112.7673700436759,0.3950553729675931
2026-03-06,92.69000244140625,94.55000305175781,83.16999816894531,84.83999633789062,197523,0.08179738539234233,122.37919864762054,0.46060151022186774
2026-03-09,98.95999908447266,119.4000015258789,83.87999725341797,98.36000061035156,235965,0.06545510060552413,130.65751501930038,0.46775951242725866
2026-03-10,87.80000305175781,95.08000183105469,81.16000366210938,92.44999694824219,144614,-0.1196541834336115,115.9229014102693,0.6686063541381639
2026-03-11,91.9800033569336,93.25,86.31999969482422,91.30000305175781,101940,0.04650966320898771,121.44178234910189,0.6791460631755296
2026-03-12,100.45999908447266,101.80000305175781,93.69999694824219,93.73999786376953,92219,0.08818843060042697,132.63797454175509,0.7228266951658711
2026-03-13,103.13999938964844,103.9000015258789,97.55000305175781,101.66000366210938,71698,0.026327653496566496,136.17639595813299,0.7225371502125763
2026-03-16,100.20999908447266,106.51000213623047,99.55999755859375,105.51000213623047,77839,-0.028819307770963223,132.3078979546793,0.7236472931448655
2026-03-17,103.41999816894531,104.9800033569336,100.76000213623047,101.37000274658203,65199,0.03153037432889072,136.54608012395576,0.7226639410228813
2026-03-18,107.37999725341797,111.86000061035156,100.33999633789062,103.44999694824219,73104,0.037575570153229904,141.77449205445956,0.7190972471489997
2026-03-19,108.6500015258789,119.12000274658203,103.75,109.66000366210938,87485,0.011757801330152412,143.4512867577618,0.716005902021972
2026-03-20,112.19000244140625,113.11000061035156,105.0999984741211,107.66999816894531,57217,0.03206216357180363,148.12517243953144,0.717019503108677
2026-03-23,99.94000244140625,115.0999984741211,96.25,114.9000015258789,113332,-0.11562385397344825,131.95141967281816,0.8586443092075189
2026-03-24,104.48999786376953,105.04000091552734,98.08999633789062,100.5,68614,0.04452132225688777,137.95880751371456,0.8610874442789069
2026-03-25,102.22000122070312,103.4000015258789,97.1500015258789,99.98999786376953,53714,-0.02196398731961208,134.9617165352472,0.8669302155914954
2026-03-26,108.01000213623047,109.05999755859375,102.77999877929688,103.08000183105469,28970,0.055096469926409014,142.60629150069886,0.8742091017700419
2026-03-27,112.56999969482422,114.80999755859375,105.25,106.22000122070312,18402,0.041351412447262884,148.62688522555692,0.873513773498949
2026-03-30,112.77999877929688,116.87000274658203,111.5,116.13999938964844,15053,0.0018637598995549294,148.90414834992401,0.8762665777779821
2026-03-31,118.3499984741211,119.2699966430664,111.0,114.7300033569336,69949,0.04820731551177678,156.25825430704688,0.864052930338349
2026-04-01,101.16000366210938,105.9000015258789,98.45999908447266,103.9000015258789,61629,-0.15694286506413338,133.5621950294501,1.0525737271224576
2026-04-02,109.02999877929688,109.70999908447266,99.0199966430664,100.30000305175781,0,0.07491960451933655,143.95299954378734,1.0750480214413323
2026-04-06,109.7699966430664,111.87000274658203,106.8499984741211,109.19999694824219,27863,0.006764174595442894,144.930023421053,1.0680053467638326
2026-04-07,109.2699966430664,111.80000305175781,104.56999969482422,109.58999633789062,65194,-0.004565384256506746,144.26987024690143,1.0383271537946226
2026-04-08,94.75,104.0,90.01000213623047,103.4000015258789,82140,-0.14258000889866096,125.09902650172083,1.1381566718815876
2026-04-09,95.91999816894531,99.5199966430664,94.33999633789062,96.52999877929688,54501,0.012272647667328674,126.64378251168233,1.0551503537025055
2026-04-10,95.19999694824219,98.25,94.23999786376953,96.37999725341797,35012,-0.007534581888824875,125.69316032920202,1.0444069489799297
2026-04-13,99.36000061035156,103.86000061035156,97.63999938964844,99.70999908447266,50559,0.04276971458695883,131.18563957324926,1.0082060000018023
2026-04-14,94.79000091552734,99.41000366210938,94.43000030517578,98.41999816894531,40991,-0.04708569620456788,125.15183996442951,1.0156165854962613
2026-04-15,94.93000030517578,96.88999938964844,91.0,95.5199966430664,41928,0.0014758529850220292,125.3366820473409,1.0117104312395382
2026-04-16,99.38999938964844,99.83999633789062,94.41999816894531,94.91000366210938,36540,0.045911717730486065,131.22524715199626,1.019019585118619
2026-04-17,90.37999725341797,98.97000122070312,86.08000183105469,98.25,85233,-0.09502852524507334,119.32928413330647,1.057127691884327
2026-04-20,95.4800033569336,97.80999755859375,92.7699966430664,96.20999908447266,46389,0.054893863035263606,126.06285456816283,1.077752342685281
2026-04-21,98.4800033569336,101.1500015258789,93.87000274658203,93.98999786376953,50039,0.03093667933453409,130.0237736130722,1.0772564429966132
2026-04-22,101.91000366210938,102.30999755859375,96.54000091552734,98.9000015258789,39837,0.03423659081167888,134.55242479067743,1.0083487365785313
2026-04-23,105.06999969482422,107.36000061035156,101.27999877929688,101.58000183105469,54489,0.030536685020842398,138.72458761328352,1.001874097127104
2026-04-24,105.33000183105469,107.45999908447266,103.4000015258789,106.27999877929688,52646,0.0024715044362468353,139.067870084321,0.9986138649271927
2026-04-27,108.2300033569336,109.79000091552734,105.8499984741211,106.5,29439,0.027160327091287843,142.89676050902762,0.9842825340735767
2026-04-28,111.26000213623047,112.69000244140625,107.91999816894531,108.30000305175781,23451,0.027611200523773624,146.897287132684,0.9781580206579819
2026-04-29,118.02999877929688,120.30000305175781,110.20999908447266,111.01000213623047,18031,0.05906899525117259,155.83575667851542,0.9997763042715201
2026-04-30,114.01000213623047,126.0999984741211,113.0,119.9800033569336,58572,-0.034652636515816855,150.5281295905176,0.9928775179184189
2026-05-01,108.16999816894531,112.43000030517578,106.2699966430664,111.01000213623047,58572,-0.05258213586821509,142.8175352783956,0.841686339796044
