Date,Close,High,Low,Open,Volume,log_return,cum_return,rolling_vol_21
2000-01-04,5672.02001953125,5925.06982421875,5657.2001953125,5922.22998046875,0,-0.042346794471735054,95.85373074867144,
2000-01-05,5479.7001953125,5589.5,5461.58984375,5521.830078125,0,-0.03449492818137848,92.60364125942112,
2000-01-06,5450.10986328125,5530.259765625,5388.85009765625,5485.93017578125,0,-0.0054146237065539815,92.1035824250869,
2000-01-07,5539.60986328125,5561.68994140625,5423.8798828125,5423.8798828125,0,0.016288309616869303,93.61607865614128,
2000-01-10,5646.1201171875,5717.43994140625,5616.97998046875,5625.81982421875,0,0.01904452785688694,95.41603795895524,
2000-01-11,5613.89990234375,5726.509765625,5571.990234375,5726.509765625,0,-0.005722956571683338,94.87153568504536,
2000-01-12,5582.5,5628.72998046875,5536.5,5541.22998046875,0,-0.005608943042101331,94.34089619956606,
2000-01-13,5633.240234375,5682.27001953125,5579.490234375,5586.25,0,0.009048101949871453,95.1983756772756,
2000-01-14,5787.43994140625,5804.16015625,5664.7099609375,5669.14013671875,0,0.02700523538164437,97.80425808749301,
2000-01-17,5842.77978515625,5857.35986328125,5740.18994140625,5834.75,0,0.009516632137796263,98.73946820033117,
2000-01-18,5672.9501953125,5859.43994140625,5670.27001953125,5859.43994140625,0,-0.029497375145992134,95.86945016055255,
2000-01-19,5649.4599609375,5668.06005859375,5590.18994140625,5664.919921875,0,-0.004149340600365227,95.47247931185119,
2000-01-20,5709.740234375,5727.81982421875,5660.25,5713.0400390625,0,0.010613571073742521,96.49117971834444,
2000-01-21,5681.31982421875,5738.16015625,5630.6298828125,5656.10009765625,0,-0.0049899603692170474,96.01089186084334,
2000-01-24,5690.85986328125,5777.68017578125,5680.60009765625,5687.35986328125,0,0.0016777858884683848,96.17211278962708,
2000-01-25,5597.5,5654.52001953125,5590.169921875,5601.18017578125,0,-0.01654128555735153,94.59438718801093,
2000-01-26,5646.31982421875,5687.43017578125,5618.9599609375,5636.60986328125,0,0.008683904896083653,95.41941288780534,
2000-01-27,5688.35009765625,5727.52978515625,5625.22998046875,5671.64013671875,0,0.007416266440805955,96.12969925835733,
2000-01-28,5731.0498046875,5813.27978515625,5696.08984375,5743.2001953125,0,0.0074784851050665666,96.85129865446785,
2000-01-31,5659.81005859375,5707.8798828125,5625.72021484375,5677.7900390625,0,-0.012508392833079246,95.6473897442101,
2000-02-01,5773.419921875,5798.47021484375,5700.8701171875,5700.8701171875,0,0.019874279269360848,97.56732818022682,0.28873707262080894
2000-02-02,5946.85986328125,5956.14013671875,5811.35986328125,5814.259765625,0,0.029598713806953354,100.49835899241953,0.26614526688921847
2000-02-03,6149.669921875,6149.669921875,5979.06005859375,6025.83984375,0,0.033535082962272554,103.92572714038566,0.25173565860176145
2000-02-04,6275.72021484375,6312.419921875,6192.85986328125,6197.39990234375,0,0.020289844567337602,106.05590136427992,0.25344464901769387
2000-02-07,6203.580078125,6336.68017578125,6203.580078125,6276.47021484375,0,-0.011561696348565395,104.83677639338764,0.25850372399403027
2000-02-08,6297.66015625,6396.39013671875,6232.9501953125,6252.31005859375,0,0.01505160328317474,106.42667319317943,0.25620619564186126
2000-02-09,6271.60009765625,6396.97021484375,6240.06982421875,6390.7900390625,0,-0.004146639564839478,105.98627385905537,0.2554163644890117
2000-02-10,6207.52001953125,6250.72021484375,6168.66015625,6212.56005859375,0,-0.010270057624983493,104.9033590361533,0.25841192085240544
2000-02-11,6287.009765625,6324.06005859375,6148.47021484375,6263.43994140625,0,0.012724099253794703,106.24668799005575,0.2594396100048461
2000-02-14,6268.31982421875,6270.60009765625,6191.759765625,6241.91015625,0,-0.0029772145888870157,105.9308392086526,0.24827963897632435
2000-02-15,6092.6298828125,6330.009765625,6076.85986328125,6286.009765625,0,-0.028428523349694944,102.96178474819315,0.27102635388208524
2000-02-16,6046.27001953125,6178.06982421875,5997.77001953125,6160.419921875,0,-0.007638268550255928,102.17833091037095,0.24868081038708667
2000-02-17,6154.9599609375,6222.8701171875,6027.22021484375,6040.0,0,0.017816698271995963,104.01512562244328,0.25230031746988807
2000-02-18,6062.72021484375,6184.0,6044.22021484375,6166.1201171875,0,-0.015099674785478034,102.4563293283627,0.2595312775744729
2000-02-21,5967.27978515625,5994.0400390625,5928.0400390625,5979.1298828125,0,-0.01586740351364758,100.84344340442355,0.26632141464095294
2000-02-22,5963.31005859375,6066.10986328125,5920.60986328125,5986.85009765625,0,-0.0006654703180630338,100.7763574104113,0.2665182897790542
2000-02-23,6031.25,6064.2099609375,5992.02001953125,6038.85986328125,0,0.011328580235034007,101.92450160387507,0.2591746255057005
2000-02-24,6078.77978515625,6177.58984375,6069.509765625,6106.31982421875,0,0.007849696500455253,102.72772641853041,0.2589826180293885
2000-02-25,6188.64013671875,6202.52978515625,6122.7099609375,6171.56982421875,0,0.017911392834774872,104.58430035909569,0.26348767210844287
2000-02-28,6102.72998046875,6229.60009765625,6031.68994140625,6181.0498046875,0,-0.01397916659452527,103.13247033074464,0.27032867320262893
2000-02-29,6190.9599609375,6264.25,6146.85009765625,6167.0400390625,0,0.014353948368993534,104.62350399471096,0.2669152354563045
2000-03-01,6256.31982421875,6283.60009765625,6184.509765625,6272.1298828125,0,0.010501967518541561,105.72804641789668,0.261940274092132
2000-03-02,6477.5498046875,6479.43017578125,6276.33984375,6319.22998046875,0,0.03475019756612132,109.46670017940751,0.2688438605501245
2000-03-03,6514.10986328125,6555.8701171875,6432.740234375,6448.33984375,0,0.005628250129405851,110.08454320544298,0.24678215980864351
2000-03-06,6545.97998046875,6590.35009765625,6529.3701171875,6554.9501953125,0,0.004880545360746317,110.62312903929055,0.23861376919705665
2000-03-07,6441.85009765625,6589.18017578125,6437.0400390625,6507.259765625,0,-0.01603533668629366,108.86339657790461,0.2422941486818791
2000-03-08,6344.97021484375,6439.06005859375,6333.4599609375,6366.830078125,0,-0.015153374220110817,107.22618476093369,0.24405709359079633
2000-03-09,6423.43017578125,6447.72998046875,6359.41015625,6429.33984375,0,0.01228986342672268,108.55211096435985,0.24686152617436483
2000-03-10,6510.27978515625,6561.33984375,6465.0498046875,6543.18994140625,0,0.01343016273754587,110.01981718612784,0.24671230161311236
2000-03-13,6336.93017578125,6483.81005859375,6254.3798828125,6477.47021484375,0,-0.026987981264375595,107.09031293099444,0.26330084262683234
2000-03-14,6350.35009765625,6376.81005859375,6271.58984375,6331.22021484375,0,0.0021154930908173974,107.3171015483909,0.2630744078910115
2000-03-15,6188.93994140625,6249.66015625,6144.06982421875,6242.7900390625,0,-0.025746126250727086,104.58936687820066,0.25948211994530684
2000-03-16,6258.52978515625,6335.89990234375,6216.97021484375,6217.6201171875,0,0.011181480303917522,105.76539343006144,0.2600085688778916
2000-03-17,6304.27978515625,6447.169921875,6281.77001953125,6439.830078125,0,0.007283434806660726,106.5385409448183,0.2542493715936993
2000-03-20,6352.509765625,6417.6298828125,6319.47998046875,6328.0400390625,0,0.007621239765640011,107.35359863959832,0.2480695241288964
2000-03-21,6320.8701171875,6334.6201171875,6253.72021484375,6320.1201171875,0,-0.0049930980471061944,106.81890758916698,0.2408319477182285
2000-03-22,6279.2900390625,6460.81005859375,6270.43994140625,6401.4501953125,0,-0.006599952467711334,106.11622924893223,0.24275936955648936
2000-03-23,6268.31005859375,6337.31982421875,6176.6201171875,6313.0498046875,0,-0.0017501328040265467,105.93067417545699,0.24095923777830747
2000-03-24,6364.259765625,6367.56982421875,6283.39013671875,6344.7900390625,0,0.015191137441927965,107.55216658054681,0.24458271793405015
2000-03-27,6450.85009765625,6459.6298828125,6369.009765625,6409.580078125,0,0.013513992586763302,109.01549117097153,0.24147481549539646
2000-03-28,6524.2998046875,6584.3701171875,6424.4599609375,6427.68017578125,0,0.011321717614913643,110.25674709339405,0.2362603550150902
2000-03-29,6505.47998046875,6567.9501953125,6486.5498046875,6496.4501953125,0,-0.0028887421915669586,109.9387033704894,0.23352041318388242
2000-03-30,6313.81982421875,6454.89990234375,6289.97998046875,6454.35986328125,0,-0.029904041821228453,106.69976187360201,0.2565791653081637
2000-03-31,6286.0498046875,6359.509765625,6166.81982421875,6241.75,0,-0.004407992354577097,106.230465226928,0.2244373174417086
2000-04-03,6130.27001953125,6382.27978515625,6083.080078125,6382.27978515625,0,-0.025094063615687813,103.59788044566218,0.23713852467705376
2000-04-04,6221.93994140625,6250.08984375,6138.0,6138.0,0,0.014842947968956162,105.14704705277936,0.24367393803926277
2000-04-05,6036.93994140625,6216.1298828125,5913.7099609375,6189.7001953125,0,-0.030184494462376477,102.02065819529263,0.2581373654947355
2000-04-06,6224.02001953125,6243.419921875,6093.2998046875,6148.740234375,0,0.030518752028830996,105.1821991234426,0.27889709522684714
2000-04-07,6308.0400390625,6347.75,6207.759765625,6342.2001953125,0,0.013409013050689977,106.60208697678488,0.2795909028256495
2000-04-10,6364.89990234375,6429.509765625,6350.77978515625,6393.7001953125,0,0.008973489196656732,107.56298450651849,0.2771356246766626
2000-04-11,6261.419921875,6316.7998046875,6201.509765625,6253.58984375,0,-0.01639152165205547,105.81423500429987,0.2668934690146261
2000-04-12,6238.7001953125,6325.77001953125,6190.9599609375,6303.5,0,-0.0036351253216708405,105.43028527473153,0.2669076035030541
2000-04-13,6264.33984375,6286.97021484375,6072.89013671875,6109.8701171875,0,0.004101352038856455,105.86357992978492,0.2513967818136636
2000-04-14,6065.7099609375,6254.4501953125,6050.18994140625,6225.58984375,0,-0.032221616456738565,102.50685424119628,0.2724099039730934
2000-04-17,6060.5400390625,6083.22998046875,5752.43994140625,5772.8701171875,0,-0.000852682764785531,102.41948566744452,0.2705598967979891
2000-04-18,6147.43994140625,6175.66015625,5986.14013671875,6163.91015625,0,0.014236813996573292,103.88804181016984,0.2744292703667926
2000-04-19,6166.4599609375,6237.97021484375,6120.080078125,6212.93017578125,0,0.0030891975422867603,104.20946871358431,0.2745844138031646
2000-04-20,6234.509765625,6258.77001953125,6163.419921875,6172.77978515625,0,0.010975026831517179,105.35946953049866,0.2769507281616552
2000-04-25,6320.2900390625,6325.0400390625,6162.08984375,6219.41015625,0,0.01366514952456245,106.80910461734821,0.2810797103209343
2000-04-26,6390.8701171875,6461.52001953125,6380.81982421875,6393.77001953125,0,0.011105328330815062,108.00186553524303,0.27871581229869835
2000-04-27,6247.85986328125,6403.18994140625,6184.7099609375,6403.18994140625,0,-0.022631444459735146,105.58507816054656,0.2850122324078756
2000-04-28,6419.72021484375,6456.6201171875,6306.1298828125,6378.14990234375,0,0.02713555327626376,108.48941485335064,0.2989171149794879
2000-05-02,6562.41015625,6565.56005859375,6478.47021484375,6489.0400390625,0,0.021983400838019397,110.90078913923138,0.30894435959136335
2000-05-03,6435.64990234375,6543.72021484375,6419.56005859375,6492.06005859375,0,-0.019505106474176623,108.75861700201683,0.297991770009193
2000-05-04,6491.740234375,6520.2998046875,6399.990234375,6520.2998046875,0,0.008677804788826324,109.70650991593702,0.2984966477653352
2000-05-05,6545.759765625,6575.169921875,6429.97998046875,6507.89990234375,0,0.008286840327389095,110.61940754072974,0.2829714138415067
2000-05-08,6514.419921875,6591.43994140625,6475.919921875,6563.830078125,0,-0.004799306694852174,110.08978300940339,0.28089382494967824
2000-05-09,6369.60986328125,6507.25,6352.919921875,6467.75,0,-0.02247994753926887,107.64258001675744,0.2707923564262907
2000-05-10,6263.33984375,6434.080078125,6255.52001953125,6363.39013671875,0,-0.016824657549854922,105.84668053055528,0.2585773006284315
2000-05-11,6380.1298828125,6389.0,6162.25,6204.10009765625,0,0.018474890751183973,107.82036202671983,0.26238081253066736
2000-05-12,6449.27001953125,6482.02978515625,6375.27001953125,6418.91015625,0,0.01077849417932153,108.98878879992313,0.2631849982059035
2000-05-15,6392.27001953125,6465.77978515625,6392.27001953125,6421.7900390625,0,-0.008877498208703653,108.02552304383262,0.2583047464985363
2000-05-16,6557.39013671875,6571.64990234375,6454.259765625,6461.0498046875,0,0.025503227854587654,110.81595382503211,0.2711410306313757
2000-05-17,6453.0498046875,6539.39990234375,6432.93994140625,6534.5400390625,0,-0.01603982179119175,109.05266489828094,0.2784024578403413
2000-05-18,6451.97021484375,6496.0,6418.22021484375,6423.10009765625,0,-0.0001673131610232862,109.03442047850713,0.250336636211758
2000-05-19,6196.0498046875,6428.22021484375,6186.759765625,6425.27001953125,0,-0.04047358310770886,104.70951929625882,0.2920491811978448
2000-05-22,6094.169921875,6249.18017578125,6029.81005859375,6184.0400390625,0,-0.016579397076136575,102.98781048313963,0.2940242464963832
2000-05-23,6148.56005859375,6206.43994140625,6084.2001953125,6153.9599609375,0,0.008885353943871136,103.90697111770547,0.2955759706705389
2000-05-24,6027.10009765625,6082.6298828125,6003.89990234375,6003.89990234375,0,-0.01995193502132441,101.85437074740398,0.30030235014968043
2000-05-25,6129.66015625,6179.52978515625,6109.10986328125,6136.31982421875,0,0.016873326405328754,103.58757412259688,0.3025558430717739
2000-05-26,6129.14990234375,6166.4501953125,6017.7900390625,6052.22998046875,0,-8.324689004987183e-05,103.57895113812665,0.29916531787019923
2000-05-29,6205.1298828125,6237.02001953125,6181.830078125,6185.990234375,0,0.012320288313559148,104.86296716152965,0.29322303068912114
2000-05-30,6325.490234375,6335.68994140625,6200.740234375,6247.22021484375,0,0.01921118862349404,106.89698479400636,0.2850425005117526
2000-05-31,6426.259765625,6443.68017578125,6337.31005859375,6380.2099609375,0,0.015805145011299062,108.59992933278559,0.2795979383718966
2000-06-01,6599.7099609375,6603.240234375,6427.35009765625,6428.4599609375,0,0.02663301872185031,111.5311334298337,0.2867093848466911
2000-06-02,6673.52001953125,6780.66015625,6556.14990234375,6565.35009765625,0,0.011121757028149515,112.77847907717393,0.2876361690974599
2000-06-05,6656.259765625,6684.080078125,6595.080078125,6678.77001953125,0,-0.0025897297376332976,112.48679115560695,0.2867808888520658
2000-06-06,6589.77001953125,6697.31005859375,6571.580078125,6612.56982421875,0,-0.0100392805412548,111.36315439169007,0.2886377729979015
2000-06-07,6498.5,6561.60986328125,6456.56005859375,6551.56982421875,0,-0.013947068464011598,109.82074589393281,0.28148516323327066
2000-06-08,6523.66015625,6602.9501953125,6462.39990234375,6533.669921875,0,0.0038642110457847664,110.24593741908213,0.27404597714520007
2000-06-09,6549.0498046875,6589.85009765625,6505.580078125,6523.4599609375,0,0.003884379051850509,110.67500722432813,0.2675367561198381
2000-06-13,6532.83984375,6596.669921875,6466.0400390625,6510.81982421875,0,-0.00247823054152264,110.40106862294815,0.26551787340365834
2000-06-14,6608.10009765625,6629.89013671875,6499.509765625,6570.9501953125,0,0.011454443458730333,111.67292169983529,0.2657023770335001
2000-06-15,6512.97998046875,6622.22998046875,6506.10986328125,6597.72998046875,0,-0.014499078275132485,110.06544886471188,0.25629133112642516
2000-06-16,6456.259765625,6644.169921875,6456.259765625,6644.169921875,0,-0.00874693930984404,109.10691130967535,0.25186334095471236
2000-06-19,6505.16015625,6522.009765625,6436.2001953125,6436.47021484375,0,0.007545565676259933,109.93329853333347,0.2532032423654428
2000-06-20,6554.919921875,6591.6298828125,6535.68017578125,6569.52001953125,0,0.007620168652924043,110.77420867820456,0.20577097018753493
2000-06-21,6490.759765625,6573.490234375,6460.85986328125,6537.41015625,0,-0.009836309811882427,109.68994058309858,0.19903381805253872
2000-06-22,6474.8798828125,6549.2001953125,6457.93017578125,6513.6201171875,0,-0.002449534490131265,109.42158010372995,0.1986851001286097
2000-06-23,6545.35009765625,6549.1201171875,6417.89013671875,6438.9501953125,0,0.010824832291305576,110.61248439817423,0.18291591012280076
2000-06-26,6586.259765625,6611.330078125,6524.97998046875,6548.669921875,0,0.006230736481581567,111.3038332095309,0.17704679896512726
2000-06-27,6568.08984375,6634.60986328125,6515.72998046875,6630.580078125,0,-0.0027625742009838024,110.99677244579358,0.17795599194626857
2000-06-28,6607.9599609375,6613.0400390625,6510.18017578125,6551.33984375,0,0.00605192595171361,111.6705534734784,0.17525402584644445
2000-06-29,6400.81982421875,6631.02001953125,6400.81982421875,6618.080078125,0,-0.03184889732414227,108.1700096065823,0.20281564212727307
2000-06-30,6446.5400390625,6496.5,6391.64013671875,6430.259765625,0,0.007117479130336472,108.94265377009256,0.19673104192226828
2000-07-03,6508.47021484375,6508.47021484375,6413.6298828125,6462.02978515625,0,0.009560879740275934,109.98923653498281,0.17551964895187483
2000-07-04,6494.77001953125,6504.14990234375,6459.2900390625,6501.419921875,0,-0.002107197919127493,109.75771146487257,0.1702308938266698
2000-07-05,6462.7001953125,6572.66015625,6430.58984375,6502.97998046875,0,-0.0049500232946973225,109.21575070217496,0.1706532906838202
2000-07-06,6453.97021484375,6465.77001953125,6393.1201171875,6434.2099609375,0,-0.0013517387253559046,109.06821927696643,0.16774389621975344
2000-07-07,6565.97021484375,6568.14990234375,6445.7099609375,6471.97998046875,0,0.017204804170531267,110.96095199068814,0.1720838929594719
2000-07-10,6487.419921875,6587.85009765625,6471.89990234375,6471.89990234375,0,-0.012035377831094662,109.63349923020263,0.1769045721170445
2000-07-11,6490.35009765625,6518.22021484375,6422.72021484375,6518.22021484375,0,0.0004515684630923109,109.68301744054305,0.1762885840203371
2000-07-12,6536.509765625,6556.41015625,6489.81005859375,6506.1201171875,0,0.007086874603064381,110.4630880978554,0.17799311412526606
2000-07-13,6570.35986328125,6588.10986328125,6491.5400390625,6547.22021484375,0,0.005165256674448788,111.0351344121113,0.17419829906849257
2000-07-17,6619.25,6631.47998046875,6582.68017578125,6605.31982421875,0,0.007413465771923684,111.86134835091401,0.16808103646004607
2000-07-18,6514.5400390625,6625.02001953125,6514.5400390625,6625.02001953125,0,-0.01594546269231537,110.0918129177093,0.1749273800422605
2000-07-19,6495.10986328125,6558.080078125,6485.77978515625,6542.7998046875,0,-0.0029870427527447065,109.76345462007953,0.17332524934222615
2000-07-20,6563.77001953125,6567.02978515625,6484.2900390625,6498.77001953125,0,0.010515570945208857,110.92377001171899,0.17522446598321154
2000-07-21,6464.1201171875,6577.77978515625,6450.7998046875,6544.7099609375,0,-0.015298232447731746,109.2397465288155,0.18006754866017588
2000-07-24,6502.56982421875,6539.97998046875,6444.2998046875,6474.31982421875,0,0.005930552808662925,109.88952347819998,0.18108313496762585
2000-07-25,6463.91015625,6576.60986328125,6458.72998046875,6576.60986328125,0,-0.00596303431328164,109.23619831511004,0.1779875524223744
2000-07-26,6493.0,6539.740234375,6466.5498046875,6539.740234375,0,0.00449025149913638,109.72779919816966,0.17724697111432813
2000-07-27,6511.52978515625,6582.47998046875,6464.93994140625,6512.52978515625,0,0.002849745127655952,110.04094143516492,0.1774818261737138
2000-07-28,6415.72021484375,6535.68994140625,6396.1298828125,6507.64990234375,0,-0.014823156452756957,108.42181725643198,0.18256163368897846
2000-07-31,6542.490234375,6542.490234375,6374.52001953125,6412.52001953125,0,0.019566600575551825,110.56415442684214,0.16002276326687073
2000-08-01,6532.2900390625,6569.22021484375,6508.1298828125,6524.669921875,0,-0.0015602858585058554,110.39177725403569,0.15868977938766418
2000-08-02,6529.91015625,6573.22021484375,6473.759765625,6539.39990234375,0,-0.0003643923386946448,110.35155866426744,0.1553403504470946
2000-08-03,6354.93017578125,6486.60009765625,6354.93017578125,6465.009765625,0,-0.027162267287095893,107.39450211712828,0.18191492833112566
2000-08-04,6461.35009765625,6479.02978515625,6391.4599609375,6424.10009765625,0,0.016607372111158293,109.19293486288294,0.1911640260068821
2000-08-07,6519.0400390625,6536.9501953125,6447.9501953125,6462.22021484375,0,0.008888842422393982,110.16786021424274,0.1935351468021087
2000-08-08,6532.43994140625,6573.27978515625,6492.009765625,6519.0400390625,0,0.0020533927297296927,110.39431051358821,0.18391293221398206
2000-08-09,6570.18017578125,6619.240234375,6553.72998046875,6555.02978515625,0,0.005760731580112475,111.0320978013122,0.17982299573117766
2000-08-10,6562.5400390625,6611.14013671875,6539.97021484375,6565.31982421875,0,-0.0011635270462925717,110.90298408073286,0.17992721138572712
2000-08-11,6553.0,6580.759765625,6513.77001953125,6570.419921875,0,-0.0014547690322463378,110.74176315194914,0.17842995664574637
2000-08-14,6609.35986328125,6625.68994140625,6554.7900390625,6613.3701171875,0,0.008563845437498616,111.69421098206793,0.18002209321189114
2000-08-15,6636.60986328125,6676.66015625,6604.68017578125,6645.669921875,0,0.004114464853090413,112.15471961107613,0.17873350761127937
2000-08-16,6684.080078125,6710.58984375,6646.41015625,6666.89990234375,0,0.007127320882701961,112.9569377232383,0.1702649455503257
2000-08-17,6635.33984375,6712.2998046875,6601.1298828125,6712.2900390625,0,-0.007318704901352072,112.13325704398807,0.17226409176102742
2000-08-18,6594.35009765625,6649.669921875,6587.89990234375,6640.4599609375,0,-0.00619664972303388,111.44055496042746,0.17037094813732434
2000-08-21,6571.6298828125,6615.33984375,6529.580078125,6559.52001953125,0,-0.003451355300672275,111.05659697919934,0.1614843927718405
2000-08-22,6513.7099609375,6605.39013671875,6513.7099609375,6599.08984375,0,-0.00885270093600851,110.0777850960831,0.16365514744655466
2000-08-23,6501.7001953125,6552.56005859375,6449.64990234375,6539.509765625,0,-0.0018454691614556624,109.8748272721316,0.1623553554497313
2000-08-24,6461.93017578125,6523.14990234375,6454.52978515625,6513.3798828125,0,-0.00613564922148114,109.20273783470171,0.16305257316305274
2000-08-25,6595.10986328125,6602.2900390625,6485.0498046875,6485.0498046875,0,0.020400382615713027,111.45339454304532,0.17788713977901596
2000-08-28,6615.02001953125,6639.4599609375,6570.66015625,6598.81982421875,0,0.003014379344144159,111.78986422223893,0.1688960328490284
2000-08-29,6633.990234375,6642.8701171875,6561.7001953125,6608.8798828125,0,0.0028636445204443736,112.11044945635584,0.15572743003314382
2000-08-30,6634.6201171875,6698.0400390625,6588.3798828125,6627.27978515625,0,9.494329794658149e-05,112.12109409747217,0.1555353367730019
2000-08-31,6625.419921875,6668.6298828125,6562.43017578125,6636.240234375,0,-0.0013876574673555425,111.96561632389542,0.15566723715573116
2000-09-01,6813.66015625,6843.85986328125,6648.64013671875,6648.64013671875,0,0.028015689357873772,115.14676319568294,0.14844999571650289
2000-09-04,6922.330078125,6944.77001953125,6822.7099609375,6823.169921875,0,0.01582298578994074,116.9832195897043,0.14758766496180925
2000-09-05,6856.759765625,6929.0498046875,6838.7001953125,6929.0498046875,0,-0.009517436666445217,115.87512070115338,0.15246891708935537
2000-09-06,6796.7900390625,6873.35986328125,6795.02978515625,6836.27978515625,0,-0.008784545128022557,114.86166835028027,0.15732885378685302
2000-09-07,6834.4599609375,6848.25,6769.27978515625,6780.72021484375,0,0.005527008567734004,115.4982673989959,0.15725845035605313
2000-09-08,6703.35986328125,6845.47998046875,6693.0400390625,6814.0400390625,0,-0.019368583385299704,113.28275450965579,0.17350107584120592
2000-09-11,6675.009765625,6735.580078125,6650.72998046875,6722.93017578125,0,-0.004238205533096532,112.80365489116302,0.17426574383311766
2000-09-12,6697.7998046875,6714.1201171875,6621.02001953125,6638.83984375,0,0.0034084178056852767,113.18879285973973,0.17230505063390114
2000-09-13,6568.89013671875,6728.68994140625,6564.60009765625,6696.5400390625,0,-0.019434195841633094,111.01029691617316,0.18514181195110932
2000-09-14,6637.91015625,6683.43994140625,6591.0400390625,6605.72998046875,0,0.01045228917993425,112.17669378107055,0.18721183348197745
2000-09-15,6614.64990234375,6632.580078125,6570.490234375,6620.5,0,-0.0035103070936188,111.78360946412562,0.18588062409582992
2000-09-18,6522.3798828125,6584.169921875,6470.91015625,6562.14013671875,0,-0.01404754931165644,110.22430156713867,0.19101776215325192
2000-09-19,6529.9501953125,6535.39013671875,6468.33984375,6482.759765625,0,0.0011599941625080312,110.35223530036944,0.19079469917727393
2000-09-20,6405.43017578125,6570.31005859375,6396.18017578125,6570.31005859375,0,-0.01925322061292423,108.24792177822604,0.19985367137858062
2000-09-21,6254.77001953125,6447.39990234375,6215.89013671875,6414.31982421875,0,-0.023801719806615565,105.70185564975463,0.2151879210976582
2000-09-22,6258.580078125,6259.56005859375,6085.39990234375,6110.60986328125,0,0.0006089590208468404,105.7662433510188,0.21476092312434866
2000-09-25,6336.27978515625,6346.60986328125,6276.27001953125,6344.18017578125,0,0.012338476745209784,107.07932172016737,0.20602987896255115
2000-09-26,6294.06005859375,6349.1201171875,6276.93017578125,6296.919921875,0,-0.006685470753344996,106.36583370562067,0.20585070663350027
2000-09-27,6319.7900390625,6372.14013671875,6233.97998046875,6258.91015625,0,0.004079645144973013,106.80065491773338,0.20628277703692174
2000-09-28,6311.02978515625,6371.240234375,6253.8701171875,6358.6201171875,0,-0.0013871237865487706,106.6526118896185,0.20612885216097163
2000-09-29,6266.6298828125,6367.25,6249.2900390625,6290.509765625,0,-0.007060150766435625,105.90228021415362,0.2067201590084204
2000-10-02,6349.240234375,6384.240234375,6150.490234375,6150.490234375,0,0.013096446229666575,107.29834552571072,0.18405042223669937
2000-10-03,6400.43017578125,6434.5,6304.7001953125,6315.39013671875,0,0.00803004545635126,108.16342478207773,0.1756012567221242
2000-10-04,6296.1298828125,6389.2099609375,6284.60986328125,6366.56005859375,0,-0.01643006275281598,106.40081249142852,0.18004693935989471
2000-10-05,6335.1201171875,6369.830078125,6304.81005859375,6317.89013671875,0,0.0061736341555458625,107.05972402818958,0.18254227538250825
2000-10-06,6258.41015625,6356.39013671875,6229.25,6323.27978515625,0,-0.012182590269003467,105.76337177341529,0.1819993675366603
2000-10-09,6110.06005859375,6227.6298828125,6082.7900390625,6220.080078125,0,-0.023989581514075656,103.25634424736356,0.18747588292738077
2000-10-10,6143.2998046875,6184.68994140625,6114.75,6166.7099609375,0,0.0054254225778883735,103.8180759868943,0.19055286212164996
2000-10-11,5956.1201171875,6096.22021484375,5947.64013671875,6062.56982421875,0,-0.030942743226053268,100.65485172014917,0.2099957004649575
2000-10-12,5990.7001953125,6076.66015625,5848.419921875,6025.009765625,0,0.005789017293827375,101.2392342657763,0.20720060185041933
2000-10-13,6064.2099609375,6064.2099609375,5828.14013671875,5862.509765625,0,0.012195972567887606,102.48150514235176,0.20885556063851396
2000-10-16,6088.0400390625,6158.33984375,6044.0400390625,6158.33984375,0,0.003921925350479977,102.8842191462601,0.2107895493844322
2000-10-17,6067.14990234375,6151.64990234375,6067.14990234375,6097.18994140625,0,-0.0034372407814065474,102.53118838588779,0.2075654916860607
2000-10-18,5937.35009765625,6012.43017578125,5833.6298828125,5998.35986328125,0,-0.021626034143366595,100.3376496665421,0.2160312467436765
2000-10-19,6066.47998046875,6071.22021484375,5964.77001953125,6012.56005859375,0,0.021515610159422653,102.51986710866949,0.22691126280366639
2000-10-20,6149.43994140625,6183.4599609375,6051.509765625,6108.58984375,0,0.013582478742666094,103.92184060862914,0.21971681548975908
2000-10-23,6182.33984375,6203.509765625,6120.08984375,6123.18994140625,0,0.005335804072748775,104.47782919295294,0.22070900779592614
2000-10-24,6323.740234375,6323.740234375,6150.85009765625,6194.06005859375,0,0.02261402703892397,106.8674108453544,0.2309233924780867
2000-10-25,6277.89990234375,6301.259765625,6188.39013671875,6246.14013671875,0,-0.007275328247645836,106.09273677353823,0.23114446080144416
2000-10-26,6208.419921875,6297.18994140625,6186.31982421875,6199.93994140625,0,-0.011129091449741465,104.918566845128,0.2336513331733299
2000-10-27,6268.93017578125,6319.740234375,6225.91015625,6274.7900390625,0,0.009699291566466322,105.94115378337767,0.23646744236613956
2000-10-30,6296.83984375,6296.83984375,6230.91015625,6232.0,0,0.0044421812305042935,106.4128104047488,0.2356913926642615
2000-10-31,6397.66015625,6400.1298828125,6320.759765625,6347.0498046875,0,0.015884427486626176,108.11661311614516,0.23779767838799773
2000-11-01,6409.0498046875,6434.89990234375,6346.75,6434.89990234375,0,0.0017787006147711542,108.30909133217592,0.23623859612101486
2000-11-02,6400.31005859375,6441.2900390625,6383.06982421875,6419.47021484375,0,-0.0013645876988736057,108.16139487377181,0.2286269743428653
2000-11-03,6398.919921875,6444.97998046875,6371.759765625,6428.22021484375,0,-0.000217221930747038,108.13790239837783,0.22779817256055418
2000-11-06,6352.240234375,6459.5,6348.56005859375,6459.5,0,-0.007321670413842891,107.34904372339966,0.22499953570665446
2000-11-07,6386.06982421875,6395.490234375,6329.91015625,6393.6201171875,0,0.005311484682206761,107.92074346794477,0.2066169916443335
2000-11-08,6336.02978515625,6452.97021484375,6332.39990234375,6423.60009765625,0,-0.007866672743875137,107.0750968703599,0.20904106612729834
2000-11-09,6271.14990234375,6330.60009765625,6236.81982421875,6292.27001953125,0,-0.010292620108586429,105.97866582873803,0.1787393372420743
2000-11-10,6147.490234375,6305.669921875,6137.58984375,6261.7001953125,0,-0.01991582877786179,103.88889173112716,0.19420741797796232
2000-11-13,6037.72998046875,6132.64013671875,5996.72021484375,6104.990234375,0,-0.01801579629837712,102.03400938081681,0.20080074755249464
2000-11-14,6225.97998046875,6240.330078125,6072.52978515625,6081.9599609375,0,0.03070274628551804,105.21532128579996,0.22740919349999592
2000-11-15,6301.77978515625,6312.77978515625,6197.0498046875,6223.0,0,0.012101242538823954,106.49629244674412,0.22988822051176033
2000-11-16,6283.06005859375,6290.68017578125,6220.6201171875,6290.3701171875,0,-0.0029749668015457242,106.1799403140944,0.21449787960260325
2000-11-17,6161.919921875,6272.89990234375,6161.919921875,6221.7900390625,0,-0.019468727665382983,104.1327447809489,0.21616629406893875
2000-11-20,6021.7900390625,6195.41015625,6005.89990234375,6178.56982421875,0,-0.02300384081087746,101.76463394729525,0.22572813755724827
2000-11-21,6081.02001953125,6116.81982421875,6013.2900390625,6021.2900390625,0,0.00978788447429276,102.7655850336015,0.22781955079558738
2000-11-22,5944.7001953125,6049.60009765625,5937.3701171875,6043.14013671875,0,-0.022672349126372438,100.46186190121205,0.22317374136099338
2000-11-23,6053.0400390625,6055.2099609375,5933.080078125,5949.759765625,0,0.018060532483721838,102.29274017322207,0.23397348148135108
2000-11-24,6145.64990234375,6162.8798828125,5989.1298828125,6047.52978515625,0,0.015183866953718705,103.85779122541597,0.23837830228468537
2000-11-27,6171.330078125,6254.169921875,6167.4501953125,6198.669921875,0,0.004169887916106268,104.2917707682311,0.23616132343465338
2000-11-28,6069.22021484375,6172.77001953125,6055.0400390625,6145.18994140625,0,-0.016684255114666296,102.56617542335546,0.24158917249769563
2000-11-29,6060.64990234375,6091.580078125,5978.9599609375,6013.3798828125,0,-0.0014130924475403298,102.42134229089505,0.23295400649451592
2000-11-30,5928.080078125,6015.85986328125,5893.5400390625,5992.64013671875,0,-0.02211664258392903,100.1809919056168,0.24186076004121698
2000-12-01,5928.5,6023.10986328125,5915.330078125,5942.35986328125,0,7.083355780652863e-05,100.18808833302771,0.24208751617248433
2000-12-04,5791.509765625,5933.31005859375,5763.18017578125,5933.31005859375,0,-0.0233782183275433,97.87303567176015,0.25108177946125976
2000-12-05,5994.89013671875,5994.89013671875,5836.830078125,5836.830078125,0,0.03451445090472256,101.31004175834943,0.2851898739843698
2000-12-06,5985.240234375,6108.5400390625,5967.22021484375,6084.52978515625,0,-0.0016109848777679737,101.1469642061152,0.28372657416776714
2000-12-07,5984.68994140625,6020.7001953125,5900.85986328125,5917.31982421875,0,-9.194589459698334e-05,101.137664585543,0.28335425800207126
2000-12-08,5939.31982421875,6102.580078125,5937.1298828125,6003.14013671875,0,-0.007609912610038046,100.37093686209508,0.28260188439762335
2000-12-11,6077.8798828125,6090.08984375,6005.6201171875,6005.6201171875,0,0.023061312571327687,102.71251860955566,0.288552716430388
2000-12-12,6047.66015625,6103.759765625,6026.72021484375,6071.75,0,-0.004984485479869303,102.20182338576487,0.28206797278122553
2000-12-13,5962.2900390625,6126.41015625,5942.47998046875,6096.60986328125,0,-0.014216804182199283,100.7591196931306,0.2628867535459343
2000-12-14,5905.64990234375,5938.7998046875,5845.89990234375,5919.1298828125,0,-0.00954513875810611,99.80193541029804,0.258857131568962
2000-12-15,5839.5400390625,5884.60009765625,5818.56982421875,5854.68017578125,0,-0.011257469958051188,98.6847184376901,0.26039562068763156
2000-12-18,5887.490234375,5937.8701171875,5832.7001953125,5832.7001953125,0,0.008177767332410865,99.49504793141611,0.25659844176777163
2000-12-19,5958.85986328125,5972.419921875,5848.7900390625,5848.7900390625,0,0.01204936403399155,100.70115178317536,0.24936644958115844
2000-12-20,5766.2998046875,5902.080078125,5748.8701171875,5867.60986328125,0,-0.032848571542584484,97.44700247731323,0.27008157542278904
2000-12-21,5758.919921875,5810.27001953125,5673.8701171875,5705.0,0,-0.0012806495661188083,97.3222868913967,0.2599566628998128
2000-12-22,5783.72998046875,5805.2099609375,5735.43017578125,5772.68017578125,0,0.004298856330474682,97.74156197648371,0.25112240103579914
2000-12-27,5857.14990234375,5874.08984375,5769.240234375,5769.240234375,0,0.012614320595407789,98.98231454765963,0.24903446152914435
2000-12-28,5920.60009765625,5924.93017578125,5877.89990234375,5880.91015625,0,0.010774691118432914,100.05458472944535,0.25222364335173747
2000-12-29,5926.419921875,5981.39990234375,5895.3701171875,5931.68017578125,0,0.000982495965620208,100.15293626236445,0.2466040898109884
2001-01-02,5798.89990234375,5956.14990234375,5774.64013671875,5956.14990234375,0,-0.021752080018836085,97.99792454253206,0.2567504990470151
2001-01-03,5684.0498046875,5767.64990234375,5631.31982421875,5767.64990234375,0,-0.02000425509590707,96.05702689067387,0.25477236790365654
2001-01-04,5815.990234375,5890.330078125,5764.8798828125,5890.330078125,0,0.022947088676592703,98.28674088649556,0.2690420662648981
2001-01-05,5758.02001953125,5862.0400390625,5733.47998046875,5799.18017578125,0,-0.010017392129116984,97.30707908242199,0.25876956950658897
2001-01-08,5732.7998046875,5757.5,5695.18994140625,5715.7998046875,0,-0.004389635504984735,96.88087260311971,0.22586700396360446
2001-01-09,5663.18994140625,5792.56005859375,5627.85986328125,5778.77978515625,0,-0.01221670615551478,95.70450773320795,0.22853293719263557
2001-01-10,5653.35009765625,5686.240234375,5603.919921875,5672.0400390625,0,-0.0017390202651751425,95.53822028531924,0.22837328219505376
2001-01-11,5702.77978515625,5702.93017578125,5631.89013671875,5663.02978515625,0,0.00870543049027886,96.37355230817899,0.23094363692350234
2001-01-12,5834.33984375,5841.81982421875,5738.5,5738.669921875,0,0.022807384451263228,98.59683826103196,0.23059875168205757
2001-01-15,5833.3798828125,5853.8798828125,5795.8798828125,5811.330078125,0,-0.00016454987986735652,98.58061549790428,0.2304032781694091
2001-01-16,5761.669921875,5838.41015625,5749.06982421875,5820.39013671875,0,-0.012369222458056522,97.36876023927829,0.229226293850585
2001-01-17,5884.08984375,5908.0400390625,5806.91015625,5806.91015625,0,0.02102472210257621,99.43758337270746,0.24012763476999688
2001-01-18,5860.16015625,5919.3798828125,5837.509765625,5868.14013671875,0,-0.004075138151212347,99.033186030204,0.23722202940628456
2001-01-19,5845.72998046875,5962.7998046875,5840.009765625,5915.97021484375,0,-0.0024654567781125093,98.78932472872252,0.23555317151568256
2001-01-22,5882.759765625,5901.25,5805.6201171875,5844.97021484375,0,0.006314522841243525,99.41510585146645,0.2325717535243338
2001-01-23,5839.72998046875,5850.830078125,5803.7998046875,5816.52978515625,0,-0.007341440146567729,98.68792833334456,0.2029187203651385
2001-01-24,5900.31982421875,5925.1298828125,5862.72998046875,5898.39013671875,0,0.010321997387099829,99.71186029213843,0.2055257544929832
2001-01-25,5934.68017578125,5959.81005859375,5850.93994140625,5860.5400390625,0,0.005806581851238791,100.29252959086452,0.20588239725845875
2001-01-26,5925.6201171875,5935.2001953125,5828.22021484375,5828.22021484375,0,-0.0015277961151496868,100.13942004364465,0.20181496806676413
2001-01-29,5887.89990234375,5935.47998046875,5873.77001953125,5930.2001953125,0,-0.006385961672516852,99.50197107397165,0.1996070460000461
2001-01-30,5917.14990234375,5948.06005859375,5860.22021484375,5896.259765625,0,0.004955516552992406,99.99627850143912,0.2003925255474761
2001-01-31,5998.490234375,5999.18017578125,5914.27001953125,5933.259765625,0,0.01365291240658231,101.37088124590817,0.18936341252086475
2001-02-01,5899.72021484375,5970.2998046875,5870.509765625,5936.31005859375,0,-0.016602881386022214,99.70172725392845,0.18478245524419448
2001-02-02,5826.3701171875,5933.8798828125,5823.7998046875,5920.89013671875,0,-0.012510743529791351,98.46215467010107,0.17410384581989402
2001-02-05,5823.490234375,5838.9599609375,5784.77978515625,5795.72998046875,0,-0.0004944064193484407,98.41348638071801,0.17022353910726257
2001-02-06,5852.35009765625,5859.35009765625,5800.7001953125,5831.97021484375,0,0.0049435280433380024,98.9012007320212,0.1698890783848617
2001-02-07,5752.14013671875,5813.10009765625,5744.68017578125,5813.10009765625,0,-0.017271323417428708,97.20771259534993,0.1756422405754124
2001-02-08,5773.4599609375,5816.1298828125,5752.740234375,5771.22998046875,0,0.0036995641623409612,97.56800481632874,0.1756846269481281
2001-02-09,5712.35986328125,5772.7900390625,5701.64013671875,5764.68017578125,0,-0.010639323085924279,96.53544987306468,0.17776377091415732
2001-02-12,5759.47998046875,5777.8798828125,5700.31005859375,5700.31005859375,0,0.008214965136075074,97.33175154516451,0.16061655757739907
2001-02-13,5739.02978515625,5791.240234375,5720.4501953125,5789.580078125,0,-0.0035570203950473626,96.98615553025408,0.1609263188274903
2001-02-14,5644.22998046875,5703.89013671875,5630.740234375,5701.72998046875,0,-0.016656388128421535,95.38409578394642,0.1654396448615086
2001-02-15,5704.52978515625,5709.27001953125,5628.9501953125,5665.0400390625,0,0.010626777444429757,96.40312625683087,0.15133293092481143
2001-02-16,5595.1298828125,5662.18994140625,5583.080078125,5651.490234375,0,-0.01936400280386747,94.55433363143825,0.16342620733587418
2001-02-19,5584.75,5610.31005859375,5570.56982421875,5570.56982421875,0,-0.0018568868187874674,94.37891984783275,0.1634275288818083
2001-02-20,5548.740234375,5640.419921875,5515.5,5592.72021484375,0,-0.006468751565798182,93.77037644236945,0.16104269351075207
2001-02-21,5474.3701171875,5538.7900390625,5433.2998046875,5516.85009765625,0,-0.013493695200998366,92.51356614126144,0.1646073781359523
2001-02-22,5452.47998046875,5509.8798828125,5410.33984375,5436.990234375,0,-0.0040066745324477075,92.14363598165949,0.1572302173144401
2001-02-23,5322.83984375,5466.490234375,5302.7900390625,5455.77978515625,0,-0.02406358131625568,89.95279555506188,0.1680115645906787
2001-02-26,5415.10009765625,5429.7900390625,5341.919921875,5372.97998046875,0,0.017184399390786174,91.51193841885322,0.1848037219316637
2001-02-27,5437.759765625,5451.08984375,5380.0498046875,5440.0498046875,0,0.004175802725033094,91.89487319426861,0.18690431431028465
2001-02-28,5367.47998046875,5443.72998046875,5339.77978515625,5391.43994140625,0,-0.01300864726665325,90.70718704713855,0.18667601380177462
2001-03-01,5341.33984375,5348.35009765625,5260.02001953125,5334.22998046875,0,-0.0048819924260847716,90.26543444081054,0.17442748158332638
2001-03-02,5291.919921875,5365.7900390625,5259.93994140625,5329.0498046875,0,-0.009295414352080734,89.4302674511464,0.17036965319484512
2001-03-05,5368.830078125,5373.0,5274.830078125,5325.02978515625,0,0.014428908021329618,90.73000288643053,0.18098688032358834
2001-03-06,5457.27978515625,5468.66015625,5382.990234375,5401.25,0,0.016340435524481615,92.22474979729792,0.19390625527515643
2001-03-07,5483.68017578125,5489.77978515625,5397.990234375,5429.16015625,0,0.004825982721486307,92.67090053828872,0.1938452909370879
2001-03-08,5438.66015625,5507.259765625,5410.77978515625,5462.97998046875,0,-0.00824370475937542,91.91008925490311,0.18796194669588823
2001-03-09,5368.89013671875,5423.41015625,5342.08984375,5393.8798828125,0,-0.012911527016364385,90.73101784058349,0.18967116345695154
2001-03-12,5242.39990234375,5326.10986328125,5216.85986328125,5326.10986328125,0,-0.023841818593961533,88.59340887122734,0.20113566436268443
2001-03-13,5186.8701171875,5224.169921875,5155.16015625,5157.5,0,-0.010648935123340033,87.65498886273473,0.19717287537099776
2001-03-14,5115.5,5242.68017578125,4965.47021484375,5242.68017578125,0,-0.0138553086547953,86.4488767593157,0.19944629029643138
2001-03-15,5177.66015625,5180.22021484375,5061.3701171875,5146.740234375,0,0.01207810059641994,87.49934605596236,0.20394045157299648
2001-03-16,5104.77001953125,5197.740234375,5091.169921875,5197.740234375,0,-0.014177846374282549,86.26754653564784,0.19940963780196672
2001-03-19,5048.60009765625,5170.8798828125,5035.419921875,5100.080078125,0,-0.011064404085974068,85.31830860118352,0.1940288107043178
2001-03-20,5138.39990234375,5145.8798828125,5092.58984375,5114.72021484375,0,0.01763073148323811,86.8358713513429,0.20903623293726395
2001-03-21,5023.759765625,5062.68017578125,4977.27978515625,5050.97021484375,0,-0.022563117285359344,84.89852191319017,0.21867629129578825
2001-03-22,4824.81982421875,5001.080078125,4804.39990234375,4992.2998046875,0,-0.04040521870801421,81.53655642064118,0.2499026771393519
2001-03-23,4951.1298828125,4968.52001953125,4911.5400390625,4922.39013671875,0,0.02584241772459673,83.67112052753846,0.2732274222889829
2001-03-26,5124.7998046875,5127.14013671875,4982.60986328125,5004.25,0,0.0344756520740304,86.6060378714876,0.2950468900644066
2001-03-27,5235.60009765625,5235.60009765625,5079.6201171875,5104.4599609375,0,0.021390007826265604,88.47849625712958,0.2987933866561332
2001-03-28,5150.43017578125,5243.2001953125,5118.77978515625,5243.2001953125,0,-0.016401229122596683,87.03917574500517,0.3022594142381862
2001-03-29,5157.919921875,5163.1201171875,5028.72998046875,5072.47998046875,0,0.0014531418395290533,87.16574795437224,0.3001195485982509
2001-03-30,5180.4501953125,5233.68017578125,5132.08984375,5132.490234375,0,0.004358580482188882,87.5464960399459,0.30066788582241233
2001-04-02,5210.47998046875,5218.47998046875,5111.81982421875,5218.47998046875,0,0.005780015504399545,88.05398136808222,0.30025048794445497
2001-04-03,5004.0,5153.14013671875,4989.72998046875,5153.14013671875,0,-0.04043438568663442,84.56459374520881,0.32450009211576186
2001-04-04,5071.81982421875,5086.2099609375,4872.919921875,4946.2099609375,0,0.013462100283104503,85.71070803036672,0.32244600025301823
2001-04-05,5158.56005859375,5196.72021484375,5085.16015625,5104.240234375,0,0.01695778924959438,87.17656588034394,0.3290583467390914
2001-04-06,5139.7099609375,5232.9501953125,5087.490234375,5232.08984375,0,-0.0036608320955709523,86.85801055453294,0.3285049413714239
2001-04-09,5183.22021484375,5217.27978515625,5102.41015625,5106.66015625,0,0.008429876174391365,87.59330770587844,0.3284584769025446
2001-04-10,5331.22998046875,5335.72021484375,5192.14013671875,5213.77001953125,0,0.028155450905661215,90.09458382506344,0.3335939414612185
2001-04-11,5361.52978515625,5403.8701171875,5309.64990234375,5345.5498046875,0,0.005667364918246925,90.60663232105817,0.33131866763568746
2001-04-12,5372.7099609375,5402.72021484375,5329.60009765625,5359.669921875,0,0.002083087407865816,90.79557057504326,0.3265303410460127
2001-04-17,5340.97998046875,5362.10986328125,5216.56982421875,5271.240234375,0,-0.005923276371314855,90.25935296755262,0.3257166427070572
2001-04-18,5505.080078125,5533.7998046875,5416.31982421875,5429.18017578125,0,0.030262163427261093,93.03254603147145,0.3350470888395972
2001-04-19,5480.0498046875,5531.81005859375,5436.93994140625,5530.5,0,-0.004557127138655366,92.60954944782364,0.33220593283314986
2001-04-20,5449.33984375,5530.6201171875,5431.080078125,5483.4501953125,0,-0.005619717614032771,92.09056955761362,0.3298570456658147
2001-04-23,5396.85009765625,5432.83984375,5370.509765625,5424.31982421875,0,-0.009679003624357387,91.20352438291197,0.3202553940432345
2001-04-24,5424.43017578125,5488.330078125,5391.4501953125,5399.60986328125,0,0.0050973890605716865,91.66961113393148,0.277788569880359
2001-04-25,5407.83984375,5425.1201171875,5374.52001953125,5407.990234375,0,-0.003063133576489101,91.3892444895828,0.26913176353936813
2001-04-26,5481.72998046875,5491.52978515625,5374.22021484375,5418.68017578125,0,0.013571017395982106,92.63794340912698,0.24845056945490546
2001-04-27,5575.97021484375,5607.1201171875,5444.81982421875,5461.669921875,0,0.01704559076625614,94.23054675332664,0.24487428906480924
2001-04-30,5640.02978515625,5653.14013671875,5570.740234375,5580.4599609375,0,0.011423014778915963,95.31311500651792,0.23590380938754466
2001-05-02,5572.91015625,5670.02001953125,5571.490234375,5661.080078125,0,-0.011971959348906588,94.1788336014847,0.24245563922309915
2001-05-03,5457.06982421875,5614.2099609375,5457.06982421875,5605.6201171875,0,-0.021005403732089933,92.22120158359246,0.2570489311224326
2001-05-04,5455.5498046875,5502.7099609375,5378.35986328125,5455.240234375,0,-0.0002785801379999069,92.195514166697,0.25692481529777467
2001-05-07,5498.52001953125,5527.0400390625,5471.39013671875,5492.080078125,0,0.007845565336872562,92.9216849823257,0.2052420480755958
2001-05-08,5516.93017578125,5558.52001953125,5460.759765625,5494.3798828125,0,0.0033426093468749804,93.23280556267484,0.20264395178677905
2001-05-09,5492.080078125,5497.08984375,5440.740234375,5486.75,0,-0.004514509349796137,92.81285384148588,0.19896970212384124
2001-05-10,5606.4599609375,5624.509765625,5481.2099609375,5482.02978515625,0,0.020612428682949102,94.74580514497582,0.20638581481738044
2001-05-11,5567.25,5607.580078125,5549.5,5580.72998046875,0,-0.007018281666370447,94.08318036131372,0.20925704841077156
2001-05-14,5487.72021484375,5533.97021484375,5469.8701171875,5523.330078125,0,-0.014388307819883133,92.73917477130932,0.19741224892206544
2001-05-15,5544.1298828125,5545.330078125,5462.06005859375,5513.64013671875,0,0.010226781385165798,93.69246427072568,0.19928354290044512
2001-05-16,5522.68994140625,5523.64013671875,5433.31005859375,5502.97998046875,0,-0.003874639430231755,93.33014214144099,0.2001663119790446
2001-05-17,5592.64990234375,5632.5400390625,5569.66015625,5607.31982421875,0,0.012588168378359459,94.51242345141509,0.20199973621813075
2001-05-18,5638.240234375,5658.259765625,5562.43017578125,5569.8798828125,0,0.008118783444326125,95.28287267342384,0.17613813987679947
2001-05-21,5652.0400390625,5660.68994140625,5584.72021484375,5647.35009765625,0,0.002444547207929189,95.5160810821292,0.1749515428848164
2001-05-22,5693.47021484375,5728.52001953125,5675.5400390625,5687.7099609375,0,0.007303392973867455,96.21622616281145,0.17407690146232208
2001-05-23,5630.740234375,5688.64013671875,5630.740234375,5663.8701171875,0,-0.011079027963547613,95.1561271792014,0.17533224944293738
2001-05-24,5656.47021484375,5680.259765625,5615.1201171875,5619.009765625,0,0.00455914685966443,95.59094839131411,0.17522310599750493
2001-05-25,5581.93994140625,5661.33984375,5568.22998046875,5651.06005859375,0,-0.013263684995483053,94.33143154579821,0.18235095111790983
2001-05-28,5606.31982421875,5644.41015625,5575.919921875,5584.5400390625,0,0.004358125733759037,94.74343691861894,0.17739784437992345
2001-05-29,5542.27001953125,5631.39013671875,5537.509765625,5588.740234375,0,-0.011490333805388862,93.66103369862327,0.1724922603368542
2001-05-30,5444.27001953125,5539.4599609375,5440.06005859375,5533.7001953125,0,-0.01784048461991575,92.00489257411678,0.17718108913610006
2001-05-31,5454.18994140625,5472.759765625,5405.66015625,5420.740234375,0,0.001820426858486134,92.17253329420942,0.1734920633220894
2001-06-01,5432.7099609375,5471.41015625,5387.759765625,5453.2900390625,0,-0.003946028444044825,91.80953452882275,0.1581215738676026
2001-06-05,5516.27001953125,5517.9599609375,5455.33984375,5474.47021484375,0,0.01526382934050239,93.22164931865214,0.16695975912196093
2001-06-06,5496.490234375,5546.60009765625,5491.259765625,5535.4599609375,0,-0.003592161450799144,92.88738283261982,0.16533603861509444
2001-06-07,5453.39013671875,5500.990234375,5431.72021484375,5474.240234375,0,-0.007872290615432946,92.1590170754896,0.16701991314688802
2001-06-08,5439.93017578125,5537.89990234375,5439.93017578125,5479.06982421875,0,-0.0024712332698132032,91.93155182199119,0.16655839809485568
2001-06-11,5418.47021484375,5478.580078125,5413.60986328125,5432.25,0,-0.003952698022919009,91.56889137465551,0.14812783839502625
2001-06-12,5311.93994140625,5430.89013671875,5300.06982421875,5418.27001953125,0,-0.019856421529185434,89.76859375379055,0.16020238528772748
2001-06-13,5353.6298828125,5369.18017578125,5334.240234375,5340.77978515625,0,0.007817707712186471,90.47312871747582,0.15742122997938907
2001-06-14,5297.06982421875,5322.490234375,5276.77978515625,5304.56982421875,0,-0.010621009293404472,89.51729770684719,0.15493656937300207
2001-06-15,5243.83984375,5282.56005859375,5192.35009765625,5258.58984375,0,-0.010099779738970978,88.61774301591888,0.1572821132328087
2001-06-18,5160.27978515625,5244.68017578125,5160.27978515625,5225.93994140625,0,-0.016063224625833834,87.20562822608949,0.1540074467143247
2001-06-19,5199.41015625,5248.33984375,5159.2099609375,5159.2099609375,0,0.00755438771013759,87.86690798920743,0.15346709539618417
2001-06-20,5170.490234375,5186.77978515625,5114.72998046875,5186.77978515625,0,-0.0055776807417094966,87.3781786837513,0.151822970469409
2001-06-21,5134.97021484375,5211.669921875,5121.60986328125,5204.14990234375,0,-0.006893463977662802,86.77791169304744,0.14607838936695847
2001-06-22,5183.669921875,5213.18017578125,5150.39990234375,5163.10986328125,0,0.009439241601192194,87.60090748453592,0.1523301498048743
2001-06-25,5213.4599609375,5230.5498046875,5144.66015625,5145.43994140625,0,0.005730450791483779,88.10434124772021,0.15320505444259191
2001-06-26,5090.72998046875,5204.4501953125,5077.0,5199.080078125,0,-0.023822500426523667,86.03027831033067,0.16524380680536088
2001-06-27,5057.72021484375,5110.72998046875,5053.10986328125,5099.7998046875,0,-0.006505403565041451,85.47243310255635,0.16225841021620985
2001-06-28,5133.56005859375,5135.10009765625,4967.60986328125,5055.31982421875,0,0.014883555689754111,86.75408089960249,0.17406086613669278
2001-06-29,5225.330078125,5225.330078125,5123.330078125,5139.0,0,0.01771858166779252,88.30493909697459,0.18097704897159755
2001-07-02,5296.509765625,5299.89990234375,5187.1298828125,5215.75,0,0.01353010013862027,89.50783305307938,0.18844634868829366
2001-07-03,5205.77978515625,5273.18017578125,5205.77978515625,5269.77978515625,0,-0.017278563363859606,87.9745508910389,0.1962180975231069
2001-07-04,5175.1298828125,5222.31005859375,5139.5,5222.31005859375,0,-0.005905068512705748,87.45658595498183,0.18615189434210794
2001-07-05,5123.830078125,5148.72998046875,5096.4501953125,5115.56005859375,0,-0.009962215438312305,86.5896500751643,0.18769153962552473
2001-07-06,4999.35986328125,5088.18994140625,4992.4599609375,5088.18994140625,0,-0.024592344632036602,84.48617822231846,0.20122410707209734
2001-07-09,5027.3701171875,5039.9599609375,4903.06005859375,5008.85986328125,0,0.005587130963904806,84.95953468560427,0.20398319967977113
2001-07-10,4973.39990234375,5067.41015625,4960.1298828125,5013.52978515625,0,-0.010793316650368997,84.04747047844931,0.2054376735078641
2001-07-11,4914.68017578125,4958.31982421875,4880.509765625,4880.509765625,0,-0.011877010777396876,83.05514237661326,0.19949093798802103
2001-07-12,4961.43017578125,5010.0,4948.35986328125,4996.06982421875,0,0.009467360635393756,83.84518929059978,0.200768912870598
2001-07-13,5025.240234375,5028.52978515625,4933.25,5000.68994140625,0,0.01277921957251886,84.92354094564342,0.20676633158915822
2001-07-16,5022.759765625,5036.6201171875,4976.02001953125,5036.6201171875,0,-0.0004937238854274449,84.88162251396048,0.20499271758984525
2001-07-17,4978.5400390625,4994.72021484375,4956.56005859375,4972.52001953125,0,-0.008842853544315092,84.13433570095448,0.20024504577743793
2001-07-18,4867.5,4985.27001953125,4865.41015625,4985.27001953125,0,-0.022556224944241993,82.25782575036045,0.2096429929257846
2001-07-19,4930.39013671875,4930.39013671875,4825.8798828125,4887.52001953125,0,0.012837661896422298,83.3206312783784,0.2165386404301083
2001-07-20,4880.7001953125,4894.22998046875,4841.8701171875,4880.580078125,0,-0.010129427942230464,82.48090112085585,0.217697347379197
2001-07-23,4911.919921875,4961.419921875,4851.64990234375,4861.66015625,0,0.006376195943665952,83.00849574387631,0.21584589261140058
2001-07-24,4855.60009765625,4913.22998046875,4853.9501953125,4886.2099609375,0,-0.011532190008477116,82.05672454985948,0.21577095159676069
2001-07-25,4773.169921875,4888.25,4773.169921875,4864.8798828125,0,-0.01712206011927791,80.66370410076125,0.2089142631994102
2001-07-26,4842.1201171875,4854.3701171875,4790.10009765625,4842.77978515625,0,0.014342027523601157,81.82892097831008,0.2169199403838585
2001-07-27,4967.14990234375,4968.06005859375,4872.1298828125,4872.83984375,0,0.02549354976636471,83.94184923326394,0.2300852319797524
2001-07-30,5033.7099609375,5054.39990234375,4946.1201171875,4982.39013671875,0,0.013311063705430915,85.06667423618913,0.22589830753496104
2001-07-31,5085.509765625,5095.3798828125,4995.89013671875,5022.5498046875,0,0.010237994340026757,85.94205981562152,0.22336077303372728
2001-08-01,5111.580078125,5125.31005859375,5068.89013671875,5073.75,0,0.005113295989713479,86.38263243460096,0.2173689731290002
2001-08-02,5088.7001953125,5204.2001953125,5083.33984375,5121.9501953125,0,-0.0044861357867447636,85.99597616062472,0.21701008274945954
2001-08-03,5031.2900390625,5093.27001953125,5019.10986328125,5078.16015625,0,-0.011346013345107504,85.02577901031893,0.21779758290711204
2001-08-06,5066.25,5096.85009765625,5009.4501953125,5017.6298828125,0,0.0069244787327760494,85.61658134725499,0.20127837228275705
2001-08-07,5051.6201171875,5062.85986328125,4974.35009765625,5039.0400390625,0,-0.0028918918386790417,85.36934511692344,0.20079126719748538
2001-08-08,4986.22998046875,5038.52978515625,4964.7001953125,5034.89990234375,0,-0.01302889783963801,84.26429109083136,0.20247981444783833
2001-08-09,4888.2998046875,4934.259765625,4872.419921875,4927.9501953125,0,-0.01983555445580604,82.60932995367344,0.2101540843747005
2001-08-10,4846.02001953125,4962.16015625,4822.2900390625,4913.83984375,0,-0.008686801294924995,81.89482698497379,0.2089765498760197
2001-08-13,4920.35009765625,4925.56005859375,4829.81982421875,4903.72998046875,0,0.015221932501482313,83.15096064997985,0.2111834125657769
2001-08-14,4962.64013671875,5003.2099609375,4942.10009765625,4946.06982421875,0,0.008558198719055925,83.86563690353486,0.2137713350116475
2001-08-15,4933.97021484375,4974.02001953125,4924.02001953125,4948.85986328125,0,-0.0057939033788274525,83.38113244788613,0.2125426223980642
2001-08-16,4882.6201171875,4916.490234375,4849.3798828125,4915.14013671875,0,-0.010461996332460113,82.51334664711123,0.20046336054011685
2001-08-17,4777.3701171875,4927.43994140625,4753.1201171875,4905.7001953125,0,-0.021791774633159917,80.73468487818973,0.20857104596650927
2001-08-20,4791.43017578125,4817.97998046875,4724.5498046875,4770.5,0,0.0029387317703359695,80.9722914215579,0.20666353756004546
2001-08-21,4834.8701171875,4836.0,4776.81982421875,4806.89990234375,0,0.009025323323763572,81.70640033389506,0.2080345574535416
2001-08-22,4812.14013671875,4891.02978515625,4768.89013671875,4788.91015625,0,-0.004712345469258284,81.32227731947134,0.20489989875722622
2001-08-23,4809.5,4842.3798828125,4775.330078125,4835.4599609375,0,-0.0005487914217318533,81.2776605950403,0.19572401221257804
2001-08-24,4916.56005859375,4919.91015625,4822.169921875,4830.740234375,0,0.022015982274225087,83.08691126676668,0.20425046506073818
2001-08-27,4905.7900390625,4963.85986328125,4899.08984375,4917.14013671875,0,-0.0021929627309826127,82.90490440699688,0.1834033611570907
2001-08-28,4815.72021484375,4940.93017578125,4793.0,4891.56005859375,0,-0.018530536759301663,81.38277848897908,0.18613861186034772
2001-08-29,4834.89013671875,4869.93994140625,4765.7099609375,4792.240234375,0,0.003972794753916596,81.70673865194608,0.1821245864015217
2001-08-30,4703.8701171875,4863.259765625,4697.669921875,4827.18017578125,0,-0.027472807075372304,79.49257903480989,0.1993403386668394
2001-08-31,4689.33984375,4722.5400390625,4668.18994140625,4687.93017578125,0,-0.003093784784464132,79.24702614307348,0.19935223046194908
2001-09-03,4629.7998046875,4712.08984375,4585.39013671875,4712.08984375,0,-0.012778185853633767,78.24083525280686,0.20008735215291998
2001-09-04,4673.97998046875,4708.0400390625,4576.419921875,4696.93994140625,0,0.009497324503713553,78.98745368137067,0.20203983389235086
2001-09-05,4571.56005859375,4643.75,4563.68994140625,4627.169921875,0,-0.02215643679047959,77.25661853253466,0.21169423498150097
2001-09-06,4480.75,4616.60009765625,4470.72998046875,4616.60009765625,0,-0.020064073018584556,75.72198309829024,0.21650687606009136
2001-09-07,4413.509765625,4507.7001953125,4396.5498046875,4485.06982421875,0,-0.01512020498251789,74.58566353329134,0.2130489910577212
2001-09-10,4383.740234375,4427.16015625,4251.5400390625,4372.1298828125,0,-0.006767943364764454,74.0825763398178,0.21271876783877372
2001-09-11,4059.75,4059.75,4059.75,4059.75,0,-0.0767808994192274,68.60733602260422,0.3169595703050452
2001-09-12,4114.259765625,4182.91015625,3858.3701171875,3861.669921875,0,0.013337535737492303,69.52851831381618,0.32073487175039966
2001-09-13,4113.8701171875,4143.9501953125,4041.389892578125,4089.830078125,0,-9.471129973409176e-05,69.52193348931166,0.32204143118927087
2001-09-14,3909.489990234375,4174.919921875,3906.739990234375,4124.1298828125,0,-0.05095729159143643,66.0680321293226,0.35388121397940064
2001-09-17,4015.4599609375,4024.949951171875,3783.6201171875,3861.080078125,0,0.026744973259780265,67.85886097058987,0.37389012727449245
2001-09-18,3970.179931640625,3980.64990234375,3891.320068359375,3980.64990234375,0,-0.011340484965719677,67.09365567837138,0.3717608115758536
2001-09-19,3888.929931640625,4014.860107421875,3873.81005859375,3955.409912109375,0,-0.020677378555492974,65.72057949096165,0.3678804497333426
2001-09-20,3738.179931640625,3913.639892578125,3714.050048828125,3878.570068359375,0,-0.03953519426765826,63.17299505709071,0.38069000565118205
2001-09-21,3652.8701171875,3733.1201171875,3463.070068359375,3674.3701171875,0,-0.023085651608058068,61.7313104444393,0.38013371607863794
2001-09-24,3861.18994140625,3861.18994140625,3713.760009765625,3713.760009765625,0,0.055462218873251826,65.25179032136414,0.43303808323720355
2001-09-25,3902.85009765625,3947.830078125,3769.090087890625,3795.85009765625,0,0.010731669560840899,65.95582193380281,0.43881649634779546
2001-09-26,3975.530029296875,4012.93994140625,3836.419921875,3882.260009765625,0,0.01845099941450442,67.18406911458199,0.4492793011482126
2001-09-27,4013.22998046875,4013.22998046875,3928.1201171875,3946.7099609375,0,0.009438318585240775,67.82117564037412,0.4516801980506749
2001-09-28,4079.02001953125,4117.83984375,4040.889892578125,4065.219970703125,0,0.016260369768090963,68.9329877758261,0.45438305722694117
2001-10-01,4004.570068359375,4097.64013671875,3979.050048828125,4097.22021484375,0,-0.01842054224037701,67.67482832834403,0.45591270721839383
2001-10-02,4044.659912109375,4044.659912109375,3914.389892578125,4018.4599609375,0,0.00996124482572792,68.35232260292989,0.45939797781713504
2001-10-03,4024.25,4034.820068359375,3930.0400390625,4034.820068359375,0,-0.0050589127553111075,68.00740734995134,0.45579072976720375
2001-10-04,4195.7998046875,4195.7998046875,4094.02001953125,4110.52001953125,0,0.04174542030201061,70.90649598713526,0.4822288525944254
2001-10-05,4164.759765625,4232.66015625,4116.14990234375,4137.16015625,0,-0.007425383772651051,70.3819379749139,0.4789280010172235
2001-10-08,4172.2099609375,4172.2099609375,4031.090087890625,4102.93017578125,0,0.0017872674460982097,70.50784179983877,0.47732998144760574
2001-10-09,4176.97021484375,4217.22998046875,4123.5400390625,4149.330078125,0,0.0011402926567228894,70.58828723103503,0.4772621810696247
2001-10-10,4319.3798828125,4319.3798828125,4131.56982421875,4145.47998046875,0,0.033525691570719746,72.99492506420196,0.40835689604999326
2001-10-11,4330.68017578125,4407.669921875,4312.47998046875,4328.35009765625,0,0.0026127678468611825,73.18589322649296,0.4066063752257321
2001-10-12,4336.8798828125,4381.490234375,4283.5,4372.419921875,0,0.0014305543997712553,73.29066455072099,0.40652083423208446
2001-10-15,4213.91015625,4300.72021484375,4196.72998046875,4295.2099609375,0,-0.028764173700394458,71.21255004837941,0.3758523351237702
2001-10-16,4308.490234375,4308.490234375,4193.009765625,4220.47021484375,0,0.022196554246673,72.81089654778604,0.3726352007775552
2001-10-17,4411.509765625,4458.0400390625,4362.990234375,4379.81005859375,0,0.02362943225204629,74.55186473483202,0.3749430209849698
2001-10-18,4338.08984375,4359.41015625,4291.39013671875,4308.240234375,0,-0.0167828582927797,73.31111216365609,0.37180956694855505
2001-10-19,4264.89013671875,4347.89013671875,4228.22998046875,4310.7998046875,0,-0.01701770171617016,72.074081091041,0.34487610000074337
2001-10-22,4341.2900390625,4345.4501953125,4243.1201171875,4281.77978515625,0,0.017755126624569094,73.36519354185491,0.32975058569492993
2001-10-23,4455.759765625,4455.759765625,4377.41015625,4385.35009765625,0,0.026026040642255433,75.2996631507444,0.2899841051661399
2001-10-24,4486.35009765625,4535.89990234375,4394.1298828125,4420.7998046875,0,0.006841886720305395,75.81662138430828,0.28963584826971633
2001-10-25,4378.4501953125,4546.419921875,4363.35986328125,4491.68017578125,0,-0.024344650243499664,73.99317785776013,0.3051613235874816
2001-10-26,4478.6298828125,4482.759765625,4419.39990234375,4443.8798828125,0,0.02262234483535263,75.68615439152502,0.31115547146145667
2001-10-29,4383.240234375,4465.669921875,4382.56982421875,4465.669921875,0,-0.021528939498069295,74.07412664020299,0.3216287294036635
2001-10-30,4251.93017578125,4326.52001953125,4235.68994140625,4315.18994140625,0,-0.030415191579332118,71.85506553715742,0.3343272922422423
2001-10-31,4341.2900390625,4391.009765625,4201.81005859375,4238.02001953125,0,0.02079850912298778,73.36519354185492,0.3393008093281939
2001-11-01,4366.93994140625,4366.93994140625,4276.60986328125,4325.18994140625,0,0.005890973614577113,73.79866148176369,0.33799102906230544
2001-11-02,4369.39990234375,4418.830078125,4338.81982421875,4387.81005859375,0,0.000563155977562814,73.84023334373587,0.3087155136805038
2001-11-05,4485.33984375,4488.93994140625,4389.77001953125,4392.0498046875,0,0.026188588491652242,75.79954870022324,0.3177088312733617
2001-11-06,4461.68994140625,4532.259765625,4438.18017578125,4500.740234375,0,-0.005286661158797876,75.39987955877378,0.31913989050576297
2001-11-07,4493.27001953125,4518.009765625,4410.6298828125,4491.75,0,0.007053121215332513,75.93356390671194,0.31931762266250896
2001-11-08,4573.0400390625,4589.080078125,4482.490234375,4494.93994140625,0,0.017597474064789738,77.28162931332815,0.30487134336216076
2001-11-09,4514.27978515625,4566.1298828125,4508.43017578125,4517.2998046875,0,-0.012932542050859497,76.28861632373035,0.3096569432517255
2001-11-12,4376.580078125,4517.47998046875,4329.740234375,4512.43017578125,0,-0.03097804280090446,73.96157400080232,0.3300570649693813
2001-11-13,4565.68017578125,4570.7001953125,4437.93017578125,4437.93017578125,0,0.04229988560736236,77.1572520454626,0.34241860062941093
2001-11-14,4575.08984375,4643.509765625,4540.75,4573.22998046875,0,0.0020588355844103285,77.31626978108504,0.335842552707407
2001-11-15,4577.27978515625,4643.14990234375,4530.830078125,4607.31005859375,0,0.00047855179299737997,77.35327847519882,0.3272678686991786
2001-11-16,4587.2998046875,4604.759765625,4544.68994140625,4591.509765625,0,0.0021866848174879813,77.52261078554639,0.32024979797802056
2001-11-19,4660.490234375,4686.2001953125,4600.72021484375,4620.759765625,0,0.01582906999073632,78.75948507662567,0.3149904194693235
2001-11-20,4593.52001953125,4686.6201171875,4574.31005859375,4686.6201171875,0,-0.014474024163758651,77.62772867948516,0.31732310585402357
2001-11-21,4557.02978515625,4616.31005859375,4543.669921875,4548.919921875,0,-0.007975570557283635,77.01106564079825,0.3075246201989498
2001-11-22,4599.7998046875,4615.77978515625,4563.7998046875,4576.1298828125,0,0.00934173343490328,77.73385327591711,0.30823688783261166
2001-11-23,4573.81982421875,4634.35009765625,4536.39990234375,4617.06005859375,0,-0.005664078297699905,77.29480721399699,0.29525831284418796
2001-11-26,4564.3798828125,4639.83984375,4561.02978515625,4620.7099609375,0,-0.002066040372672137,77.13527787546819,0.2858505365941051
2001-11-27,4485.81982421875,4595.85009765625,4474.5498046875,4589.35009765625,0,-0.017361391883313995,75.80766008178708,0.28206929397907227
2001-11-28,4445.5,4512.31005859375,4433.009765625,4468.5400390625,0,-0.009028922695143944,75.1262792754448,0.2608948085420034
2001-11-29,4445.8701171875,4481.1298828125,4392.669921875,4407.330078125,0,8.32531281086836e-05,75.13253403355812,0.2519224235052974
2001-11-30,4476.06005859375,4513.35009765625,4453.0498046875,4472.93994140625,0,0.006767606568881567,75.64272590610233,0.25214921529063705
2001-12-03,4463.83984375,4463.9599609375,4401.35986328125,4439.5498046875,0,-0.002733861136789434,75.43621161678561,0.25250847132371423
2001-12-04,4529.240234375,4529.240234375,4464.08984375,4473.10986328125,0,0.014544859608319223,76.54143892773307,0.24083587932154576
2001-12-05,4677.5498046875,4686.66015625,4571.93017578125,4580.2900390625,0,0.03222022007697022,79.04778156602305,0.2635297424398406
2001-12-06,4679.3798828125,4735.2099609375,4641.22998046875,4695.85986328125,0,0.00039117065307868606,79.07870878687888,0.26300974361063845
2001-12-07,4642.93994140625,4680.43017578125,4631.0498046875,4664.3701171875,0,-0.00781782382260874,78.46289566914932,0.2586359804912079
2001-12-10,4556.2900390625,4619.259765625,4548.669921875,4614.93017578125,0,-0.018839069195889208,76.9985643762314,0.26333186686340526
2001-12-11,4551.93994140625,4580.169921875,4510.31982421875,4535.0,0,-0.000955201613559233,76.92505033925043,0.23746403770647478
2001-12-12,4510.68017578125,4588.08984375,4505.85986328125,4568.14990234375,0,-0.009105545673322555,76.22778508783144,0.189015379886469
2001-12-13,4410.66015625,4528.58984375,4396.7099609375,4505.740234375,0,-0.022423583621929158,74.53750684681465,0.2032073034697324
2001-12-14,4340.02001953125,4411.02001953125,4340.02001953125,4378.97998046875,0,-0.01614541265342311,73.34373097476687,0.2089948373713297
2001-12-17,4485.169921875,4495.06005859375,4328.77001953125,4366.0,0,0.03289742060186855,75.79667712261978,0.24217857225795125
2001-12-18,4480.10009765625,4515.72998046875,4452.39013671875,4470.5498046875,0,-0.0011309920946328616,75.71100013912294,0.23426205802033462
2001-12-19,4467.919921875,4500.18017578125,4424.759765625,4466.0498046875,0,-0.0027224309461927887,75.50516248590819,0.2297961009690232
2001-12-20,4426.72021484375,4477.0,4414.830078125,4437.14013671875,0,-0.009264006424172305,74.80891218864214,0.23030905348133937
2001-12-21,4499.33984375,4511.22998046875,4376.72998046875,4391.5498046875,0,0.016271732591919937,76.03614028943848,0.23556575748807443
2001-12-24,4502.10009765625,4509.77978515625,4470.5,4487.169921875,0,0.000613291653498681,76.08278692217542,0.23502006850361273
2001-12-27,4591.16015625,4593.52001953125,4504.97998046875,4524.06005859375,0,0.019588773208454095,77.58784840776792,0.24524449269896226
2001-12-28,4624.580078125,4630.18994140625,4582.2900390625,4603.81005859375,0,0.007252823435815456,78.15262500975754,0.23764151288865282
2002-01-02,4580.43994140625,4640.85009765625,4567.919921875,4617.9501953125,0,-0.009590522334943697,77.4066832172957,0.23796130775433508
2002-01-03,4681.2001953125,4692.240234375,4609.27978515625,4626.759765625,0,0.0217594784527067,79.10947097453912,0.2480555420343399
2002-01-04,4682.7900390625,4720.0400390625,4663.39990234375,4702.7001953125,0,0.0003395654470974548,79.13633837878315,0.24764690270893855
2002-01-07,4615.5400390625,4706.580078125,4611.1298828125,4673.4501953125,0,-0.014465215164534998,77.99985378058864,0.25381945033082104
2002-01-08,4568.08984375,4631.919921875,4560.33984375,4594.259765625,0,-0.010333739092116666,77.19797398647745,0.25244920780816354
2002-01-09,4587.009765625,4592.68994140625,4525.52978515625,4578.68017578125,0,0.004133204359742774,77.51770929963702,0.2251217348169048
2002-01-10,4515.52001953125,4573.02978515625,4503.60986328125,4551.8701171875,0,-0.015707988378785103,76.30957553957184,0.23076759411638129
2002-01-11,4554.68994140625,4583.81005859375,4516.27978515625,4532.740234375,0,0.008637102238695847,76.97152368713198,0.23230353892951566
2002-01-14,4453.97021484375,4530.669921875,4448.47021484375,4526.419921875,0,-0.02236157692099766,75.2694208176503,0.23601907679202586
2002-01-15,4518.419921875,4519.240234375,4419.14013671875,4437.7900390625,0,0.014366476391890867,76.3585821470059,0.24201413044874656
2002-01-16,4425.5,4484.009765625,4421.8798828125,4482.009765625,0,-0.020779091495413297,74.78829129085163,0.25056171151256723
2002-01-17,4475.64013671875,4489.259765625,4431.72021484375,4431.72021484375,0,0.011266122381185567,75.63562947869144,0.24111134372442947
2002-01-18,4448.85009765625,4466.669921875,4429.509765625,4440.58984375,0,-0.0060037310432288415,75.18289391319611,0.23465857890437533
2002-01-21,4423.7998046875,4440.2998046875,4386.39013671875,4438.39013671875,0,-0.005646646673620544,74.75955901149732,0.20514461068988377
2002-01-22,4446.72021484375,4493.18017578125,4407.85009765625,4424.58984375,0,0.0051677829744135005,75.1469001732353,0.2061189495874946
2002-01-23,4450.81005859375,4452.60009765625,4402.490234375,4409.2099609375,0,0.0009193211851730315,75.21601607555345,0.20597817495900997
2002-01-24,4508.06982421875,4527.27978515625,4470.68994140625,4483.06982421875,0,0.01278296976399173,76.18367171464699,0.20788077237952682
2002-01-25,4484.31005859375,4511.60009765625,4446.14990234375,4511.60009765625,0,-0.005284434426937692,75.78214594974702,0.20105329764066737
2002-01-28,4533.1298828125,4557.60986328125,4496.52001953125,4498.77001953125,0,0.010827973687682067,76.6071716495414,0.20462987818532863
2002-01-29,4476.10009765625,4563.3798828125,4476.10009765625,4540.259765625,0,-0.012660470881847978,75.64340254220431,0.19672300217413471
2002-01-30,4407.27001953125,4442.81982421875,4385.56982421875,4426.240234375,0,-0.015496698811391292,74.48021557296137,0.20014893618305077
2002-01-31,4461.8701171875,4482.990234375,4437.7900390625,4463.64013671875,0,0.012312532350831046,75.40292442123267,0.20442114010218626
2002-02-01,4455.56005859375,4499.68017578125,4446.81005859375,4483.89990234375,0,-0.0014152193003002078,75.29628822189436,0.1865364562406093
2002-02-04,4397.5400390625,4459.52001953125,4384.6298828125,4459.52001953125,0,-0.013107465084413822,74.3157847485232,0.1898775546837337
2002-02-05,4307.75,4369.830078125,4276.85986328125,4345.60986328125,0,-0.02062957650725908,72.79838703155943,0.19568245929992878
2002-02-06,4273.81005859375,4331.8701171875,4250.02978515625,4307.22021484375,0,-0.007910011265543433,72.224822411904,0.1947605652273021
2002-02-07,4295.64990234375,4309.64990234375,4228.3798828125,4253.68017578125,0,0.005097145242387326,72.59390265054861,0.19524409037104945
2002-02-08,4299.0400390625,4319.97021484375,4262.35986328125,4272.93994140625,0,0.0007888910286893188,72.6511939244019,0.19014471258659862
2002-02-11,4353.2099609375,4367.52001953125,4329.56982421875,4341.18994140625,0,0.0125217439779719,73.5666330604069,0.19341826455730146
2002-02-12,4337.9501953125,4399.22998046875,4319.56982421875,4375.1201171875,0,-0.0035115637110439265,73.308752188959,0.17909694720314112
2002-02-13,4364.4501953125,4375.6201171875,4306.740234375,4339.7998046875,0,0.006090292498895525,73.75658626854495,0.17216056395040202
2002-02-14,4429.31005859375,4434.93017578125,4364.25,4388.080078125,0,0.014751605134323456,74.85267899211583,0.1663177693840724
2002-02-15,4377.0,4425.919921875,4376.259765625,4398.22021484375,0,-0.011880270737993696,73.96867042821324,0.16596132931947694
2002-02-18,4347.0498046875,4376.759765625,4346.509765625,4351.77978515625,0,-0.006866149012733648,73.46253012062108,0.16631146397380264
2002-02-19,4256.35986328125,4323.81005859375,4255.8701171875,4323.81005859375,0,-0.021083106388799365,71.92992459468256,0.17968489307151073
2002-02-20,4238.990234375,4279.080078125,4210.2998046875,4248.759765625,0,-0.004089214196161118,71.63638830132484,0.1779910926851032
2002-02-21,4287.22021484375,4316.7001953125,4264.6298828125,4298.4501953125,0,0.011313465738608407,72.45144599610485,0.18388805380862203
2002-02-22,4245.2001953125,4264.5400390625,4224.4599609375,4251.830078125,0,-0.009849575436299033,71.74133291040825,0.17791548687544897
2002-02-25,4305.43994140625,4305.43994140625,4240.259765625,4270.5498046875,0,0.014090346870684778,72.75934842913975,0.1870167291674965
2002-02-26,4340.85986328125,4385.93017578125,4330.580078125,4340.4501953125,0,0.008193127884065362,73.35792382958869,0.18496190472175347
2002-02-27,4424.7099609375,4424.7099609375,4363.330078125,4363.64013671875,0,0.019132277092718378,74.77494010532746,0.1945519329060942
2002-02-28,4462.990234375,4482.259765625,4383.3701171875,4396.08984375,0,0.008614266753715434,75.42185372876826,0.1890631761475398
2002-03-01,4486.419921875,4495.31005859375,4436.93994140625,4442.39990234375,0,0.00523604139718451,75.81780137165688,0.18508600223517743
2002-03-04,4607.43994140625,4626.68017578125,4538.7099609375,4538.7099609375,0,0.026617336601768456,77.86296699649647,0.2061611006035601
2002-03-05,4580.75,4620.759765625,4566.52978515625,4608.22021484375,0,-0.00580963533536317,77.41192302125609,0.2010905824133114
2002-03-06,4588.14013671875,4605.47998046875,4542.56005859375,4564.990234375,0,0.0016120028070704048,77.53681189202798,0.1836345214909995
2002-03-07,4616.5,4671.0,4606.3701171875,4626.919921875,0,0.006162099245327943,78.01607654371637,0.17952173946491343
2002-03-08,4629.10986328125,4656.52978515625,4590.5,4590.5,0,0.002727753233480961,78.22917565753761,0.17947251602311343
2002-03-11,4586.75,4642.56005859375,4577.83984375,4619.77001953125,0,-0.009192883187334518,77.51331941663405,0.18467019605736817
2002-03-12,4550.64990234375,4582.39990234375,4517.89990234375,4578.240234375,0,-0.00790165383393234,76.90324945411142,0.18507170090659703
2002-03-13,4523.77001953125,4601.97998046875,4523.77001953125,4551.52001953125,0,-0.005924337128441629,76.44899558321656,0.18618090315242072
2002-03-14,4546.83984375,4567.77001953125,4514.85986328125,4514.919921875,0,0.0050867305088478885,76.83886175284724,0.18593521485180084
2002-03-15,4588.330078125,4588.330078125,4514.72021484375,4540.10009765625,0,0.009083688649719644,77.54002178768246,0.18201337472864534
2002-03-18,4625.81005859375,4652.5400390625,4600.7900390625,4600.7900390625,0,0.008135362958971132,78.17341094074365,0.17634296576485997
2002-03-19,4644.93017578125,4650.89013671875,4613.2001953125,4636.330078125,0,0.004124836596365336,78.49652943441306,0.17296104522283412
2002-03-20,4603.7998046875,4652.43017578125,4597.47021484375,4640.81982421875,0,-0.008894333022878407,77.8014508728358,0.15573394394496726
2002-03-21,4579.89990234375,4621.77978515625,4569.39990234375,4582.5,0,-0.005204864501543001,77.39755688157894,0.15648646644027656
2002-03-22,4601.56982421875,4620.990234375,4577.81982421875,4599.0,0,0.004720368907717215,77.76376554262005,0.15408420183058916
2002-03-25,4588.35986328125,4651.68994140625,4586.47998046875,4597.31005859375,0,-0.0028748794571850688,77.54052513892906,0.14833167831649863
2002-03-26,4628.06982421875,4646.0,4565.27001953125,4580.97021484375,0,0.008617264605278922,78.21159962220598,0.1446682734557171
2002-03-27,4623.2001953125,4645.080078125,4605.25,4645.080078125,0,-0.0010527482920099126,78.12930581921898,0.14438667573785774
2002-03-28,4688.02001953125,4696.18017578125,4623.18017578125,4632.06982421875,0,0.01392317437581803,79.2247219066879,0.1380418300744458
2002-04-02,4627.330078125,4688.16015625,4626.4599609375,4673.02978515625,0,-0.013030277868308047,78.19909835763913,0.1465612706136165
2002-04-03,4632.259765625,4644.2099609375,4582.7099609375,4618.64990234375,0,0.0010647745848219549,78.28240711477908,0.1460123733437518
2002-04-04,4538.31005859375,4621.56982421875,4536.5498046875,4604.8798828125,0,-0.020490110392794032,76.69471350814857,0.13475776749260746
2002-04-05,4515.7001953125,4554.759765625,4506.8701171875,4536.39990234375,0,-0.004994452103891613,76.31262040203075,0.13439893403521894
2002-04-08,4431.8798828125,4511.8701171875,4415.75,4504.18017578125,0,-0.01873641003903545,74.89610747753855,0.14783749905352625
2002-04-09,4463.91015625,4488.66015625,4457.75,4468.47998046875,0,0.007201251764178298,75.43739985579397,0.14857139010293022
2002-04-10,4521.830078125,4539.68994140625,4424.509765625,4435.259765625,0,0.012891697853049975,76.4162117389102,0.1562745786991353
2002-04-11,4441.5400390625,4547.64013671875,4441.5400390625,4538.75,0,-0.0179156244931132,75.05935831462818,0.16465132739209698
2002-04-12,4468.2900390625,4485.60986328125,4437.5400390625,4452.58984375,0,0.0060046218926913565,75.51141724402152,0.1649196156123881
2002-04-15,4502.490234375,4518.56982421875,4463.9599609375,4487.64990234375,0,0.007624835290677203,76.08937999833975,0.16635984699827755
2002-04-16,4598.740234375,4601.7900390625,4520.10986328125,4522.91015625,0,0.021151774763890855,77.71594717419433,0.18144649826432388
2002-04-17,4597.2998046875,4653.10009765625,4594.02978515625,4635.14013671875,0,-0.00031327173286794976,77.69160477784301,0.17877193234349645
2002-04-18,4588.830078125,4645.10009765625,4572.91015625,4581.9501953125,0,-0.001844025519039564,77.5484714872973,0.17644252278853784
2002-04-19,4606.419921875,4616.3798828125,4551.8798828125,4563.25,0,0.0038258590479858965,77.84572927921585,0.17634931062786513
2002-04-22,4559.4599609375,4597.7099609375,4523.08984375,4597.2099609375,0,-0.01024677879768113,77.05213415152389,0.1772305011320845
2002-04-23,4562.5498046875,4593.58984375,4526.7099609375,4566.0400390625,0,0.0006774480509357554,77.1043506546124,0.17641611030638243
2002-04-24,4528.0,4586.419921875,4514.81982421875,4556.7001953125,0,-0.007601294044038354,76.52047971189162,0.1772644965197186
2002-04-25,4455.990234375,4513.31005859375,4401.77001953125,4501.77001953125,0,-0.016031029845849802,75.30355793416065,0.18492806296391012
2002-04-26,4453.080078125,4509.68017578125,4447.52978515625,4463.18994140625,0,-0.0006533019162329901,75.2543780418712,0.1813584916369486
2002-04-29,4430.3798828125,4445.6298828125,4391.9599609375,4432.1298828125,0,-0.00511067643039735,74.87075837869406,0.18168232628974854
2002-04-30,4462.740234375,4462.740234375,4390.97998046875,4414.6298828125,0,0.007277646981969673,75.41762887896084,0.1756901077862134
2002-05-02,4421.56005859375,4494.7900390625,4421.56005859375,4474.6298828125,0,-0.009270391441552586,74.72170864808601,0.17327505483911307
2002-05-03,4354.919921875,4474.27001953125,4352.33984375,4408.0,0,-0.015186365742569048,73.59553037295686,0.17852259222769795
2002-05-06,4367.259765625,4389.72998046875,4338.02978515625,4361.64990234375,0,0.0028295339984077098,73.8040663189197,0.16757844623847046
2002-05-07,4296.39990234375,4342.66015625,4239.72021484375,4324.39990234375,0,-0.016358316492688214,72.60657719997087,0.1747527895524893
2002-05-08,4404.02001953125,4404.02001953125,4335.3798828125,4335.3798828125,0,0.02474032459908839,74.42529252546501,0.1878580856027152
2002-05-09,4386.85986328125,4428.64990234375,4373.5400390625,4426.4501953125,0,-0.003904086570366955,74.13529619415296,0.1862022086052471
2002-05-10,4329.83984375,4391.5400390625,4324.43017578125,4365.4599609375,0,-0.013083124296954842,73.17169212001147,0.18381073953998106
2002-05-13,4375.39013671875,4377.08984375,4281.9501953125,4291.52978515625,0,0.010465136197210496,73.94146470591826,0.17921058085361155
2002-05-14,4447.1201171875,4463.4501953125,4359.58984375,4392.419921875,0,0.016261032058783934,75.15365828259523,0.18739105191091115
2002-05-15,4471.27001953125,4493.25,4438.6298828125,4478.2998046875,0,0.005415766971608082,75.56177712365954,0.186378415040405
2002-05-16,4466.35986328125,4489.25,4440.33984375,4455.169921875,0,-0.0010987603667577362,75.47879843291079,0.1692101568987449
2002-05-17,4442.93994140625,4497.4599609375,4432.919921875,4474.5400390625,0,-0.0052574223189784195,75.08301582321776,0.16967954953119768
2002-05-20,4400.75,4467.6298828125,4387.7001953125,4454.89013671875,0,-0.009541325341657358,74.37003115991766,0.17188472419362258
2002-05-21,4399.2001953125,4439.8798828125,4369.81982421875,4392.22998046875,0,-0.00035223033520096495,74.3438403917756,0.17070792254560477
2002-05-22,4326.2900390625,4394.240234375,4311.7900390625,4374.759765625,0,-0.016712379772277956,73.1117025534101,0.17594107699950304
2002-05-23,4341.58984375,4369.41015625,4314.1298828125,4340.1201171875,0,0.0035302336404966954,73.37026006095996,0.17686528602107088
2002-05-24,4337.43017578125,4381.7001953125,4328.97021484375,4375.22998046875,0,-0.0009585571361495148,73.29996417129323,0.17588095410668111
2002-05-27,4360.7099609375,4401.7099609375,4333.64990234375,4334.8798828125,0,0.0053528318413461435,73.69337855462936,0.16995885911576156
2002-05-28,4339.56982421875,4418.72998046875,4332.14013671875,4380.06005859375,0,-0.00485965482604873,73.33612294444966,0.17046548976130899
2002-05-29,4334.85009765625,4354.009765625,4319.509765625,4331.919921875,0,-0.001088194270222744,73.25636240101515,0.16988005264757866
2002-05-30,4260.14013671875,4334.3701171875,4249.85009765625,4333.5498046875,0,-0.017384974402299656,71.99380894470018,0.1760397784486712
2002-05-31,4274.64013671875,4301.47021484375,4251.009765625,4264.919921875,0,0.0033978646166014674,72.23885023353023,0.17510749424654984
2002-06-03,4227.14990234375,4294.5,4225.91015625,4247.580078125,0,-0.011171936286907325,71.43629380331707,0.17170470126833895
2002-06-04,4065.8798828125,4177.85009765625,4065.8798828125,4175.33984375,0,-0.0388978110997432,68.71092735948373,0.21426652294591406
2002-06-05,4079.510009765625,4124.2998046875,4068.22998046875,4107.91015625,0,0.0033467126447920183,68.94126831641552,0.21008909697075323
2002-06-06,4098.18017578125,4165.16015625,4090.909912109375,4101.85009765625,0,0.004566130051567533,69.25678290559756,0.18758901501080447
2002-06-07,4020.27001953125,4032.030029296875,3968.669921875,4025.659912109375,0,-0.01919394619708291,67.94014807108377,0.1953936479234105
2002-06-10,4024.93994140625,4077.139892578125,4000.9599609375,4055.0,0,0.0011609199566349029,68.01906694522071,0.19341356206031504
2002-06-11,4109.3701171875,4114.080078125,4017.570068359375,4035.679931640625,0,0.020759771235008995,69.44588619277827,0.2056636576646793
2002-06-12,4004.760009765625,4058.110107421875,3998.10009765625,4058.110107421875,0,-0.025786104534845197,67.67803822399858,0.20764911196466312
2002-06-13,3957.330078125,4059.25,3934.639892578125,4041.739990234375,0,-0.011914080889266966,66.87650087376828,0.20537298835550627
2002-06-14,3843.070068359375,3925.35009765625,3785.409912109375,3915.0400390625,0,-0.029298031039582687,64.94557535275435,0.21993043872454135
2002-06-17,4010.360107421875,4012.75,3872.89990234375,3878.429931640625,0,0.04260949549531875,67.77267651001662,0.27956386771443237
2002-06-18,4004.929931640625,4048.7900390625,3977.919921875,4048.7900390625,0,-0.001354954489621328,67.68090980160207,0.27928140178737265
2002-06-19,3935.580078125,3958.43994140625,3905.969970703125,3933.22998046875,0,-0.017467799116209277,66.50893894052321,0.28236428042185135
2002-06-20,3832.070068359375,3919.659912109375,3819.419921875,3892.080078125,0,-0.026653141026340577,64.75968196122811,0.2894365660942763
2002-06-21,3799.530029296875,3886.949951171875,3736.22998046875,3789.27001953125,0,-0.008527762420963132,64.20977485016225,0.2875592624247761
2002-06-24,3669.239990234375,3823.889892578125,3664.169921875,3796.570068359375,0,-0.03489282909156826,62.00795146439732,0.30314641776965057
2002-06-25,3766.39990234375,3779.56005859375,3721.8701171875,3733.179931640625,0,0.02613505866416602,63.64989560825214,0.32257725008734095
2002-06-26,3701.1298828125,3702.6298828125,3561.239990234375,3583.830078125,0,-0.01748146538932786,62.54687149046596,0.3244909344751638
2002-06-27,3742.780029296875,3801.659912109375,3709.85009765625,3765.409912109375,0,0.011190511873663775,63.25073394387915,0.3303205264297776
2002-06-28,3897.989990234375,3897.989990234375,3800.93994140625,3815.2900390625,0,0.04063237451873516,65.8736890381816,0.36648427575043757
2002-07-01,3897.3701171875,3973.929931640625,3857.949951171875,3886.1201171875,0,-0.00015903641131122725,65.86321355609076,0.36575781681990926
2002-07-02,3735.659912109375,3841.360107421875,3726.52001953125,3827.679931640625,0,-0.042377510473498296,63.13040824096563,0.38831640588758315
2002-07-03,3623.330078125,3776.68994140625,3623.330078125,3731.5400390625,0,-0.030530972210767247,61.232101531062476,0.3803541775116502
2002-07-04,3697.1298828125,3715.280029296875,3665.0,3700.860107421875,0,0.02016329722254281,62.47927389354733,0.3896236619333788
2002-07-05,3863.280029296875,3864.5400390625,3734.659912109375,3739.860107421875,0,0.043959759881783,65.28711155105294,0.42380930826716784
2002-07-08,3858.35009765625,3895.659912109375,3820.31005859375,3835.080078125,0,-0.0012769149077150603,65.2037986680831,0.41960626926626415
2002-07-09,3819.010009765625,3886.429931640625,3756.39990234375,3839.889892578125,0,-0.01024842697607679,64.5389748170896,0.4203984766588939
2002-07-10,3656.3798828125,3751.090087890625,3656.3798828125,3746.239990234375,0,-0.04351767441221646,61.79062337493876,0.4343230705528177
2002-07-11,3512.10009765625,3605.4599609375,3512.10009765625,3574.300048828125,0,-0.04025937789410176,59.352381684814006,0.4455632442008319
2002-07-12,3513.340087890625,3634.56005859375,3459.219970703125,3610.02001953125,0,0.0003530000155155943,59.37333677482558,0.44562509669124956
2002-07-15,3323.739990234375,3559.0,3322.7900390625,3504.300048828125,0,-0.05547652501021757,56.16920903055046,0.47158772139721034
2002-07-16,3317.81005859375,3422.0400390625,3198.340087890625,3419.590087890625,0,-0.001785707605238259,56.068996748350955,0.4366257251191113
2002-07-17,3440.8798828125,3471.909912109375,3273.719970703125,3276.280029296875,0,0.0364222741892468,58.148802840947454,0.46375806773963796
2002-07-18,3513.7099609375,3559.56005859375,3428.60009765625,3462.22998046875,0,0.020945229640913998,59.379587407109014,0.47208745466015994
2002-07-19,3324.0400390625,3492.31005859375,3319.3798828125,3492.31005859375,0,-0.055491525840822474,56.17427967548534,0.49828919509349645
2002-07-22,3149.68994140625,3298.030029296875,3149.68994140625,3298.030029296875,0,-0.05387690567339449,53.2278677694625,0.5243819951440666
2002-07-23,3070.159912109375,3243.43994140625,3026.72998046875,3184.7099609375,0,-0.025574367815744663,51.88385805362821,0.5195404115570622
2002-07-24,3023.68994140625,3083.7099609375,2898.60009765625,3009.3798828125,0,-0.015251728420809048,51.098543466525584,0.5043473740500705
2002-07-25,3149.719970703125,3203.60009765625,3067.889892578125,3175.52001953125,0,0.04083563023967286,53.22837524653898,0.5337198845745252
2002-07-26,3172.56005859375,3175.570068359375,3029.47998046875,3113.860107421875,0,0.007225300729655145,53.61435901024312,0.5321275914399514
2002-07-29,3395.830078125,3395.830078125,3183.929931640625,3203.830078125,0,0.06800937988342046,57.387488206315275,0.5706279378874156
2002-07-30,3379.85009765625,3449.530029296875,3347.75,3440.3798828125,0,-0.004716872603852358,57.11743613669174,0.5702012764939137
2002-07-31,3415.3798828125,3515.699951171875,3320.14990234375,3429.449951171875,0,0.01045736760707307,57.71786816059118,0.5578867477055426
2002-08-01,3240.7099609375,3460.780029296875,3231.659912109375,3426.93994140625,0,-0.0524962967663971,54.76605141741238,0.5758162616418587
2002-08-02,3245.3701171875,3279.219970703125,3200.0400390625,3257.659912109375,0,0.0014369717905915616,54.844805258353716,0.5689898838611859
2002-08-05,3115.3798828125,3281.68994140625,3115.3798828125,3281.68994140625,0,-0.04087830378428925,52.64804839169377,0.550335322781533
2002-08-06,3284.7900390625,3288.969970703125,3013.800048828125,3072.0400390625,0,0.052951637291872106,55.51097825572128,0.591958235273777
2002-08-07,3270.510009765625,3374.93994140625,3258.02001953125,3300.52001953125,0,-0.004356795807585991,55.269654339622164,0.5919859208763576
2002-08-08,3388.449951171875,3404.169921875,3312.1298828125,3331.820068359375,0,0.03542663624648222,57.26276849456886,0.5944306504980192
2002-08-09,3447.93994140625,3449.4599609375,3338.820068359375,3414.070068359375,0,0.017404358980737288,58.26811358970802,0.583106372384938
2002-08-12,3364.43994140625,3435.0,3341.10009765625,3416.679931640625,0,-0.024515421451496138,56.85701375403157,0.5887808390771144
2002-08-13,3390.22998046875,3402.260009765625,3307.080078125,3386.510009765625,0,0.0076362471249213585,57.29284992029724,0.5563354398743338
2002-08-14,3240.81005859375,3338.010009765625,3240.81005859375,3305.320068359375,0,-0.04507444329809568,54.7677430076673,0.5787685139386302
2002-08-15,3375.010009765625,3392.8701171875,3314.159912109375,3341.360107421875,0,0.04057497353716054,57.03564155912143,0.5823302029305967
2002-08-16,3374.090087890625,3402.25,3298.909912109375,3384.39990234375,0,-0.00027260578962706603,57.020095432095715,0.5769050950780528
2002-08-19,3493.010009765625,3493.010009765625,3344.239990234375,3344.77001953125,0,0.03463814709800404,59.02977066822109,0.5555619051395221
2002-08-20,3440.6201171875,3506.6201171875,3420.0,3479.8701171875,0,-0.015112109721448637,58.14441295794446,0.5212908697207569
2002-08-21,3485.2099609375,3543.25,3441.2900390625,3446.800048828125,0,0.012876567675091887,58.89795452906378,0.5105181397311871
2002-08-22,3592.60009765625,3593.169921875,3517.139892578125,3521.18994140625,0,0.030347912096612653,60.7127833228015,0.5109955016113955
2002-08-23,3526.090087890625,3601.409912109375,3515.60009765625,3601.409912109375,0,-0.01868656828562562,59.58880411500375,0.5046713288664599
2002-08-26,3471.280029296875,3558.830078125,3471.280029296875,3505.090087890625,0,-0.015666222788389198,58.66254705302701,0.5098176789773701
2002-08-27,3570.5,3574.389892578125,3477.090087890625,3498.81005859375,0,0.028182231545833228,60.3393049494941,0.4636721528569137
2002-08-28,3419.739990234375,3523.4599609375,3410.949951171875,3522.47998046875,0,-0.04314112006991424,57.79155135659766,0.4894782500060556
2002-08-29,3331.77001953125,3412.3798828125,3309.949951171875,3402.7099609375,0,-0.026060821763952434,56.30491170146422,0.4964701236221183
2002-08-30,3366.2099609375,3401.0,3315.52001953125,3367.090087890625,0,0.010283770636869529,56.886926020734485,0.46107880269638474
2002-09-02,3272.760009765625,3349.169921875,3271.60009765625,3345.639892578125,0,-0.02815380221837958,55.307677987888916,0.4726295171478494
2002-09-03,3126.60009765625,3250.139892578125,3121.0,3250.139892578125,0,-0.045687485196556306,52.837663281780856,0.4781828082110189
2002-09-04,3168.699951171875,3177.6201171875,3068.1201171875,3102.760009765625,0,0.013375210335554775,53.54912551385153,0.4413785396235739
2002-09-05,3139.389892578125,3214.1298828125,3068.110107421875,3210.320068359375,0,-0.009292914416225153,53.05380313223107,0.442081679439453
2002-09-06,3246.669921875,3246.669921875,3104.909912109375,3146.2099609375,0,0.033601352302310775,54.86677117668838,0.44017842241814087
2002-09-09,3199.820068359375,3233.219970703125,3185.260009765625,3233.070068359375,0,-0.014535252029638466,54.075036798276834,0.4362935887319353
2002-09-10,3299.639892578125,3306.25,3240.47998046875,3244.080078125,0,0.03071875946976582,55.76193185878379,0.44473457978983755
2002-09-11,3397.02001953125,3402.300048828125,3278.840087890625,3325.699951171875,0,0.029085243401614003,57.407597501199426,0.45600179406986224
2002-09-12,3241.840087890625,3365.77001953125,3239.389892578125,3347.050048828125,0,-0.04675748550321157,54.78514988397346,0.4581346919076957
2002-09-13,3156.169921875,3217.669921875,3115.010009765625,3212.909912109375,0,-0.02678185452271692,53.33737554640433,0.44213657479176977
2002-09-16,3141.949951171875,3195.5,3117.179931640625,3188.14990234375,0,-0.004515631697381229,53.09706658445818,0.44202782725246964
2002-09-17,3112.830078125,3248.22998046875,3091.820068359375,3223.909912109375,0,-0.009311305370371767,52.60495822432208,0.4200538385690675
2002-09-18,3000.97998046875,3069.68994140625,2977.14990234375,3056.580078125,0,-0.036593409882247595,50.714758770152876,0.4326578491751091
2002-09-19,2927.179931640625,3034.1201171875,2923.330078125,3011.43994140625,0,-0.024899416604237338,49.46758228183813,0.43111697944431215
2002-09-20,2890.820068359375,2975.39990234375,2866.52001953125,2900.85009765625,0,-0.012499256328431041,48.8531224363125,0.40761828881993467
2002-09-23,2794.31005859375,2950.919921875,2773.1298828125,2893.330078125,0,-0.03395499486079399,47.222161251625,0.4149193159533156
2002-09-24,2742.81005859375,2822.010009765625,2666.0400390625,2797.0,0,-0.018602263995697123,46.35184219129762,0.4154528561582173
2002-09-25,2785.3798828125,2851.2099609375,2702.360107421875,2707.219970703125,0,0.015401303548067043,47.07124664590664,0.4023330395672915
2002-09-26,2961.4599609375,2961.4599609375,2835.75,2846.43994140625,0,0.061298109543010126,50.0468941825304,0.45863072282394574
2002-09-27,2950.52001953125,2978.93994140625,2918.27001953125,2944.659912109375,0,-0.0037009441606396867,49.862015745157116,0.4533407890782219
2002-09-30,2777.449951171875,2851.77001953125,2725.919921875,2846.3701171875,0,-0.06044820963459075,46.93723556524783,0.4867331402782001
2002-10-01,2828.56005859375,2831.18994140625,2750.8701171875,2789.68994140625,0,0.018234545958784876,47.800965675240796,0.49043074252813124
2002-10-02,2940.840087890625,2958.919921875,2860.81005859375,2914.52001953125,0,0.03892751576596296,49.6984307158464,0.4937917489590268
2002-10-03,2861.0400390625,2950.800048828125,2860.27001953125,2892.8701171875,0,-0.027510075965011253,48.34985783215371,0.497095419288698
2002-10-04,2765.89990234375,2854.9599609375,2754.8798828125,2838.6298828125,0,-0.033819164757123876,46.7420466789793,0.5070107206760479
2002-10-07,2733.56005859375,2772.030029296875,2698.530029296875,2730.610107421875,0,-0.011761233563760172,46.195522748423286,0.4862583715972265
2002-10-08,2694.22998046875,2786.570068359375,2678.6201171875,2752.5,0,-0.014492368426231535,45.53086805645527,0.48625134520676266
2002-10-09,2656.449951171875,2729.179931640625,2622.489990234375,2726.760009765625,0,-0.014121815409047129,44.8924082584592,0.4654059549012449
2002-10-10,2758.530029296875,2764.169921875,2612.030029296875,2612.050048828125,0,0.03770731317467123,46.61750025208826,0.47545522030877657
2002-10-11,2902.27001953125,2902.27001953125,2778.610107421875,2789.27001953125,0,0.050795256379530244,49.04661973232612,0.49968338088240155
2002-10-14,2885.27001953125,2949.9599609375,2849.72998046875,2876.47998046875,0,-0.005874706275024557,48.75932994542193,0.4935529295535958
2002-10-15,3086.030029296875,3092.419921875,2923.659912109375,2928.590087890625,0,0.06726699483721853,52.152053499801276,0.5522582782315989
2002-10-16,3067.699951171875,3180.2900390625,3028.030029296875,3036.85009765625,0,-0.005957405474530191,51.842286191656086,0.5517331690480981
2002-10-17,3183.080078125,3208.080078125,3116.679931640625,3117.2099609375,0,0.036921226815113325,53.79214102020558,0.5502352676035596
2002-10-18,3156.989990234375,3236.14990234375,3087.550048828125,3235.280029296875,0,-0.008230267136426044,53.351234209005035,0.5426375214362128
2002-10-21,3156.929931640625,3175.6201171875,3110.06005859375,3140.429931640625,0,-1.9024186082449413e-05,53.350219254852085,0.539686588881231
2002-10-22,3121.010009765625,3228.35009765625,3114.1298828125,3162.639892578125,0,-0.011443344213524055,52.743194154788334,0.5250729573271172
2002-10-23,2992.22998046875,3164.639892578125,2992.22998046875,3147.18994140625,0,-0.04213774822556605,50.56688902689338,0.5445221360064741
2002-10-24,3075.1298828125,3103.969970703125,3015.8701171875,3046.840087890625,0,0.027328216391288972,51.96784757270008,0.549176360906121
2002-10-25,3056.8798828125,3087.800048828125,3011.760009765625,3026.22998046875,0,-0.005952389047656926,51.65943353675881,0.5098724513249462
2002-10-28,3120.85009765625,3165.3798828125,3106.77001953125,3143.659912109375,0,0.020710682274641314,52.74049173621035,0.5137269168464518
2002-10-29,2965.110107421875,3129.35009765625,2962.43994140625,3091.89990234375,0,-0.0511912644222139,50.10857946521659,0.5002190880929008
2002-10-30,3084.219970703125,3095.449951171875,2968.75,3015.64990234375,0,0.03938461210095891,52.12146459699644,0.5134650375671599
2002-10-31,3150.0400390625,3162.9599609375,3056.659912109375,3081.9599609375,0,0.021116383985045926,53.233784209524906,0.5018270554833015
2002-11-01,3109.510009765625,3132.239990234375,3035.22998046875,3125.199951171875,0,-0.012950002921931578,52.54885106364727,0.4930312717897442
2002-11-04,3218.669921875,3218.669921875,3159.47998046875,3168.300048828125,0,0.034503045831333644,54.393587998258,0.483776768307798
2002-11-05,3247.389892578125,3264.070068359375,3175.800048828125,3197.56005859375,0,0.008883357220445014,54.87893824903419,0.47883183483180214
2002-11-06,3212.860107421875,3310.43994140625,3194.080078125,3310.43994140625,0,-0.010690024065488506,54.2954056243644,0.47673771067101034
2002-11-07,3111.719970703125,3249.719970703125,3104.169921875,3241.1201171875,0,-0.03198592107446401,52.58619807581204,0.491161487126518
2002-11-08,3058.179931640625,3134.27001953125,3043.10009765625,3084.2099609375,0,-0.017355673137227617,51.681403580923366,0.48554379251366747
2002-11-11,3053.699951171875,3071.5,3002.64990234375,3035.840087890625,0,-0.0014659912684759301,51.6056946024409,0.45617788263837167
2002-11-12,3064.639892578125,3093.1201171875,3027.919921875,3042.840087890625,0,0.0035761181446367966,51.79057303981418,0.45518583203002405
2002-11-13,3034.81005859375,3061.889892578125,2979.429931640625,3048.25,0,-0.009781233405447537,51.2864667663578,0.39166432851027716
2002-11-14,3148.60009765625,3152.0400390625,2996.47998046875,3023.070068359375,0,0.036809101720527725,53.209450064833376,0.4120523828989944
2002-11-15,3162.389892578125,3199.18994140625,3137.330078125,3181.669921875,0,0.004370096257280642,53.44248931451325,0.39144959287757597
2002-11-18,3208.469970703125,3233.610107421875,3167.219970703125,3168.969970703125,0,0.01446614199854683,54.22121495128146,0.3935538357455067
2002-11-19,3177.22998046875,3189.139892578125,3154.320068359375,3172.780029296875,0,-0.009784437008764652,53.693277884380144,0.39525082038588283
2002-11-20,3153.5,3209.219970703125,3124.429931640625,3194.02001953125,0,-0.007496794739653852,53.292255470726744,0.394007211907936
2002-11-21,3290.169921875,3290.800048828125,3212.1298828125,3233.030029296875,0,0.04242626430832253,55.60189504317855,0.3875661666327046
2002-11-22,3305.780029296875,3314.830078125,3265.449951171875,3298.35009765625,0,0.004733248942466538,55.86569648051866,0.3786120562683512
2002-11-25,3295.679931640625,3349.360107421875,3277.969970703125,3330.14990234375,0,-0.003059961159173766,55.695010897967165,0.3778393615208584
2002-11-26,3215.18994140625,3307.699951171875,3200.1298828125,3296.949951171875,0,-0.024726063515631027,54.33477841900518,0.3846087387307406
2002-11-27,3313.760009765625,3323.3701171875,3181.840087890625,3225.080078125,0,0.03019706359514274,56.00055335630495,0.34570428119529445
2002-11-28,3329.989990234375,3357.409912109375,3303.219970703125,3333.010009765625,0,0.004885798759515534,56.27483027573591,0.322731956152484
2002-11-29,3326.64990234375,3360.2900390625,3302.800048828125,3339.06005859375,0,-0.001003535785272502,56.21838479701009,0.31668881264864784
2002-12-02,3298.760009765625,3393.0400390625,3291.89990234375,3327.070068359375,0,-0.008419119024437018,55.74706236786008,0.314265726835924
2002-12-03,3222.260009765625,3319.2099609375,3219.139892578125,3307.10009765625,0,-0.02346366349236771,54.45425832679124,0.30462045955121714
2002-12-04,3199.840087890625,3236.510009765625,3170.300048828125,3200.169921875,0,-0.00698214372730166,54.075375116327876,0.30378241712159987
2002-12-05,3158.0400390625,3283.780029296875,3142.68994140625,3221.8798828125,0,-0.013149241655917212,53.36897940336218,0.30491848889006323
2002-12-06,3185.77001953125,3202.090087890625,3096.97998046875,3178.10009765625,0,0.008742429810933382,53.837599413934214,0.2844171139337575
2002-12-09,3115.6298828125,3234.06005859375,3108.60009765625,3234.06005859375,0,-0.02226268280940591,52.65227324150125,0.28890598811390084
2002-12-10,3142.75,3147.840087890625,3087.010009765625,3096.89990234375,0,0.008666871444360512,53.11058692900792,0.28999677005261454
2002-12-11,3190.090087890625,3204.139892578125,3148.639892578125,3169.199951171875,0,0.014950944303252498,53.9106059738387,0.2937405183970176
2002-12-12,3137.429931640625,3200.300048828125,3121.280029296875,3184.8701171875,0,-0.01664518545234937,53.020680969873766,0.2981127039888914
2002-12-13,3076.85009765625,3134.489990234375,3054.1201171875,3134.39990234375,0,-0.019497593554308218,51.99691817010541,0.27736979612560414
2002-12-16,3173.85009765625,3181.169921875,3064.60009765625,3071.1298828125,0,0.031039014667890327,53.63615989538223,0.29856899246585666
2002-12-17,3138.610107421875,3202.81005859375,3126.409912109375,3200.919921875,0,-0.01116533179999748,53.040625231562274,0.29630137233715687
2002-12-18,3077.389892578125,3132.52001953125,3077.389892578125,3121.27001953125,0,-0.019698260744571133,52.006040379992314,0.30192125959183447
2002-12-19,3054.2099609375,3134.360107421875,3016.8701171875,3094.8701171875,0,-0.007560846311041284,51.61431346108121,0.3019373159388373
2002-12-20,3082.85009765625,3118.280029296875,3042.60009765625,3057.179931640625,0,0.009333571567426476,52.09831456548335,0.26010850424552867
2002-12-23,3087.6201171875,3105.93994140625,3067.719970703125,3105.93994140625,0,0.0015460800604623326,52.17892502987521,0.25913172082458635
2002-12-24,3081.280029296875,3114.169921875,3062.06005859375,3114.169921875,0,-0.002055500971764571,52.07178135346042,0.2591644124914133
2002-12-27,3011.830078125,3080.570068359375,3004.06005859375,3047.260009765625,0,-0.022797211196679344,50.89811890212664,0.2572249507583609
2002-12-30,3025.139892578125,3029.52001953125,2984.02001953125,3021.669921875,0,0.004409442512763706,51.123046770242674,0.2291272102753069
2002-12-31,3063.909912109375,3091.97998046875,3023.1298828125,3028.14990234375,0,0.012734513499132594,51.77823680844291,0.23465533180842893
2003-01-02,3195.02001953125,3195.02001953125,3048.679931640625,3057.06005859375,0,0.0419015043108225,53.99391885680854,0.28347104108927296
2003-01-03,3187.8798828125,3217.780029296875,3174.97998046875,3204.85009765625,0,-0.0022372713989728043,53.873254835844044,0.28249310326924615
2003-01-06,3210.27001953125,3228.889892578125,3156.570068359375,3204.81005859375,0,0.006998969533348751,54.25163469506082,0.2723523116914791
2003-01-07,3160.989990234375,3232.340087890625,3145.669921875,3231.72998046875,0,-0.015469785254998373,53.41883180592368,0.2765785485574236
2003-01-08,3094.090087890625,3159.419921875,3090.10009765625,3136.929931640625,0,-0.0213913978909406,52.28826364779151,0.2827033785792097
2003-01-09,3152.2900390625,3152.2900390625,3054.330078125,3097.9599609375,0,0.018635316539072865,53.27180785779164,0.2889947891901227
2003-01-10,3160.1298828125,3189.31005859375,3108.56005859375,3142.010009765625,0,0.0024839436786524686,53.40429650722104,0.27802360463746995
2003-01-13,3169.820068359375,3210.9599609375,3159.93994140625,3169.889892578125,0,0.0030616965983178385,53.568054821387136,0.27666826909409115
2003-01-14,3174.030029296875,3201.260009765625,3147.81005859375,3181.219970703125,0,0.0013272575772500588,53.63920063201121,0.2716245411825589
2003-01-15,3134.659912109375,3215.489990234375,3127.989990234375,3198.739990234375,0,-0.01248139587102165,52.97386930394122,0.26882451039253574
2003-01-16,3142.590087890625,3168.3798828125,3115.6201171875,3128.530029296875,0,0.002526641443322614,53.10788451042994,0.2594019881130741
2003-01-17,3056.929931640625,3128.89990234375,3055.669921875,3117.949951171875,0,-0.027636206639719937,51.66027933188631,0.2533703612191146
2003-01-20,3020.070068359375,3076.31005859375,3017.159912109375,3049.60009765625,0,-0.012131089457022919,51.03736978674584,0.2538424021025226
2003-01-21,2992.389892578125,3064.090087890625,2989.949951171875,3038.7099609375,0,-0.0092076692481808,50.569591445471396,0.24705013956991684
2003-01-22,2931.3798828125,3010.840087890625,2908.570068359375,2992.169921875,0,-0.02059910138065063,49.538558933436754,0.25518564556480106
2003-01-23,2917.969970703125,2975.199951171875,2913.780029296875,2962.5,0,-0.004585102939105098,49.3119394750658,0.2519625300337519
2003-01-24,2898.60009765625,2969.570068359375,2894.580078125,2936.419921875,0,-0.0066602634960822695,48.98460025741886,0.2518575566355336
2003-01-27,2795.780029296875,2874.889892578125,2794.5,2874.39990234375,0,-0.036116747576369075,47.24700287339304,0.27665228589889646
2003-01-28,2800.070068359375,2846.81005859375,2781.8701171875,2824.050048828125,0,0.001533293361372568,47.31950195622107,0.26926092435585497
2003-01-29,2840.050048828125,2840.090087890625,2733.510009765625,2792.06005859375,0,0.01417723356252376,47.9951396073564,0.2749295656046275
2003-01-30,2914.1298828125,2920.64990234375,2860.739990234375,2866.510009765625,0,0.025749603936616065,49.24704429672514,0.28771810142820525
2003-01-31,2937.8798828125,2943.159912109375,2847.97998046875,2865.239990234375,0,0.008116914136188595,49.64840502842953,0.24243096122923058
2003-02-03,2957.7900390625,2983.989990234375,2941.449951171875,2973.929931640625,0,0.006754188142820583,49.98487470762315,0.24523725508239771
2003-02-04,2863.5,2937.909912109375,2861.419921875,2934.179931640625,0,-0.03239772820848941,48.39142969412591,0.26129740034033827
2003-02-05,2884.6201171875,2890.090087890625,2828.7099609375,2859.510009765625,0,0.007348563286707698,48.748346986254646,0.2622194356491812
2003-02-06,2836.179931640625,2911.2900390625,2820.260009765625,2862.139892578125,0,-0.016935163909739225,47.92973695193928,0.2590065420008672
2003-02-07,2796.659912109375,2854.699951171875,2792.6298828125,2842.489990234375,0,-0.014032235637803323,47.2618723643168,0.24726000782962237
2003-02-10,2772.260009765625,2802.070068359375,2756.969970703125,2801.739990234375,0,-0.008762941045350598,46.84952867344511,0.24563360813827137
2003-02-11,2841.840087890625,2846.669921875,2795.949951171875,2803.639892578125,0,0.02478888509044975,48.02539019211028,0.2666295013292423
2003-02-12,2770.6201171875,2811.719970703125,2770.469970703125,2806.219970703125,0,-0.0253805964709639,46.82181547407362,0.2743304093629955
2003-02-13,2758.64990234375,2786.2099609375,2727.030029296875,2743.590087890625,0,-0.004329769934127743,46.61952603456431,0.27353297914433156
2003-02-14,2827.75,2859.429931640625,2765.550048828125,2766.93994140625,0,0.024739948198405914,47.78727617166564,0.29250964932838247
2003-02-17,2882.1201171875,2884.860107421875,2858.590087890625,2870.39990234375,0,0.019044832692884248,48.7060984881805,0.2917441610315659
2003-02-18,2938.6298828125,2950.75,2864.75,2892.169921875,0,0.019417271350117168,49.66107957785179,0.2994045252089204
2003-02-19,2859.18994140625,2932.389892578125,2859.18994140625,2932.139892578125,0,-0.027405099030386827,48.31859229324692,0.3118369597156101
2003-02-20,2804.489990234375,2883.780029296875,2792.52001953125,2857.739990234375,0,-0.01931664666219512,47.394195980550606,0.31091217610467936
2003-02-21,2829.830078125,2829.830078125,2781.72998046875,2781.72998046875,0,0.008994966007345557,47.822428242328904,0.3130997030806006
2003-02-24,2785.610107421875,2850.050048828125,2785.610107421875,2828.840087890625,0,-0.01574974830776539,47.075137303493,0.3165657435254257
2003-02-25,2683.3701171875,2762.800048828125,2683.3701171875,2757.510009765625,0,-0.03739340754231444,45.347342891285955,0.3183307347856465
2003-02-26,2658.570068359375,2727.889892578125,2647.60009765625,2725.679931640625,0,-0.009285100971013975,44.928236965224464,0.3190425412282896
2003-02-27,2715.800048828125,2725.429931640625,2633.18994140625,2640.610107421875,0,0.02129817729581133,45.89538925307139,0.3246287525243651
2003-02-28,2754.070068359375,2757.840087890625,2693.929931640625,2737.4599609375,0,0.013993255117262186,46.5421295916568,0.3142971282914045
2003-03-03,2762.25,2796.72998046875,2746.909912109375,2770.679931640625,0,0.002965722632049332,46.68036552212303,0.312567188706985
2003-03-04,2676.340087890625,2734.429931640625,2650.89990234375,2732.419921875,0,-0.031595342669722415,45.22853961960187,0.3255494185866475
2003-03-05,2655.070068359375,2674.360107421875,2633.639892578125,2652.010009765625,0,-0.007979176899951862,44.86908906792065,0.3100512010568015
2003-03-06,2634.530029296875,2676.820068359375,2620.610107421875,2669.429931640625,0,-0.0077662363587327615,44.521974747610685,0.3077393075622226
2003-03-07,2574.909912109375,2617.159912109375,2569.330078125,2613.070068359375,0,-0.02289026116764313,43.51443058514013,0.3114841946098229
2003-03-10,2513.610107421875,2582.5,2513.610107421875,2581.2099609375,0,-0.02409453830996356,42.478500713025994,0.3172201280763543
2003-03-11,2493.419921875,2523.739990234375,2466.6298828125,2499.5,0,-0.008064778865128816,42.137298706948485,0.31712723618622685
2003-03-12,2403.0400390625,2518.2900390625,2401.14990234375,2507.340087890625,0,-0.03692061200941999,40.609932984970335,0.316018561856476
2003-03-13,2554.7099609375,2554.7099609375,2431.449951171875,2453.050048828125,0,0.06120408025733129,43.173063545867016,0.389715158956646
2003-03-14,2740.010009765625,2740.010009765625,2595.300048828125,2598.550048828125,0,0.07002287460452318,46.304523048288644,0.4662016280986178
2003-03-17,2831.72998046875,2864.2099609375,2623.050048828125,2632.840087890625,0,0.03292625181364823,47.8545354505333,0.47256583750682934
2003-03-18,2794.889892578125,2902.010009765625,2762.3701171875,2847.8701171875,0,-0.01309511400143672,47.23196009761394,0.46940761853199153
2003-03-19,2837.679931640625,2889.43994140625,2770.800048828125,2807.949951171875,0,0.015194081424350874,47.955086050783784,0.46726364425738826
2003-03-20,2794.830078125,2858.31005859375,2765.929931640625,2814.85009765625,0,-0.015215483016359336,47.230949269290875,0.46066412010554286
2003-03-21,2890.679931640625,2909.9599609375,2820.909912109375,2821.409912109375,0,0.033720435103827294,48.85075420995567,0.4707422318189267
2003-03-24,2726.85009765625,2842.5,2723.969970703125,2841.6298828125,0,-0.05834461225358401,46.0821284397251,0.5130259710296117
2003-03-25,2795.7900390625,2803.14990234375,2644.219970703125,2707.4599609375,0,0.024967595563747468,47.24717203241857,0.5184026081039969
2003-03-26,2787.56005859375,2842.6201171875,2766.909912109375,2791.949951171875,0,-0.002948045988644061,47.10809030682487,0.5003698004252066
2003-03-27,2722.840087890625,2760.820068359375,2701.199951171875,2756.2900390625,0,-0.023491196715699148,46.01436168378099,0.5067199307124421
2003-03-28,2733.0,2744.949951171875,2678.909912109375,2735.909912109375,0,0.0037244214236413797,46.18605809465555,0.5015404187961678
2003-03-31,2618.4599609375,2666.77001953125,2596.830078125,2666.77001953125,0,-0.04281356316465266,44.250400246757735,0.5202552685704163
2003-04-01,2635.0400390625,2668.070068359375,2599.280029296875,2627.719970703125,0,0.006312033186735956,44.53059360625103,0.5208193246121102
2003-04-02,2743.8798828125,2751.830078125,2682.239990234375,2683.22998046875,0,0.04047455745225325,46.369921577875886,0.5294117889613023
2003-04-03,2788.68994140625,2829.7099609375,2745.780029296875,2759.239990234375,0,0.016198996085988567,47.127184647556035,0.5307608837674194
2003-04-04,2837.9599609375,2863.330078125,2763.47998046875,2798.81005859375,0,0.01751353993527964,47.95981837766767,0.5319200370868784
2003-04-07,2935.679931640625,2989.35009765625,2910.60009765625,2920.889892578125,0,0.0338536192593754,49.611227175290274,0.5327107396194457
2003-04-08,2893.510009765625,2938.199951171875,2885.590087890625,2905.889892578125,0,-0.014468788277998478,48.898580830041155,0.5268143892511133
2003-04-09,2888.030029296875,2938.320068359375,2836.699951171875,2863.56005859375,0,-0.0018956824904097242,48.80597245232902,0.5250660632281349
2003-04-10,2808.580078125,2861.25,2802.9599609375,2847.429931640625,0,-0.027895573574911497,47.46331600869867,0.5164143223031511
2003-04-11,2838.139892578125,2893.409912109375,2819.2900390625,2823.68994140625,0,0.010469824828602996,47.96285911429665,0.4783469273444982
2003-04-14,2874.97998046875,2883.469970703125,2808.090087890625,2836.340087890625,0,0.012896840723657817,48.58543446721601,0.41759480615788214
2003-04-15,2921.52001953125,2958.090087890625,2895.02001953125,2914.8701171875,0,0.016058324562765295,49.371933167497076,0.40592735977412625
2003-04-16,2895.159912109375,2991.06005859375,2884.35009765625,2972.110107421875,0,-0.00906368862970494,48.92646318843814,0.40433980430852606
2003-04-17,2898.610107421875,2913.280029296875,2851.75,2865.340087890625,0,0.001191001958554282,48.984769416444365,0.40134069275965156
2003-04-22,2914.60009765625,2922.419921875,2861.6298828125,2916.169921875,0,0.005501273821875647,49.2549906450934,0.39718130398251345
2003-04-23,2962.669921875,3000.909912109375,2945.06005859375,2971.070068359375,0,0.016358239787959448,50.067341795465545,0.38404553778381834
2003-04-24,2903.0400390625,2985.919921875,2898.3798828125,2936.2900390625,0,-0.020332385158548655,49.059632599799386,0.32835844637936307
2003-04-25,2866.739990234375,2927.669921875,2861.860107421875,2904.68994140625,0,-0.012582984999776989,48.44618358259682,0.32238940904522306
2003-04-28,2949.570068359375,2956.070068359375,2853.22998046875,2858.830078125,0,0.028483927938518276,49.84596214105496,0.33542540534230314
2003-04-29,2940.800048828125,3015.419921875,2940.800048828125,2980.860107421875,0,-0.0029777504085764486,49.69775407974447,0.32253011527956055
2003-04-30,2953.669921875,2986.27001953125,2930.090087890625,2946.260009765625,0,0.004366768704151758,49.91524720239863,0.3225392328084439
2003-05-02,2963.1201171875,2963.1201171875,2904.699951171875,2945.409912109375,0,0.0031943683267164485,50.074949825782824,0.27478598238967505
2003-05-05,2996.219970703125,3035.60009765625,2991.330078125,2992.510009765625,0,0.011108677608955226,50.63431746478657,0.2753808929014719
2003-05-06,3057.56005859375,3057.56005859375,2980.81005859375,2998.360107421875,0,0.020265747003183343,51.67092809883256,0.25147225451649363
2003-05-07,3023.9599609375,3070.6201171875,3015.60009765625,3053.820068359375,0,-0.011050013627014563,51.10310663438409,0.25409527873166754
2003-05-08,2939.169921875,3035.590087890625,2929.070068359375,3017.97998046875,0,-0.02844001581191949,49.6702059135686,0.2721954998027613
2003-05-09,2967.889892578125,2967.889892578125,2902.320068359375,2942.739990234375,0,0.009724024442025098,50.155556164344794,0.24800536665006254
2003-05-12,2962.6298828125,3003.6201171875,2922.139892578125,2992.659912109375,0,-0.0017738786292338642,50.0666651593636,0.24216858045877662
2003-05-13,2963.6298828125,2980.780029296875,2938.39990234375,2970.679931640625,0,0.0003374809910599991,50.08356455859327,0.24194115528751292
2003-05-14,2961.830078125,3016.56005859375,2952.659912109375,2958.139892578125,0,-0.0006074818679778822,50.05314894064379,0.21781271392664697
2003-05-15,2995.97998046875,3006.580078125,2942.669921875,2964.889892578125,0,0.011464036623251449,50.63026177400465,0.21829605429399487
2003-05-16,2994.8701171875,3036.27001953125,2966.570068359375,2997.590087890625,0,-0.0003705194674731008,50.61150575132447,0.21520971108712464
2003-05-19,2867.2900390625,2932.97998046875,2861.080078125,2932.97998046875,0,-0.04353351764038912,48.45547907733912,0.2602614351526439
2003-05-20,2877.260009765625,2890.139892578125,2829.8798828125,2866.25,0,0.003471109357122251,48.62396559255922,0.2589213999228856
2003-05-21,2881.199951171875,2881.43994140625,2814.340087890625,2876.449951171875,0,0.0013684012905460612,48.690548235324904,0.2589349601121564
2003-05-22,2903.27001953125,2905.949951171875,2876.820068359375,2886.050048828125,0,0.0076308375928904,49.06351913155583,0.2596388942666716
2003-05-23,2897.159912109375,2930.989990234375,2861.77001953125,2930.639892578125,0,-0.002106778205707868,48.96026198689747,0.2525979876274964
2003-05-26,2885.52001953125,2926.050048828125,2881.070068359375,2883.7900390625,0,-0.004025783351767478,48.763554795229396,0.2430617844279634
2003-05-27,2891.469970703125,2903.719970703125,2826.81005859375,2880.10009765625,0,0.00205988007103666,48.86410539547988,0.23898793903019355
2003-05-28,2949.610107421875,2956.02001953125,2907.300048828125,2931.010009765625,0,0.019907981448894944,49.84663877715695,0.2278824737728045
2003-05-29,2969.179931640625,2985.85009765625,2929.389892578125,2934.780029296875,0,0.006612802753222602,50.17735704948384,0.2287232862080424
2003-05-30,2991.75,3012.919921875,2934.860107421875,2939.330078125,0,0.007572703076997425,50.55877764532958,0.22968134198230966
2003-06-02,3048.320068359375,3048.320068359375,2990.320068359375,3018.659912109375,0,0.01873214114407706,51.51477781498372,0.2380388635760383
2003-06-03,3039.409912109375,3039.409912109375,3002.989990234375,3017.0,0,-0.0029272528975621643,51.36420152731633,0.23574319672701066
2003-06-04,3063.85009765625,3079.909912109375,3026.14990234375,3049.0400390625,0,0.008008938222103348,51.77722598011989,0.22655815091792855
2003-06-05,3034.070068359375,3085.820068359375,3010.679931640625,3075.77001953125,0,-0.009767351896991495,51.273961375961086,0.22580523639646743
2003-06-06,3093.2099609375,3112.780029296875,3039.780029296875,3039.780029296875,0,0.01930439897390493,52.27339003103791,0.20960261261513066
2003-06-09,3055.22998046875,3088.0400390625,3044.0,3074.989990234375,0,-0.012354504204356298,51.63155117836188,0.21383622972748192
2003-06-10,3083.85009765625,3090.10009765625,3042.969970703125,3047.02001953125,0,0.009323978240241334,52.115213964713035,0.21522438245038134
2003-06-11,3121.89990234375,3130.85009765625,3088.969970703125,3103.0400390625,0,0.012262911496788667,52.758232804737624,0.21807263102610364
2003-06-12,3152.159912109375,3170.72998046875,3135.570068359375,3137.06005859375,0,0.009646144696274502,53.26960879046027,0.2191350929180913
2003-06-13,3108.93994140625,3160.110107421875,3098.699951171875,3143.989990234375,0,-0.013806091012340944,52.53921725085403,0.2242127674001202
2003-06-16,3174.489990234375,3177.429931640625,3077.139892578125,3095.9599609375,0,0.020865173211118374,53.64697369552409,0.2335410256651357
2003-06-17,3200.75,3224.320068359375,3179.3701171875,3213.030029296875,0,0.008238170899405175,54.09075208432811,0.1621439166347421
2003-06-18,3213.929931640625,3228.60009765625,3178.64990234375,3199.1201171875,0,0.004109308750520551,54.31348501094262,0.16207129873038534
2003-06-19,3164.909912109375,3220.8701171875,3156.550048828125,3219.39990234375,0,-0.015369874692140835,53.4850761306384,0.1768461918644765
2003-06-20,3190.110107421875,3198.679931640625,3125.93994140625,3125.93994140625,0,0.007930841231733342,53.91094429188969,0.1769167449413765
2003-06-23,3119.239990234375,3176.139892578125,3112.969970703125,3164.340087890625,0,-0.022466053360034238,52.713281888085476,0.19913882570966734
2003-06-24,3103.340087890625,3129.8798828125,3089.27001953125,3122.090087890625,0,-0.00511040010665934,52.444583090665866,0.1996911426850626
2003-06-25,3108.699951171875,3131.64990234375,3083.4599609375,3115.22998046875,0,0.001725637496734365,52.5351615600721,0.19972413933937735
2003-06-26,3103.4599609375,3129.3701171875,3071.18994140625,3071.18994140625,0,-0.0016870111366303804,52.446608873141884,0.19112628075446236
2003-06-27,3109.02001953125,3128.43994140625,3089.06005859375,3122.070068359375,0,0.001789964747010408,52.54057052305796,0.1905228080098589
2003-06-30,3084.10009765625,3137.18994140625,3084.10009765625,3094.820068359375,0,-0.008047658013340888,52.11943881452045,0.1926361181293521
2003-07-01,3013.0,3098.1298828125,3008.719970703125,3085.590087890625,0,-0.023323652113180174,50.9178898789598,0.2000369519891169
2003-07-02,3079.070068359375,3087.75,3049.360107421875,3056.89990234375,0,0.02169136539118493,52.03443434129568,0.21404663102606591
2003-07-03,3092.090087890625,3105.760009765625,3054.6298828125,3093.10009765625,0,0.004219640560425105,52.254464849332216,0.21279671067816683
2003-07-04,3072.39990234375,3091.239990234375,3072.39990234375,3077.75,0,-0.006388282742390153,51.921712542869535,0.21106998654839504
2003-07-07,3182.18994140625,3182.18994140625,3097.3798828125,3097.919921875,0,0.035110637236225095,53.77709824442648,0.23452023684530243
2003-07-08,3177.969970703125,3203.35009765625,3148.0,3169.35009765625,0,-0.0013270016416875355,53.705783274776906,0.22945694362634877
2003-07-09,3139.929931640625,3190.52001953125,3131.85009765625,3177.199951171875,0,-0.012042134044869889,53.062929467947924,0.23263323307214198
2003-07-10,3098.280029296875,3135.35009765625,3091.179931640625,3121.31005859375,0,-0.013353356649732858,52.359071140364634,0.23373155374994564
2003-07-11,3138.27001953125,3140.0,3076.35009765625,3080.469970703125,0,0.012824570640697502,53.03487795052546,0.2356973812103355
2003-07-14,3190.22998046875,3202.14990234375,3141.85009765625,3153.43994140625,0,0.016421309490906293,53.91297007436572,0.23698369645206116
2003-07-15,3179.330078125,3206.030029296875,3169.3701171875,3175.889892578125,0,-0.0034225010465899317,53.728768273094396,0.22632216407438285
2003-07-16,3150.719970703125,3199.39990234375,3144.320068359375,3186.85009765625,0,-0.009039518493158614,53.245274645768724,0.2263816485597334
2003-07-17,3129.3701171875,3144.9599609375,3102.3798828125,3139.3798828125,0,-0.006799245063877408,52.884474947713464,0.2265849783468291
2003-07-18,3129.2099609375,3156.820068359375,3119.080078125,3128.8701171875,0,-5.117973982465308e-05,52.88176840330559,0.2207115250582683
2003-07-21,3081.06005859375,3157.760009765625,3072.320068359375,3157.760009765625,0,-0.015506851406471869,52.068063980729505,0.22428160319916732
2003-07-22,3092.6201171875,3093.7900390625,3060.5,3088.31005859375,0,0.0037449533422873023,52.26342202602352,0.21166298264451502
2003-07-23,3089.409912109375,3114.39990234375,3080.0400390625,3100.43994140625,0,-0.0010385602630390402,52.209171488799214,0.21099212082287355
2003-07-24,3156.860107421875,3158.0400390625,3069.2099609375,3069.360107421875,0,0.02159779100436963,53.349039267503564,0.22411592846504597
2003-07-25,3109.320068359375,3136.340087890625,3097.199951171875,3118.06005859375,0,-0.015173821971137702,52.54564116799284,0.23072243604717543
2003-07-28,3164.929931640625,3180.89990234375,3138.510009765625,3142.300048828125,0,0.017726842097426743,53.4854144486894,0.2386701497945421
2003-07-29,3142.389892578125,3188.699951171875,3128.639892578125,3155.530029296875,0,-0.007147294141789072,53.10450132992012,0.23826732170006495
2003-07-30,3172.510009765625,3183.030029296875,3131.85009765625,3132.719970703125,0,0.009539453060779746,53.61351321511576,0.22288393686866087
2003-07-31,3210.27001953125,3220.550048828125,3155.469970703125,3189.280029296875,0,0.011831976070320672,54.251634695060844,0.21462691880489057
2003-08-01,3169.6298828125,3219.14990234375,3158.60009765625,3200.81005859375,0,-0.012740226976133983,53.564840799902804,0.22036824401956875
2003-08-04,3142.0,3206.179931640625,3126.18994140625,3164.010009765625,0,-0.00875528502865507,53.0979123795857,0.22154186156207595
2003-08-05,3187.610107421875,3203.419921875,3150.8798828125,3167.85009765625,0,0.014411913559404002,53.868695793815554,0.19095668186432027
2003-08-06,3126.14990234375,3158.5,3119.6298828125,3154.06005859375,0,-0.019469269138365792,52.83005525146367,0.20262747184744817
2003-08-07,3130.56005859375,3156.610107421875,3105.3701171875,3156.610107421875,0,0.001409736749158456,52.904584242597586,0.1985260264498496
2003-08-08,3165.489990234375,3189.679931640625,3133.60009765625,3145.8701171875,0,0.01109593784979985,53.49487910245717,0.1960769781719643
2003-08-11,3188.320068359375,3200.35009765625,3168.929931640625,3184.3701171875,0,0.007186294889273718,53.88069370713584,0.19274514701016907
2003-08-12,3208.22998046875,3223.409912109375,3190.8798828125,3201.889892578125,0,0.0062252233642903256,54.21715926049956,0.18539819992163234
2003-08-13,3208.06005859375,3237.179931640625,3198.530029296875,3232.2900390625,0,-5.296577118711534e-05,54.21428768289609,0.18491991632769092
2003-08-14,3261.699951171875,3261.699951171875,3197.030029296875,3217.8798828125,0,0.01658210554582738,55.1207696422098,0.18963095536956467
2003-08-15,3279.2099609375,3298.820068359375,3262.5,3266.239990234375,0,0.0053540109338170135,55.41667828775431,0.18747028899219545
2003-08-18,3301.080078125,3301.25,3261.43994140625,3301.25,0,0.00664718350871933,55.78627012930527,0.18788012609108337
2003-08-19,3310.699951171875,3323.889892578125,3291.25,3315.669921875,0,0.002909921319942618,55.948840204463046,0.17604154580358883
2003-08-20,3280.340087890625,3304.47998046875,3264.27001953125,3304.47998046875,0,-0.009212530290501801,55.435776754315356,0.18138440083710136
2003-08-21,3306.419921875,3330.81005859375,3294.6298828125,3294.6298828125,0,0.007918907090117958,55.876510280660504,0.18164603974340868
2003-08-22,3328.989990234375,3347.550048828125,3297.52001953125,3297.52001953125,0,0.006802942306064211,56.257930876506265,0.16963154151444
2003-08-25,3291.360107421875,3311.72998046875,3284.27001953125,3310.31005859375,0,-0.01136806589022897,55.622008463892584,0.16507863913341508
2003-08-26,3256.68994140625,3317.050048828125,3249.8798828125,3303.010009765625,0,-0.010589561700282865,55.036103487036,0.1617303772465877
2003-08-27,3280.02001953125,3284.699951171875,3261.830078125,3279.530029296875,0,0.007138201733773161,55.430367791329495,0.159820808193274
2003-08-28,3322.949951171875,3336.010009765625,3280.159912109375,3290.110107421875,0,0.01300340202739601,56.15585784502635,0.16229975039916747
2003-08-29,3311.419921875,3353.93994140625,3311.10009765625,3336.989990234375,0,-0.003475851098411528,55.96100727680881,0.15949904265196835
2003-09-01,3358.52001953125,3373.2099609375,3335.5400390625,3335.5400390625,0,0.014123329739901231,56.75697063085765,0.15644511381407902
2003-09-02,3363.929931640625,3376.77001953125,3342.27001953125,3368.580078125,0,0.0016095064497434774,56.848394895391344,0.15085568319472942
2003-09-03,3422.780029296875,3435.7900390625,3393.669921875,3399.18994140625,0,0.017343181923056006,57.84292619038867,0.1538994855914216
2003-09-04,3410.68994140625,3432.800048828125,3394.449951171875,3420.570068359375,0,-0.0035384952468959585,57.63861096840335,0.1324904025427599
2003-09-05,3392.75,3422.22998046875,3370.989990234375,3408.929931640625,0,-0.0052737977084972906,57.33543673642245,0.1362019454636403
2003-09-08,3409.719970703125,3417.68994140625,3381.85009765625,3385.659912109375,0,0.004989365915639055,57.62221904625016,0.1337173178735248
2003-09-09,3375.260009765625,3431.3701171875,3364.050048828125,3430.929931640625,0,-0.010157806607356566,57.039866408928916,0.1410534512926756
2003-09-10,3328.7099609375,3364.8798828125,3324.39990234375,3364.070068359375,0,-0.013887531471564997,56.25319854962236,0.15155967936246048
2003-09-11,3348.25,3359.639892578125,3305.77001953125,3309.43994140625,0,0.005852991469033896,56.58341347070266,0.1520517889816185
2003-09-12,3322.56005859375,3375.639892578125,3301.5400390625,3364.949951171875,0,-0.007702233517020833,56.149268894691915,0.1459288614081135
2003-09-15,3338.360107421875,3361.18994140625,3332.93994140625,3336.590087890625,0,0.004744112845704753,56.4162802276865,0.14570840219086884
2003-09-16,3386.409912109375,3386.64990234375,3333.5400390625,3344.090087890625,0,0.014290636640939177,57.22829306000765,0.15181693698958815
2003-09-17,3393.929931640625,3423.090087890625,3393.47998046875,3408.7099609375,0,0.0022181845712658937,57.355376872281084,0.15173853680492339
2003-09-18,3415.010009765625,3415.070068359375,3376.919921875,3394.72998046875,0,0.006191902309787512,57.71161752830783,0.14777328692212635
2003-09-19,3373.639892578125,3424.260009765625,3367.139892578125,3422.85009765625,0,-0.012188175827168295,57.012487401778536,0.1537750082179725
2003-09-22,3282.949951171875,3336.64990234375,3269.530029296875,3334.6201171875,0,-0.027249854750957085,55.47988187584001,0.1804064369367076
2003-09-23,3266.0400390625,3298.75,3241.320068359375,3290.6201171875,0,-0.005164139726740493,55.19411452016526,0.177016255551257
2003-09-24,3263.780029296875,3300.010009765625,3262.2099609375,3284.81005859375,0,-0.0006922119850798391,55.15592171287304,0.17309185078403727
2003-09-25,3230.5400390625,3243.68994140625,3209.8798828125,3220.89990234375,0,-0.010236723830553704,54.59418584751239,0.17465205323242813
2003-09-26,3216.760009765625,3231.199951171875,3177.9599609375,3209.77001953125,0,-0.0042746731735305125,54.36131163102812,0.1676567540670546
2003-09-29,3188.7099609375,3243.199951171875,3175.030029296875,3215.659912109375,0,-0.00875821079713936,53.88728265747024,0.16941204867711465
2003-09-30,3134.989990234375,3208.64990234375,3110.929931640625,3191.929931640625,0,-0.01699045287251037,52.9794474259526,0.16683452525500236
2003-10-01,3191.010009765625,3191.010009765625,3122.360107421875,3137.10009765625,0,0.017711502993311735,53.926152100864435,0.18146338246747112
2003-10-02,3192.93994140625,3228.409912109375,3182.429931640625,3219.610107421875,0,0.0006046199341094938,53.958766786145304,0.1670794812429443
2003-10-03,3296.360107421875,3299.8798828125,3197.570068359375,3202.090087890625,0,0.031876757872281496,55.706505460040866,0.2067910857233401
2003-10-06,3281.360107421875,3297.169921875,3271.3701171875,3291.85009765625,0,-0.004560858629386543,55.453014471596,0.20664721858637142
2003-10-07,3254.75,3290.9599609375,3229.340087890625,3290.35009765625,0,-0.008142535547038142,55.00331964272964,0.20638623724377164
2003-10-08,3248.610107421875,3292.830078125,3233.739990234375,3244.659912109375,0,-0.0018882221808303233,54.89955914682469,0.20435429718772144
2003-10-09,3324.989990234375,3324.989990234375,3245.080078125,3266.820068359375,0,0.023239418032919866,56.190333279587634,0.21682331604131058
2003-10-10,3306.1201171875,3345.360107421875,3294.389892578125,3329.7900390625,0,-0.005691331821089084,55.871443761555525,0.21654879959795117
2003-10-13,3360.340087890625,3367.550048828125,3313.919921875,3313.919921875,0,0.016266853660799635,56.787728692688,0.2224848028479173
2003-10-14,3344.89990234375,3380.139892578125,3336.260009765625,3380.139892578125,0,-0.004605416915638225,56.526798832951364,0.22261525997721715
2003-10-15,3374.97998046875,3403.760009765625,3360.800048828125,3369.75,0,0.008952624022406225,57.03513408204505,0.21906546066371954
2003-10-16,3357.489990234375,3393.6298828125,3347.22998046875,3361.820068359375,0,-0.005195724498278701,56.739563754551526,0.21955583539740264
2003-10-17,3353.719970703125,3395.159912109375,3344.929931640625,3379.43994140625,0,-0.001123499324191125,56.67585268938933,0.21819880403840722
2003-10-20,3358.800048828125,3374.8701171875,3334.39990234375,3339.2900390625,0,0.0015136130931753665,56.761702957741555,0.21436642115676222
2003-10-21,3363.300048828125,3395.7900390625,3352.070068359375,3388.320068359375,0,0.0013388674987988357,56.83775025427501,0.19047364904102151
2003-10-22,3302.699951171875,3370.81005859375,3297.0,3358.659912109375,0,-0.018182348385417144,55.81364501062578,0.2009621312091041
2003-10-23,3264.2900390625,3283.360107421875,3239.050048828125,3255.27001953125,0,-0.011698007817087323,55.16454057151338,0.2053745544133445
2003-10-24,3266.27001953125,3277.31005859375,3249.469970703125,3264.780029296875,0,0.000606373882684956,55.19800105192171,0.2019663418504872
2003-10-27,3306.590087890625,3321.3798828125,3279.219970703125,3283.820068359375,0,0.012268806412832952,55.87938598409389,0.2051199405999585
2003-10-28,3352.14990234375,3353.9599609375,3316.81005859375,3316.81005859375,0,0.013684428433074994,56.64931947736639,0.205969047617262
2003-10-29,3366.949951171875,3389.2099609375,3349.830078125,3387.06005859375,0,0.004405373662111441,56.89943141113131,0.19357795405944245
2003-10-30,3387.360107421875,3417.639892578125,3346.85009765625,3365.139892578125,0,0.00604361309941578,57.244350789939766,0.1868095693743425
2003-10-31,3373.199951171875,3378.389892578125,3352.820068359375,3378.389892578125,0,-0.0041890544080208465,57.00505265631668,0.18826583456732138
2003-11-03,3439.070068359375,3442.25,3377.22998046875,3381.97998046875,0,0.019339271631511383,58.118218063972606,0.16758658186190933
2003-11-04,3424.81005859375,3448.610107421875,3407.169921875,3432.820068359375,0,-0.004155093043065259,57.877232465924486,0.16739165255962607
2003-11-05,3393.25,3421.409912109375,3384.820068359375,3404.550048828125,0,-0.009257848635545235,57.34388643603731,0.16828847870697955
2003-11-06,3412.179931640625,3436.070068359375,3372.179931640625,3403.860107421875,0,0.005563198990485067,57.66379090822237,0.16810743221047936
2003-11-07,3453.1298828125,3472.830078125,3434.2900390625,3434.6201171875,0,0.011929668997808208,58.355820481510904,0.15439677954486108
2003-11-10,3425.18994140625,3458.469970703125,3420.93994140625,3426.31005859375,0,-0.008124104662853128,57.88365225723342,0.15610474285388795
2003-11-11,3406.050048828125,3411.699951171875,3388.1201171875,3402.25,0,-0.005603651076414634,57.56019957134292,0.1485659252227852
2003-11-12,3411.050048828125,3421.8798828125,3391.18994140625,3400.85009765625,0,0.0014668996567324519,57.644696567491216,0.14734695886832247
2003-11-13,3412.550048828125,3449.800048828125,3401.580078125,3444.260009765625,0,0.0004396506250936457,57.6700456663357,0.14443078470258008
2003-11-14,3448.60009765625,3461.35009765625,3403.64990234375,3403.64990234375,0,0.010508553174755606,58.27926983373085,0.14681595037596765
2003-11-17,3359.300048828125,3406.530029296875,3355.860107421875,3396.030029296875,0,-0.02623574642896024,56.77015265735641,0.17504357483281963
2003-11-18,3352.919921875,3386.6298828125,3343.06005859375,3386.6298828125,0,-0.0019010488042545358,56.66233234483964,0.17509065813821606
2003-11-19,3343.3798828125,3350.110107421875,3298.260009765625,3311.739990234375,0,-0.0028493483849938387,56.50111141605593,0.17526299652877583
2003-11-20,3324.389892578125,3369.469970703125,3287.929931640625,3369.469970703125,0,-0.005696069965990408,56.18019198971791,0.16418239716879923
2003-11-21,3366.1201171875,3366.1201171875,3317.659912109375,3318.43994140625,0,0.012474614253507071,56.88540771533505,0.16325418281201512
2003-11-24,3412.050048828125,3419.179931640625,3369.580078125,3372.35009765625,0,0.013552517423486118,57.66159596672087,0.1684748105311588
2003-11-25,3418.14990234375,3437.199951171875,3414.159912109375,3418.169921875,0,0.0017861424792629693,57.764679826523846,0.16434931203535744
2003-11-26,3415.18994140625,3450.14990234375,3409.56005859375,3421.199951171875,0,-0.0008663292592815135,57.714658264936844,0.1584707684593053
2003-11-27,3431.659912109375,3437.820068359375,3416.659912109375,3425.14990234375,0,0.004810972293115436,57.99299087514973,0.15859040995074933
2003-11-28,3424.7900390625,3442.760009765625,3396.590087890625,3429.97998046875,0,-0.0020039161358232963,57.876894147873514,0.1577538554644975
2003-12-01,3490.260009765625,3490.75,3440.719970703125,3450.659912109375,0,0.01893606743314341,58.98329732033966,0.16898933583623255
2003-12-02,3471.860107421875,3506.969970703125,3462.449951171875,3491.43994140625,0,-0.00528573045954675,58.67235002484591,0.15761084656322552
2003-12-03,3501.929931640625,3511.280029296875,3466.080078125,3467.330078125,0,0.008623721220235615,59.18051198908421,0.15911376961440218
2003-12-04,3496.550048828125,3505.280029296875,3477.31005859375,3490.260009765625,0,-0.0015374435269461496,59.089595201626985,0.1549999696047785
2003-12-05,3457.139892578125,3491.800048828125,3442.3701171875,3481.2099609375,0,-0.01133515545026263,58.42358723745503,0.16028327620971627
2003-12-08,3434.909912109375,3439.570068359375,3417.56005859375,3432.780029296875,0,-0.006450927717995357,58.047913922646124,0.15654998283633048
2003-12-09,3456.1201171875,3478.570068359375,3451.179931640625,3459.830078125,0,0.006155907598230949,58.40635364600427,0.15531280385063786
2003-12-10,3438.85009765625,3456.169921875,3419.77001953125,3449.06005859375,0,-0.005009464902286965,58.11450069124169,0.15503543998930655
2003-12-11,3467.89990234375,3469.110107421875,3441.010009765625,3449.97998046875,0,0.008412053712881657,58.60542493819935,0.15745370620827095
2003-12-12,3470.60009765625,3500.530029296875,3456.02001953125,3482.280029296875,0,0.0007783225333462933,58.651056616783336,0.1574486605140403
2003-12-15,3490.419921875,3522.449951171875,3487.1298828125,3521.639892578125,0,0.005694532618032712,58.98599973891764,0.15456646617345798
2003-12-16,3486.60009765625,3499.469970703125,3462.31005859375,3468.2099609375,0,-0.0010949730944472707,58.92144700445786,0.12037548216579327
2003-12-17,3479.8701171875,3494.3701171875,3461.830078125,3494.22998046875,0,-0.0019321068933921685,58.807714377708656,0.12038746774518777
2003-12-18,3503.2099609375,3508.5400390625,3465.489990234375,3465.489990234375,0,0.006684709440882568,59.20214371519775,0.12030860556786052
2003-12-19,3502.0400390625,3525.800048828125,3488.530029296875,3517.7099609375,0,-0.0003340128863000742,59.18237273836462,0.11725626797692093
2003-12-22,3496.06005859375,3516.5400390625,3476.0,3476.0,0,-0.0017090301198383288,59.08131466103765,0.11220712686791577
2003-12-23,3500.090087890625,3514.800048828125,3490.489990234375,3508.64990234375,0,0.0011520706840871685,59.14941973503276,0.10375096193352214
2003-12-24,3510.300048828125,3512.320068359375,3495.070068359375,3495.889892578125,0,0.0029128102594057448,59.32196194103477,0.1039026664007635
2003-12-29,3520.7900390625,3521.969970703125,3508.389892578125,3508.389892578125,0,0.002983889521102956,59.49923647392069,0.10376266032958037
2003-12-30,3529.179931640625,3550.669921875,3524.580078125,3539.570068359375,0,0.00238012263136065,59.64102061809238,0.1031102336082032
2003-12-31,3557.89990234375,3566.760009765625,3498.760009765625,3498.760009765625,0,0.008104925750295915,60.12637086886856,0.1049170338956563
2004-01-02,3596.800048828125,3597.02001953125,3554.570068359375,3563.389892578125,0,0.010874119129012831,60.78375997440018,0.09115556585090213
2004-01-05,3608.2900390625,3609.60009765625,3579.31005859375,3591.719970703125,0,0.003189411883606888,60.97793390651576,0.08795783688628157
2004-01-06,3595.820068359375,3612.8701171875,3583.800048828125,3612.8701171875,0,-0.003461907986236361,60.767198893221504,0.08615042024105904
2004-01-07,3563.510009765625,3609.35009765625,3557.510009765625,3608.669921875,0,-0.009026061823853463,60.221178313912084,0.09285872565635381
2004-01-08,3592.72998046875,3615.830078125,3583.81005859375,3584.25,0,0.008166336827862209,60.71497826430311,0.08468769465969904
2004-01-09,3574.800048828125,3614.4599609375,3548.179931640625,3610.02001953125,0,-0.005003109569913819,60.4119731913477,0.08303589106828747
2004-01-12,3560.10009765625,3571.360107421875,3548.219970703125,3564.840087890625,0,-0.0041205823962546136,60.16355284783772,0.08402571574837771
2004-01-13,3576.179931640625,3609.639892578125,3570.419921875,3579.860107421875,0,0.004506510711924739,60.435292381886285,0.08128466081365619
2004-01-14,3612.550048828125,3617.52001953125,3567.489990234375,3577.0400390625,0,0.01011873518971496,61.0499255122673,0.08320902370460523
2004-01-15,3626.969970703125,3635.570068359375,3593.2900390625,3604.110107421875,0,0.003983673200991421,61.29361352889341,0.0833829652655929
2004-01-16,3671.800048828125,3681.7900390625,3639.68994140625,3639.68994140625,0,0.012284437451654815,62.051214916624545,0.08983877784824852
2004-01-19,3689.969970703125,3699.469970703125,3672.4599609375,3677.72998046875,0,0.004936301656376592,62.358275680361864,0.08929975015723436
2004-01-20,3660.18994140625,3694.0,3657.14990234375,3687.280029296875,0,-0.00810327737270882,61.855011076203056,0.09566470511498336
2004-01-21,3676.3798828125,3676.3798828125,3650.860107421875,3654.830078125,0,0.004413497881004227,62.12861135953205,0.09470338189677323
2004-01-22,3695.60009765625,3713.830078125,3689.389892578125,3703.22998046875,0,0.005214408732673975,62.45342144345637,0.09471115324888149
2004-01-23,3693.360107421875,3707.81005859375,3684.989990234375,3700.530029296875,0,-0.0006063073127543744,62.41556695421514,0.09416004860407808
2004-01-26,3675.719970703125,3693.2900390625,3670.070068359375,3693.2900390625,0,-0.0047876180544309775,62.11745924133923,0.09751070808363406
2004-01-27,3697.419921875,3724.2900390625,3695.75,3711.43994140625,0,0.0058862341261764735,62.48417537945684,0.09827509933723684
2004-01-28,3706.7900390625,3714.449951171875,3675.300048828125,3675.60009765625,0,0.0025310255217194056,62.642524730637085,0.09825795755112239
2004-01-29,3662.300048828125,3684.780029296875,3656.18994140625,3674.89990234375,0,-0.012074904843920188,61.8906706239428,0.11039922839858698
2004-01-30,3638.43994140625,3688.340087890625,3638.43994140625,3684.68994140625,0,-0.006536376423238557,61.48744914295799,0.11144743308595995
2004-02-02,3665.02001953125,3676.639892578125,3651.840087890625,3660.2900390625,0,0.007278795425734165,61.93663649474787,0.1081064454536511
2004-02-03,3638.2099609375,3672.590087890625,3623.2900390625,3667.77001953125,0,-0.007342005961327729,61.483562611201556,0.11139542962753456
2004-02-04,3607.570068359375,3625.3798828125,3602.93994140625,3615.639892578125,0,-0.008457357271509102,60.96576683416999,0.11486383696088372
2004-02-05,3610.31005859375,3638.570068359375,3594.7099609375,3596.219970703125,0,0.00075922301778282,61.012071023026046,0.10990307444775242
2004-02-06,3624.719970703125,3631.639892578125,3596.610107421875,3613.340087890625,0,0.00398337839784775,61.25558988062666,0.10720693390337506
2004-02-09,3663.72998046875,3679.669921875,3637.2900390625,3637.2900390625,0,0.010704712947801684,61.91483560960882,0.11093531715202012
2004-02-10,3668.449951171875,3669.739990234375,3643.25,3660.360107421875,0,0.0012874674105394532,61.994600278873214,0.10925464152949384
2004-02-11,3677.85009765625,3687.199951171875,3664.1201171875,3672.590087890625,0,0.002559152648879255,62.15345710712994,0.10877036673131703
2004-02-12,3681.56005859375,3698.669921875,3665.409912109375,3689.639892578125,0,0.0010082224452778606,62.21615321813919,0.1039729634041496
2004-02-13,3649.340087890625,3686.06005859375,3644.320068359375,3674.429931640625,0,-0.008790237903720168,61.671655070059195,0.10851799938808693
2004-02-16,3678.070068359375,3678.070068359375,3649.760009765625,3655.72998046875,0,0.007841823259023646,62.15717447986088,0.10329805217393938
2004-02-17,3703.820068359375,3710.820068359375,3681.860107421875,3681.860107421875,0,0.006976561277904623,62.59233401002457,0.10473805411022633
2004-02-18,3709.02001953125,3717.330078125,3699.280029296875,3714.090087890625,0,0.0014029581005768935,62.68021006085283,0.10035211523937447
2004-02-19,3759.320068359375,3761.330078125,3715.97998046875,3718.780029296875,0,0.013470412118600126,63.53025066727061,0.10917031159526278
2004-02-20,3733.280029296875,3765.659912109375,3720.989990234375,3749.679931640625,0,-0.006950896502320076,63.09018965119753,0.11145051444711415
2004-02-23,3731.14990234375,3757.139892578125,3727.860107421875,3741.47998046875,0,-0.0005707407077179926,63.05419178540682,0.11144620215054638
2004-02-24,3683.43994140625,3734.5,3666.8798828125,3729.760009765625,0,-0.012869388711369275,62.24792210829262,0.1194897932603253
2004-02-25,3702.6298828125,3710.419921875,3674.169921875,3692.179931640625,0,0.005196264059819956,62.572220589310575,0.11909204472104198
2004-02-26,3714.489990234375,3725.080078125,3700.919921875,3722.179931640625,0,0.003198038519828681,62.772649279539486,0.11928818153737464
2004-02-27,3725.43994140625,3760.06005859375,3725.43994140625,3736.340087890625,0,0.002943565108508845,62.957696875938275,0.11103599194222256
2004-03-01,3748.8701171875,3755.719970703125,3733.449951171875,3735.300048828125,0,0.006269542565222818,63.353652770486676,0.10920102123392117
2004-03-02,3785.360107421875,3785.360107421875,3758.989990234375,3767.830078125,0,0.009686530531713634,63.97031168334371,0.11112912129586099
2004-03-03,3758.510009765625,3782.169921875,3742.52001953125,3773.830078125,0,-0.007118418164097991,63.51656116369543,0.11090647143568481
2004-03-04,3776.93994140625,3778.4599609375,3754.72998046875,3772.1298828125,0,0.004891537601071032,63.82801593626566,0.1052258155101802
2004-03-05,3761.110107421875,3789.330078125,3729.97998046875,3776.6298828125,0,-0.004199987304818796,63.560501252024494,0.10745114380502846
2004-03-08,3781.3798828125,3785.580078125,3769.52001953125,3772.75,0,0.0053748362183872024,63.90304827864616,0.1078903670572792
2004-03-09,3737.030029296875,3767.1298828125,3728.699951171875,3759.18994140625,0,-0.011797805240100379,63.15356239830876,0.11308841812941287
2004-03-10,3758.090087890625,3761.25,3713.659912109375,3717.929931640625,0,0.005619686859994695,63.50946473628453,0.11424438947216708
2004-03-11,3646.429931640625,3712.169921875,3618.02001953125,3712.169921875,0,-0.030162284979364344,61.62247517776977,0.15728255871517702
2004-03-12,3661.780029296875,3667.639892578125,3569.72998046875,3597.949951171875,0,0.004200787966246499,61.88188260627698,0.1580319491587848
2004-03-15,3573.840087890625,3663.219970703125,3565.81005859375,3652.10009765625,0,-0.02430870342673343,60.395750428220026,0.17663863093838686
2004-03-16,3588.0400390625,3600.77001953125,3543.110107421875,3572.389892578125,0,0.003965430732597038,60.63572107211519,0.174694726291673
2004-03-17,3656.0400390625,3660.0400390625,3597.389892578125,3602.929931640625,0,0.01877450184217475,61.78488021973195,0.1860472663622656
2004-03-18,3589.97998046875,3653.570068359375,3585.070068359375,3648.570068359375,0,-0.01823397912192497,60.66850491642156,0.1955522428351084
2004-03-19,3613.280029296875,3625.449951171875,3592.820068359375,3623.89990234375,0,0.00646932918142922,61.06226174363858,0.19020581994170158
2004-03-22,3539.219970703125,3581.699951171875,3512.679931640625,3580.429931640625,0,-0.020709599588313008,59.81069124649093,0.2005136095982423
2004-03-23,3539.909912109375,3568.030029296875,3525.1201171875,3531.60009765625,0,0.00019492265853444284,59.82235084176022,0.20062596132503321
2004-03-24,3518.449951171875,3562.659912109375,3489.530029296875,3538.320068359375,0,-0.006080740420540225,59.459690394424534,0.19756217137344917
2004-03-25,3570.39990234375,3579.340087890625,3537.429931640625,3542.169921875,0,0.014657069136646243,60.33761335923929,0.204606974363372
2004-03-26,3592.389892578125,3606.860107421875,3577.5,3602.659912109375,0,0.0061400822724852495,60.70923098326627,0.2057507470604158
2004-03-29,3634.179931640625,3640.610107421875,3584.60009765625,3594.419921875,0,0.0115657928793236,61.41545753720648,0.21026384842489151
2004-03-30,3620.10009765625,3633.590087890625,3602.590087890625,3628.909912109375,0,-0.0038818053914574453,61.177516801617216,0.2086660628343417
2004-03-31,3625.22998046875,3659.949951171875,3617.72998046875,3632.1201171875,0,0.0014160524405073716,61.26420873926701,0.2049307572461328
2004-04-01,3669.97998046875,3673.06005859375,3624.18994140625,3647.9599609375,0,0.012268477956299375,62.020456854794205,0.20984444983159226
2004-04-02,3739.909912109375,3751.929931640625,3669.31005859375,3674.89990234375,0,0.018875316326584162,63.20223068769183,0.22023843522438666
2004-04-05,3781.199951171875,3794.199951171875,3747.5,3753.18994140625,0,0.010979883190660417,63.90000754201719,0.2232553495638397
2004-04-06,3746.110107421875,3785.6298828125,3742.760009765625,3766.669921875,0,-0.009323409733722775,63.30701026357962,0.22480782253014212
2004-04-07,3734.56005859375,3769.22998046875,3727.22998046875,3752.780029296875,0,-0.0030879741386363227,63.111821377311095,0.221263103670469
2004-04-08,3740.110107421875,3765.949951171875,3731.7900390625,3756.6298828125,0,0.001485028696871146,63.205613868201674,0.22039439920618675
2004-04-13,3774.68994140625,3794.25,3764.550048828125,3765.800048828125,0,0.0092031931207151,63.78999228799892,0.19358367593528622
2004-04-14,3731.429931640625,3751.010009765625,3696.81005859375,3745.739990234375,0,-0.011526724719576564,63.05892411229072,0.19857093661195196
2004-04-15,3722.760009765625,3747.469970703125,3713.840087890625,3719.4599609375,0,-0.002326188587270465,62.91240764123515,0.1768222751514349
2004-04-16,3751.590087890625,3754.550048828125,3721.85009765625,3721.85009765625,0,0.007714442253207662,63.399618641291745,0.1778363009225828
2004-04-19,3743.429931640625,3754.9599609375,3721.97998046875,3741.949951171875,0,-0.002177488373076207,63.261716903046604,0.16763507111906945
2004-04-20,3773.429931640625,3789.25,3765.320068359375,3767.39990234375,0,0.007982098863152426,63.76869887993636,0.15349136292051102
2004-04-21,3743.14990234375,3758.510009765625,3729.889892578125,3733.68994140625,0,-0.008056907201062379,63.25698457616272,0.15681936408793512
2004-04-22,3785.550048828125,3785.949951171875,3737.110107421875,3761.840087890625,0,0.01126372283105964,63.97352157899816,0.13718127623761298
2004-04-23,3811.429931640625,3829.219970703125,3808.919921875,3808.919921875,0,0.006813229201911849,64.41087605066336,0.13726784663200328
2004-04-26,3785.550048828125,3831.5400390625,3785.02001953125,3790.139892578125,0,-0.006813229201911803,63.97352157899816,0.13793513961125303
2004-04-27,3782.090087890625,3801.47998046875,3777.5400390625,3787.31005859375,0,-0.0009144095427576754,63.91505031779633,0.1324822711247094
2004-04-28,3722.590087890625,3781.43994140625,3722.590087890625,3779.14990234375,0,-0.01585710393056609,62.90953606363166,0.1465430458528146
2004-04-29,3689.389892578125,3723.659912109375,3667.25,3717.419921875,0,-0.008958582576626907,62.34847270854311,0.14637186075915332
2004-04-30,3674.280029296875,3696.300048828125,3661.909912109375,3680.64990234375,0,-0.00410390054096544,62.093125096647704,0.1464617957585824
2004-05-03,3705.47998046875,3709.56005859375,3651.949951171875,3652.300048828125,0,0.00845559666508796,62.62038552744706,0.14890074283632207
2004-05-04,3700.7900390625,3712.52001953125,3673.239990234375,3702.47998046875,0,-0.001266478813426632,62.541128335259145,0.14332078300624543
2004-05-05,3729.3798828125,3734.68994140625,3681.590087890625,3684.6298828125,0,0.007695647649644917,63.02427951870394,0.12975023769083874
2004-05-06,3655.139892578125,3719.85009765625,3655.139892578125,3700.06005859375,0,-0.020107601805269788,61.76966828492731,0.14044725051610465
2004-05-07,3653.179931640625,3666.10009765625,3623.60009765625,3655.3701171875,0,-0.0005363643167319454,61.736546122569976,0.13764080702505285
2004-05-10,3553.35009765625,3598.25,3553.35009765625,3593.300048828125,0,-0.02770715448277167,60.049481903037524,0.165505012985633
2004-05-11,3606.409912109375,3608.050048828125,3570.35009765625,3570.35009765625,0,0.014821945364099646,60.94616089053246,0.17556062740076378
2004-05-12,3564.340087890625,3613.530029296875,3563.85009765625,3613.43994140625,0,-0.011733865191605656,60.23520613553826,0.17410209374673202
2004-05-13,3614.239990234375,3614.239990234375,3578.5400390625,3591.14990234375,0,0.013902667529371651,61.07848450676625,0.18009594127931683
2004-05-14,3603.260009765625,3621.47998046875,3575.360107421875,3603.97998046875,0,-0.003042601715075219,60.89292943329099,0.18015346323520665
2004-05-17,3553.02001953125,3557.679931640625,3520.610107421875,3553.070068359375,0,-0.014041042393759024,60.04390378102617,0.18180695665784238
2004-05-18,3569.139892578125,3572.929931640625,3542.719970703125,3570.679931640625,0,0.004526688749396005,60.31631995117671,0.18347410572911618
2004-05-19,3643.320068359375,3652.489990234375,3597.0,3598.02001953125,0,0.02057073230883845,61.56992035663027,0.19701994090016317
2004-05-20,3609.969970703125,3619.4599609375,3594.510009765625,3615.389892578125,0,-0.00919591867883598,61.00632374198921,0.19752398148164066
2004-05-21,3607.02001953125,3639.570068359375,3591.47998046875,3627.080078125,0,-0.0008175018505379334,60.9564713394277,0.1918665562488211
2004-05-24,3628.820068359375,3644.199951171875,3593.590087890625,3605.0,0,0.006025593302936457,61.32487906780022,0.19141402212706302
2004-05-25,3610.530029296875,3621.300048828125,3598.31005859375,3611.18994140625,0,-0.005052961310476828,61.015788395756985,0.19099212666432186
2004-05-26,3659.919921875,3668.0400390625,3640.10009765625,3664.14990234375,0,0.01358668381746623,61.850447908344655,0.19872327928143743
2004-05-27,3679.3701171875,3694.820068359375,3668.929931640625,3670.469970703125,0,0.005300305818104171,62.17914452402541,0.19298121906530646
2004-05-28,3652.030029296875,3696.68994140625,3652.030029296875,3689.860107421875,0,-0.0074583883249480665,61.7171134637878,0.19222669678052412
2004-05-31,3669.6298828125,3677.72998046875,3644.6201171875,3645.820068359375,0,0.004807622212997583,62.01454041473185,0.19259104919898187
2004-06-01,3624.469970703125,3669.169921875,3613.419921875,3668.139892578125,0,-0.012382744973210439,61.25136503081925,0.19449994112278127
2004-06-02,3646.22998046875,3673.7099609375,3636.31005859375,3641.6298828125,0,0.005985689103034445,61.61909612308979,0.19601598970506284
2004-06-03,3654.3701171875,3654.3701171875,3618.22998046875,3642.8701171875,0,0.0022299920508395557,61.756659543283945,0.1939674656650683
2004-06-04,3698.8701171875,3704.639892578125,3654.60009765625,3665.0,0,0.01210365548940571,62.50868280900372,0.18584324836788485
2004-06-07,3722.22998046875,3729.52001953125,3706.4599609375,3711.989990234375,0,0.006295546516648938,62.90345046454381,0.18683674092130848
2004-06-08,3723.4599609375,3738.1201171875,3711.510009765625,3738.110107421875,0,0.000330387241375255,62.924236395529896,0.15535388780568676
2004-06-09,3699.2900390625,3735.02001953125,3695.070068359375,3722.300048828125,0,-0.006512413134900949,62.51577923641462,0.1510801280496054
2004-06-10,3711.3798828125,3716.77001953125,3691.919921875,3691.919921875,0,0.003262823632189018,62.72009033257007,0.14363838626339578
2004-06-11,3699.3798828125,3708.56005859375,3686.429931640625,3708.56005859375,0,-0.003238537172337841,62.51729754181417,0.13778236240576017
2004-06-14,3647.10009765625,3695.989990234375,3636.760009765625,3689.39990234375,0,-0.014232848339859938,61.63380058081794,0.14716417404225263
2004-06-15,3683.429931640625,3694.909912109375,3640.800048828125,3650.919921875,0,0.009912006712415381,62.247752949267095,0.14042528163688825
2004-06-16,3714.5,3720.25,3692.60009765625,3695.0400390625,0,0.008399714873176527,62.77281843856495,0.14203358493850493
2004-06-17,3718.080078125,3736.199951171875,3704.989990234375,3704.989990234375,0,0.0009633474148249389,62.83331960807268,0.12474801974700679
2004-06-18,3740.89990234375,3744.169921875,3699.989990234375,3709.199951171875,0,0.006118771058534186,63.218960927895964,0.1202259337865363
2004-06-21,3740.280029296875,3756.320068359375,3726.2099609375,3753.300048828125,0,-0.00016571531602170428,63.20848544580512,0.12007531111670594
2004-06-22,3700.320068359375,3732.47998046875,3693.800048828125,3731.68994140625,0,-0.010741161896227683,62.53318611272076,0.12639442260016007
2004-06-23,3720.139892578125,3737.179931640625,3715.39990234375,3721.699951171875,0,0.005341952238905372,62.86812923485506,0.1253203116608208
2004-06-24,3755.75,3768.050048828125,3740.56005859375,3752.550048828125,0,0.009526725850656979,63.46991865678834,0.12107277603275975
2004-06-25,3742.3798828125,3756.800048828125,3731.570068359375,3741.60009765625,0,-0.003566257604701046,63.24397170868947,0.12121356332402305
2004-06-28,3771.580078125,3778.760009765625,3732.68994140625,3739.14990234375,0,0.007772291164493516,63.737437466859404,0.11959699160352501
2004-06-29,3756.47998046875,3763.93994140625,3746.169921875,3756.179931640625,0,-0.004011689011516993,63.48225488815961,0.12045421741074991
2004-06-30,3732.989990234375,3770.530029296875,3732.989990234375,3763.06005859375,0,-0.006272825006453698,63.085288165288134,0.11348619487113336
2004-07-01,3716.199951171875,3773.639892578125,3708.3798828125,3749.31005859375,0,-0.004507890824962487,62.80154659208939,0.11396993106887114
2004-07-02,3685.06005859375,3717.830078125,3673.330078125,3708.25,0,-0.008414804042920311,62.275301115442986,0.11829410180422127
2004-07-05,3688.179931640625,3702.60009765625,3683.699951171875,3683.699951171875,0,0.0008462692757063453,62.32802509560798,0.11042452599752174
2004-07-06,3660.679931640625,3689.949951171875,3650.52001953125,3682.81005859375,0,-0.0074841890782562075,61.86329161679238,0.11062624287586506
2004-07-07,3660.39990234375,3680.919921875,3657.280029296875,3663.169921875,0,-7.649945181899437e-05,61.8585592899085,0.1105831059380614
2004-07-08,3670.409912109375,3670.409912109375,3627.9599609375,3651.080078125,0,0.002730944122205086,62.02772244123057,0.10920809479162652
2004-07-09,3668.47998046875,3676.02001953125,3635.280029296875,3648.489990234375,0,-0.0005259464887365884,61.99510775594971,0.10840436787244659
2004-07-12,3651.6298828125,3680.830078125,3644.85009765625,3650.860107421875,0,-0.004603790853493366,61.710351228598,0.1089323019282076
2004-07-13,3656.179931640625,3670.989990234375,3656.179931640625,3670.330078125,0,0.0012452566587303788,61.78724432025893,0.09711288284829682
2004-07-14,3648.75,3651.489990234375,3617.419921875,3636.77001953125,0,-0.002034224632483927,61.661682939214934,0.09052704724959347
2004-07-15,3610.550048828125,3645.8798828125,3610.3701171875,3640.0400390625,0,-0.010524514351803778,61.016126713807985,0.09095107096658346
2004-07-16,3610.39990234375,3637.320068359375,3607.89990234375,3611.610107421875,0,-4.1586352325369825e-05,61.013589328425596,0.09069504449006015
2004-07-19,3592.6298828125,3615.949951171875,3588.68994140625,3601.050048828125,0,-0.004934050284940779,60.713286674048184,0.0871636695074519
2004-07-20,3607.389892578125,3610.080078125,3564.25,3586.840087890625,0,0.004099997195106056,60.96272197171113,0.08947101443181465
2004-07-21,3637.469970703125,3657.510009765625,3633.179931640625,3639.449951171875,0,0.008303887594506698,61.471057220804816,0.08960655922548898
2004-07-22,3572.840087890625,3599.25,3568.590087890625,3596.72998046875,0,-0.01792755464514136,60.37885102899037,0.10448035578502732
2004-07-23,3567.2900390625,3587.760009765625,3560.659912109375,3581.360107421875,0,-0.00155460750636917,60.285058538099776,0.0958756106031328
2004-07-26,3532.610107421875,3582.010009765625,3530.9599609375,3568.330078125,0,-0.009769209915179223,59.6989885280476,0.09913678765303512
2004-07-27,3565.10009765625,3567.610107421875,3536.360107421875,3538.2099609375,0,0.009155126435983638,60.24804984398601,0.10108222480416638
2004-07-28,3575.919921875,3602.659912109375,3564.6201171875,3589.969970703125,0,0.0030303324928229593,60.430898373053374,0.10284241306483306
2004-07-29,3643.7900390625,3646.56005859375,3588.06005859375,3588.06005859375,0,0.01880189562940163,61.57786257916862,0.1250599189870016
2004-07-30,3647.10009765625,3662.06005859375,3620.97998046875,3638.10009765625,0,0.0009079985458834586,61.633800580817976,0.12463509861308528
2004-08-02,3623.7900390625,3628.360107421875,3607.260009765625,3622.85009765625,0,-0.006411907762799931,61.23987459457546,0.12329816754523296
2004-08-03,3650.800048828125,3655.110107421875,3626.52001953125,3637.280029296875,0,0.007425884773890045,61.69632753280172,0.1264698799545247
2004-08-04,3607.580078125,3631.159912109375,3592.8701171875,3623.090087890625,0,-0.011909125937250404,60.96593599319549,0.13042258406171856
2004-08-05,3622.97998046875,3652.60009765625,3622.97998046875,3624.820068359375,0,0.004259677121741565,61.22618509100026,0.13154220237417746
2004-08-06,3528.639892578125,3595.6201171875,3525.8701171875,3576.320068359375,0,-0.02638438907439188,59.63189428237556,0.1584710105922758
2004-08-09,3497.300048828125,3532.389892578125,3482.030029296875,3529.340087890625,0,-0.008921240963853992,59.10226975104922,0.16022879098436868
2004-08-10,3533.06005859375,3533.06005859375,3494.610107421875,3494.610107421875,0,0.010173111369975509,59.706592432534976,0.16560964598037856
2004-08-11,3502.949951171875,3542.35009765625,3477.139892578125,3539.530029296875,0,-0.00855891085697899,59.197749706364824,0.16698503556349398
2004-08-12,3494.22998046875,3535.070068359375,3477.239990234375,3513.3798828125,0,-0.002492425606455047,59.050387440181794,0.16699242322081306
2004-08-13,3484.840087890625,3495.919921875,3460.89990234375,3467.02001953125,0,-0.00269087375596279,58.891703896780456,0.1641706703314328
2004-08-16,3516.679931640625,3521.5,3452.409912109375,3470.330078125,0,0.009095185945315103,59.42977812772165,0.16832334236838384
2004-08-17,3533.1298828125,3553.77001953125,3507.159912109375,3512.739990234375,0,0.0046667871786544605,59.70777241988354,0.16896191055663798
2004-08-18,3541.47998046875,3545.7900390625,3510.780029296875,3527.860107421875,0,0.0023605829000017905,59.84888405378314,0.16843354530636656
2004-08-19,3544.419921875,3572.14990234375,3534.469970703125,3557.31005859375,0,0.0008298004813682842,59.89856729731916,0.16525981379122834
2004-08-20,3538.02001953125,3545.409912109375,3511.300048828125,3545.39990234375,0,-0.0018072596841305947,59.79041279258131,0.15377816391455765
2004-08-23,3589.68994140625,3595.52001953125,3555.27001953125,3567.090087890625,0,0.014498577320753415,60.66360343051217,0.162172565020073
2004-08-24,3594.3798828125,3612.780029296875,3584.570068359375,3592.550048828125,0,0.0013056504703487155,60.74286062270009,0.1579940744304089
2004-08-25,3595.260009765625,3612.030029296875,3586.159912109375,3607.1201171875,0,0.0002448320001201006,60.75773423945373,0.15506291398448008
2004-08-26,3629.840087890625,3633.6298828125,3614.909912109375,3624.260009765625,0,0.009572280439230712,61.34211678508087,0.15808703742866873
2004-08-27,3649.239990234375,3649.239990234375,3622.72998046875,3635.159912109375,0,0.005330329675916228,61.66996347980428,0.14501143579169878
2004-08-30,3636.7099609375,3656.570068359375,3631.8798828125,3650.780029296875,0,-0.0034395080212162358,61.458213512357084,0.1454766155738571
2004-08-31,3594.280029296875,3630.85009765625,3583.739990234375,3621.139892578125,0,-0.011735714936892783,60.74117315827506,0.1494842991853113
2004-09-01,3613.22998046875,3627.81005859375,3601.070068359375,3606.080078125,0,0.005258402641490812,61.0614159485111,0.14823986640097667
2004-09-02,3633.3798828125,3640.820068359375,3601.3798828125,3610.68994140625,0,0.005561208525169023,61.40193719265676,0.14356687649738792
2004-09-03,3665.93994140625,3674.300048828125,3624.75,3633.85009765625,0,0.008921454420011042,61.95218262177359,0.14605746422830473
2004-09-06,3673.030029296875,3681.840087890625,3664.2900390625,3671.27001953125,0,0.0019321758025215086,62.07200084761063,0.1082906348602065
2004-09-07,3682.139892578125,3688.6298828125,3664.300048828125,3673.580078125,0,0.0024771332372555757,62.22595206412807,0.10087049936271499
2004-09-08,3677.550048828125,3686.1298828125,3670.85009765625,3682.260009765625,0,-0.0012472928565175603,62.14838646219507,0.09756035334447109
2004-09-09,3652.02001953125,3664.5400390625,3635.52001953125,3663.68994140625,0,-0.0069663383543921605,61.71694430476232,0.0955424707580321
2004-09-10,3677.610107421875,3683.719970703125,3655.97998046875,3656.77001953125,0,0.006982669363500168,62.14940141634803,0.09558619684244929
2004-09-13,3725.39990234375,3725.39990234375,3691.110107421875,3691.110107421875,0,0.012911088522582928,62.95702023983628,0.10021056033313065
2004-09-14,3708.030029296875,3716.719970703125,3699.090087890625,3716.60009765625,0,-0.004673456216442874,62.66347982064866,0.10131243666783592
2004-09-15,3691.85009765625,3720.75,3686.159912109375,3708.489990234375,0,-0.004373032305295714,62.39004869634517,0.10371341336769704
2004-09-16,3691.679931640625,3703.840087890625,3677.47998046875,3692.590087890625,0,-4.609340382713075e-05,62.3871729929118,0.10396981088025405
2004-09-17,3726.219970703125,3736.669921875,3684.7099609375,3701.280029296875,0,0.009312686648205198,62.97087890243698,0.10690086920848295
2004-09-20,3703.68994140625,3719.8798828125,3685.27001953125,3716.699951171875,0,-0.006064702969229973,62.59013494269319,0.10997613349447977
2004-09-21,3731.139892578125,3734.47998046875,3695.35009765625,3696.56005859375,0,0.007384184040013747,63.05402262638133,0.10243762210677596
2004-09-22,3692.110107421875,3740.510009765625,3690.1201171875,3723.4599609375,0,-0.01051564875529662,62.39444270517808,0.1110390816838774
2004-09-23,3653.10009765625,3685.510009765625,3642.0400390625,3682.0400390625,0,-0.010621990509896425,61.73519697619593,0.118446234693241
2004-09-24,3673.510009765625,3676.199951171875,3644.909912109375,3648.77001953125,0,0.005571462001051176,62.08011222917449,0.1154691676616743
2004-09-27,3656.929931640625,3678.419921875,3646.080078125,3678.419921875,0,-0.004523632014186791,61.79991886968119,0.11539549929711279
2004-09-28,3667.469970703125,3682.570068359375,3643.510009765625,3647.02001953125,0,0.00287806413590562,61.97803919769457,0.11502836128386287
2004-09-29,3682.669921875,3695.800048828125,3668.169921875,3668.169921875,0,0.004135968311309047,62.23490924081939,0.10677143093177816
2004-09-30,3640.610107421875,3709.25,3634.070068359375,3700.72998046875,0,-0.011486731833019875,61.52412364485069,0.11416733149707105
2004-10-01,3730.159912109375,3730.159912109375,3656.300048828125,3656.300048828125,0,0.024299825083514543,63.03746154520267,0.1403714037101417
2004-10-04,3767.06005859375,3779.330078125,3749.050048828125,3749.050048828125,0,0.009843767315356664,63.66105185227499,0.14104112596878735
2004-10-05,3770.239990234375,3782.3798828125,3752.25,3764.8798828125,0,0.0008437853896472384,63.714790786592935,0.14102963506738245
2004-10-06,3764.590087890625,3778.679931640625,3750.110107421875,3771.300048828125,0,-0.001499676394575153,63.61931083127732,0.14126410743562046
2004-10-07,3758.699951171875,3787.389892578125,3749.679931640625,3773.239990234375,0,-0.0015658409795843934,63.51977105934989,0.1413338010546854
2004-10-08,3737.8701171875,3771.280029296875,3717.02001953125,3741.4599609375,0,-0.0055571781228960955,63.16775937896044,0.14040934227606597
2004-10-11,3727.639892578125,3735.409912109375,3714.580078125,3733.830078125,70503600,-0.0027406650046597147,62.994874729077544,0.13931785430129393
2004-10-12,3689.85009765625,3719.860107421875,3671.280029296875,3719.7099609375,68239200,-0.010189463533363332,62.356249897885874,0.13664433682247193
2004-10-13,3694.320068359375,3717.610107421875,3685.580078125,3701.449951171875,104141400,0.0012106902058387262,62.43178971734286,0.13587447810187425
2004-10-14,3664.949951171875,3685.419921875,3662.8701171875,3675.22998046875,105502200,-0.007981844133951284,61.935452381569455,0.1378397882322896
2004-10-15,3670.760009765625,3670.760009765625,3638.139892578125,3647.590087890625,66952800,0.0015840483987443759,62.03363888129295,0.13800038989093544
2004-10-18,3659.81005859375,3683.5,3653.169921875,3679.77001953125,75542000,-0.00298747824898005,61.84859128489417,0.13375035183299774
2004-10-19,3700.56005859375,3723.43994140625,3689.18994140625,3689.18994140625,111382200,0.011072925875304668,62.53724180350273,0.13843485184579005
2004-10-20,3665.679931640625,3673.669921875,3650.6201171875,3662.949951171875,101065200,-0.009470337021591193,61.94778861294071,0.13935456253369308
2004-10-21,3687.530029296875,3696.02001953125,3651.919921875,3696.02001953125,138817000,0.005943026809684632,62.317042136440705,0.13659602989366915
2004-10-22,3687.169921875,3712.169921875,3679.14990234375,3689.050048828125,114767000,-9.766022334343017e-05,62.310956537352865,0.13109614310497297
2004-10-25,3609.06005859375,3636.27001953125,3599.3701171875,3636.27001953125,96339600,-0.021411838086026,60.990946773989016,0.1497848038348709
2004-10-26,3619.47998046875,3623.300048828125,3600.75,3612.389892578125,78482600,0.0028829968530123414,61.16703719369648,0.14968894976311478
2004-10-27,3678.389892578125,3680.39990234375,3628.739990234375,3637.06005859375,103033600,0.016144763531729864,62.162579317016885,0.1601403040133527
2004-10-28,3721.820068359375,3724.090087890625,3699.010009765625,3699.89990234375,138210200,0.011737687075340404,62.89652319615847,0.1646314964980922
2004-10-29,3706.820068359375,3738.590087890625,3706.820068359375,3708.510009765625,95075800,-0.004038429674899479,62.6430322077136,0.15974577095813164
2004-11-01,3734.070068359375,3741.5400390625,3697.93994140625,3697.93994140625,52807000,0.007324425256403395,63.10354083672177,0.13765478566573158
2004-11-02,3765.840087890625,3766.389892578125,3731.530029296875,3738.929931640625,86838400,0.008472157372569074,63.6404350803144,0.1365023613142152
2004-11-03,3769.929931640625,3798.199951171875,3765.2099609375,3790.199951171875,107265600,0.0010854482397826546,63.70955098263257,0.13652409295905038
2004-11-04,3762.449951171875,3768.010009765625,3741.4599609375,3748.7099609375,94763400,-0.001986087543082318,63.583143806461116,0.13660161594490464
2004-11-05,3780.989990234375,3811.60009765625,3776.010009765625,3796.18994140625,114898800,0.004915549547111993,63.896459328311764,0.1375237249104799
2004-11-08,3776.989990234375,3787.2900390625,3770.510009765625,3782.35009765625,68879000,-0.0010584839821750367,63.828861731393125,0.13599159260051
2004-11-09,3769.93994140625,3785.739990234375,3767.1201171875,3784.159912109375,92008600,-0.0018683228657860279,63.70972014165805,0.13576339024995515
2004-11-10,3784.909912109375,3798.760009765625,3780.070068359375,3782.030029296875,93760000,0.003963014642497047,63.96270365302645,0.1304207902119492
2004-11-11,3833.7900390625,3839.5,3776.5400390625,3780.1201171875,96375600,0.012831794915364203,64.78874843280367,0.13649182924451275
2004-11-12,3835.110107421875,3850.159912109375,3826.320068359375,3844.409912109375,107530000,0.0003442653697918457,64.81105679501921,0.13197318690857143
2004-11-15,3820.969970703125,3856.010009765625,3820.56005859375,3848.090087890625,80823200,-0.0036938361804716973,64.5720969794471,0.1335213338234782
2004-11-16,3794.27001953125,3832.739990234375,3781.81005859375,3827.260009765625,89578600,-0.007012270293091079,64.12088384518121,0.13608467295080684
2004-11-17,3844.139892578125,3844.139892578125,3793.97998046875,3801.5,111938400,0.01305784377029847,64.96365473933272,0.13796464439301828
2004-11-18,3830.389892578125,3839.8701171875,3819.760009765625,3826.679931640625,120539000,-0.003583285255864134,64.73128799992492,0.13332763522865004
2004-11-19,3798.780029296875,3844.3798828125,3792.949951171875,3837.919921875,133205000,-0.008286627375565814,64.19710030074016,0.13720597742564353
2004-11-22,3774.25,3783.110107421875,3754.159912109375,3776.52001953125,89247000,-0.0064782827988030985,63.78255754253706,0.1398474655666996
2004-11-23,3780.090087890625,3807.3798828125,3772.97998046875,3795.179931640625,85151200,0.0015461546570894203,63.88125151933702,0.11336417331883329
2004-11-24,3760.699951171875,3798.0,3754.139892578125,3798.0,76369200,-0.0051427448195386525,63.55356985780921,0.11613448494004325
2004-11-25,3797.590087890625,3802.85009765625,3769.429931640625,3771.360107421875,82699200,0.009761580849986939,64.17699100585604,0.10803865519605285
2004-11-26,3782.199951171875,3791.89990234375,3764.31005859375,3783.60009765625,57451200,-0.004060840152190505,63.916906941246864,0.10295163017023318
2004-11-29,3780.610107421875,3824.60009765625,3780.610107421875,3787.090087890625,88352800,-0.00042043731393543766,63.89003953700283,0.10157780200869324
2004-11-30,3753.75,3796.1298828125,3745.75,3796.1298828125,95483600,-0.007130060371717363,63.436119858329064,0.10246553901625606
2004-12-01,3796.7099609375,3805.85009765625,3744.360107421875,3751.739990234375,118995600,0.011379551642563414,64.16211738910239,0.10584425605980119
2004-12-02,3811.449951171875,3822.25,3796.080078125,3808.469970703125,107974800,0.0038747893963388,64.41121436871435,0.10651451984527498
2004-12-03,3783.510009765625,3824.469970703125,3771.610107421875,3812.419921875,113365400,-0.007357528568885069,63.93904614443687,0.10968596401158652
2004-12-06,3767.389892578125,3771.090087890625,3755.679931640625,3765.090087890625,59357600,-0.004269727287048487,63.666625848456434,0.10939456080416894
2004-12-07,3787.449951171875,3800.489990234375,3763.080078125,3770.570068359375,79917800,0.005310531037761067,64.00562878720257,0.11095763551863197
2004-12-08,3775.0400390625,3782.43994140625,3755.14990234375,3763.510009765625,82847800,-0.003281967517219828,63.79590872806126,0.11138593199720584
2004-12-09,3747.4599609375,3786.0,3735.550048828125,3760.340087890625,134875000,-0.007332722287511283,63.329821977041725,0.11326161181855504
2004-12-10,3768.419921875,3779.169921875,3753.679931640625,3768.22998046875,101576800,0.00557752800760925,63.684032724762574,0.10501130678018676
2004-12-13,3805.93994140625,3813.68994140625,3775.0,3777.070068359375,109091200,0.009907194033103138,64.31809851392573,0.11137813856899605
2004-12-14,3814.389892578125,3829.800048828125,3803.919921875,3827.739990234375,113928600,0.002217739866723968,64.46089761225036,0.11103304185614604
2004-12-15,3802.989990234375,3825.72998046875,3802.06005859375,3821.75,89783800,-0.0029931317670774775,64.26824611136422,0.1087210745450936
2004-12-16,3810.669921875,3818.110107421875,3804.1201171875,3805.330078125,96644200,0.002017409323247661,64.39803234221561,0.09838922477383075
2004-12-17,3744.919921875,3814.77001953125,3742.93994140625,3812.489990234375,130248000,-0.01740477213134093,63.286896842865595,0.11434974606935502
2004-12-20,3764.0400390625,3776.030029296875,3742.610107421875,3742.820068359375,77909000,0.005092624973372828,63.61001533653501,0.11310316834355326
2004-12-21,3770.030029296875,3773.43994140625,3755.550048828125,3758.530029296875,78762000,0.0015901077218920757,63.711242572887464,0.11110930333073307
2004-12-22,3806.14990234375,3811.300048828125,3789.489990234375,3793.389892578125,78384200,0.009535187136521964,64.32164672763118,0.11590157639869177
2004-12-23,3819.679931640625,3822.010009765625,3799.9599609375,3800.429931640625,51450400,0.003548477684026159,64.55029609430804,0.11463687046275578
2004-12-24,3822.760009765625,3823.530029296875,3808.18994140625,3816.6298828125,9813800,0.0008060457956825291,64.60234756420094,0.10985571028657493
2004-12-27,3817.68994140625,3833.6298828125,3812.02001953125,3812.679931640625,40370400,-0.0013271650585931437,64.51666645487421,0.10888772569501072
2004-12-28,3824.830078125,3825.31005859375,3808.18994140625,3820.8701171875,30974000,0.0018685299555455525,64.63733047583872,0.1089472521712696
2004-12-29,3827.159912109375,3838.179931640625,3818.2099609375,3832.2099609375,38843000,0.0006089485373983857,64.67670327047948,0.1053076062342738
2004-12-30,3827.949951171875,3838.8798828125,3826.300048828125,3838.8798828125,27162600,0.0002064082892121091,64.69005445600371,0.09820068963430353
2004-12-31,3821.159912109375,3821.159912109375,3801.780029296875,3820.8701171875,30699600,-0.0017753806566691392,64.57530687510155,0.09762335691717591
2005-01-03,3855.679931640625,3884.72998046875,3824.050048828125,3830.580078125,66550800,0.00899334958119278,65.15867446657573,0.09827003662244743
2005-01-04,3863.300048828125,3874.469970703125,3845.030029296875,3848.260009765625,82249400,0.0019743851343503077,65.28744986910408,0.09649579368024386
2005-01-05,3829.360107421875,3845.280029296875,3828.81005859375,3834.070068359375,86935200,-0.008824037703613223,64.71388524944865,0.10121119899777486
2005-01-06,3856.47998046875,3864.360107421875,3831.050048828125,3831.840087890625,87290200,0.007057129810428193,65.17219481112545,0.10263933856453926
2005-01-07,3877.9599609375,3883.919921875,3848.949951171875,3851.8798828125,104805600,0.005554386834746633,65.53519357651211,0.09907750879169043
2005-01-10,3877.820068359375,3890.389892578125,3860.14990234375,3890.389892578125,88395400,-3.60744058267967e-05,65.53282947598511,0.098163543878338
2005-01-11,3848.989990234375,3897.360107421875,3841.25,3897.360107421875,118625400,-0.007462384009714803,65.04561847592849,0.09755246184421404
2005-01-12,3816.139892578125,3856.699951171875,3804.919921875,3852.260009765625,112647400,-0.008571361288881278,64.49047156090228,0.10225454740947774
2005-01-13,3834.110107421875,3844.570068359375,3821.610107421875,3834.89990234375,93274800,0.004697950497059421,64.79415739578953,0.10286630858795559
2005-01-14,3854.60009765625,3861.9599609375,3820.929931640625,3821.6201171875,92154400,0.005329902726005198,65.14042592097202,0.1041592840100418
2005-01-17,3881.43994140625,3881.43994140625,3861.35009765625,3865.39990234375,57362200,0.006938938088922599,65.59400315576491,0.08335798036476674
2005-01-18,3875.02001953125,3877.5400390625,3847.320068359375,3875.159912109375,104871200,-0.0016553745841157489,65.48551033297608,0.08318006061979435
2005-01-19,3869.010009765625,3892.18994140625,3864.659912109375,3883.43994140625,94446200,-0.0015521662363156368,65.38394477857264,0.0837917995541302
2005-01-20,3842.43994140625,3852.6298828125,3834.110107421875,3847.320068359375,18674800,-0.0068910966607853355,64.93492658580826,0.0825999986280297
2005-01-21,3854.18994140625,3857.820068359375,3829.159912109375,3829.159912109375,76584200,0.0030532867780423308,65.13349452675673,0.08238361757547101
2005-01-24,3848.7099609375,3854.43994140625,3819.949951171875,3840.570068359375,97262200,-0.001422835935225864,65.04088614904458,0.08261633036021719
2005-01-25,3882.0400390625,3887.179931640625,3844.030029296875,3846.81005859375,95183400,0.008622781654798765,65.60414444563466,0.08717755450459792
2005-01-26,3879.820068359375,3892.35009765625,3877.570068359375,3885.719970703125,83481000,-0.000572020297437411,65.56662827444441,0.08720915520728335
2005-01-27,3891.39990234375,3892.93994140625,3861.659912109375,3892.0400390625,99218600,0.002980186534048621,65.76232051195952,0.08757099560714604
2005-01-28,3870.35009765625,3899.419921875,3868.8798828125,3897.570068359375,73269000,-0.0054239974990533645,65.40659145883913,0.09017914790913614
2005-01-31,3913.68994140625,3913.919921875,3893.75,3895.89990234375,86741600,0.011135680543482455,66.13900878092139,0.0968727097958857
2005-02-01,3939.179931640625,3939.179931640625,3908.800048828125,3914.2099609375,92981800,0.006491914464206686,66.56977430225217,0.09468010805336868
2005-02-02,3951.719970703125,3951.719970703125,3935.25,3947.409912109375,94364600,0.003178357291124624,66.78169342872488,0.09492452835031057
2005-02-03,3928.93994140625,3953.580078125,3921.22998046875,3946.02001953125,177341800,-0.005781265274489507,66.39672461917368,0.09144688508876397
2005-02-04,3958.010009765625,3960.27001953125,3928.419921875,3942.719970703125,109384200,0.007371721688032469,66.8879913100122,0.09170592077347978
2005-02-07,3981.89990234375,3982.669921875,3968.25,3968.969970703125,98357800,0.006017691620051841,67.29171614224359,0.09199431028412577
2005-02-08,3980.77001953125,3984.679931640625,3968.530029296875,3980.719970703125,94875600,-0.000283794966052665,67.27262180151241,0.09204225827671561
2005-02-09,3969.6201171875,3991.090087890625,3955.669921875,3986.68994140625,92926600,-0.002804871072231701,67.08419515043369,0.08780539516342452
2005-02-10,3970.3701171875,3986.81005859375,3956.8798828125,3970.840087890625,89321600,0.00018891710949044477,67.09686969985592,0.08008798380893933
2005-02-11,4016.75,4016.75,3978.300048828125,3978.300048828125,98484400,0.011613799077010668,67.88066185572912,0.08647532758293161
2005-02-14,4012.110107421875,4020.699951171875,3999.5400390625,4013.89990234375,65811000,-0.0011558036963092437,67.80225045866867,0.08645124280902976
2005-02-15,4030.449951171875,4034.010009765625,4003.56005859375,4009.820068359375,94342200,0.004560705896007156,68.11218280000946,0.08508893342657353
2005-02-16,4009.02001953125,4030.449951171875,3995.10009765625,4026.75,97419400,-0.005331192845997015,67.75002982975026,0.08787362713443797
2005-02-17,4005.5,4024.64990234375,4004.199951171875,4011.0400390625,98172800,-0.0008784106219737651,67.69054361439547,0.08759784265431421
2005-02-18,4029.02001953125,4042.27001953125,3999.89990234375,4000.8701171875,122097400,0.005854758382418844,68.08801781434343,0.08294094005795241
2005-02-21,4022.6201171875,4040.3798828125,4008.64990234375,4034.18994140625,43957000,-0.001589714289981412,67.97986330960558,0.08393345152318521
2005-02-22,4002.330078125,4024.679931640625,3980.550048828125,4019.8798828125,121333400,-0.005056749712973487,67.63697383910304,0.0867185232199304
2005-02-23,3977.18994140625,3978.659912109375,3951.60009765625,3974.93994140625,128996000,-0.00630118599601781,67.21212063200468,0.08746905414746986
2005-02-24,3977.669921875,3985.7900390625,3969.030029296875,3983.590087890625,103234000,0.00012067603391676861,67.22023201356852,0.08732972044566481
2005-02-25,4034.570068359375,4034.570068359375,4000.030029296875,4000.030029296875,92054600,0.014203544362124985,68.18181030523401,0.09821137072873652
2005-02-28,4027.159912109375,4056.68994140625,4027.159912109375,4043.72998046875,95381800,-0.0018383543866804582,68.0565831164111,0.0956775323260464
2005-03-01,4054.97998046875,4067.090087890625,4023.610107421875,4025.840087890625,106744600,0.0068843594902720075,68.52672555821255,0.0915461063220753
2005-03-02,4062.719970703125,4062.719970703125,4032.989990234375,4060.469970703125,95200200,0.0019069422684811418,68.6575267432169,0.08987767688227281
2005-03-03,4061.35009765625,4073.679931640625,4050.02001953125,4051.419921875,89077200,-0.0003372381203833545,68.63437671170382,0.08986102585128734
2005-03-04,4091.580078125,4091.580078125,4059.449951171875,4080.14990234375,83639200,0.00741576791529811,69.14524522035,0.08836820425654457
2005-03-07,4108.0,4108.0,4090.0400390625,4094.3701171875,82058800,0.004005069446801836,69.42273203543542,0.08650667914196732
2005-03-08,4085.3798828125,4103.64990234375,4079.280029296875,4098.3798828125,93750000,-0.005521573509529002,69.04046564446222,0.08858003264555782
2005-03-09,4066.68994140625,4104.740234375,4062.860107421875,4091.679931640625,117384800,-0.004585332205440739,68.72461686305907,0.09072846497013344
2005-03-10,4038.2099609375,4057.60009765625,4033.699951171875,4048.39990234375,106226000,-0.007027871542643721,68.2433223030648,0.09408701589524698
2005-03-11,4049.179931640625,4067.159912109375,4047.68994140625,4063.449951171875,76646000,0.002712859792027998,68.42870821751455,0.09428117640982106
2005-03-14,4048.550048828125,4055.77001953125,4035.780029296875,4046.419921875,68102600,-0.00015557021913297178,68.41806357639821,0.0859315735070551
2005-03-15,4077.739990234375,4083.409912109375,4059.77001953125,4060.469970703125,87381400,0.00718410659975861,68.91135604971277,0.08886537644554009
2005-03-16,4019.39990234375,4074.510009765625,4019.39990234375,4064.179931640625,111597000,-0.014410297517438369,67.92544361335575,0.10200435474430376
2005-03-17,4032.070068359375,4036.169921875,4011.2099609375,4020.590087890625,82862600,0.003147295219478176,68.13956180715984,0.10077889818132726
2005-03-18,4050.77001953125,4060.780029296875,4034.93994140625,4040.090087890625,95522000,0.004627082642286319,68.45557974758847,0.10178588483507751
2005-03-21,4033.0,4059.7900390625,4032.18994140625,4045.969970703125,37594600,-0.004396475434447065,68.15527709321107,0.10122847854880423
2005-03-22,4047.179931640625,4051.800048828125,4010.669921875,4036.260009765625,90484200,0.0035098095134482275,68.39490941905524,0.101729708640696
2005-03-23,4032.409912109375,4036.699951171875,4009.010009765625,4009.219970703125,87517400,-0.003656135093451812,68.14530496236681,0.10091463423633203
2005-03-24,4078.31005859375,4080.89990234375,4036.300048828125,4042.239990234375,81262600,0.011318510974718057,68.92098986250603,0.10465689574839318
2005-03-29,4081.64990234375,4082.18994140625,4043.89990234375,4056.429931640625,85357800,0.0008185932167532085,68.97743121540195,0.10459448362170812
2005-03-30,4064.610107421875,4074.010009765625,4053.64990234375,4060.14990234375,87659800,-0.0041834706363821144,68.6894689182257,0.09478985431566504
2005-03-31,4067.780029296875,4097.06982421875,4064.610107421875,4091.4599609375,92737400,0.0007795794304627661,68.74303869351814,0.0944604444933863
2005-04-01,4080.080078125,4097.0498046875,4062.22998046875,4068.0,83515600,0.0030192119181054024,68.95090212920891,0.09207631789768943
2005-04-04,4052.320068359375,4067.81005859375,4029.949951171875,4067.81005859375,80235200,-0.006827041730988578,68.4817746415604,0.09507051274338728
2005-04-05,4087.93994140625,4090.6298828125,4069.550048828125,4074.889892578125,106211000,0.008751587872759396,69.08372909668928,0.0999019414162681
2005-04-06,4106.990234375,4108.509765625,4093.06005859375,4094.139892578125,109172400,0.004649295814841262,69.40566760301013,0.09786169402152116
2005-04-07,4124.3701171875,4130.93017578125,4099.91015625,4111.509765625,111063000,0.004222852091852435,69.69937718122324,0.0979718234251138
2005-04-08,4124.2900390625,4143.93017578125,4122.60986328125,4134.31982421875,87803600,-1.9416032055059736e-05,69.6980239090193,0.09575966860070986
2005-04-11,4117.6201171875,4123.8798828125,4102.0,4107.0,83466000,-0.001618538228306876,69.58530623642305,0.09433437905716707
2005-04-12,4096.81005859375,4116.31982421875,4089.169921875,4112.7099609375,85840200,-0.005066718607970843,69.23362874825469,0.09256626580928445
2005-04-13,4116.85009765625,4126.52001953125,4114.27001953125,4122.97021484375,92884400,0.0048796951532969965,69.57229336894983,0.09346404611589545
2005-04-14,4111.10986328125,4126.14013671875,4097.8701171875,4100.6298828125,94288600,-0.001395299766537148,69.4752868565749,0.09372026427337081
2005-04-15,4032.280029296875,4084.909912109375,4032.280029296875,4083.949951171875,139406400,-0.019361051713832934,68.14311002086527,0.11367484621377447
2005-04-18,3949.590087890625,3975.25,3930.6298828125,3975.25,158371400,-0.020720181757496847,66.74569968876402,0.12492488507696205
2005-04-19,3962.389892578125,3973.639892578125,3954.419921875,3971.72998046875,102136200,0.003235553144888973,66.96200869823974,0.12496069743884594
2005-04-20,3950.02001953125,3983.5400390625,3944.31005859375,3979.75,104986600,-0.0031267043193891828,66.75296527520041,0.12357312669129875
2005-04-21,3951.02001953125,3972.570068359375,3933.22998046875,3933.22998046875,109772200,0.0002531312334568315,66.76986467443007,0.12310619905284595
2005-04-22,3980.179931640625,3985.800048828125,3967.7900390625,3977.75,82783200,0.00735324885997988,67.26264967066814,0.12556695445450805
2005-04-25,3993.070068359375,3997.050048828125,3966.10009765625,3973.75,73739400,0.0032333484962313503,67.48048523720317,0.1258566242214875
2005-04-26,3993.0400390625,4000.1201171875,3970.72998046875,3997.889892578125,72852000,-7.5203813800278604e-06,67.47997776012669,0.11838710953880306
2005-04-27,3927.679931640625,3978.06005859375,3917.280029296875,3960.0400390625,132260600,-0.016503951970211744,66.37543121111108,0.12969112667947658
2005-04-28,3911.449951171875,3950.60009765625,3895.419921875,3940.159912109375,148216800,-0.004140766615997833,66.10115429168012,0.12968145088423183
2005-04-29,3911.7099609375,3930.590087890625,3882.419921875,3882.419921875,106678200,6.647180132884382e-05,66.10554830051302,0.12952414214517824
2005-05-02,3938.77001953125,3945.06005859375,3920.8798828125,3928.7099609375,50948600,0.006893888228913876,66.56284703386675,0.13203548012551028
2005-05-03,3955.929931640625,3956.580078125,3934.719970703125,3953.25,78560000,0.004347204894365349,66.85283923934891,0.13221930742355026
2005-05-04,3987.6298828125,3987.6298828125,3950.5400390625,3968.030029296875,90894800,0.007981338390020645,67.38854936976311,0.13151784050074142
2005-05-05,4019.35009765625,4025.969970703125,3995.199951171875,3995.199951171875,62031400,0.007923182239028258,67.92460194405817,0.1338160770237165
2005-05-06,4033.4599609375,4041.169921875,4004.27001953125,4020.0,71962200,0.0035043364038424758,68.16305015672388,0.13348362413036458
2005-05-09,4020.18994140625,4033.3701171875,4011.4599609375,4028.510009765625,73316000,-0.003295408094766553,67.93879479887993,0.13364372400372132
2005-05-10,4000.25,4035.64990234375,3990.580078125,4021.25,81995400,-0.0049722914539111355,67.60182176843973,0.13427405396811085
2005-05-11,3979.530029296875,4009.3798828125,3977.110107421875,3977.989990234375,92289000,-0.005193129934095251,67.25166671150079,0.1343185279103512
2005-05-12,4015.64990234375,4022.85009765625,4004.429931640625,4010.699951171875,98640200,0.009035473645435523,67.86207086624451,0.1374939526295307
2005-05-13,4017.889892578125,4017.889892578125,3990.47998046875,3996.97998046875,96173800,0.000557659599530801,67.89992535548575,0.13762272877333714
2005-05-16,4010.97998046875,4015.39990234375,3990.4599609375,3990.4599609375,68528800,-0.0017212668593884967,67.78315199210758,0.12063598913587444
2005-05-17,4006.18994140625,4022.510009765625,3994.7900390625,4022.510009765625,90808200,-0.0011949452685049292,67.70220320966473,0.09516764929517485
2005-05-18,4073.14990234375,4073.14990234375,4016.14990234375,4016.14990234375,119027800,0.0165759815537013,68.83378632194984,0.10978354802017472
2005-05-19,4085.97998046875,4091.820068359375,4074.64990234375,4076.639892578125,91351600,0.003144964937255868,69.05060693433191,0.10873262451446238
2005-05-20,4096.18017578125,4112.06005859375,4080.43994140625,4088.030029296875,84027800,0.0024932781568152928,69.22298410713834,0.10865690029860367
2005-05-23,4118.3701171875,4123.93994140625,4100.9599609375,4113.330078125,71638200,0.005402607468082762,69.59798078584527,0.10758709049480572
2005-05-24,4102.06005859375,4112.06005859375,4083.530029296875,4110.08984375,74833600,-0.0039681816272691345,69.32235059421038,0.10911229467931466
2005-05-25,4100.27001953125,4114.75,4092.320068359375,4097.41015625,76354200,-0.00043647087446325214,69.29210000945652,0.10918627906149649
2005-05-26,4137.27978515625,4140.47998046875,4101.02001953125,4101.14013671875,159530800,0.00898568519135939,69.91754281414946,0.09114056970204255
2005-05-27,4131.830078125,4142.5400390625,4117.52978515625,4139.75,83840000,-0.001318088140165171,69.82544603934369,0.0890593887841537
2005-05-30,4134.8701171875,4135.31005859375,4097.9599609375,4108.9501953125,41857400,0.0007354903716637424,69.87682087313463,0.08884853346347464
2005-05-31,4120.72998046875,4139.06982421875,4120.68994140625,4134.9599609375,105524200,-0.0034255899944195473,69.63786105756253,0.0898122806520854
2005-06-01,4178.25,4178.25,4123.77001953125,4125.85009765625,96064600,0.01386217119451158,70.60991483131886,0.09838376496200747
2005-06-02,4183.72021484375,4198.2001953125,4163.64013671875,4180.22998046875,97875000,0.0013083556825789382,70.70235817583539,0.09648524849877774
2005-06-03,4162.47021484375,4191.5,4157.93017578125,4184.14990234375,78954200,-0.005092154581608758,70.34324594220514,0.09743324558717247
2005-06-06,4146.47021484375,4167.4599609375,4139.419921875,4159.8701171875,93296200,-0.0038512780087540327,70.07285555453062,0.09900385452601594
2005-06-07,4180.740234375,4184.97021484375,4150.27978515625,4153.93994140625,106110600,0.008230898742442707,70.6519982961974,0.10028276260444988
2005-06-08,4171.35009765625,4179.8798828125,4161.64990234375,4167.47998046875,99126600,-0.002248572585278833,70.49331062696618,0.0983685884799629
2005-06-09,4153.7099609375,4164.330078125,4140.8798828125,4163.97998046875,90292200,-0.004237846452764252,70.19520291409026,0.09754128867588063
2005-06-10,4184.10009765625,4195.10009765625,4172.2099609375,4175.39013671875,90318400,0.007289749006953829,70.70877796714431,0.09614116246410416
2005-06-13,4203.490234375,4205.72021484375,4179.740234375,4192.64990234375,76748400,0.004623537987249816,71.03645962867212,0.09642689007577776
2005-06-14,4197.740234375,4202.669921875,4187.1298828125,4195.52001953125,103725200,-0.0013688473180740836,70.93928808310159,0.09625617584727243
2005-06-15,4184.35986328125,4216.4599609375,4180.009765625,4205.2900390625,115436400,-0.0031926086071724013,70.71316785014733,0.09737757621892855
2005-06-16,4185.14990234375,4209.22021484375,4184.9599609375,4203.56982421875,113268800,0.00018878980656467835,70.72651903567154,0.08194736233650955
2005-06-17,4220.91015625,4246.43017578125,4192.580078125,4193.06005859375,137731400,0.008508259370472952,71.3308458429872,0.08550453879213847
2005-06-20,4193.39990234375,4213.7099609375,4182.669921875,4213.39990234375,97438600,-0.006538944188590695,70.86593907931622,0.08985898983100735
2005-06-21,4222.02001953125,4224.97021484375,4205.47021484375,4206.02001953125,84119200,0.00680185369146123,71.34960186566738,0.09082536882425446
2005-06-22,4229.5498046875,4242.52978515625,4220.93017578125,4224.1201171875,98593800,0.0017818671099326952,71.47685071113641,0.08887913513809012
2005-06-23,4240.18017578125,4244.83984375,4217.02001953125,4236.330078125,90600000,0.0025102043867290535,71.6564975962091,0.08867390081874346
2005-06-24,4199.8701171875,4212.06982421875,4192.22021484375,4208.14990234375,87190200,-0.009552162297055989,70.9752818230624,0.09238822730715865
2005-06-27,4157.68017578125,4178.22021484375,4149.9501953125,4172.9599609375,84544400,-0.010096331656016155,70.26229715976231,0.0995490789059838
2005-06-28,4194.330078125,4195.72998046875,4165.18994140625,4167.56005859375,79907000,0.008776363168733894,70.88165849119731,0.1038014429789316
2005-06-29,4231.8798828125,4245.35986328125,4207.35986328125,4211.77978515625,134670800,0.008912679230157212,71.51622763160708,0.10641917126020714
2005-06-30,4229.35009765625,4254.7998046875,4223.68017578125,4225.5400390625,124613600,-0.0005979710367100044,71.47347578228634,0.09614946537764199
2005-07-01,4269.6201171875,4269.6201171875,4220.75,4224.66015625,80595600,0.009476517714856938,72.15401491933106,0.10097279825586238
2005-07-04,4264.60009765625,4276.7099609375,4258.56005859375,4276.7099609375,50538200,-0.0011764449437345525,72.0691796051318,0.0989016028514133
2005-07-05,4252.75,4265.25,4231.93017578125,4264.0,80083600,-0.0027825803017165205,71.8689200739284,0.09828747144588211
2005-07-06,4279.9501953125,4292.06982421875,4264.0,4272.64013671875,93075800,0.006375540409215366,72.328587033639,0.09681552966993914
2005-07-07,4220.6201171875,4269.77001953125,4089.27001953125,4269.56005859375,231771800,-0.013959308463703139,71.3259443570778,0.10959974126881028
2005-07-08,4300.31005859375,4300.31005859375,4252.06982421875,4264.7099609375,108540400,0.018705062296599156,72.6726564914901,0.12472043029918502
2005-07-11,4321.56005859375,4332.990234375,4313.990234375,4317.89990234375,92375400,0.004929334991010305,73.03176872512033,0.12363930672763611
2005-07-12,4313.77978515625,4330.52001953125,4293.669921875,4319.85986328125,139141400,-0.001801961632902233,72.90028677818411,0.12362326294164505
2005-07-13,4343.6201171875,4346.10986328125,4316.14990234375,4318.06005859375,99903800,0.006893628697007703,73.40457046232575,0.12474024455559832
2005-07-14,4370.8798828125,4389.490234375,4348.4501953125,4352.080078125,107318200,0.006256206216644574,73.86524412452954,0.12443452608132285
2005-07-15,4373.77001953125,4383.93994140625,4361.77001953125,4369.9599609375,83235800,0.0006610068684872247,73.91408569876799,0.1243549810740917
2005-07-18,4363.47021484375,4388.7001953125,4357.5,4381.18994140625,67006800,-0.002357680270268099,73.74002518736643,0.12298796970549244
2005-07-19,4424.25,4424.25,4367.25,4367.25,158013400,0.013833110949511212,74.76716704181474,0.1262430880915198
2005-07-20,4418.39013671875,4435.2900390625,4402.16015625,4421.2099609375,103324000,-0.0013253652864826844,74.66813887279369,0.12593455630733275
2005-07-21,4425.66015625,4465.89990234375,4403.56982421875,4435.2001953125,143517800,0.0016440479029245362,74.79099783525969,0.12594074200285207
2005-07-22,4415.52001953125,4434.10986328125,4396.6201171875,4420.39013671875,92680600,-0.002293843347461142,74.61963561660622,0.1268676965124132
2005-07-25,4422.1201171875,4431.64990234375,4403.02001953125,4423.22998046875,69305600,0.001493633771274178,74.73117330185391,0.11984805293576041
2005-07-26,4420.77978515625,4445.14990234375,4414.58984375,4424.18994140625,84388400,-0.0003031430992810012,74.70852249575752,0.11143063647933148
2005-07-27,4433.1298828125,4449.35009765625,4428.66015625,4435.72998046875,101226000,0.0027897519015139265,74.91723172657576,0.10937839687173845
2005-07-28,4462.259765625,4472.169921875,4451.31982421875,4455.77978515625,136038400,0.0065494572113953065,75.40950924573735,0.1079671303019411
2005-07-29,4451.740234375,4483.47021484375,4440.31982421875,4473.31005859375,109594600,-0.0023602279859565047,75.23173548743473,0.10877877374239861
2005-08-01,4456.8701171875,4478.72021484375,4448.240234375,4457.490234375,65496000,0.0011516685941028765,75.31842742508452,0.10577505396537225
2005-08-02,4503.330078125,4503.330078125,4457.22021484375,4459.89013671875,76689000,0.010370388228360115,76.10357285316167,0.10886348235669828
2005-08-03,4495.47998046875,4503.740234375,4474.66015625,4501.0498046875,93522800,-0.0017446972647323705,75.97091091887688,0.10827542741594554
2005-08-04,4458.97021484375,4485.509765625,4444.6298828125,4471.5400390625,91857400,-0.008154597355649065,75.35391781379876,0.11353600731043255
2005-08-05,4421.7001953125,4466.97021484375,4421.7001953125,4438.490234375,88897200,-0.008393564139122263,74.72407687444301,0.10502661688309411
2005-08-08,4441.009765625,4462.009765625,4433.02001953125,4437.14990234375,55411000,0.004357493577330868,75.05039701210711,0.08682836853995045
2005-08-09,4491.68994140625,4491.68994140625,4437.02001953125,4445.75,94419600,0.01134723459635591,75.90686153566371,0.0926429652143052
2005-08-10,4527.10986328125,4527.10986328125,4501.7001953125,4501.7001953125,103305400,0.007854726737406706,76.50543693611263,0.09389244170152972
2005-08-11,4509.10009765625,4522.89990234375,4489.66015625,4513.1298828125,79641800,-0.003986137894033364,76.20108271678319,0.09474378660179439
2005-08-12,4476.47998046875,4510.39990234375,4467.60009765625,4496.39013671875,27749000,-0.007260579774256844,75.64982233351338,0.09820530496837555
2005-08-15,4466.580078125,4485.6298828125,4462.5498046875,4470.41015625,33175200,-0.002213986336394671,75.48251993147173,0.09888346517746849
2005-08-16,4444.56982421875,4490.52978515625,4441.5498046875,4483.85986328125,71305800,-0.004939945777423441,75.11055986356386,0.10038149383484858
2005-08-17,4439.6298828125,4443.27001953125,4410.4599609375,4433.85009765625,69850400,-0.0011120735864246043,75.02707782156853,0.0887536226450272
2005-08-18,4430.06982421875,4441.85009765625,4406.02001953125,4436.6201171875,63927000,-0.002155667635112066,74.86551857473383,0.0889756562988513
2005-08-19,4487.89990234375,4489.35986328125,4431.27001953125,4433.56005859375,72246800,0.012969518964836266,75.8428121524505,0.09944445205285303
2005-08-22,4485.93994140625,4498.0400390625,4478.60986328125,4490.14013671875,48707000,-0.00043681656967167705,75.80968999009316,0.09895511861338593
2005-08-23,4436.56005859375,4472.4599609375,4436.56005859375,4471.8701171875,65161800,-0.011068733419366948,74.97519963653102,0.10701191954293877
2005-08-24,4424.43017578125,4431.7001953125,4401.2001953125,4428.16015625,91589000,-0.0027378182502044417,74.7702119042736,0.10747467737716135
2005-08-25,4378.509765625,4396.7099609375,4369.2099609375,4396.7099609375,86899600,-0.010433065996859815,73.99418456025349,0.11283807364275102
2005-08-26,4342.7001953125,4392.75,4342.7001953125,4380.14013671875,73533400,-0.008212110869653679,73.38902433530004,0.11265579679634456
2005-08-29,4361.27001953125,4364.240234375,4313.33984375,4319.93017578125,51477200,0.004266984361315633,73.70284320839727,0.11419361766700016
2005-08-30,4356.66015625,4381.68017578125,4356.66015625,4373.60009765625,70991600,-0.0010575592182895737,73.62493928841327,0.11393069382099888
2005-08-31,4399.35986328125,4400.0,4356.72021484375,4356.72021484375,129913400,0.009753300112661194,74.34653868452381,0.11316654430022623
2005-09-01,4424.14990234375,4437.85986328125,4407.64013671875,4423.7001953125,105772800,0.0056191028169814755,74.76547545155981,0.11549900007553306
2005-09-02,4404.9501953125,4432.60009765625,4392.740234375,4414.25,94891000,-0.004349194613993641,74.44101193734625,0.11315845217580842
2005-09-05,4430.08984375,4431.6298828125,4404.81005859375,4404.81005859375,57403000,0.005690911682353567,74.8658568927848,0.1114100365330072
2005-09-06,4472.5498046875,4472.5498046875,4433.72998046875,4437.7099609375,102022400,0.009538807491336104,75.5834047239433,0.11528883959715913
2005-09-07,4486.18994140625,4498.43994140625,4476.0498046875,4489.830078125,121019200,0.0030451040314512113,75.81391483990058,0.10869741561084087
2005-09-08,4465.93994140625,4485.85009765625,4453.39990234375,4478.169921875,103737600,-0.004524070763828913,75.4717020055,0.10576150140682085
2005-09-09,4491.68017578125,4495.25,4473.39990234375,4473.39990234375,88044800,0.005747130350953419,75.90669650246811,0.10725443564939968
2005-09-12,4491.81982421875,4517.6201171875,4489.7099609375,4504.85986328125,97723200,3.108998441841351e-05,75.90905647716522,0.10412143118619091
2005-09-13,4453.41015625,4498.4599609375,4453.41015625,4493.18017578125,126202800,-0.008587795755390914,75.2599561638827,0.10821531000347363
2005-09-14,4470.43017578125,4478.77001953125,4454.33984375,4460.169921875,100251800,0.0038145102412063293,75.54758426883788,0.10757066435794317
2005-09-15,4479.39013671875,4495.2001953125,4459.27001953125,4461.330078125,87647200,0.0020022667758844742,75.69900222580284,0.10760519755307953
2005-09-16,4509.490234375,4526.93017578125,4476.27001953125,4479.330078125,127334400,0.006697210090515019,76.2076757929475,0.1092873687406609
2005-09-19,4505.68017578125,4522.9599609375,4463.06005859375,4486.2099609375,82714600,-0.0008452549751695996,76.14328809168333,0.10006678808437683
2005-09-20,4531.7998046875,4536.990234375,4514.830078125,4516.18017578125,106255200,0.005780306388126868,76.58469412830057,0.10187864250679715
2005-09-21,4468.06005859375,4514.490234375,4466.22998046875,4497.93017578125,128982400,-0.014164845409185218,75.50753071226525,0.10675056341789971
2005-09-22,4448.14990234375,4462.580078125,4424.2001953125,4454.77001953125,125026000,-0.004466065611013379,75.17106103307162,0.10754271104800564
2005-09-23,4477.2001953125,4477.2001953125,4452.419921875,4458.81982421875,89484800,0.006509637209875987,75.66199353168908,0.10221022117576828
2005-09-26,4566.919921875,4566.919921875,4510.39990234375,4510.39990234375,127857200,0.019841105316378924,77.17820300964453,0.11547682415225491
2005-09-27,4546.7998046875,4562.5400390625,4537.31005859375,4556.0498046875,89496400,-0.004415354098775883,76.83818511674546,0.11760275939826532
2005-09-28,4599.6298828125,4602.419921875,4563.39990234375,4563.39990234375,114690000,0.011552194125414458,77.73098169831385,0.12154024630322073
2005-09-29,4578.85986328125,4607.43017578125,4576.02001953125,4598.72998046875,82104800,-0.004525811012146057,77.37998084624748,0.12099213618344704
2005-09-30,4600.02001953125,4620.85009765625,4586.02978515625,4618.89990234375,86857400,0.0046106265699390565,77.73757477447816,0.12065196069785804
2005-10-03,4622.5400390625,4631.58984375,4608.10009765625,4610.009765625,83428000,0.004883690460675966,78.11814957519645,0.1188950080043234
2005-10-04,4650.240234375,4651.10986328125,4606.83984375,4624.43994140625,101656800,0.0059745355529479465,78.5862662345219,0.11900106289566477
2005-10-05,4594.10986328125,4625.25,4594.10986328125,4619.39990234375,110477600,-0.012143863075398553,77.63769668449974,0.1259078289042549
2005-10-06,4536.89990234375,4552.06982421875,4519.64990234375,4546.2900390625,140562400,-0.012531080578032958,76.6708827147038,0.1344253084558466
2005-10-07,4528.7900390625,4551.68994140625,4514.740234375,4521.43017578125,98729800,-0.0017891336449782182,76.533830897416,0.13345872742846604
2005-10-10,4536.22021484375,4561.52001953125,4528.89990234375,4544.0498046875,76356600,0.001639309220195508,76.6593964042899,0.13224100984158424
2005-10-11,4549.68017578125,4570.490234375,4535.919921875,4536.08984375,91379200,0.0029628259622408656,76.8868616577883,0.13250814544890707
2005-10-12,4515.0498046875,4543.9599609375,4509.6298828125,4530.18994140625,91378000,-0.007640721708593862,76.30162919120382,0.13171813636373597
2005-10-13,4470.1298828125,4513.31005859375,4452.2001953125,4500.72998046875,114052200,-0.00999875298569641,75.54250949807314,0.13615941875572032
2005-10-14,4482.1298828125,4500.06005859375,4445.830078125,4456.490234375,112384200,0.002680888960180258,75.74530228882904,0.13630557464631116
2005-10-17,4489.2099609375,4507.35009765625,4485.14013671875,4498.509765625,76914400,0.0015783773033189448,75.86495135564057,0.13428883459462204
2005-10-18,4461.14013671875,4502.009765625,4452.89990234375,4494.990234375,100485400,-0.006272361626206284,75.3905881898616,0.1359160701998864
2005-10-19,4375.08984375,4431.0400390625,4373.0498046875,4418.3701171875,145778400,-0.0194773140852345,73.93638993515366,0.14882312282087032
2005-10-20,4390.66015625,4445.31982421875,4383.75,4436.5400390625,109005800,0.003552537746446179,74.19951886222168,0.14261525803736663
2005-10-21,4366.52001953125,4391.2099609375,4354.39013671875,4354.39013671875,100084400,-0.005513235397845013,73.79156505435299,0.14299708164438352
2005-10-24,4421.97021484375,4421.97021484375,4362.740234375,4371.9501953125,77048400,0.01261898907564338,74.72864004230145,0.1484386715911588
2005-10-25,4396.990234375,4441.75,4396.990234375,4440.72021484375,96021400,-0.005665077515574525,74.30649337961098,0.1292591267532383
2005-10-26,4412.7001953125,4433.47998046875,4392.60009765625,4400.81982421875,93332400,0.0035665220510403143,74.57198228137614,0.13018264993975392
2005-10-27,4336.41015625,4383.52978515625,4329.4599609375,4375.75,170940600,-0.017439938377942724,73.28272645401275,0.13248575125559064
2005-10-28,4326.7099609375,4348.2001953125,4288.14990234375,4320.2998046875,126063400,-0.0022394239569975857,73.11879898082115,0.1323484907316651
2005-10-31,4436.4501953125,4436.4501953125,4373.0400390625,4373.0400390625,102236200,0.02504712217108408,74.97334301308052,0.16214650774785466
2005-11-01,4434.75,4450.1201171875,4421.75,4432.91015625,83767600,-0.00038330672195061483,74.9446107337262,0.16045978958083798
2005-11-02,4429.64990234375,4449.1201171875,4398.64013671875,4424.080078125,101281400,-0.0011506922691183568,74.85842214732298,0.15788984139062198
2005-11-03,4502.02001953125,4502.6201171875,4449.02978515625,4454.56982421875,121381200,0.01620563716522292,76.08143364997169,0.16598539780602453
2005-11-04,4498.7001953125,4506.27001953125,4476.419921875,4497.27001953125,100185200,-0.0007376797167456062,76.02533061512673,0.16056951385563842
2005-11-07,4503.64990234375,4516.72998046875,4475.68994140625,4493.31005859375,75922200,0.0010996478644648398,76.10897769031769,0.16056704661048135
2005-11-08,4503.6201171875,4532.64013671875,4493.68017578125,4521.419921875,123848400,-6.613581292788141e-06,76.1084743390711,0.16042224418261228
2005-11-09,4480.22998046875,4511.9501953125,4476.580078125,4509.10009765625,101791600,-0.005207163814081004,75.71319508062466,0.16079667777212367
2005-11-10,4479.5,4506.66015625,4474.22998046875,4496.35009765625,94973400,-0.0001629469798658184,75.7008588492534,0.1588231492147874
2005-11-11,4536.490234375,4541.81982421875,4513.75,4526.27001953125,83912000,0.012642203891457204,76.6639595721483,0.16089159234416922
2005-11-14,4548.4501953125,4563.7998046875,4521.39013671875,4530.080078125,78207800,0.002632921578123431,76.86607572680224,0.16088424324504455
2005-11-15,4543.14990234375,4557.2099609375,4527.18994140625,4545.9599609375,126286400,-0.0011659759585323796,76.77650395988917,0.16097618464312655
2005-11-16,4512.1298828125,4534.91015625,4494.52978515625,4531.2998046875,100453800,-0.006851282700767294,76.25228426571879,0.1612983495675368
2005-11-17,4523.18017578125,4543.85986328125,4514.56005859375,4522.8701171875,97487400,0.0024460252955609586,76.43902757820238,0.14396238011701562
2005-11-18,4556.22998046875,4577.2900390625,4543.2900390625,4555.97998046875,118890600,0.007280197742386094,76.99754942207868,0.1451782432284139
2005-11-21,4586.3798828125,4593.64013671875,4556.240234375,4563.0498046875,94556400,0.006595493428959847,77.5070646585209,0.14358276560975122
2005-11-22,4580.81005859375,4593.18017578125,4574.10986328125,4593.080078125,81442200,-0.0012151651574211027,77.41293797540922,0.13902839116254415
2005-11-23,4608.64990234375,4611.1298828125,4588.81005859375,4611.1298828125,101878400,0.006059100108442111,77.88341460943178,0.1371427140559158
2005-11-24,4586.83984375,4606.60009765625,4574.35986328125,4598.27978515625,77033000,-0.004743651527839983,77.51483772203377,0.13913584701145879
2005-11-25,4600.47998046875,4601.7099609375,4580.52001953125,4592.2900390625,59607400,0.002969341875934706,77.74534783799105,0.12016542393454394
2005-11-28,4575.31005859375,4633.43994140625,4575.1201171875,4621.60986328125,131945600,-0.005486172830539771,77.31999127964612,0.12239184674814009
2005-11-29,4588.72998046875,4606.0,4556.77978515625,4568.33984375,81157600,0.0029288242763705744,77.54677989704255,0.09150093598547042
2005-11-30,4567.41015625,4584.68017578125,4551.27978515625,4575.89013671875,128226400,-0.004656954225478729,77.18648767606378,0.09384000683722994
2005-12-01,4636.4599609375,4636.4599609375,4580.18017578125,4581.72998046875,105595800,0.015004796746468214,78.35338789220776,0.10439375173950781
2005-12-02,4662.5,4662.5,4637.10009765625,4651.16015625,78581400,0.0056006493713140985,78.79344890828084,0.09218162510750516
2005-12-05,4650.5400390625,4666.10009765625,4636.81005859375,4660.009765625,88238600,-0.0025684346813028636,78.59133275362692,0.09299813323086106
2005-12-06,4677.2001953125,4681.41015625,4648.77001953125,4654.5,88325400,0.005716331753818322,79.04187337762073,0.094066207706064
2005-12-07,4660.580078125,4690.75,4651.43017578125,4676.60009765625,96236200,-0.0035597613675877955,78.76100338202546,0.09571709272674168
2005-12-08,4669.93017578125,4669.93017578125,4623.22998046875,4635.9501953125,89274000,0.002004199241330039,78.91901441515472,0.09242872143079515
2005-12-09,4661.009765625,4668.27978515625,4647.6298828125,4659.7099609375,69864400,-0.0019120073497092599,78.76826484263195,0.09313431638869984
2005-12-12,4673.1298828125,4698.4501953125,4661.22021484375,4674.0400390625,105881200,0.0025969450759522053,78.97308754169376,0.08463710119229922
2005-12-13,4693.39990234375,4701.85009765625,4666.8798828125,4673.06982421875,93445800,0.004328188056778601,79.3156386941453,0.08514714932017249
2005-12-14,4674.85009765625,4706.5,4672.8701171875,4698.990234375,102990200,-0.003960148145105479,79.00215813909907,0.0867814033367661
2005-12-15,4673.14013671875,4684.75,4657.72021484375,4683.56005859375,105790200,-0.000365845687404358,78.97326082654914,0.08181454324040797
2005-12-16,4704.41015625,4724.08984375,4670.740234375,4670.740234375,162686200,0.006669148008883717,79.50170537052692,0.08360779962173667
2005-12-19,4694.85986328125,4712.8701171875,4691.2900390625,4705.6201171875,88295600,-0.0020321357372348153,79.34031115688782,0.08222804764937318
2005-12-20,4703.47998046875,4709.83984375,4674.18017578125,4676.2099609375,109042200,0.0018343919773134297,79.48598595864583,0.08008362555880581
2005-12-21,4752.41015625,4752.41015625,4706.85009765625,4706.85009765625,102003600,0.010349234562153828,80.31287653355051,0.08552318560381494
2005-12-22,4751.9599609375,4766.08984375,4742.669921875,4745.5498046875,73510000,-9.473438161308189e-05,80.30526850323326,0.08426507577198718
2005-12-23,4757.740234375,4768.93994140625,4746.60009765625,4758.759765625,47427000,0.0012156585445674164,80.40295165171017,0.08121208542631661
2005-12-27,4769.3798828125,4780.0498046875,4751.14990234375,4751.14990234375,34610400,0.0024434780050255345,80.59965471754835,0.08113233914614891
2005-12-28,4756.93017578125,4771.97021484375,4749.0498046875,4757.509765625,40220400,-0.0026137537078690437,80.38926214813496,0.07848610840792461
2005-12-29,4772.93017578125,4776.52978515625,4760.68017578125,4762.31005859375,40116000,0.003357869778457635,80.6596525358095,0.0785741825868161
2005-12-30,4715.22998046875,4761.60986328125,4703.33984375,4761.60986328125,45054600,-0.0121627176750543,79.68455389959432,0.08991811247035299
2006-01-02,4754.919921875,4757.5400390625,4727.08984375,4731.919921875,35923200,0.008382163788764786,80.35529006482027,0.07975305729766849
2006-01-03,4776.97998046875,4803.22998046875,4755.72021484375,4761.9501953125,93725400,0.004628688552271177,80.7280918020257,0.07914627735016844
2006-01-04,4838.52001953125,4838.52001953125,4799.18994140625,4820.89990234375,112403400,0.012800349297016423,81.76808149075165,0.08750104869235653
2006-01-05,4835.08984375,4849.669921875,4826.31005859375,4839.08984375,107184400,-0.0007091821922722395,81.7101135807964,0.08678601464964292
2006-01-06,4867.14990234375,4867.14990234375,4839.75,4843.16015625,111654200,0.006608819431785423,82.25190931029843,0.08634415778923453
2006-01-09,4875.08984375,4886.18994140625,4870.93017578125,4875.1201171875,116841600,0.0016300036482699688,82.38608954998273,0.08635721630456945
2006-01-10,4861.93017578125,4868.89990234375,4838.47998046875,4868.89990234375,114865800,-0.0027030191895959237,82.16369906724908,0.08685620938372796
2006-01-11,4890.490234375,4897.580078125,4866.759765625,4893.75,102499000,0.005857036312694079,82.6463468994473,0.08786230887241286
2006-01-12,4890.240234375,4898.0498046875,4872.52001953125,4875.8798828125,182529200,-5.11209261626003e-05,82.64212204963988,0.08781338845625615
2006-01-13,4850.52978515625,4876.41015625,4834.240234375,4876.41015625,133881600,-0.008153496927482462,81.97103931470315,0.09245223617474095
2006-01-16,4856.08984375,4864.759765625,4844.1298828125,4844.1298828125,71310200,0.001145622145386287,82.06500096461923,0.09216281532121466
2006-01-17,4807.14013671875,4829.330078125,4803.43994140625,4829.330078125,112012800,-0.010131214059635104,81.23778032332334,0.09915496096663357
2006-01-18,4772.08984375,4792.06982421875,4730.3798828125,4748.72021484375,157454000,-0.0073180097902547795,80.64545142932795,0.10283337342069228
2006-01-19,4814.08984375,4815.81005859375,4790.77001953125,4798.330078125,111811800,0.00876267086873518,81.35522619697359,0.106467534344279
2006-01-20,4773.47998046875,4841.419921875,4773.47998046875,4828.7099609375,117347000,-0.00847140764313906,80.66894390472191,0.10584170304167516
2006-01-23,4751.990234375,4754.77978515625,4719.330078125,4725.0,114812800,-0.004512067555248607,80.30578010613964,0.1071009560539665
2006-01-24,4748.31982421875,4766.52001953125,4739.759765625,4758.93017578125,109663000,-0.0007726927471276542,80.24375237957257,0.10703812471005399
2006-01-25,4791.0,4794.22021484375,4758.06005859375,4766.60986328125,121893200,0.008948323645646426,80.96502170929189,0.11126961574097062
2006-01-26,4876.52001953125,4876.52001953125,4800.2099609375,4801.83984375,147786800,0.017692696827862148,82.41025866147864,0.12602151349362922
2006-01-27,4956.60009765625,4956.60009765625,4907.47998046875,4938.77001953125,198721400,0.016288186787795728,83.76356387205523,0.13636942331270896
2006-01-30,4936.7900390625,4954.9599609375,4934.6201171875,4945.830078125,117194200,-0.004004711185074231,83.42878578311652,0.1285502684197312
2006-01-31,4947.990234375,4970.2099609375,4930.18017578125,4943.4599609375,121921600,0.0022661505457549913,83.61806235515262,0.12656677956631762
2006-02-01,4999.39013671875,5000.0,4936.58984375,4946.77001953125,126147600,0.010334451461257312,84.48668982522508,0.12962575790351832
2006-02-02,4927.89013671875,5012.3798828125,4927.89013671875,5000.9501953125,176052600,-0.014405000041188842,83.27838278030453,0.1356261989512382
2006-02-03,4937.56005859375,4955.93994140625,4905.6298828125,4945.3798828125,127846800,0.0019603616216928,83.44179865058976,0.13554941989834451
2006-02-06,4934.58984375,4960.669921875,4919.89990234375,4949.83984375,108205800,-0.0006017361897367388,83.39160380414737,0.13408261837169974
2006-02-07,4935.39990234375,4958.509765625,4906.35986328125,4951.990234375,135639800,0.00016414578260113416,83.40529330772256,0.13404449918224184
2006-02-08,4895.080078125,4909.68017578125,4875.7998046875,4893.14990234375,125630000,-0.008203068495767636,82.72391250138027,0.13706467427996183
2006-02-09,4955.740234375,4958.7900390625,4921.60009765625,4925.7099609375,117139800,0.012315913005564052,83.74903269918246,0.14208439828969507
2006-02-10,4910.81982421875,4963.68994140625,4910.81982421875,4940.0498046875,98773200,-0.009105649843989618,82.989904754392,0.1460392586860855
2006-02-13,4957.35986328125,4957.35986328125,4898.9599609375,4916.35986328125,104654800,0.009432415216013637,83.77640345467306,0.14607077264768217
2006-02-14,4961.33984375,4975.41015625,4928.10986328125,4964.56982421875,129663600,0.0008025206528904926,83.84366273354071,0.14607240509996164
2006-02-15,4934.08984375,4958.31005859375,4922.81005859375,4957.1201171875,113479000,-0.005507606995023992,83.38315410453254,0.14245797366112628
2006-02-16,4973.08984375,4973.89013671875,4938.3701171875,4959.7001953125,97543400,0.007873118825834713,84.04223067448918,0.1406659169393992
2006-02-17,5000.0,5003.39013671875,4965.56982421875,4975.72998046875,98496400,0.005396566556629079,84.49699614829042,0.1390906818122653
2006-02-20,4979.93994140625,4985.66015625,4971.25,4981.31005859375,60892200,-0.004020081428845027,84.1579932095443,0.1357620156478175
2006-02-21,4991.93017578125,5024.509765625,4974.509765625,4997.93994140625,124168600,0.0024048127407417645,84.3606209671046,0.13366942285552835
2006-02-22,5041.60009765625,5041.60009765625,4984.1201171875,4984.97021484375,120587600,0.009900867644966694,85.20001280657614,0.13563132039053924
2006-02-23,5040.39013671875,5060.27001953125,5020.0400390625,5051.77001953125,147666000,-0.00024002422442017182,85.17956519364105,0.13415599438180026
2006-02-24,5073.9501953125,5073.9501953125,5036.169921875,5051.6298828125,103085800,0.006636158296724122,85.74671002198754,0.12332250287926105
2006-02-27,5080.52001953125,5085.2001953125,5058.08984375,5082.1298828125,140426000,0.0012939769375348202,85.85773610432886,0.11165080462119721
2006-02-28,5000.4501953125,5084.6201171875,4998.1298828125,5084.6201171875,152498600,-0.015885674957475424,84.50460417860765,0.12534297627226829
2006-03-01,5057.60986328125,5059.02978515625,5006.0,5008.7099609375,132999600,0.011366065224047834,85.47056822744626,0.13070699816871362
2006-03-02,5009.08984375,5077.580078125,4990.47998046875,5069.759765625,139673600,-0.009639781988387679,84.65060904675687,0.1311309628687371
2006-03-03,4989.14990234375,5030.35986328125,4966.7099609375,5012.93994140625,133234400,-0.003988695680269613,84.31363601631666,0.12121020296639679
2006-03-06,5010.72021484375,5037.0498046875,5010.72021484375,5025.72021484375,129514800,0.004314125224064365,84.67816133876265,0.12181862954694292
2006-03-07,4992.2099609375,4996.68994140625,4968.72021484375,4989.93017578125,123852400,-0.003700970557458475,84.3653491681586,0.12270590523353851
2006-03-08,4969.509765625,5005.8798828125,4927.58984375,5000.990234375,149103600,-0.0045574931291468635,83.98172950498144,0.12397786773030442
2006-03-09,5007.83984375,5012.419921875,4981.0498046875,5007.9599609375,133724400,0.007683456668378057,84.62948479771981,0.12240820997017206
2006-03-10,5069.27001953125,5069.27001953125,4986.919921875,4993.91015625,117575400,0.01219217366377911,85.66761786299523,0.1222658226521591
2006-03-13,5107.47021484375,5112.7001953125,5085.740234375,5094.22998046875,99056200,0.007507389173543497,86.31317821423208,0.11830990156119658
2006-03-14,5117.16015625,5117.16015625,5088.1201171875,5095.240234375,109949800,0.0018954121480304993,86.4769324025683,0.11507606657337054
2006-03-15,5127.93017578125,5141.5498046875,5119.60986328125,5131.0400390625,121084200,0.0021024750684519636,86.6589392623381,0.11506336521625661
2006-03-16,5126.009765625,5136.64013671875,5105.6201171875,5130.5400390625,110239600,-0.00037457020222021774,86.62648548442293,0.1124273181481287
2006-03-17,5141.080078125,5171.3798828125,5124.75,5133.08984375,165232800,0.0029356562672462855,86.88116471187615,0.11035819451381738
2006-03-20,5138.509765625,5174.14013671875,5131.31005859375,5161.2099609375,96421400,-0.0005000807605428546,86.83772797479367,0.10967838397576495
2006-03-21,5148.56005859375,5148.56005859375,5098.3798828125,5136.919921875,119449400,0.0019539667442998038,87.00757188804761,0.10796537060511209
2006-03-22,5194.77978515625,5201.27978515625,5132.9501953125,5142.47021484375,181240200,0.008937158577770832,87.78865749951292,0.11092079005190357
2006-03-23,5194.77978515625,5205.60986328125,5179.66015625,5204.68017578125,132081000,0.0,87.78865749951292,0.10715737795680558
2006-03-24,5218.7099609375,5226.3701171875,5194.2001953125,5198.27001953125,152767600,0.004596003546995322,88.19306309367617,0.10751931645740985
2006-03-27,5162.43994140625,5218.85009765625,5162.06982421875,5212.39013671875,93518000,-0.010840912838336745,87.24213356895692,0.11415872008089542
2006-03-28,5149.990234375,5189.93994140625,5134.33984375,5170.97021484375,104814800,-0.0024145061575891946,87.03174099954354,0.1146876745076036
2006-03-29,5180.25,5189.6201171875,5143.66015625,5144.1201171875,85148600,0.005858499219072078,87.5431128594363,0.09883314972489295
2006-03-30,5240.10009765625,5246.740234375,5203.35986328125,5204.91015625,117118000,0.011487283101598095,88.55454355366331,0.09898358016243251
2006-03-31,5220.85009765625,5247.31005859375,5211.06982421875,5227.0498046875,105696600,-0.003680358164235652,88.22923011849238,0.09231878611307234
2006-04-03,5255.259765625,5258.509765625,5231.10009765625,5251.56005859375,124339800,0.006569192603258899,88.81073283485627,0.090964645585045
2006-04-04,5205.81005859375,5241.7099609375,5203.91015625,5241.7099609375,116863600,-0.009454114384222508,87.97506249394554,0.09955427764508572
2006-04-05,5221.02978515625,5230.8701171875,5187.330078125,5214.43994140625,120031200,0.0029193384764312044,88.23226672929147,0.09755058211773446
2006-04-06,5222.35986328125,5245.56005859375,5200.4599609375,5232.41015625,116226200,0.0002547215371573722,88.25474425053248,0.09477621485839213
2006-04-07,5174.9599609375,5241.0,5174.9599609375,5221.83984375,114764800,-0.00911777872044841,87.45371437737865,0.100585184706363
2006-04-10,5190.27001953125,5190.8701171875,5155.830078125,5170.0498046875,84382800,0.0029541206044859684,87.71244516978388,0.09309705859687163
2006-04-11,5112.60009765625,5197.41015625,5106.18017578125,5189.18994140625,126835600,-0.015077622528158311,86.3998701518819,0.10561528888226429
2006-04-12,5085.10986328125,5110.7998046875,5058.35009765625,5106.47998046875,121817000,-0.005391465548746408,85.9353017062619,0.10701634109628058
2006-04-13,5102.6201171875,5109.60986328125,5069.47021484375,5097.77978515625,82467200,0.003437521642679838,86.2312144776363,0.10749272112378519
2006-04-18,5095.97021484375,5101.93017578125,5073.509765625,5097.56005859375,82229400,-0.0013040828329546437,86.11883512309103,0.10755606831416659
2006-04-19,5158.14013671875,5172.58984375,5125.56982421875,5150.39013671875,108721800,0.012126002457561343,87.16946945293333,0.11544074163369474
2006-04-20,5206.7900390625,5227.1298828125,5158.240234375,5158.240234375,121195000,0.009387474645671148,87.99162357512424,0.11973228015638315
2006-04-21,5252.3798828125,5252.3798828125,5221.56005859375,5223.830078125,109810200,0.008717734355907602,88.76206454547321,0.12292561788595316
2006-04-24,5221.43994140625,5239.3798828125,5219.27001953125,5227.7001953125,87307000,-0.005908070202232446,88.23919812350675,0.1215217524874069
2006-04-25,5235.33984375,5255.14990234375,5227.93994140625,5238.64013671875,103482600,0.0026585451384112464,88.47409812246705,0.12180320120907558
2006-04-26,5252.31982421875,5261.60009765625,5241.990234375,5244.47021484375,104366800,0.003238090449710308,88.76104959132026,0.12129941416094663
2006-04-27,5213.5498046875,5257.759765625,5169.97998046875,5257.759765625,169400000,-0.0074088820616475485,88.10585955312003,0.1178594722376059
2006-04-28,5188.39990234375,5219.06982421875,5184.27001953125,5211.14013671875,116765400,-0.004835622562936574,87.68084131282609,0.11889967785887025
2006-05-02,5241.18994140625,5249.47021484375,5185.68017578125,5187.33984375,116350600,0.010123214944644103,88.57296125829251,0.1222578337140562
2006-05-03,5193.93994140625,5267.509765625,5193.93994140625,5260.56982421875,134590000,-0.009056010504858365,87.77446464469118,0.11980295638783094
2006-05-04,5233.7001953125,5241.490234375,5187.72021484375,5198.1201171875,98354400,0.007625972142187815,88.44638904892545,0.1223036651285708
2006-05-05,5286.39990234375,5287.240234375,5237.52001953125,5244.2099609375,105246600,0.010018944187037944,89.33698243733257,0.12514752842949192
2006-05-08,5282.39990234375,5315.02978515625,5277.31005859375,5297.5,85185000,-0.0007569450202310599,89.26938484041393,0.12014943818842455
2006-05-09,5312.18017578125,5312.18017578125,5272.81982421875,5292.2900390625,111713600,0.005621808821301532,89.77265357040261,0.12114031958593637
2006-05-10,5278.27001953125,5310.64990234375,5276.4599609375,5285.14990234375,126916200,-0.006403934018581559,89.19959230199379,0.12370360764016913
2006-05-11,5262.93994140625,5329.16015625,5259.1201171875,5284.06005859375,170039800,-0.002908601382471906,88.94052319153757,0.11941194574097032
2006-05-12,5150.4501953125,5238.39990234375,5150.4501953125,5226.81005859375,212419200,-0.021605667410800364,87.03951406305642,0.14200678325676933
2006-05-15,5064.85009765625,5137.43017578125,5052.7998046875,5130.52978515625,187040400,-0.016759585882222466,85.59292383866573,0.14430316058235673
2006-05-16,5081.68994140625,5100.7099609375,5042.22021484375,5065.490234375,150327200,0.0033193303622486275,85.87750708116204,0.14369597058853162
2006-05-17,4920.31005859375,5110.2001953125,4920.31005859375,5103.580078125,181139600,-0.032272323342682,83.15028401387816,0.1811867390529681
2006-05-18,4908.68994140625,4959.81005859375,4841.77001953125,4922.31005859375,199366800,-0.0023644567303230074,82.95391101443118,0.18119238137738164
2006-05-19,4944.56982421875,4964.83984375,4906.740234375,4933.72998046875,179287000,0.007282877394042162,83.56025947839296,0.17724164559346353
2006-05-22,4813.5,4934.10986328125,4798.81005859375,4934.10986328125,183981800,-0.026865498985752672,81.3452581919592,0.19175552148934047
2006-05-23,4931.52978515625,4963.10009765625,4847.52001953125,4847.52001953125,196174800,0.02422477093397139,83.33989065230544,0.21100706427919655
2006-05-24,4870.02001953125,4908.77001953125,4822.60009765625,4892.7099609375,150904800,-0.012551193297102031,82.30041256648587,0.213401333609564
2006-05-25,4949.52978515625,4949.52978515625,4840.580078125,4878.509765625,97131200,0.01619453129800717,83.6440798384393,0.2231084909089707
2006-05-26,5045.08984375,5045.08984375,4970.080078125,4993.009765625,162757400,0.019122882949978968,85.25898741902459,0.2348864120026324
2006-05-29,5015.31982421875,5026.35986328125,5009.169921875,5022.85986328125,48836600,-0.005918269217105043,84.75589197389127,0.2345037121004379
2006-05-30,4893.8701171875,5023.41015625,4882.72021484375,5010.35009765625,151443400,-0.02451376742872538,82.70346488844518,0.24722725949742902
2006-05-31,4930.18017578125,4937.91015625,4820.06005859375,4834.56005859375,169673200,0.0073921087234836485,83.31708306467323,0.24560654088367528
2006-06-01,4947.2900390625,4954.4599609375,4885.33984375,4927.1298828125,123124000,0.0034644256114482277,83.60622947502794,0.24549032011327174
2006-06-02,4959.7001953125,5023.169921875,4937.81005859375,5000.4501953125,127736600,0.0025053346067054217,83.81595365999914,0.2435100279880897
2006-06-05,4916.0400390625,4970.509765625,4906.4599609375,4960.16015625,73527800,-0.008841958103431627,83.07812324910114,0.23997277343189735
2006-06-06,4797.919921875,4857.39013671875,4786.43017578125,4834.43994140625,142432200,-0.02432086193172188,81.08196423169557,0.2502911478252433
2006-06-07,4824.77001953125,4832.5,4767.31982421875,4820.2900390625,138972600,0.0055805949277203445,81.53571475134385,0.2502700195235578
2006-06-08,4684.33984375,4762.740234375,4684.33984375,4706.39013671875,212133400,-0.029538072031786093,79.16252914692544,0.2647999531576982
2006-06-09,4768.18017578125,4785.58984375,4736.490234375,4757.5498046875,135748800,0.017739720316477685,80.57938038946864,0.2769108717601653
2006-06-12,4723.18017578125,4780.080078125,4720.16015625,4757.56005859375,99536600,-0.009482378819436992,79.81890742413401,0.27070073449895854
2006-06-13,4617.58984375,4660.33984375,4594.33984375,4635.2998046875,176945000,-0.02260944864446212,78.03449424834577,0.2748676923278056
2006-06-14,4615.43994140625,4642.14990234375,4564.68994140625,4622.22021484375,236820000,-0.0004656981365014409,77.99816219033396,0.2738387121274016
2006-06-15,4724.580078125,4729.7998046875,4639.39990234375,4639.39990234375,174063400,0.023371492648422768,79.84256493272358,0.27076815008372035
2006-06-16,4694.89013671875,4801.6298828125,4681.47021484375,4789.93994140625,286744800,-0.006303972315290679,79.34082275979421,0.27119082275872186
2006-06-19,4729.02001953125,4773.5400390625,4718.72021484375,4722.6201171875,123956200,0.007243284680280572,79.91759727510409,0.27117355877457167
2006-06-20,4770.419921875,4770.419921875,4678.3701171875,4687.39013671875,129009400,0.008716337954732006,80.61723075287998,0.2579569106059979
2006-06-21,4774.72998046875,4785.85986328125,4711.169921875,4780.4501953125,130401600,0.0009030887792805676,80.69006815375897,0.24203290531951177
2006-06-22,4803.2900390625,4838.5400390625,4775.58984375,4828.6298828125,108699800,0.005963684181405728,81.17271598595718,0.23990698782873623
2006-06-23,4817.6298828125,4834.2001953125,4788.7998046875,4812.7998046875,98519600,0.0029809736460422055,81.41505073037935,0.23246352463722345
2006-06-26,4801.490234375,4842.7998046875,4796.14990234375,4838.72021484375,114452400,-0.0033557463440795766,81.1423003680077,0.22032201131485443
2006-06-27,4771.240234375,4832.16015625,4762.81982421875,4829.16015625,111293500,-0.006320056913464916,80.63109354131055,0.22040822964385867
2006-06-28,4774.0,4802.60986328125,4744.580078125,4751.7900390625,110729100,0.000578249605905326,80.67773192238772,0.20527254861316857
2006-06-29,4880.3798828125,4880.3798828125,4800.490234375,4814.91015625,119663300,0.022038533757292197,82.47548803204039,0.21880412105800476
2006-06-30,4965.9599609375,4974.52978515625,4914.25,4946.58984375,136360100,0.017383562741099628,83.92173993838009,0.22712313414525817
2006-07-03,4980.6201171875,4982.83984375,4952.16015625,4967.06982421875,102830500,0.0029477803929642793,84.16948777161801,0.22718538877497493
2006-07-04,4983.8798828125,4985.83984375,4948.41015625,4985.83984375,57923600,0.0006542758274446798,84.22457585231,0.2247920192500896
2006-07-05,4921.2998046875,4963.43994140625,4902.56982421875,4959.93017578125,101208700,-0.012635997078098439,83.16701012825244,0.21169842650816564
2006-07-06,4966.4501953125,4971.68994140625,4933.18994140625,4935.27978515625,114194500,0.009132654939707028,83.93002460479933,0.2129763696227586
2006-07-07,4953.7099609375,4977.68017578125,4921.56982421875,4950.7099609375,94507600,-0.0025685555835352823,83.71472229781679,0.1818667301337689
2006-07-10,4982.47998046875,4989.2900390625,4908.97998046875,4939.2001953125,83373600,0.005790972214086305,84.20091834372046,0.17392207964643994
2006-07-11,4914.39013671875,4975.77978515625,4903.27978515625,4954.14990234375,150050600,-0.01376009127840237,83.05024089070416,0.17809080263620874
2006-07-12,4941.72998046875,4978.72998046875,4932.7001953125,4946.1201171875,110991000,0.0055478045209164705,83.51226782511189,0.15442333350295542
2006-07-13,4852.52001953125,4904.009765625,4834.81005859375,4903.580078125,144990300,-0.018217306705796747,82.00467307996688,0.1711183939195573
2006-07-14,4780.7900390625,4842.85009765625,4780.7900390625,4811.7998046875,92409200,-0.014892348679610323,80.7924795032899,0.1631411569762651
2006-07-17,4750.080078125,4790.919921875,4710.60986328125,4790.919921875,115001000,-0.006444336527627989,80.27349961307988,0.16321631022879435
2006-07-18,4734.5400390625,4763.830078125,4715.6201171875,4740.009765625,108713400,-0.0032768951789931594,80.01088228891821,0.16184849025238873
2006-07-19,4846.5400390625,4846.5400390625,4733.27001953125,4733.27001953125,129790900,0.02338047507698283,81.90361500263992,0.17881792794542045
2006-07-20,4865.0400390625,4895.10009765625,4854.580078125,4870.27001953125,104987200,0.0038098892721591783,82.21625388838861,0.17913173258236273
2006-07-21,4818.5498046875,4860.490234375,4802.58984375,4841.27978515625,104798000,-0.009601933232080034,81.4305968574051,0.18167651454173658
2006-07-24,4914.93017578125,4919.43994140625,4826.169921875,4827.06982421875,87998600,0.019804534751343097,83.05936722642099,0.1939136459519537
2006-07-25,4933.1201171875,4958.0498046875,4915.89990234375,4931.93994140625,99402000,0.003694124532461047,83.3667663082093,0.1934775974684679
2006-07-26,4943.0,4954.7998046875,4925.47021484375,4937.06982421875,105539600,0.0020007626458719246,83.53373039219997,0.1914918980066436
2006-07-27,5001.2099609375,5001.2099609375,4961.5400390625,4974.419921875,162148200,0.011707441021391561,84.51744376122559,0.19453871365593411
2006-07-28,5028.509765625,5030.77978515625,4962.5400390625,4978.06982421875,112566100,0.005443795609583306,84.97879405953134,0.1812721481615405
2006-07-31,5009.419921875,5034.06005859375,5006.27978515625,5024.509765625,75857600,-0.00380354661940132,84.6561871687683,0.17240990777667536
2006-08-01,4948.22998046875,5024.08984375,4932.41015625,5010.9501953125,97199400,-0.012290191405946383,83.6221139201047,0.17759200007896359
2006-08-02,5026.25,5027.2001953125,4976.509765625,4984.10986328125,107618900,0.015644246298897293,84.940605378069,0.18601027373835177
2006-08-03,4983.68017578125,5038.68017578125,4958.18017578125,5034.4599609375,116772200,-0.008505569991542068,84.22120092345999,0.18288616047625816
2006-08-04,5040.9501953125,5060.47021484375,4995.77001953125,5013.43017578125,110079200,0.011425985891743979,85.18902984740889,0.18440062361817683
2006-08-07,4956.33984375,4995.5,4950.18017578125,4980.43994140625,83503800,-0.016927061528387355,83.75916573739248,0.19407093270698578
2006-08-08,4967.9501953125,4991.490234375,4943.56982421875,4986.91015625,80601600,0.0023397858816367485,83.95537370364386,0.19314505683978875
2006-08-09,5025.14990234375,5033.18994140625,4948.18017578125,4982.83984375,100289100,0.011447965329585686,84.92201438858442,0.19046707478361416
2006-08-10,4976.64013671875,4986.60009765625,4935.9599609375,4973.72998046875,100626500,-0.009700292810566015,84.10222849275041,0.19324548518512755
2006-08-11,4985.52001953125,5015.009765625,4962.6201171875,4993.1298828125,79776400,0.0017827228281793988,84.25229317751142,0.18108933366171043
2006-08-14,5046.93017578125,5050.39990234375,5015.47998046875,5019.169921875,65948600,0.012242457635765076,85.29008792473584,0.17482882645963863
2006-08-15,5115.02001953125,5125.6201171875,5031.22021484375,5033.2001953125,89813200,0.013401140817020625,86.44076537775214,0.17543729202848235
2006-08-16,5137.31005859375,5140.72998046875,5102.22998046875,5117.22021484375,114886000,0.0043482942928446296,86.817453646714,0.17369224570111438
2006-08-17,5144.83984375,5144.83984375,5122.39990234375,5139.77978515625,101353200,0.0014646327030452056,86.94470249218303,0.15864198275013733
2006-08-18,5135.68994140625,5157.60009765625,5127.43994140625,5142.669921875,109359300,-0.0017800453772262434,86.79007463956361,0.15939328906052128
2006-08-21,5104.64990234375,5136.22021484375,5094.72998046875,5126.740234375,66132800,-0.006062325001083247,86.26551662734224,0.15642932580540264
2006-08-22,5128.330078125,5131.18017578125,5072.72998046875,5126.18994140625,84813600,0.004628215455574545,86.66569737169807,0.14391071790952228
2006-08-23,5082.72998046875,5131.509765625,5075.43994140625,5126.5498046875,73152800,-0.008931570381926428,85.89508311649371,0.1486330759951572
2006-08-24,5112.85009765625,5128.9599609375,5062.93994140625,5085.43994140625,81129600,0.00590848280951438,86.40409500168936,0.1494388115189669
2006-08-25,5111.1298828125,5133.77978515625,5089.4501953125,5118.41015625,60195000,-0.00033650591320973306,86.37502440428403,0.14494006329876113
2006-08-28,5148.52001953125,5154.27001953125,5083.009765625,5104.3798828125,49177800,0.00728880665696358,87.00689525194569,0.14578560310820704
2006-08-29,5160.31982421875,5183.47021484375,5144.47998046875,5151.68017578125,86611200,0.0022892604831640955,87.20630486219174,0.1447151501663082
2006-08-30,5182.7900390625,5196.91015625,5162.7099609375,5176.97021484375,96444800,0.0043449698381975875,87.58603799361246,0.136083240519965
2006-08-31,5165.0400390625,5196.89990234375,5157.56005859375,5196.080078125,101008000,-0.0034306743104741667,87.28607365728604,0.12816002437943508
2006-09-01,5183.4501953125,5206.22998046875,5170.009765625,5181.97998046875,96221800,0.003558040884268765,87.59719423763515,0.12325309512523797
2006-09-04,5203.240234375,5209.06005859375,5190.3798828125,5195.18017578125,73468400,0.003810658100238661,87.93163400852288,0.11854824163127713
2006-09-05,5172.85009765625,5202.43994140625,5147.330078125,5201.9599609375,86220000,-0.005857740756799179,87.41805895546882,0.10188910223726186
2006-09-06,5115.52001953125,5179.8798828125,5107.9501953125,5173.35986328125,113062500,-0.011144752932374928,86.44921507736696,0.11162507568202922
2006-09-07,5060.08984375,5090.27001953125,5043.759765625,5090.240234375,115739300,-0.010894821009938454,85.51247840746949,0.11309169489094159
2006-09-08,5073.56982421875,5091.31982421875,5058.06982421875,5072.75,88738600,0.0026604383532286306,85.74028197901889,0.10723273237892056
2006-09-11,5058.31005859375,5058.31005859375,5018.18017578125,5042.8798828125,111996600,-0.003012230176398761,85.48240110757101,0.1080293391951376
2006-09-12,5125.97021484375,5129.35986328125,5037.72998046875,5062.93994140625,133715300,0.013287370320577332,86.6258170999808,0.10948804182892703
2006-09-13,5137.93017578125,5152.89013671875,5113.22021484375,5142.97998046875,103605100,0.0023304915081780193,86.82793325463473,0.09962995655474574
2006-09-14,5123.85009765625,5165.39013671875,5106.25,5149.08984375,106001900,-0.0027441801686808698,86.58998839321556,0.09894761172591358
2006-09-15,5144.8798828125,5163.06005859375,5112.8798828125,5131.02001953125,219081000,0.0040958939608869375,86.94537912828498,0.09989550797975164
2006-09-18,5146.9599609375,5159.4599609375,5119.35986328125,5152.89990234375,85135800,0.000404218912245372,86.98053119894823,0.09969134558851048
2006-09-19,5115.990234375,5151.77978515625,5091.93994140625,5148.68017578125,108300900,-0.0060352666587384545,86.45716142573518,0.09967029786446656
2006-09-20,5192.740234375,5199.10986328125,5106.009765625,5110.60986328125,125862600,0.014890566470616495,87.75419031661146,0.11120943817595716
2006-09-21,5208.31982421875,5222.830078125,5175.18017578125,5190.27978515625,132922500,0.0029957718555148963,88.01747602521532,0.10588427145257094
2006-09-22,5141.9501953125,5182.72998046875,5122.77001953125,5169.509765625,97423200,-0.012824890263303744,86.89586916960434,0.1148136690804864
2006-09-25,5146.490234375,5183.89013671875,5126.39013671875,5156.43994140625,114342200,0.0008825515175429603,86.97259310223977,0.11481015578794554
2006-09-26,5219.58984375,5229.14013671875,5176.64990234375,5184.830078125,126516800,0.014103850357965547,88.20793258459994,0.12220515285469687
2006-09-27,5243.10009765625,5252.75,5208.89013671875,5240.97998046875,126340900,0.004494120270761461,88.60524175135231,0.12281433191537844
2006-09-28,5250.009765625,5263.43994140625,5232.77978515625,5237.580078125,123162900,0.0013169916368921267,88.72201098890059,0.12214608835708635
2006-09-29,5250.009765625,5285.33984375,5246.97998046875,5258.83984375,92262000,0.0,88.72201098890059,0.12128997597758583
2006-10-02,5243.1298828125,5276.22998046875,5229.22021484375,5268.6298828125,90264000,-0.0013113108238056914,88.6057451025989,0.1210558993101995
2006-10-03,5219.7900390625,5230.509765625,5196.06982421875,5223.75,98904000,-0.004461447213259271,88.21131576510982,0.12163445692368459
2006-10-04,5256.5498046875,5261.240234375,5216.35986328125,5219.25,135673700,0.007017702181420749,88.83253371999534,0.1217973358157697
2006-10-05,5288.52978515625,5300.18017578125,5278.0400390625,5298.06005859375,120151100,0.006065402966217065,89.37297617729342,0.11499539543282301
2006-10-06,5282.06005859375,5295.0,5259.22021484375,5295.0,116115700,-0.0012240995944401366,89.263641685207,0.10632559211401554
2006-10-09,5284.740234375,5291.31982421875,5261.77001953125,5261.8701171875,87269600,0.0005072823871779835,89.30893504574001,0.10642996466921495
2006-10-10,5309.7900390625,5313.81982421875,5285.35986328125,5297.0400390625,110476600,0.004728827181738238,89.73226169577903,0.10526162708425771
2006-10-11,5313.18994140625,5313.72021484375,5271.56005859375,5297.8798828125,114165200,0.0006401033356154902,89.78971800282791,0.09747302112548975
2006-10-12,5361.509765625,5363.8701171875,5310.419921875,5317.25,143355800,0.009053210970122834,90.60629400300748,0.10074100578145095
2006-10-13,5353.22998046875,5372.81005859375,5344.68994140625,5368.7998046875,106051900,-0.0015454947111203632,90.46637060811621,0.10010908682781795
2006-10-16,5361.97021484375,5366.259765625,5341.6298828125,5359.0,88648000,0.0016313715383949017,90.61407531818011,0.09984915511117506
2006-10-17,5302.990234375,5353.669921875,5298.8798828125,5347.89013671875,119019400,-0.011060628313994651,89.61734908168127,0.10953987877333853
2006-10-18,5361.2900390625,5381.89990234375,5324.25,5328.240234375,113033100,0.010933768428837256,90.60258075610643,0.11074942708190484
2006-10-19,5359.740234375,5377.740234375,5329.68017578125,5337.60009765625,99477000,-0.00028911488145596295,90.57638998796436,0.10093341373732095
2006-10-20,5375.35009765625,5399.830078125,5359.7998046875,5373.2001953125,108537300,0.002908196167946439,90.84018729947458,0.10091759605502823
2006-10-23,5411.81005859375,5420.22998046875,5361.3798828125,5391.77978515625,81489800,0.006759907009787327,91.45633873525513,0.08783911680083324
2006-10-24,5404.5400390625,5411.3701171875,5388.14013671875,5407.7900390625,160770400,-0.0013442650358735455,91.33347977278912,0.08867003496484858
2006-10-25,5422.27978515625,5427.10009765625,5395.72021484375,5398.169921875,130502700,0.0032770032672548425,91.63327082426017,0.07782424266813098
2006-10-26,5433.7900390625,5458.2099609375,5421.7900390625,5447.77978515625,155963000,0.0021205202998348456,91.82778720025662,0.07722641952400697
2006-10-27,5396.02978515625,5448.669921875,5373.259765625,5436.6201171875,121396000,-0.006973413692513423,91.18966159448165,0.08287909976289641
2006-10-30,5362.22998046875,5365.89013671875,5341.77001953125,5352.8701171875,93173800,-0.00628352849491007,90.61846520118311,0.08688839461225714
2006-10-31,5348.72998046875,5372.35009765625,5337.10986328125,5349.9501953125,123345100,-0.0025207837948939046,90.39032331158273,0.08739456793455805
2006-11-01,5370.85986328125,5387.77001953125,5340.06005859375,5351.35986328125,73634800,0.004128873319501846,90.76430503613672,0.08574370323399841
2006-11-02,5310.06982421875,5354.919921875,5290.27001953125,5345.66015625,108283300,-0.011383034480654204,89.73698989683302,0.09375988330614936
2006-11-03,5336.2998046875,5359.740234375,5305.72021484375,5325.0498046875,104616600,0.004927507583473007,90.18026080856056,0.09298580847078823
2006-11-06,5402.35986328125,5402.35986328125,5347.39990234375,5351.4599609375,99891200,0.012303377505916755,91.29663611187094,0.10138548055518513
2006-11-07,5437.77978515625,5447.02001953125,5400.72021484375,5407.16015625,129042500,0.006534980005263536,91.89521151231988,0.1030979062540357
2006-11-08,5437.16015625,5441.91015625,5403.3798828125,5411.0498046875,108489600,-0.00011395537083593398,91.88474015605892,0.10246662935205222
2006-11-09,5448.60009765625,5451.35009765625,5426.25,5443.72998046875,120776400,0.0021018184032864412,92.07806829304704,0.10250389535378232
2006-11-10,5447.5,5454.60009765625,5418.97998046875,5430.9599609375,95019400,-0.00020192502824464543,92.05947730356246,0.09850362973964755
2006-11-13,5490.56005859375,5502.47021484375,5444.009765625,5445.47021484375,94417000,0.007873476797496276,92.7871664245907,0.10109843403658678
2006-11-14,5476.27978515625,5500.72021484375,5459.89013671875,5498.7998046875,106625800,-0.0026042655335408757,92.5458383826617,0.10193526666923966
2006-11-15,5511.52978515625,5511.52978515625,5486.240234375,5504.3798828125,96072400,0.0064162234893357165,93.14154220550715,0.09350079625966469
2006-11-16,5505.72021484375,5518.43017578125,5490.8701171875,5500.68017578125,110751300,-0.0010546317549249818,93.04336395744343,0.0878565596267332
2006-11-17,5439.7099609375,5489.1201171875,5422.009765625,5479.9599609375,129928000,-0.012061847392637602,91.92783032343061,0.0992132015003146
2006-11-20,5454.740234375,5466.830078125,5394.0498046875,5414.31005859375,87725200,0.0027592549792063545,92.18183291478186,0.09917286520654493
2006-11-21,5459.35009765625,5486.2099609375,5449.89990234375,5451.97998046875,89983600,0.0008447545173523253,92.25973683476585,0.09670341193235349
2006-11-22,5452.490234375,5494.33984375,5439.25,5481.2099609375,124419500,-0.0012573248831039626,92.14380926651513,0.09668393338230995
2006-11-23,5424.85986328125,5470.75,5399.81005859375,5465.72998046875,81019200,-0.005080360616166677,91.67687259453825,0.09789974321022614
2006-11-24,5389.4599609375,5416.35986328125,5349.669921875,5407.22998046875,106445000,-0.0065468803143541995,91.07863551214031,0.1001380683451457
2006-11-27,5308.64990234375,5402.08984375,5308.64990234375,5377.25,115500800,-0.015107639879051062,89.71299407019247,0.11032265638250016
2006-11-28,5306.240234375,5321.10986328125,5272.47021484375,5304.5,122292500,-0.0004540165708935173,89.67227212917764,0.10848972276470803
2006-11-29,5381.25,5381.25,5317.419921875,5336.39013671875,120934900,0.01403715851854813,90.9398921045976,0.11923397711104665
2006-11-30,5327.64013671875,5398.9599609375,5325.259765625,5388.3798828125,161144300,-0.010012300144014668,90.03391762236038,0.12348246950392082
2006-12-01,5254.0498046875,5365.2998046875,5239.83984375,5341.6201171875,253275000,-0.013909218446715645,88.79028522192118,0.12658850219875045
2006-12-04,5296.080078125,5299.1201171875,5246.3798828125,5268.240234375,121021300,0.00796776840910079,89.5005715924732,0.12865371870866085
2006-12-05,5359.68994140625,5374.10986328125,5298.93017578125,5311.8798828125,149481000,0.01193918764468319,90.57554006700701,0.12820744636924142
2006-12-06,5350.6201171875,5376.14990234375,5325.0498046875,5362.64013671875,116672900,-0.0016936627113858574,90.42226548659154,0.1257627512987983
2006-12-07,5379.2099609375,5401.490234375,5330.97998046875,5331.43017578125,139419300,0.005329052035598477,90.90541667003633,0.1275213522374162
2006-12-08,5384.16015625,5387.7001953125,5329.490234375,5354.759765625,119560300,0.0009198226220269577,90.98907199688705,0.12728180005779857
2006-12-11,5427.56005859375,5432.35009765625,5401.3798828125,5413.1298828125,130505100,0.008028349715055763,91.72250427312225,0.13072539249755924
2006-12-12,5426.81982421875,5432.56982421875,5406.5498046875,5429.35986328125,126213900,-0.00013639367410015003,91.70999475689561,0.12741477784831334
2006-12-13,5475.85009765625,5480.39990234375,5421.83984375,5428.490234375,149098700,0.00899423798374229,92.53857692205523,0.13133990552327288
2006-12-14,5509.580078125,5516.5,5490.31005859375,5496.1298828125,125106700,0.006140876766126421,93.1085933280052,0.13117367935696111
2006-12-15,5541.6201171875,5553.4501953125,5513.6298828125,5525.3798828125,194906000,0.005798488538492488,93.65005073945623,0.13263066560070744
2006-12-18,5530.31982421875,5545.0,5526.830078125,5533.080078125,107545900,-0.0020412496730105377,93.45908257716523,0.12518723287663555
2006-12-19,5484.759765625,5507.75,5464.8701171875,5498.47998046875,112640000,-0.008272353919018273,92.68914495806284,0.1287782047545337
2006-12-20,5514.419921875,5524.97998046875,5507.8701171875,5512.31005859375,100254600,0.005393170942678831,93.19038377974562,0.12999597416570244
2006-12-21,5510.39013671875,5527.10986328125,5496.9599609375,5499.43017578125,98855400,-0.0007310394127968935,93.12228283158042,0.12992021885447247
2006-12-22,5453.93994140625,5503.2001953125,5453.10986328125,5496.5400390625,68259600,-0.010297153350972555,92.1683084444023,0.1339397203791428
2006-12-27,5540.009765625,5540.009765625,5478.85009765625,5482.68017578125,55541200,0.015657990986439645,93.62283676550146,0.14160042322380284
2006-12-28,5533.35986328125,5549.47021484375,5520.77001953125,5546.740234375,51716200,-0.0012010622540391698,93.51045741095619,0.12890778476174025
2006-12-29,5541.759765625,5553.85986328125,5531.6298828125,5531.6298828125,50608800,0.0015168962929282975,93.65241071415336,0.12862048822470454
2007-01-02,5617.7099609375,5621.64990234375,5575.6298828125,5575.759765625,85910000,0.013612003058004545,94.9359233863098,0.12812947665615737
2007-01-03,5610.919921875,5623.669921875,5596.81982421875,5621.0,118580700,-0.001209415567349813,94.82117580540763,0.12112692410364446
2007-01-04,5574.56005859375,5585.5400390625,5547.169921875,5573.72998046875,130465700,-0.0065012840597366735,94.20671595988199,0.11078427830422878
2007-01-05,5517.35009765625,5566.240234375,5517.35009765625,5552.64013671875,126420500,-0.010315710722237893,93.23990199008604,0.11795191949361979
2007-01-08,5518.58984375,5555.669921875,5509.06005859375,5532.56982421875,115053800,0.0002246743105793067,93.26085295426772,0.1122954901382616
2007-01-09,5533.02978515625,5563.47998046875,5532.6201171875,5549.009765625,151688200,0.0026131825213521554,93.5048792889448,0.11179468175975354
2007-01-10,5501.9501953125,5524.10986328125,5473.47021484375,5505.35986328125,134474700,-0.0056329367299749935,92.97965289228125,0.11361734119269865
2007-01-11,5609.7998046875,5609.7998046875,5515.60009765625,5523.72021484375,157830500,0.019412423103556394,94.80224649787206,0.13015609595379743
2007-01-12,5617.6201171875,5619.93017578125,5589.02978515625,5597.02001953125,129982000,0.0013930740667273936,94.93440508091024,0.12827081940371055
2007-01-15,5631.080078125,5649.759765625,5623.35009765625,5641.3701171875,96391200,0.0023931595878274,95.16187033440865,0.12812890594192022
2007-01-16,5591.5400390625,5645.2001953125,5588.77001953125,5637.27001953125,119572400,-0.00704651895149149,94.4936674287352,0.12876405072596192
2007-01-17,5561.77978515625,5602.68017578125,5538.47998046875,5592.31005859375,117555700,-0.005336585878311444,93.99073701679748,0.129123128283981
2007-01-18,5555.0400390625,5609.33984375,5539.81982421875,5584.75,153034400,-0.0012125314660252878,93.87683935685267,0.1277399939601981
2007-01-19,5614.7001953125,5623.39990234375,5529.43994140625,5554.5,161119200,0.01068256241433074,94.8850601554252,0.13254740191748168
2007-01-22,5579.77978515625,5639.7001953125,5576.56005859375,5630.41015625,127162700,-0.006238882643280293,94.29492620293132,0.13098694336914565
2007-01-23,5575.06982421875,5592.81982421875,5539.759765625,5582.990234375,240186200,-0.0008444687973993848,94.21533069269242,0.13002037502999458
2007-01-24,5638.080078125,5646.14013671875,5593.35986328125,5595.9599609375,149718200,0.011238754085500891,95.28016612901627,0.13508139554214324
2007-01-25,5609.2001953125,5658.080078125,5590.64990234375,5649.009765625,131019000,-0.005135454186408872,94.79211345966209,0.13071115723082138
2007-01-26,5582.2998046875,5611.83984375,5547.68017578125,5577.31005859375,136073800,-0.00480729883052718,94.33751301905646,0.12134855223470511
2007-01-29,5619.7001953125,5630.330078125,5582.43017578125,5592.72998046875,105438200,0.006677473592986674,94.9695571515735,0.1231258449325088
2007-01-30,5645.58984375,5653.8798828125,5603.22998046875,5610.89013671875,104085700,0.004596365282682448,95.4070766564343,0.12383162212490949
2007-01-31,5608.31005859375,5653.759765625,5601.169921875,5637.77001953125,116580400,-0.006625244909317793,94.77707068388295,0.11729356724873857
2007-02-01,5662.25,5689.43994140625,5657.22998046875,5664.08984375,132583400,0.009571902897922152,95.68862328813152,0.12184294716452368
2007-02-02,5677.2998046875,5693.47021484375,5666.77001953125,5680.1298828125,119787900,0.0026543934782624827,95.94295594587396,0.11937994635794051
2007-02-05,5681.10986328125,5691.830078125,5659.35986328125,5671.22998046875,103841700,0.0006708789078804014,96.00734364713813,0.11226413321136691
2007-02-06,5676.77978515625,5699.27001953125,5670.47998046875,5680.1201171875,100431900,-0.0007624793810845087,95.93416792820815,0.11244548916058918
2007-02-07,5703.0,5710.56982421875,5681.89013671875,5687.27001953125,122518400,0.0046082194452111555,96.37727380674009,0.1129401068923832
2007-02-08,5665.10009765625,5711.0400390625,5652.47998046875,5705.16015625,119012600,-0.006667788361347797,95.736788226268,0.11381032255222724
2007-02-09,5692.4501953125,5710.31005859375,5688.93994140625,5699.18017578125,123393300,0.004816205927881282,96.19898844553111,0.0942382724132275
2007-02-12,5643.9501953125,5670.72998046875,5625.169921875,5670.72998046875,102407200,-0.00855656014924235,95.3793675828927,0.09946925635949534
2007-02-13,5682.68994140625,5682.68994140625,5651.27001953125,5656.47998046875,115131700,0.006840492270661658,96.03404601818657,0.10185642255342248
2007-02-14,5725.83984375,5725.83984375,5693.35986328125,5700.39990234375,125880400,0.007564534417161633,96.76325344461436,0.10090611362536904
2007-02-15,5720.8798828125,5729.16015625,5703.669921875,5724.5400390625,140234300,-0.0008666170512433883,96.67943308456803,0.09845491419356295
2007-02-16,5713.58984375,5728.35986328125,5703.64013671875,5716.43017578125,109439300,-0.0012750989288625551,96.55623580405106,0.09847561383979418
2007-02-19,5739.89990234375,5758.330078125,5717.3701171875,5723.0498046875,84568200,0.004594251263939,97.00085998798252,0.09332140139968687
2007-02-20,5713.4501953125,5744.77978515625,5678.3798828125,5739.27001953125,101759500,-0.00461869301561385,96.55387582935394,0.09188460697775767
2007-02-21,5694.56005859375,5736.240234375,5677.58984375,5732.7998046875,110464500,-0.0033117350989787116,96.23464386744097,0.09294313403601841
2007-02-22,5707.85986328125,5737.35986328125,5700.77978515625,5723.14990234375,113583300,0.0023328049326482017,96.45940257653152,0.08540808798704967
2007-02-23,5716.3798828125,5727.60009765625,5688.830078125,5723.7900390625,134365000,0.001491569032199072,96.60338578803459,0.08286196696863721
2007-02-26,5762.5400390625,5771.68994140625,5728.06982421875,5732.27978515625,104397000,0.008042639095436437,97.38346469700673,0.08366004202220788
2007-02-27,5588.39013671875,5719.4501953125,5581.06005859375,5719.0400390625,208229600,-0.030687100672607003,94.44043597149373,0.1374399480985229
2007-02-28,5516.31982421875,5556.85009765625,5458.64990234375,5475.89013671875,248669100,-0.012980316400806696,93.22249098795001,0.14298005039652267
2007-03-01,5458.39990234375,5555.3701171875,5355.75,5502.08984375,285963100,-0.01055525080755273,92.24367910483379,0.1455181519078065
2007-03-02,5424.7001953125,5499.22021484375,5391.10009765625,5480.27001953125,182954000,-0.006193054265502474,91.67417430179017,0.14086406491566197
2007-03-05,5385.02978515625,5404.14013671875,5303.2900390625,5325.14013671875,188472900,-0.007339792635579273,91.00376820295543,0.14092113447743287
2007-03-06,5437.1298828125,5443.9501953125,5399.1201171875,5431.14990234375,165844200,0.009628484842375488,91.88422855315257,0.1467691781556425
2007-03-07,5455.06982421875,5469.009765625,5430.7001953125,5458.2998046875,146583800,0.003294092673847754,92.18740278513347,0.14789994361281228
2007-03-08,5524.259765625,5529.31005859375,5481.5498046875,5493.7001953125,146668500,0.012603840112205502,93.35667122763435,0.15476531746077282
2007-03-09,5537.83984375,5549.2998046875,5473.31982421875,5515.919921875,137914100,0.002455245464518575,93.58616638943865,0.1541646509989165
2007-03-12,5496.06982421875,5565.419921875,5478.52001953125,5553.81982421875,121047700,-0.0075712454284189434,92.88027815354944,0.15416533222646794
2007-03-13,5432.93994140625,5508.56005859375,5432.509765625,5498.580078125,129619800,-0.011552846290330286,91.81342106057949,0.1561874738812335
2007-03-14,5296.22021484375,5366.7099609375,5295.580078125,5346.740234375,214300300,-0.02548701397829164,89.5029398188301,0.17287148241037112
2007-03-15,5389.85009765625,5389.85009765625,5320.3701171875,5376.35986328125,157388900,0.017524174215767883,91.08522858830463,0.18388914044977747
2007-03-16,5382.16015625,5420.6201171875,5346.72998046875,5380.1298828125,191552000,-0.0014277637193663426,90.95527319842773,0.18382200406200247
2007-03-19,5458.9501953125,5459.39990234375,5411.5400390625,5435.3701171875,68657400,0.014166689730110538,92.25297872540595,0.1930975891921503
2007-03-20,5503.27001953125,5504.83984375,5426.43017578125,5459.669921875,140060100,0.008085965220460414,93.00195712866687,0.19500837509385438
2007-03-21,5502.18017578125,5518.1201171875,5490.580078125,5499.0498046875,125262700,-0.00019805527883389135,92.98353942403767,0.1948629647348495
2007-03-22,5598.3701171875,5610.43017578125,5560.5,5577.72021484375,170424700,0.01733109558441649,94.60909164573931,0.2056591437457861
2007-03-23,5634.75,5642.18994140625,5576.81982421875,5589.7998046875,132817900,0.006477276059788688,95.2238898093159,0.20695450771220167
2007-03-26,5576.2998046875,5638.6298828125,5546.27978515625,5638.47998046875,155438900,-0.010427341941153214,94.23611662367848,0.2095292574235245
2007-03-27,5587.06005859375,5617.97021484375,5572.009765625,5609.66015625,116854900,0.0019277811286976022,94.4179584502527,0.20719514512822432
2007-03-28,5552.68994140625,5574.91015625,5530.7900390625,5563.5,128851600,-0.006170735653758779,93.83712411833099,0.17914627838459862
2007-03-29,5631.52978515625,5633.419921875,5578.83984375,5579.990234375,102912200,0.014098641049723344,95.16947011306613,0.17956404189048086
2007-03-30,5634.16015625,5674.259765625,5609.02001953125,5630.169921875,106559100,0.00046697027083645454,95.21392180430156,0.17463073508725313
2007-04-02,5645.56005859375,5648.18017578125,5609.27978515625,5623.39990234375,116783000,0.0020213101048596285,95.40657330518772,0.17236945476669585
2007-04-03,5711.91015625,5713.52978515625,5669.27978515625,5681.64990234375,117590800,0.011684090071305553,96.52785009440748,0.17211739621802022
2007-04-04,5739.009765625,5739.009765625,5707.39013671875,5730.27978515625,122864200,0.0047331847838723955,96.9858172122034,0.17050032431115378
2007-04-05,5741.3798828125,5751.330078125,5721.0,5731.7001953125,79691800,0.0004128983934782797,97.02587076877603,0.17063888294172314
2007-04-10,5766.27001953125,5774.97021484375,5725.93017578125,5750.47021484375,108048000,0.004325848586633124,97.44649912606697,0.16678982463344988
2007-04-11,5751.919921875,5798.2099609375,5741.27001953125,5757.93994140625,107745000,-0.0024917291959739014,97.20399109678941,0.16751407388056536
2007-04-12,5748.93994140625,5759.27001953125,5701.35009765625,5744.419921875,113848800,-0.0005182187368362005,97.15363121715141,0.16428999815517373
2007-04-13,5789.33984375,5794.6201171875,5748.740234375,5762.06005859375,92576400,0.007002788664098998,97.83636529569765,0.15722340831486553
2007-04-16,5861.97021484375,5861.97021484375,5806.52001953125,5815.35986328125,115781700,0.012467492757746567,99.06377493300916,0.12138670457755348
2007-04-17,5858.14013671875,5871.85986328125,5820.740234375,5844.490234375,115309500,-0.0006535908189352453,98.999048913694,0.11351794053794156
2007-04-18,5835.9501953125,5859.169921875,5813.4599609375,5849.2001953125,126860400,-0.0037950738208637437,98.62405223498706,0.11521903259802972
2007-04-19,5829.0400390625,5834.25,5745.02978515625,5775.56005859375,159945600,-0.0011847685972232764,98.507274745779,0.11006427160525668
2007-04-20,5938.89990234375,5957.7998046875,5855.259765625,5856.5,193738900,0.0186715866152336,100.36384043468452,0.12158352879213488
2007-04-23,5917.31982421875,5958.47021484375,5904.56005859375,5937.14990234375,113092800,-0.003640300610803702,99.99915007904292,0.12351763283024608
2007-04-24,5886.02978515625,5923.60986328125,5860.68994140625,5911.64990234375,173394900,-0.005301903848549926,99.47036721701413,0.11616534502874043
2007-04-25,5947.330078125,5962.39013671875,5902.5400390625,5902.5400390625,140026000,0.010360682346558951,100.50630534078806,0.11864120851747009
2007-04-26,5944.43994140625,5981.5498046875,5930.91015625,5979.9599609375,141436800,-0.0004860734391780574,100.45746376654961,0.10956894893528514
2007-04-27,5930.77001953125,5950.990234375,5908.3798828125,5940.759765625,112308900,-0.002302262942379407,100.22645029934574,0.11108147674060082
2007-04-30,5960.0400390625,5976.33984375,5913.02978515625,5913.02978515625,85311800,0.004923142915568513,100.72109604486424,0.10628302454543914
2007-05-02,5990.1298828125,6001.169921875,5958.97998046875,5985.2001953125,135801500,0.0050358961482865625,101.22959632715352,0.09915508365475445
2007-05-03,6004.27978515625,6019.7001953125,5969.7099609375,6018.58984375,120110300,0.002359417311839032,101.4687211759212,0.09877645043352529
2007-05-04,6068.830078125,6075.580078125,5999.7900390625,6012.5498046875,138972600,0.010693335651746617,102.55958234719151,0.10217073699069602
2007-05-07,6071.47998046875,6081.77978515625,6058.919921875,6079.85986328125,72714200,0.0004365460804614505,102.60436410481815,0.09808679296562743
2007-05-08,6034.25,6064.2001953125,6015.990234375,6057.58984375,105854600,-0.006150822445961462,101.97519980156437,0.10267279413748093
2007-05-09,6051.6298828125,6078.27978515625,6020.68994140625,6070.18017578125,122942600,0.0028760661137124917,102.26890937977748,0.10242978525698372
2007-05-10,6012.759765625,6058.10009765625,6006.990234375,6044.669921875,131952500,-0.0064437991177278085,101.61202775132232,0.10672306791253655
2007-05-11,6050.6298828125,6051.18994140625,5927.509765625,5956.0,181268700,0.0062785407243959954,102.25200998054783,0.10640298066601127
2007-05-14,6026.419921875,6070.2998046875,6016.9599609375,6070.2998046875,103490000,-0.004009256193943982,101.8428761853306,0.10828447811480742
2007-05-15,6049.759765625,6057.7099609375,5987.490234375,6001.75,130952400,0.003865439802194661,102.23730552281968,0.10708622488176874
2007-05-16,6017.91015625,6053.02001953125,6012.83984375,6039.5498046875,127693700,-0.005278514167611758,101.6990662586829,0.10299538425480463
2007-05-17,6027.0,6048.97021484375,6010.759765625,6044.14990234375,79766400,0.0015093255753156583,101.85267915714935,0.10276390602094629
2007-05-18,6101.14013671875,6111.72021484375,6016.1201171875,6018.22998046875,158775400,0.012226286872109702,103.10560292650095,0.1075270803898541
2007-05-21,6089.91015625,6110.31005859375,6062.330078125,6091.58984375,107917800,-0.001842332428341536,102.91582300321826,0.10780519221080473
2007-05-22,6089.72021484375,6106.97998046875,6076.8701171875,6093.64013671875,122899200,-3.119001159778527e-05,102.91261310756381,0.08945374392376718
2007-05-23,6120.2001953125,6121.8701171875,6093.31982421875,6093.60986328125,155669900,0.004992668708512025,103.4277064660174,0.08856952272545604
2007-05-24,6048.31005859375,6110.35986328125,6039.31982421875,6069.9501953125,137761900,-0.011815903776553005,102.21280634493253,0.09740422323833466
2007-05-25,6057.490234375,6073.3701171875,6011.490234375,6019.68017578125,111888100,0.0015166576878536122,102.36794580045832,0.09168284394103299
2007-05-28,6071.47021484375,6073.990234375,6051.169921875,6065.25,17502800,0.0023052242140867117,102.60419907162257,0.09167101094948839
2007-05-29,6056.39013671875,6079.669921875,6044.509765625,6079.669921875,91777400,-0.002486850187857879,102.34935481097376,0.0917571573208664
2007-05-30,6042.14990234375,6046.10986328125,5986.259765625,6015.75,117129000,-0.002354042868819644,102.10870340514673,0.09129659836562742
2007-05-31,6104.0,6119.330078125,6066.97998046875,6086.85986328125,146410000,0.010184401271856727,103.15393289783303,0.09603118517640487
2007-06-01,6168.14990234375,6168.14990234375,6105.60986328125,6113.18017578125,131789900,0.01045464521697625,104.23802770808366,0.10152226462599064
2007-06-04,6125.81005859375,6163.89990234375,6112.2900390625,6157.330078125,114559400,-0.006887937048906274,103.52250978523108,0.0992290445835626
2007-06-05,6078.5400390625,6142.3701171875,6076.58984375,6140.06005859375,127436500,-0.007746460161005112,102.72367485357874,0.1032070113546685
2007-06-06,5977.8701171875,6080.7001953125,5971.419921875,6072.64013671875,156474400,-0.01670020516385615,101.02241365339462,0.11677771537346358
2007-06-07,5890.490234375,5999.81005859375,5879.0498046875,5982.5400390625,194615600,-0.014725110982815473,99.54574612910545,0.12601865819588207
2007-06-08,5883.2900390625,5917.83984375,5837.14013671875,5876.64990234375,175318500,-0.0012230899580040408,99.424067153988,0.12461577739520893
2007-06-11,5940.08984375,5948.02001953125,5915.06005859375,5939.33984375,121877900,0.009608122586061607,100.38394972956868,0.1275770435642661
2007-06-12,5898.16015625,5944.58984375,5882.43994140625,5928.81005859375,137340100,-0.007083794114217214,99.67536320093137,0.1289648773117772
2007-06-13,5934.27001953125,5951.1201171875,5851.47998046875,5878.83984375,141014900,0.006103560273949405,100.28559819664957,0.13026066385775234
2007-06-14,6047.22998046875,6047.22998046875,5971.06005859375,5974.58984375,196892900,0.018856288097074764,102.19455367349897,0.14596421736534612
2007-06-15,6105.27978515625,6122.31005859375,6056.68017578125,6063.52001953125,251054700,0.009553622639567202,103.17556049811671,0.14946949294821277
2007-06-18,6087.14990234375,6118.81982421875,6065.080078125,6117.52001953125,124120600,-0.002973959520712561,102.86917637048137,0.1437562150830792
2007-06-19,6071.669921875,6106.89013671875,6058.35986328125,6091.919921875,139110700,-0.0025462979230584794,102.60757400047265,0.14388377161140903
2007-06-20,6093.2900390625,6132.14013671875,6090.27001953125,6095.259765625,137234600,0.003554494222763176,102.97294099221621,0.1444538471834177
2007-06-21,6029.7900390625,6063.39990234375,5995.3701171875,6043.18017578125,162554200,-0.010475981405708122,101.89982914113291,0.1476582191070058
2007-06-22,6023.25,6055.31982421875,6009.10009765625,6040.509765625,124716200,-0.001085209985720518,101.78930641003817,0.1420604955823828
2007-06-25,6002.85009765625,6010.2998046875,5943.240234375,5971.9599609375,157168700,-0.0033926080349639333,101.44456031608509,0.14233167105975084
2007-06-26,5953.35986328125,5990.009765625,5939.22998046875,5962.64990234375,132548800,-0.008278629631027318,100.60820508741261,0.14447354027649165
2007-06-27,5941.669921875,5948.1201171875,5897.7998046875,5921.4599609375,138099900,-0.0019655175953030954,100.41065210061709,0.1444142791302848
2007-06-28,6006.31005859375,6006.31005859375,5976.22998046875,5995.8701171875,129960500,0.01082036754285817,101.5030315772869,0.1498634932930398
2007-06-29,6054.93017578125,6054.93017578125,5976.9501953125,6031.740234375,131157800,0.008062252239575254,102.32468234823122,0.14816651262506428
2007-07-02,6026.9501953125,6040.330078125,6011.3798828125,6021.10009765625,108777900,-0.00463173440399234,101.85183748785178,0.14340071730713647
2007-07-03,6069.83984375,6083.990234375,6065.10986328125,6074.1201171875,134204700,0.007091108966949852,102.5766467796168,0.14446720247144518
2007-07-04,6098.080078125,6104.56982421875,6079.5400390625,6080.85986328125,80621400,0.004641760508205504,103.05388977465904,0.14293538695664007
2007-07-05,6059.52978515625,6115.08984375,6051.919921875,6113.22998046875,110236500,-0.0063417764846717154,102.40241298335984,0.13160129564373557
2007-07-06,6102.68994140625,6106.56982421875,6059.60009765625,6061.2001953125,88998400,0.007097444117654726,103.13179369464301,0.12074986030437583
2007-07-09,6104.66015625,6133.1201171875,6097.77978515625,6118.6298828125,115446000,0.00032279157148708504,103.16508914185573,0.12039895151234428
2007-07-10,6019.22021484375,6126.240234375,6000.89990234375,6104.1298828125,150816000,-0.01409472103861681,101.72120546187293,0.12864430009466826
2007-07-11,6001.08984375,6010.25,5936.89990234375,5969.91015625,151207700,-0.0030166251543057177,101.41481308257781,0.12632194646825434
2007-07-12,6103.0498046875,6103.0498046875,5989.43994140625,6026.89013671875,151206200,0.016847520860080553,103.13787516790094,0.13701058081320797
2007-07-13,6117.9599609375,6156.16015625,6105.2099609375,6156.16015625,116751000,0.0024400870196326055,103.38984785094627,0.1214810139360857
2007-07-16,6125.60009765625,6132.2900390625,6101.5498046875,6131.740234375,96159400,0.0012480255209850791,103.51896157152561,0.11705445611428018
2007-07-17,6099.2099609375,6114.419921875,6061.77978515625,6106.60986328125,106991700,-0.004317478567976725,103.07298411539018,0.11759868916532985
2007-07-18,5995.97021484375,6062.14013671875,5995.97021484375,6040.64990234375,119895700,-0.017071635467480386,101.32829442978337,0.13163517565350613
2007-07-19,6065.5,6080.47998046875,6027.18994140625,6047.47998046875,109241700,0.011529366505201866,102.5033060274912,0.13756962495184588
2007-07-20,5957.16015625,6076.259765625,5952.22021484375,6050.4501953125,142083800,-0.018023095556752484,100.67242775548118,0.146832925766416
2007-07-23,6009.16015625,6009.16015625,5929.75,5936.27978515625,99413800,0.008691114053768084,101.55119651542338,0.1502718777456398
2007-07-24,5907.47021484375,6006.52001953125,5897.93994140625,5991.83984375,134478400,-0.01706730958198186,99.83269759795863,0.161109518112179
2007-07-25,5837.10986328125,5907.7099609375,5804.169921875,5885.669921875,170007800,-0.011981900224881522,98.64364992696484,0.16377500476543336
2007-07-26,5675.0498046875,5867.509765625,5675.0498046875,5864.0,219990400,-0.02815644843364556,95.90493229760727,0.18902728331584706
2007-07-27,5643.9599609375,5721.830078125,5608.27978515625,5626.919921875,210218300,-0.005493399613224332,95.37953261608834,0.1832426760098916
2007-07-30,5646.35986328125,5684.56982421875,5612.35986328125,5649.0498046875,160849300,0.0004251256682290138,95.42008952390756,0.17932066296923735
2007-07-31,5751.080078125,5754.0,5691.2099609375,5701.52001953125,246492500,0.018376611303161032,97.18979824196767,0.19429839227507537
2007-08-01,5654.2998046875,5701.2099609375,5561.8701171875,5622.10986328125,214697300,-0.016971393741340848,95.55426976359188,0.19760351448313676
2007-08-02,5682.06982421875,5720.169921875,5661.08984375,5704.33984375,189216300,0.004899288923585118,96.02356641026589,0.19773715871588562
2007-08-03,5597.89013671875,5704.56005859375,5583.830078125,5704.56005859375,143402200,-0.014925806577244087,94.60098026417552,0.20156440094735098
2007-08-06,5532.990234375,5573.22021484375,5516.64990234375,5532.58984375,160663200,-0.011661366512406448,93.50421090450266,0.19927873090973278
2007-08-07,5620.39990234375,5627.27978515625,5579.18994140625,5610.6298828125,163785600,0.015674419438624427,94.98138178003842,0.210879900074348
2007-08-08,5749.2900390625,5766.56005859375,5652.52001953125,5671.330078125,208927200,0.022673557343910994,97.15954765721379,0.22645144189501762
2007-08-09,5624.77978515625,5742.0498046875,5562.93994140625,5742.0498046875,244034500,-0.02189457770006441,95.05539916826598,0.2365427823330371
2007-08-10,5448.6298828125,5558.93994140625,5434.93017578125,5518.2099609375,252612500,-0.031817618598190246,92.07857164429366,0.24480413005925133
2007-08-13,5569.27978515625,5576.89013671875,5495.22021484375,5512.93017578125,170010700,0.02190156367310869,94.11748251101994,0.26138023895776674
2007-08-14,5478.66015625,5574.3701171875,5463.39013671875,5513.06005859375,141481400,-0.016405169062512832,92.58606522408977,0.2636542427943847
2007-08-15,5442.72021484375,5454.64990234375,5378.41015625,5407.990234375,159309100,-0.006581598647878766,91.97870180597502,0.2636629611438565
2007-08-16,5265.47021484375,5344.169921875,5263.14990234375,5338.740234375,246596900,-0.03310852422305801,88.98328329251812,0.27805026438819863
2007-08-17,5363.6298828125,5450.35009765625,5217.7001953125,5256.85986328125,295264900,0.018470511657380808,90.6421227097727,0.2845855103338079
2007-08-20,5399.3798828125,5447.60986328125,5390.06005859375,5428.669921875,131677500,0.006643147642383388,91.24627623223299,0.2841250764400686
2007-08-21,5418.77978515625,5445.5,5345.080078125,5413.02978515625,127963800,0.003586547755768526,91.57412292695639,0.2816372873931776
2007-08-22,5518.169921875,5531.85986328125,5448.52001953125,5451.10009765625,137488700,0.018175611211043927,93.25375652685686,0.2888598707544754
2007-08-23,5523.330078125,5596.16015625,5523.330078125,5575.97998046875,119966600,0.0009346839878050232,93.34096006741302,0.2873998074515033
2007-08-24,5569.3798828125,5578.8798828125,5491.2001953125,5491.2001953125,91182400,0.008302762695433752,94.11917410127487,0.2740402080311267
2007-08-27,5590.5400390625,5617.7900390625,5584.83984375,5598.72998046875,61551800,0.0037921744521611125,94.47676802950555,0.27396477133328356
2007-08-28,5474.169921875,5579.81982421875,5462.27001953125,5579.81982421875,116674700,-0.02103523879670577,92.51018296075189,0.28303435733712035
2007-08-29,5520.02001953125,5520.02001953125,5425.89990234375,5441.52001953125,126622600,0.008340835243789146,93.28502206576368,0.27621839344384436
2007-08-30,5592.52978515625,5605.97998046875,5521.10009765625,5584.009765625,156138700,0.013050253269679948,94.51039354310949,0.2752269040853272
2007-08-31,5662.7001953125,5686.47021484375,5618.85009765625,5634.06982421875,160503400,0.012469104485984837,95.69623131844881,0.27833763734213185
2007-09-03,5651.27001953125,5683.10009765625,5639.5498046875,5683.10009765625,95201400,-0.0020205426482355193,95.5030682146563,0.27325667572544987
2007-09-04,5672.72021484375,5679.9501953125,5602.89013671875,5636.14990234375,121855800,0.0037884562815200208,95.86556362879638,0.2698470645128035
2007-09-05,5551.5498046875,5666.89013671875,5548.68994140625,5655.27978515625,156219500,-0.02159162553324499,93.81785649274448,0.275459497154256
2007-09-06,5576.6201171875,5596.43017578125,5503.1201171875,5585.5400390625,133227900,0.00450574624403792,94.24152971249427,0.26303885943366556
2007-09-07,5430.10009765625,5595.6298828125,5417.259765625,5567.60986328125,174523100,-0.026625311142070934,91.76542940729838,0.2681325091614912
2007-09-10,5386.43017578125,5459.33984375,5378.0400390625,5432.080078125,143979200,-0.008074707516606742,91.02743396320477,0.24622384631725328
2007-09-11,5478.93994140625,5491.7998046875,5424.06005859375,5442.10009765625,131628900,0.01702878044834106,92.59079342514376,0.24115263196030567
2007-09-12,5508.009765625,5519.43994140625,5462.56005859375,5480.97998046875,130093300,0.005291712955616234,93.08205599015238,0.2350738908506068
2007-09-13,5565.97021484375,5574.6201171875,5472.2001953125,5489.419921875,248209100,0.010467957967514263,94.06155276103037,0.23624329865544016
2007-09-14,5538.919921875,5554.9501953125,5487.27001953125,5540.35986328125,155751100,-0.004871790019969495,93.60441906087225,0.20263518954068369
2007-09-17,5439.3701171875,5523.8798828125,5431.4599609375,5523.8798828125,161116400,-0.018136254919392962,91.92208716822368,0.2057349080107603
2007-09-18,5549.35009765625,5557.33984375,5417.009765625,5418.9501953125,169412100,0.020017554497985656,93.7806827654351,0.2156090793442558
2007-09-19,5730.81982421875,5744.740234375,5653.509765625,5683.27001953125,237181300,0.03217777489190897,96.84741212271167,0.24070918433273158
2007-09-20,5688.759765625,5710.83984375,5670.52001953125,5686.080078125,134824100,-0.007366339269250255,96.13662240091308,0.23619228068238293
2007-09-21,5700.64990234375,5724.990234375,5665.43994140625,5668.02001953125,237954700,0.0020879292930741085,96.33755856821847,0.2361943748315705
2007-09-24,5692.490234375,5711.7998046875,5673.06982421875,5686.47021484375,132204600,-0.001432382866522598,96.1996650816331,0.2350687694349933
2007-09-25,5641.58984375,5673.9599609375,5608.68994140625,5663.18017578125,149869900,-0.008981890452518052,95.33947905951567,0.23733915340181788
2007-09-26,5690.77001953125,5715.31005859375,5659.4501953125,5659.4501953125,131948500,0.00867965456956796,96.17059448422778,0.22549929626187445
2007-09-27,5733.3701171875,5752.89013671875,5717.490234375,5740.7998046875,153318300,0.007457943372711364,96.89051054174318,0.22519952274132077
2007-09-28,5715.68994140625,5734.1201171875,5679.02978515625,5728.9501953125,172277900,-0.0030884963035830593,96.5917261927653,0.22196229536672202
2007-10-01,5773.259765625,5780.7900390625,5660.759765625,5670.7900390625,137687000,0.010021857094686348,97.56462163581921,0.2205314537503312
2007-10-02,5799.27001953125,5823.5,5793.18994140625,5811.259765625,166284800,0.0044951792196567045,98.00417930064569,0.22059153758856162
2007-10-03,5806.18017578125,5809.5,5779.4501953125,5798.240234375,130892500,0.0011908468780311061,98.12095678985374,0.2203955290348432
2007-10-04,5804.39013671875,5825.93994140625,5776.18017578125,5783.2998046875,136975500,-0.00030834645129460507,98.09070620509988,0.2045375093077701
2007-10-05,5843.240234375,5854.81005859375,5793.68017578125,5810.81005859375,126537800,0.006670926272822219,98.74724951550404,0.20499262396135964
2007-10-08,5829.39990234375,5852.31982421875,5824.06982421875,5852.31982421875,84122800,-0.0023714152677018893,98.51335621903692,0.17733693326350733
2007-10-09,5861.93017578125,5863.9501953125,5805.669921875,5819.830078125,117387900,0.0055648685255185685,99.06309829690719,0.17246462743480598
2007-10-10,5838.490234375,5874.9599609375,5808.47998046875,5863.8798828125,127046100,-0.004006688980810268,98.66697736916316,0.16781689315490766
2007-10-11,5862.830078125,5882.06982421875,5835.77978515625,5835.77978515625,155520900,0.004160193585771041,99.07830610588194,0.16767017711791188
2007-10-12,5843.9501953125,5843.9501953125,5779.0400390625,5816.669921875,157555900,-0.0032254640028723932,98.75924742882432,0.1666644074000684
2007-10-15,5807.43994140625,5867.9501953125,5795.669921875,5842.8798828125,122481700,-0.00626712743775851,98.14224607208642,0.16749118141081662
2007-10-16,5774.35986328125,5789.669921875,5739.85986328125,5779.830078125,172181400,-0.005712439972799453,97.58321262530377,0.1533676365208239
2007-10-17,5818.7998046875,5843.759765625,5759.97998046875,5776.27001953125,147967700,0.00766661727249979,98.3342209368706,0.1414482780993381
2007-10-18,5767.240234375,5838.97021484375,5740.81005859375,5830.47998046875,138029400,-0.008900350853471864,97.46289517405003,0.09635513066640868
2007-10-19,5740.47998046875,5780.5,5728.35986328125,5751.5400390625,128502700,-0.004650843371711427,97.0106629598013,0.09406419364050915
2007-10-22,5661.27001953125,5669.16015625,5630.7998046875,5635.7001953125,139502300,-0.01389457500549833,95.67206220695286,0.10604718874087996
2007-10-23,5705.0498046875,5728.85009765625,5686.22021484375,5694.330078125,121140900,0.0077034611617877065,96.41191427449698,0.1095161951939582
2007-10-24,5674.669921875,5733.8701171875,5654.10009765625,5711.740234375,142251500,-0.005339315152859637,95.89851250629832,0.10639036623814922
2007-10-25,5760.2998046875,5767.10986328125,5710.0498046875,5722.08984375,184943300,0.014977124648542579,97.3456060819356,0.11457772252640026
2007-10-26,5794.8701171875,5805.02978515625,5744.93017578125,5776.259765625,147499000,0.005983540852517218,97.92982359436714,0.1135716843318274
2007-10-29,5836.18994140625,5850.81005859375,5822.43994140625,5845.85009765625,119083700,0.007105113005733309,98.6281037999391,0.11498504392759394
2007-10-30,5803.93017578125,5822.990234375,5795.18017578125,5821.2001953125,122441800,-0.005542872048467217,98.08293314158702,0.11219394113651063
2007-10-31,5847.9501953125,5847.9501953125,5793.83984375,5804.43994140625,139520000,0.007555901289809394,98.82684502574297,0.11413654226985434
2007-11-01,5730.919921875,5855.35009765625,5704.81005859375,5851.759765625,154078400,-0.020215143207232163,96.84910371296661,0.13452914458326598
2007-11-02,5720.419921875,5726.1201171875,5668.669921875,5684.91015625,157015700,-0.001833847058228935,96.6716600210552,0.13458821146603453
2007-11-05,5684.6201171875,5697.7099609375,5660.14013671875,5676.759765625,125527600,-0.006277912597212426,96.06666482929735,0.13312710890045518
2007-11-06,5709.419921875,5728.7001953125,5683.97998046875,5702.39013671875,132163400,0.004353125627938225,96.48576662952897,0.13448302842668863
2007-11-07,5683.22021484375,5759.52978515625,5646.1201171875,5737.6298828125,176244800,-0.004599417326262246,96.0430073207078,0.13283972469889765
2007-11-08,5631.6298828125,5675.02978515625,5589.5,5602.33984375,194051800,-0.009119111450654731,95.17116170332109,0.13522679618276723
2007-11-09,5524.18017578125,5661.41015625,5493.60009765625,5641.22998046875,202344000,-0.019264047946359532,93.35532620709019,0.14629051346453942
2007-11-12,5535.56005859375,5540.33984375,5483.7099609375,5488.97998046875,150002200,0.002057894053101011,93.54763938992534,0.14725371627237255
2007-11-13,5538.91015625,5554.1201171875,5486.2900390625,5508.509765625,142500900,0.0006050127353178456,93.60425402767665,0.1470106316555297
2007-11-14,5613.60009765625,5638.81982421875,5591.0400390625,5625.56005859375,166900700,0.013394483644121262,94.86646916594064,0.15597431142567222
2007-11-15,5561.1298828125,5610.97998046875,5526.27001953125,5598.1298828125,153113300,-0.009390938402277156,93.97975405763019,0.1547451529317168
2007-11-16,5523.6298828125,5551.81982421875,5497.08984375,5519.0498046875,166546800,-0.006766072310895391,93.34602658651801,0.1537466421185222
2007-11-19,5432.56982421875,5564.64990234375,5428.9599609375,5519.97021484375,177463800,-0.016622945518756246,91.80716630246616,0.1616821369434701
2007-11-20,5506.68017578125,5516.66015625,5412.93017578125,5460.35009765625,193344500,0.013549646530372952,93.05958672057116,0.165485783885424
2007-11-21,5381.2998046875,5442.5498046875,5358.759765625,5428.22021484375,201349000,-0.02303198827319831,90.9407337738952,0.17813991616640326
2007-11-22,5416.10009765625,5433.4599609375,5364.25,5402.7900390625,138869100,0.006446072903627273,91.52883781808318,0.18066839609198873
2007-11-23,5521.169921875,5529.7998046875,5406.4599609375,5406.4599609375,144272600,0.0192137629198698,93.30445472454582,0.1862593981054127
2007-11-26,5458.39013671875,5568.009765625,5450.3701171875,5558.06005859375,128387400,-0.011435880674896929,92.24351407163819,0.18660362290154417
2007-11-27,5434.169921875,5467.43017578125,5383.669921875,5421.7099609375,161738000,-0.004447118883001425,91.83420699156557,0.18309749639088094
2007-11-28,5561.2099609375,5578.080078125,5406.990234375,5461.919921875,180089000,0.02310892281743566,93.98110732983412,0.20451798507886146
2007-11-29,5598.10986328125,5615.0,5550.0,5596.68994140625,137166100,0.0066133128922658485,94.60469351107655,0.20398644673537128
2007-11-30,5670.56982421875,5685.52978515625,5597.22021484375,5602.580078125,180490500,0.012860594435754614,95.82922331912481,0.19905280446895374
2007-12-03,5629.4599609375,5680.47998046875,5620.18994140625,5654.10009765625,135402100,-0.007276094918517906,95.1344913272583,0.20039910453859486
2007-12-04,5547.2099609375,5621.8701171875,5538.31982421875,5619.6298828125,154046600,-0.014718424253645586,93.74451574061892,0.20539639006561716
2007-12-05,5659.06982421875,5663.22021484375,5577.27001953125,5585.72998046875,130749300,0.019964445082195508,95.63488022798374,0.21744694773982096
2007-12-06,5673.759765625,5724.509765625,5627.68017578125,5681.7099609375,142319700,0.0025924592825107493,95.88313141246826,0.21713295755099682
2007-12-07,5718.75,5744.759765625,5700.4599609375,5700.4599609375,138365500,0.00789825406054163,96.64343934460726,0.21620641402274002
2007-12-10,5750.919921875,5771.43994140625,5681.35986328125,5683.60009765625,120277100,0.005609578384146828,97.18709169755981,0.20404991253904442
2007-12-11,5724.759765625,5768.22021484375,5702.52978515625,5765.27001953125,127539800,-0.004559242202225841,96.7450007731808,0.20527556135000685
2007-12-12,5743.31982421875,5795.22021484375,5625.009765625,5650.419921875,158409200,0.0032368235069981824,97.05865461308245,0.20531721623693888
2007-12-13,5590.91015625,5677.2001953125,5582.10986328125,5677.16015625,167342600,-0.026895317167749542,94.4830227876189,0.22313005780630124
2007-12-14,5605.35986328125,5631.5400390625,5560.58984375,5624.9501953125,115568300,0.0025811658755175598,94.7272141554916,0.2207531799119189
2007-12-17,5514.8798828125,5541.56005859375,5499.56982421875,5532.669921875,143939200,-0.016273386058500594,93.19815684325852,0.22699792767264032
2007-12-18,5509.3701171875,5581.18017578125,5498.6201171875,5498.6201171875,129472800,-0.0009995720495733053,93.1050451142998,0.21895720060088814
2007-12-19,5497.419921875,5547.759765625,5465.97998046875,5516.77978515625,122648800,-0.0021714232697450635,92.90309399284146,0.21402087464743189
2007-12-20,5511.4501953125,5549.52001953125,5493.75,5520.9599609375,134068100,0.0025489048166205206,93.14019718496304,0.19713416307369508
2007-12-21,5602.77001953125,5622.60986328125,5562.68017578125,5577.10009765625,286831900,0.016433339911610882,94.68344735201791,0.20345701607142802
2007-12-24,5614.27978515625,5621.7998046875,5603.39990234375,5619.85986328125,23649000,0.0020521919515111347,94.87795547635459,0.19317714923794374
2007-12-27,5627.47998046875,5656.14013671875,5617.66015625,5626.1298828125,82236200,0.0023484226054269405,95.10103084684997,0.18801183516977926
2007-12-28,5627.25,5640.0,5593.919921875,5595.18994140625,64864000,-4.086823392136744e-05,95.09714431509354,0.1868858567539035
2007-12-31,5614.080078125,5621.830078125,5600.6201171875,5621.1201171875,21781800,-0.0023431262686842763,94.87458054750452,0.17013082417361436
2008-01-02,5550.35986328125,5665.93994140625,5530.43017578125,5609.97998046875,100458200,-0.011414975955964314,93.7977471978604,0.1733346928146515
2008-01-03,5546.080078125,5559.0498046875,5515.60986328125,5538.2001953125,117504500,-0.0007713799004121053,93.72542139988776,0.16648366029705525
2008-01-04,5446.7900390625,5567.08984375,5417.52978515625,5543.68994140625,162947200,-0.01806493448886555,92.04747939024223,0.17551188506012588
2008-01-07,5452.830078125,5475.25,5429.31982421875,5432.0,181161800,0.0011083027877716997,92.14955242172215,0.1690163808769938
2008-01-08,5495.669921875,5533.93017578125,5471.14013671875,5476.509765625,174857100,0.007825740947839398,92.87352004418958,0.15484740473237846
2008-01-09,5435.419921875,5463.06982421875,5420.06005859375,5459.39990234375,198041500,-0.011023715110420084,91.85533124060267,0.15758885704834877
2008-01-10,5400.43017578125,5471.81982421875,5394.52001953125,5468.5400390625,166136700,-0.006458167543996933,91.26402555242001,0.15398296814535398
2008-01-11,5371.41015625,5410.91015625,5349.25,5398.490234375,178858400,-0.0053881396021326425,90.77360465670895,0.15116769089101947
2008-01-14,5403.509765625,5421.22021484375,5343.25,5345.830078125,142891500,0.005958226060194703,91.31606877065316,0.15437719683331863
2008-01-15,5250.81982421875,5394.14013671875,5250.08984375,5390.3701171875,192383100,-0.028664477630794816,88.73570049247583,0.17672486765669937
2008-01-16,5225.39013671875,5289.0498046875,5177.68017578125,5216.22021484375,233648700,-0.0048547590283429184,88.30595405112788,0.15650580900985075
2008-01-17,5157.08984375,5278.5,5150.240234375,5278.2900390625,204957900,-0.013157025752579604,87.15172013274636,0.1586371301749719
2008-01-18,5092.39990234375,5231.56005859375,5081.22998046875,5159.56005859375,255148000,-0.012623223596931825,86.05849898677896,0.15554363849991312
2008-01-21,4744.4501953125,5012.52978515625,4726.759765625,5006.47998046875,365210100,-0.07077365800411019,80.17835797581529,0.2787457731296786
2008-01-22,4842.5400390625,4903.990234375,4505.14013671875,4544.7900390625,463552500,0.020463829503228125,81.83601740572132,0.2943958940254042
2008-01-23,4636.759765625,4950.0,4591.240234375,4950.0,353541900,-0.043423588606804966,78.35845441131279,0.3195000896780754
2008-01-24,4915.2900390625,4916.97998046875,4773.52978515625,4816.990234375,323092800,0.05833496693673613,83.06544869967894,0.386252373791457
2008-01-25,4878.1201171875,5001.56982421875,4855.43017578125,5001.56982421875,232316200,-0.0075908390973043,82.43729935057812,0.38508857943139335
2008-01-28,4848.2998046875,4854.33984375,4755.97998046875,4791.5,166274300,-0.006131836004405809,81.93335398448744,0.3836978143086783
2008-01-29,4941.4501953125,4949.39990234375,4868.009765625,4893.3798828125,167172600,0.01903076216731495,83.50753962405793,0.393674832639852
2008-01-30,4873.56982421875,4911.7998046875,4841.2998046875,4911.72998046875,178151400,-0.013832157905578714,82.36040213308729,0.39427208002761366
2008-01-31,4869.7900390625,4907.669921875,4762.72998046875,4863.3701171875,216186900,-0.0007758689813161814,82.2965260347295,0.39440364842261066
2008-02-01,4978.06005859375,5009.16015625,4927.18017578125,4935.7900390625,225981000,0.02198944564025749,84.12622431939096,0.40608043892839685
2008-02-04,4973.64013671875,5027.259765625,4954.93017578125,5027.259765625,131717900,-0.0008882747829769851,84.05153029506144,0.4035461354256559
2008-02-05,4776.85986328125,4970.7900390625,4767.4501953125,4970.08984375,200152000,-0.04036859563272253,80.72606189371983,0.42167764231149774
2008-02-06,4816.43017578125,4823.02978515625,4729.41015625,4729.41015625,211346000,0.008249627970434548,81.39477640229967,0.4218591077733468
2008-02-07,4723.7998046875,4797.5400390625,4683.06005859375,4792.56005859375,221349300,-0.01941950714138409,79.829378780395,0.42404498232680526
2008-02-08,4709.64990234375,4789.3798828125,4679.7998046875,4764.85986328125,224328000,-0.002999944536776596,79.5902539316273,0.42423716282559576
2008-02-11,4682.7001953125,4734.72998046875,4644.740234375,4653.14990234375,154090700,-0.005738666193366068,79.13482007338389,0.4242271441564722
2008-02-12,4840.7099609375,4846.97021484375,4676.10009765625,4728.77978515625,196522500,0.03318648775557506,81.80509018486546,0.44433864125117034
2008-02-13,4855.39990234375,4887.31005859375,4781.5,4791.81982421875,168735900,0.0030300714106623965,82.05334136934998,0.43678388832130405
2008-02-14,4858.64990234375,4926.330078125,4835.77001953125,4923.97021484375,177895400,0.0006691339218159091,82.10826441684637,0.4370234663073671
2008-02-15,4771.7900390625,4877.66015625,4743.93017578125,4857.490234375,175653200,-0.018039096700075932,80.64038491022299,0.4387116310859981
2008-02-18,4861.7998046875,4879.22998046875,4810.2900390625,4810.2900390625,99598200,0.01868719479202444,82.16149587408782,0.44406028268301156
2008-02-19,4885.830078125,4940.35986328125,4806.169921875,4844.52001953125,153181200,0.004930495393705756,82.56759305850598,0.3676339149787399
2008-02-20,4812.81005859375,4866.89990234375,4779.14013671875,4828.35986328125,168788700,-0.015058069635160322,81.33359859668995,0.3650065574234256
2008-02-21,4858.85009765625,4905.169921875,4834.0400390625,4854.10009765625,162398400,0.009520679198135285,82.1116475973562,0.33063972490738347
2008-02-22,4824.5498046875,4878.18017578125,4786.669921875,4818.72998046875,162038700,-0.00708437878658613,81.53199325278305,0.2611180537429093
2008-02-25,4919.259765625,4925.93994140625,4870.41015625,4877.89013671875,143544400,0.0194406393337839,83.1325346936912,0.26904394340329707
2008-02-26,4973.06982421875,4980.64990234375,4917.14990234375,4955.7099609375,176562600,0.010879255253767496,84.04189235643827,0.270290850647134
2008-02-27,4968.81982421875,4992.77001953125,4892.58984375,4990.6298828125,182277000,-0.0008549683026412201,83.97006990971224,0.26243491638940397
2008-02-28,4865.22998046875,4964.08984375,4856.0498046875,4939.14990234375,178539100,-0.021068365024164547,82.21946378404309,0.2684599191077251
2008-02-29,4790.66015625,4873.02001953125,4768.52978515625,4837.009765625,196078300,-0.015445765367584562,80.95927855408499,0.27369667985395885
2008-03-03,4742.66015625,4764.14990234375,4698.0,4723.22021484375,150295500,-0.010070028919159738,80.1481073910614,0.26238918521377147
2008-03-04,4675.91015625,4782.85986328125,4655.25,4749.06982421875,163286600,-0.014174363063113492,79.02007249248173,0.2655021697649408
2008-03-05,4756.419921875,4767.58984375,4689.02978515625,4723.10009765625,141700700,0.01707143838739611,80.38063916366481,0.23644323063302025
2008-03-06,4678.0498046875,4767.0400390625,4664.14013671875,4767.0400390625,158195900,-0.016613953325720993,79.05623126563816,0.2408877872135909
2008-03-07,4618.9599609375,4661.8798828125,4576.58984375,4630.56982421875,198919200,-0.012711751611486338,78.0576484056888,0.23562453179410967
2008-03-10,4566.990234375,4625.97998046875,4534.580078125,4601.7099609375,158091800,-0.011315167172262431,77.17939124865293,0.23822951650217877
2008-03-11,4627.68994140625,4683.18017578125,4566.9501953125,4589.8798828125,189545700,0.013203414949528732,78.20517983089732,0.24293786395989872
2008-03-12,4697.10009765625,4741.89013671875,4678.6201171875,4716.919921875,196215200,0.0148875069460478,79.37816977195902,0.21788556807603077
2008-03-13,4630.18994140625,4642.2001953125,4547.08984375,4610.990234375,197888900,-0.014347426475699606,78.24742832897145,0.22168205151566037
2008-03-14,4592.14990234375,4707.830078125,4544.6201171875,4632.10986328125,214275200,-0.008249588595428696,77.60457452214249,0.2223483029142976
2008-03-17,4431.0400390625,4505.97021484375,4416.7099609375,4449.39013671875,249766000,-0.03571397442321277,74.881914622717,0.24500168435477804
2008-03-18,4582.58984375,4593.0,4481.7998046875,4502.64013671875,223507000,0.03362997807709365,77.44301527530779,0.26659063044402365
2008-03-19,4555.9501953125,4652.669921875,4533.18017578125,4635.02001953125,248269200,-0.005830192521547644,76.99282122102473,0.26525337454200365
2008-03-20,4533.72021484375,4553.27978515625,4480.8701171875,4510.97021484375,290932000,-0.004891271913240546,76.61714790621582,0.2619057918958897
2008-03-25,4692.0,4699.89990234375,4647.5400390625,4692.169921875,206193300,0.034316088849061184,79.2919811855558,0.28930747744378077
2008-03-26,4676.68017578125,4693.6201171875,4647.919921875,4658.509765625,153864400,-0.003270436728774172,79.03308535995497,0.2887081663733631
2008-03-27,4719.52978515625,4750.6298828125,4664.97021484375,4667.990234375,150671700,0.00912067878349909,79.757218015618,0.2814056396783322
2008-03-28,4695.919921875,4740.77978515625,4679.52978515625,4722.9501953125,115984400,-0.005015142877179592,79.3582255102705,0.2776194991536743
2008-03-31,4707.06982421875,4711.77978515625,4622.259765625,4648.5400390625,142322200,0.002371566463586458,79.54665216134924,0.27811871643694225
2008-04-01,4866.0,4876.83984375,4681.240234375,4689.64990234375,188525000,0.033206647928970136,82.23247665151632,0.29564865662577783
2008-04-02,4911.97021484375,4923.39990234375,4856.39013671875,4906.06005859375,173182300,0.009402882711817589,83.00934566483402,0.29178922520626643
2008-04-03,4887.8701171875,4926.3701171875,4853.9599609375,4926.3701171875,151866000,-0.00491847732704142,82.60206849306729,0.28982329517007455
2008-04-04,4900.8798828125,4919.9599609375,4848.669921875,4914.419921875,141401200,0.0026581071710029816,82.82192571624846,0.28421101484443684
2008-04-07,4944.60009765625,4959.97021484375,4926.669921875,4936.25,128312000,0.008881334848226657,83.56077108129942,0.2802129237101124
2008-04-08,4912.68994140625,4914.43017578125,4878.72998046875,4908.16015625,113384100,-0.006474450400122737,83.0215086113499,0.27392657668696074
2008-04-09,4874.97021484375,4924.56982421875,4868.18994140625,4888.919921875,127023000,-0.00770764670970911,82.38406789333666,0.27099701754822925
2008-04-10,4859.419921875,4880.58984375,4789.6298828125,4875.47998046875,161154900,-0.003194921505681053,82.12127728431962,0.2671882649644626
2008-04-11,4797.93017578125,4917.89013671875,4775.16015625,4891.83984375,153178100,-0.012734461614109674,81.08213751655103,0.2697488349527583
2008-04-14,4766.490234375,4793.6298828125,4750.27978515625,4755.06982421875,119717800,-0.006574377390471001,80.55082139496974,0.2667779060889762
2008-04-15,4780.68017578125,4820.75,4741.06005859375,4801.0,118835800,0.0029725984235253527,80.79062287983942,0.26115763461172087
2008-04-16,4855.10009765625,4863.06005859375,4789.27978515625,4820.27001953125,181523100,0.015446886398904161,82.04827485024502,0.26287985340956493
2008-04-17,4862.14013671875,4900.66015625,4834.22021484375,4877.06982421875,165843700,0.0014489793654238435,82.1672472809546,0.22304557601075617
2008-04-18,4961.68994140625,4976.3701171875,4878.39990234375,4882.2900390625,192982500,0.02026769836710351,83.84957917360315,0.2050767323695914
2008-04-21,4910.35009765625,4961.31005859375,4885.1298828125,4954.490234375,134671700,-0.010401154450727975,82.98196665768363,0.20836202059059153
2008-04-22,4872.64013671875,4930.16015625,4849.8798828125,4887.27978515625,128651100,-0.007709329520786717,82.344690972866,0.21002549270721313
2008-04-23,4944.64990234375,4951.0498046875,4850.91015625,4888.14013671875,155547700,0.014670251526981757,83.56161275059698,0.18290097875222402
2008-04-24,4929.5498046875,4942.81982421875,4861.22021484375,4916.56005859375,138180000,-0.003058497878372188,83.30643017189718,0.1828182194866289
2008-04-25,4978.2099609375,5013.43994140625,4950.89990234375,4954.2900390625,161354600,0.00982271444833498,84.12875757894348,0.18315406066451173
2008-04-28,5012.75,5030.759765625,4986.43994140625,4989.919921875,94535600,0.006914285875046557,84.71246348846866,0.18160837648320516
2008-04-29,4977.10009765625,5013.0498046875,4957.77978515625,4986.1201171875,132602200,-0.007137254979838996,84.1100015562633,0.18504955776283075
2008-04-30,4996.5400390625,5006.47998046875,4935.10009765625,4976.56005859375,152666500,0.003898268988657724,84.43852488708869,0.14828178955255275
2008-05-02,5069.7099609375,5099.39013671875,5028.56982421875,5057.52001953125,162669700,0.014537928341538343,85.67505260845721,0.1528317549226892
2008-05-05,5063.35986328125,5078.72021484375,5048.240234375,5062.7001953125,70413600,-0.0012533415041382013,85.56773977301692,0.15141151587908094
2008-05-06,5040.919921875,5067.83984375,5011.1201171875,5052.7099609375,121975800,-0.0044416779375819095,85.18851824450257,0.1528243387384321
2008-05-07,5075.31005859375,5100.10009765625,5041.56982421875,5058.77978515625,133948700,0.006799028741705671,85.76969089447526,0.15169597941888335
2008-05-08,5055.580078125,5066.8701171875,5025.2099609375,5029.02001953125,109887100,-0.0038950191239656828,85.4362660777405,0.1502993683428917
2008-05-09,4960.56005859375,5004.580078125,4925.0498046875,5001.0,128284100,-0.018973949825577586,83.830484832872,0.1633675562579573
2008-05-12,4976.2099609375,5011.27001953125,4954.669921875,4975.08984375,74711800,0.0031498998673971114,84.09495878048419,0.16287630223163047
2008-05-13,4998.669921875,5017.27978515625,4951.3701171875,5001.97998046875,144607000,0.004503312151795433,84.47451862704953,0.15514949978582743
2008-05-14,5055.240234375,5067.97021484375,4992.14013671875,5036.669921875,153916500,0.011253514032324361,85.43052292253354,0.15509638529470568
2008-05-15,5057.509765625,5060.27978515625,5020.39013671875,5045.68017578125,130183800,0.00044884552433362374,85.4688766371915,0.1553074032938951
2008-05-16,5078.0400390625,5120.91015625,5058.7900390625,5090.75,147461700,0.004051147083548117,85.81582592430584,0.1483664362111469
2008-05-19,5142.10009765625,5142.10009765625,5076.1201171875,5090.52978515625,118892400,0.012536207270956444,86.89840242915692,0.15262777944284545
2008-05-20,5054.8798828125,5104.740234375,5041.22021484375,5091.4501953125,142400200,-0.017107485196613974,85.42443319761584,0.15323090457974
2008-05-21,5027.5498046875,5080.72998046875,5003.08984375,5065.27978515625,157355300,-0.005421341067601095,84.96257129640371,0.14953542336305828
2008-05-22,5028.740234375,5047.91015625,4975.0400390625,4977.85009765625,144890500,0.00023675325362254395,84.9826888429476,0.14611600057192184
2008-05-23,4933.77001953125,5021.06982421875,4933.77001953125,5020.60009765625,134889900,-0.019066096664168003,83.37774926737667,0.15431192987717424
2008-05-26,4937.83984375,4950.759765625,4910.52978515625,4910.52978515625,64756800,0.0008245513154794641,83.44652685164385,0.15396132617106018
2008-05-27,4906.56005859375,4959.509765625,4893.85986328125,4956.72021484375,135458400,-0.006354859764741624,82.91791727447044,0.15123757019641182
2008-05-28,4971.10986328125,5006.16015625,4914.18017578125,4923.77978515625,152840400,0.013070030501636232,84.00877019408097,0.1565477173304027
2008-05-29,4975.89990234375,5006.47021484375,4952.16015625,4988.330078125,159600000,0.0009631114366282927,84.08971897652381,0.15465684618334663
2008-05-30,5014.27978515625,5028.7998046875,4986.39013671875,4989.60986328125,156018600,0.007683559822263701,84.73831593855974,0.15640853539637584
2008-06-02,4935.2099609375,5012.009765625,4925.08984375,5008.93994140625,127860500,-0.015894581711826793,83.4020834120682,0.15670859347771077
2008-06-03,4983.7099609375,4987.759765625,4914.22998046875,4914.22998046875,127257000,0.00977936850189725,84.22170427470661,0.16132499608310558
2008-06-04,4915.06982421875,4966.27978515625,4867.08984375,4966.27978515625,152002200,-0.01386862590845666,83.06172720111815,0.16723623613599403
2008-06-05,4907.06005859375,4944.4501953125,4880.35009765625,4915.72021484375,198129700,-0.0016309634460325575,82.92636697408527,0.1646833929680664
2008-06-06,4795.31982421875,4969.02978515625,4793.72021484375,4936.89013671875,203483000,-0.023034590768586174,81.0380241433666,0.18061239968416232
2008-06-09,4799.3798828125,4821.27001953125,4775.259765625,4779.43017578125,154940700,0.0008463128518984036,81.10663669443818,0.17063140223822956
2008-06-10,4761.080078125,4793.3701171875,4732.56982421875,4764.41015625,182042500,-0.00801216881432145,80.45939300460618,0.17111900622882648
2008-06-11,4660.91015625,4796.93017578125,4659.52001953125,4777.47998046875,183387800,-0.02126380810635682,78.76658150403689,0.1815444945054703
2008-06-12,4672.2998046875,4694.7099609375,4646.14990234375,4667.7099609375,200984400,0.002440672424400139,78.95905972006764,0.17507515267825038
2008-06-13,4682.2998046875,4689.41015625,4614.5400390625,4665.43994140625,156709500,0.0021379864936459467,79.12805371236423,0.17568245660680462
2008-06-16,4657.740234375,4690.72998046875,4618.490234375,4686.68017578125,130363000,-0.005258998208477863,78.71301172874445,0.1734727748585336
2008-06-17,4686.330078125,4723.25,4673.1298828125,4673.1298828125,161826100,0.006119374535972911,79.19616291218924,0.16701645695273273
2008-06-18,4618.75,4676.6298828125,4597.22021484375,4668.43017578125,171541900,-0.014525671097717565,78.05410019198338,0.16476950901870877
2008-06-19,4591.39013671875,4631.64013671875,4590.97998046875,4590.97998046875,194786700,-0.005941265465139068,77.59173493952467,0.1648240594063153
2008-06-20,4509.27001953125,4617.02978515625,4475.1298828125,4612.990234375,269391300,-0.018047558032162504,76.2039542943868,0.17052423875336845
2008-06-23,4511.3701171875,4538.5400390625,4489.8701171875,4497.2998046875,152536200,0.0004656205462943331,76.23944468310103,0.16379134123093256
2008-06-24,4473.759765625,4533.39990234375,4426.259765625,4514.39990234375,197903700,-0.00837173679534094,75.60385233687855,0.16329013512689572
2008-06-25,4536.2900390625,4537.16015625,4489.7001953125,4489.7001953125,157921200,0.0138803400055097,76.66057639163856,0.1753092720242626
2008-06-26,4426.18994140625,4505.97998046875,4426.18994140625,4490.6201171875,176921300,-0.02457035035220058,74.79995088612125,0.17830710986213189
2008-06-27,4397.31982421875,4433.22021484375,4348.31005859375,4408.330078125,210812700,-0.00654393115206901,74.31206324996266,0.1767528719559727
2008-06-30,4434.85009765625,4439.77978515625,4354.8701171875,4404.490234375,200549300,0.008498590869018873,74.94630232398121,0.17756197845447988
2008-07-01,4341.2099609375,4415.85986328125,4307.08984375,4410.7900390625,204448900,-0.02134071323873315,73.36384026965129,0.18238167957140652
2008-07-02,4296.47998046875,4378.16015625,4296.47998046875,4349.990234375,196025400,-0.010357023836823387,72.60793047217507,0.17339998293385825
2008-07-03,4343.990234375,4358.02001953125,4224.1298828125,4241.7001953125,233201900,0.010997256294324928,73.41082522043921,0.1822756502202752
2008-07-04,4266.0,4358.60009765625,4266.0,4358.25,113122900,-0.018116714507895204,72.09283711372149,0.18633277600397447
2008-07-07,4342.58984375,4350.93994140625,4271.0,4305.2900390625,134681500,0.01779428827696496,73.38715946018988,0.19463564832662697
2008-07-08,4275.60986328125,4292.41015625,4224.080078125,4254.8701171875,198950500,-0.015544158034610627,72.25523802985376,0.19699422167338537
2008-07-09,4339.66015625,4342.6298828125,4301.47998046875,4323.52978515625,162296200,0.014869289743282178,73.33764950150923,0.20890800638184506
2008-07-10,4231.56005859375,4293.1201171875,4209.64013671875,4261.64990234375,188697100,-0.025225306791436294,71.51082279445123,0.213337907661621
2008-07-11,4100.64013671875,4260.81005859375,4100.64013671875,4250.4599609375,226328300,-0.03142764081324627,69.29835476756996,0.23079667439165202
2008-07-14,4142.52978515625,4189.22021484375,4135.14990234375,4148.10009765625,133898800,0.010163568002933127,70.0062646601053,0.2360705550434484
2008-07-15,4061.14990234375,4110.27001953125,4024.840087890625,4088.360107421875,215192800,-0.019840499742386622,68.63099353119406,0.2409771971933815
2008-07-16,4112.4501953125,4116.27978515625,4002.8701171875,4070.010009765625,210208700,0.012552844765187561,69.49793766267139,0.24620507023410532
2008-07-17,4225.990234375,4260.9501953125,4159.02001953125,4174.43017578125,253866900,0.0272346028917609,71.41669611133956,0.26982211779804344
2008-07-18,4299.35986328125,4299.35986328125,4177.7998046875,4186.64990234375,243302000,0.017212534265458476,72.65659876155814,0.27971378201991454
2008-07-21,4327.14013671875,4362.06005859375,4261.97998046875,4310.16015625,278950900,0.006440704682264183,73.12606869308753,0.27609748470284007
2008-07-22,4327.259765625,4332.990234375,4259.2900390625,4286.81982421875,195075500,2.7645800427006868e-05,73.12809034973365,0.2760531026248092
2008-07-23,4408.740234375,4419.47998046875,4367.27001953125,4389.81982421875,187141500,0.018654494414626393,74.50506132055959,0.28393654417853503
2008-07-24,4347.990234375,4440.89013671875,4328.52001953125,4434.8701171875,174642800,-0.013875264257852786,73.47842281735785,0.28225581568164454
2008-07-25,4377.18017578125,4398.1298828125,4299.35986328125,4303.27001953125,178215500,0.006690998326790287,73.97171529067239,0.2713482081389578
2008-07-28,4324.4501953125,4367.5,4316.60986328125,4367.5,121680200,-0.01211971174732302,73.08061029935892,0.27358345679313634
2008-07-29,4320.490234375,4346.1201171875,4256.35986328125,4280.93017578125,185701300,-0.0009161338349695852,73.01368933854225,0.2714893480920889
2008-07-30,4400.5498046875,4424.009765625,4346.81982421875,4384.7998046875,168140700,0.018360612731680347,74.36664797940809,0.269285400591308
2008-07-31,4392.35986328125,4448.0498046875,4365.259765625,4415.7900390625,162667100,-0.001862851793983688,74.22824288991634,0.2665053486385126
2008-08-01,4314.33984375,4378.83984375,4297.080078125,4345.009765625,137880200,-0.01792231512335255,72.90975143195203,0.27168478029546683
2008-08-04,4280.6298828125,4332.14990234375,4267.2900390625,4306.85009765625,111724800,-0.007844154164519522,72.34007334405304,0.2654684670325459
2008-08-05,4386.35009765625,4390.93017578125,4282.39013671875,4301.43994140625,181949200,0.024397300790318724,74.1266814613428,0.271901589351887
2008-08-06,4448.330078125,4454.02001953125,4395.81982421875,4423.93994140625,182953900,0.014031293969371979,75.17410589553062,0.26923230113196456
2008-08-07,4457.43017578125,4514.169921875,4432.2998046875,4434.6298828125,185973700,0.002043643790984798,75.32789207885246,0.2650729261376984
2008-08-08,4491.85009765625,4496.41015625,4415.75,4432.009765625,158965000,0.007692259163752916,75.90956808007172,0.2475556320343893
2008-08-11,4538.490234375,4538.490234375,4486.10986328125,4500.2998046875,111653000,0.010329743891301767,76.6977583706077,0.21481591347547574
2008-08-12,4518.47998046875,4552.259765625,4494.10009765625,4521.3701171875,148984600,-0.0044187594726811455,76.35959710115915,0.21618980075014357
2008-08-13,4402.97021484375,4500.0,4397.6201171875,4492.27978515625,154188100,-0.025896287770536125,74.40755145693805,0.225470950429114
2008-08-14,4420.91015625,4467.27978515625,4383.47998046875,4439.47998046875,123336200,0.004066230585719941,74.71072568891893,0.22324836503975407
2008-08-15,4453.6201171875,4495.85986328125,4421.3701171875,4445.81982421875,106966800,0.007371682343912369,75.26350437758826,0.20655759478740535
2008-08-18,4448.83984375,4501.3798828125,4405.06982421875,4435.91015625,93648400,-0.0010739220210823491,75.18272062834103,0.1997452517202009
2008-08-19,4332.7900390625,4402.97998046875,4329.93994140625,4402.97998046875,127542700,-0.026431667585628527,73.22154864840311,0.22108389304806014
2008-08-20,4365.8701171875,4377.5,4327.22021484375,4355.5498046875,116906600,0.007605823655642845,73.78058209518576,0.2226222061872155
2008-08-21,4304.60986328125,4341.7900390625,4294.93994140625,4336.0498046875,124125200,-0.014130999307472629,72.74532060751382,0.21770748986910957
2008-08-22,4400.4501953125,4404.77001953125,4306.10986328125,4322.64013671875,109100300,0.02202034312619544,74.3649646408129,0.22657656826997147
2008-08-25,4355.8701171875,4392.5,4350.830078125,4383.240234375,65140600,-0.010182465171406951,73.61158810288917,0.22836649782873833
2008-08-26,4368.5498046875,4383.7998046875,4296.240234375,4330.6201171875,106230100,0.0029067139227785597,73.82586720405898,0.22440913047267327
2008-08-27,4373.080078125,4390.330078125,4309.7900390625,4371.14990234375,123753900,0.0010364826476990485,73.90242610349881,0.22435765518396666
2008-08-28,4461.490234375,4479.72998046875,4339.60986328125,4369.830078125,169292000,0.020015259284096844,75.39650462992401,0.22607691827793233
2008-08-29,4482.60009765625,4508.669921875,4456.22998046875,4474.02001953125,161011900,0.004720413523478628,75.75324863719734,0.2263032285787302
2008-09-01,4472.1298828125,4491.52001953125,4436.68017578125,4455.58984375,94363000,-0.002338478019534354,75.57630829653252,0.21612217667148206
2008-09-02,4539.06982421875,4558.56005859375,4444.10986328125,4465.33984375,197446600,0.014857327534472766,76.70755309076665,0.21777759881096823
2008-09-03,4447.1298828125,4511.68994140625,4447.1298828125,4502.02978515625,145810700,-0.020463188587310215,75.15382331579107,0.2171443044977105
2008-09-04,4304.009765625,4457.2998046875,4302.0400390625,4444.47021484375,188287500,-0.032711826119102616,72.73517931764405,0.2400307255752443
2008-09-05,4196.66015625,4288.31005859375,4181.60986328125,4271.5,205787800,-0.02525808376530376,70.92103541166807,0.25312601426561376
2008-09-08,4340.18017578125,4408.81982421875,4289.509765625,4355.52001953125,219676100,0.03362685435103135,73.34643751917498,0.2811537271205542
2008-09-09,4293.33984375,4386.77978515625,4275.10009765625,4335.02001953125,176167200,-0.010850913999207606,72.55486404812915,0.27936409533788553
2008-09-10,4283.66015625,4315.22998046875,4239.08984375,4297.08984375,185012400,-0.002257127575966245,72.39128314464833,0.2792914375095921
2008-09-11,4249.06982421875,4286.830078125,4192.919921875,4275.169921875,169029600,-0.008107726740175122,71.8067273141658,0.2670796365160614
2008-09-12,4332.66015625,4333.02978515625,4256.72998046875,4315.419921875,145314900,0.01948161407569329,73.21935370690156,0.27644330628006764
2008-09-15,4168.97021484375,4232.81982421875,4075.5400390625,4184.52001953125,305211400,-0.03851265373137502,70.45309203719799,0.3033996600353991
2008-09-16,4087.39990234375,4158.35986328125,4027.43994140625,4098.47998046875,316683500,-0.019760007236246203,69.07460276097252,0.3086520213855124
2008-09-17,4000.110107421875,4160.259765625,3990.860107421875,4159.47021484375,284152300,-0.021587159603774064,67.59945766791277,0.3046530425272904
2008-09-18,3957.860107421875,4077.969970703125,3926.820068359375,3981.4599609375,300505200,-0.01061838530000489,66.88545805045972,0.30258692762839
2008-09-19,4324.8701171875,4324.8701171875,4090.169921875,4226.47998046875,531247600,0.08867860692832183,73.08770672676974,0.4403299704755516
2008-09-22,4223.509765625,4356.669921875,4223.509765625,4331.169921875,207092300,-0.023715628830642214,71.37477767965656,0.44030679371127945
2008-09-23,4139.81982421875,4205.5,4114.490234375,4197.22021484375,191699800,-0.02001421422411687,69.96046794832564,0.44392413995689306
2008-09-24,4114.5400390625,4169.169921875,4097.35009765625,4160.669921875,162917400,-0.00612521494403166,69.53325476653018,0.44366045729243314
2008-09-25,4226.81005859375,4231.83984375,4111.27001953125,4112.669921875,179839400,0.02692053407428238,71.43055064811028,0.45542415080367676
2008-09-26,4163.3798828125,4201.509765625,4106.75,4164.91015625,144137000,-0.01512036907378369,70.35861878437555,0.45063184676174556
2008-09-29,3953.47998046875,4160.83984375,3953.47998046875,4160.83984375,221762500,-0.051731017459396976,66.81143653640227,0.47948968895817534
2008-09-30,4032.10009765625,4043.330078125,3844.6298828125,3850.739990234375,250933100,0.019691157501383446,68.14006928423633,0.48760261949773565
2008-10-01,4054.5400390625,4071.389892578125,3998.489990234375,4071.389892578125,166047600,0.005549894301010958,68.51929081275068,0.48389488532924807
2008-10-02,3963.280029296875,4112.240234375,3962.739990234375,4063.260009765625,198487200,-0.022765277919699123,66.97705147401891,0.4848640366387027
2008-10-03,4080.75,4110.64990234375,3934.030029296875,3977.14990234375,208459400,0.0292088224021816,68.96222340642724,0.4884859571386747
2008-10-06,3711.97998046875,3911.489990234375,3679.6298828125,3887.139892578125,277662200,-0.09471537333528243,62.73023162243984,0.5798969345108305
2008-10-07,3732.219970703125,3856.97998046875,3689.260009765625,3827.739990234375,258330700,0.005437801306059358,63.07227529781492,0.5637173598617987
2008-10-08,3496.889892578125,3759.360107421875,3426.85009765625,3561.10009765625,372820900,-0.06512925168885653,59.09533835683391,0.5984508382041891
2008-10-09,3442.699951171875,3612.3701171875,3389.699951171875,3567.760009765625,272566700,-0.015617938270929591,58.179560902777915,0.5981268070421876
2008-10-10,3176.489990234375,3280.0400390625,3047.85009765625,3164.919921875,466142400,-0.08047922253684617,53.68077249398342,0.6453011202962018
2008-10-13,3531.5,3531.5,3290.409912109375,3379.530029296875,301050400,0.10594589934068788,59.68022837953754,0.7607629490174354
2008-10-14,3628.52001953125,3766.8798828125,3555.989990234375,3680.52001953125,315267700,0.027102147156254367,61.319808422865364,0.763440980575857
2008-10-15,3381.070068359375,3616.469970703125,3346.77001953125,3616.469970703125,278057500,-0.07063260935965483,57.13805290865244,0.7942005257484188
2008-10-16,3181.0,3354.389892578125,3115.889892578125,3215.2099609375,341221000,-0.06099663489643233,53.756988949542375,0.8135468039007567
2008-10-17,3329.919921875,3349.820068359375,3179.3798828125,3349.389892578125,298427100,0.045752643451215026,56.27364616255749,0.8369026651179421
2008-10-20,3448.510009765625,3448.510009765625,3356.090087890625,3413.830078125,220540400,0.034994000310133666,58.27774740250141,0.7771050890237464
2008-10-21,3475.39990234375,3545.530029296875,3436.449951171875,3536.800048828125,186462500,0.007767295678377348,58.73217043242176,0.7781554723098824
2008-10-22,3298.179931640625,3418.300048828125,3291.7099609375,3380.010009765625,192203900,-0.052338771752629173,55.73725939604134,0.7917103909830625
2008-10-23,3310.8701171875,3343.580078125,3182.030029296875,3311.1201171875,217437200,0.0038402496724469354,55.951715907896414,0.7932066592591714
2008-10-24,3193.7900390625,3193.7900390625,2959.2900390625,3152.06005859375,324799500,-0.036002718542497786,53.973132925822476,0.785870715317108
2008-10-27,3067.35009765625,3128.239990234375,2976.39990234375,3035.3701171875,222370700,-0.0403942830949223,51.83637387742368,0.7914473708727269
2008-10-28,3114.919921875,3176.110107421875,2996.159912109375,3159.5,258384000,0.015389416156605941,52.640275328181,0.7858489266927304
2008-10-29,3402.570068359375,3402.570068359375,3269.06005859375,3297.14990234375,303661200,0.08832760388464495,57.50138999209008,0.8531023254863352
2008-10-30,3407.820068359375,3489.35009765625,3327.949951171875,3489.35009765625,257785100,0.0015417621999788043,57.590111838045786,0.852407945586065
2008-10-31,3487.070068359375,3487.070068359375,3319.35009765625,3388.7900390625,218914700,0.022989050927994945,58.929389226996186,0.8573288791800897
2008-11-03,3527.969970703125,3527.969970703125,3459.840087890625,3513.1201171875,144416100,0.011660764744501265,59.620573005157254,0.8503504926359231
2008-11-04,3691.090087890625,3691.090087890625,3519.090087890625,3545.10009765625,208249400,0.045199204795163477,62.377204987897436,0.8052924513813664
2008-11-05,3618.110107421875,3675.360107421875,3569.300048828125,3667.85009765625,189891200,-0.019970011459176786,61.14388716218338,0.8078297145024079
2008-11-06,3387.25,3574.949951171875,3377.679931640625,3504.3798828125,219323700,-0.06593343699443979,57.24249004065937,0.808632498592008
2008-11-07,3469.1201171875,3509.919921875,3351.219970703125,3393.389892578125,159761600,0.023882610526566407,58.626045835989814,0.8115255400629252
2008-11-10,3505.75,3612.280029296875,3489.719970703125,3558.64990234375,129569200,0.010503484353653328,59.24506884937385,0.7566725746511798
2008-11-11,3336.409912109375,3460.1298828125,3328.31005859375,3453.64990234375,139342500,-0.04950912534413168,56.383323098524784,0.6825742720930924
2008-11-12,3233.9599609375,3410.090087890625,3207.89990234375,3407.360107421875,169349700,-0.031187971864709684,54.651980472612294,0.680363786838402
2008-11-13,3269.4599609375,3293.97998046875,3183.64990234375,3196.030029296875,161551800,0.010917441294292465,55.25190914526517,0.6393831984713673
2008-11-14,3291.469970703125,3378.929931640625,3269.56005859375,3370.860107421875,166657000,0.006709442887797137,55.62386508734314,0.6020593420622888
2008-11-17,3182.030029296875,3309.6201171875,3166.7900390625,3283.570068359375,151743400,-0.033814897487059604,53.77439582584853,0.5915811441987155
2008-11-18,3217.39990234375,3227.75,3103.5400390625,3194.159912109375,176681000,0.011054182510722144,54.37212543116999,0.5782985887128623
2008-11-19,3087.889892578125,3215.510009765625,3085.139892578125,3215.510009765625,182591400,-0.04108557464324857,52.18348407190378,0.5911341660646148
2008-11-20,2980.419921875,3037.360107421875,2909.340087890625,3000.139892578125,236556200,-0.03542377100745755,50.36730613179201,0.5770293318533715
2008-11-21,2881.260009765625,3041.110107421875,2838.5,3005.18994140625,230950600,-0.03383650210883474,48.691563189477876,0.5846117318909458
2008-11-24,3172.110107421875,3172.110107421875,2931.489990234375,2959.52001953125,219127700,0.09616931361012872,53.60675510575589,0.6734481111928254
2008-11-25,3209.56005859375,3274.7099609375,3104.360107421875,3126.3798828125,222082500,0.011736858879541925,54.2396367817406,0.6584103311079244
2008-11-26,3169.85009765625,3213.159912109375,3095.06005859375,3183.699951171875,157880800,-0.012449575386177377,53.568562298463654,0.6584238279838085
2008-11-27,3250.389892578125,3254.760009765625,3205.25,3223.39990234375,110609700,0.025090657127816322,54.92963644672321,0.5848752724350131
2008-11-28,3262.679931640625,3262.679931640625,3177.300048828125,3239.3798828125,144639700,0.0037739664954511403,55.13733072338849,0.5851052623111554
2008-12-01,3080.429931640625,3272.090087890625,3071.989990234375,3261.330078125,137255200,-0.057479747149788235,52.0574152137833,0.6076434866810865
2008-12-02,3152.89990234375,3160.300048828125,3011.800048828125,3029.85009765625,162809200,0.02325345782133399,53.28211418085703,0.6131677681408378
2008-12-03,3166.64990234375,3183.5,3056.030029296875,3147.419921875,136411800,0.004351582667362041,53.51448092026484,0.5864821112326956
2008-12-04,3161.159912109375,3257.14990234375,3109.159912109375,3160.39990234375,169385300,-0.0017351948850676277,53.42170338352721,0.5849172014140073
2008-12-05,2988.010009765625,3128.429931640625,2956.75,3118.739990234375,170763500,-0.05633140378913871,50.495574057243864,0.5734424143427929
2008-12-08,3247.47998046875,3253.27001953125,3154.030029296875,3190.5,191470600,0.08327168769239356,54.88046068026367,0.6448576712644294
2008-12-09,3297.800048828125,3342.840087890625,3198.510009765625,3211.14990234375,199281200,0.015376289345154167,55.73083960473243,0.646376184559866
2008-12-10,3320.31005859375,3331.300048828125,3261.56005859375,3310.06005859375,141428000,0.006802575419408684,56.11124524642522,0.6242837303091893
2008-12-11,3306.1298828125,3342.719970703125,3263.14990234375,3309.0,129274700,-0.004279884086166717,55.87160879475115,0.6143507552955341
2008-12-12,3213.60009765625,3242.3701171875,3114.77001953125,3172.18994140625,0,-0.02838645117288281,54.30791101476119,0.6214435622138905
2008-12-15,3185.659912109375,3269.110107421875,3171.64990234375,3258.25,121986800,-0.008732373133991344,53.83573866465382,0.6213882008017251
2008-12-16,3251.659912109375,3251.659912109375,3176.699951171875,3186.429931640625,131834400,0.020506146827377423,54.95109901381126,0.6143074441628165
2008-12-17,3241.919921875,3305.02001953125,3187.719970703125,3281.820068359375,173590500,-0.002999885359946925,54.78649903034758,0.6133464943238951
2008-12-18,3234.14990234375,3260.010009765625,3196.909912109375,3246.860107421875,157125600,-0.002399610711605197,54.65519036826675,0.5947663000186943
2008-12-19,3225.89990234375,3248.919921875,3146.820068359375,3190.14990234375,213878600,-0.0025541612633030544,54.51577032462206,0.5792620323176346
2008-12-22,3151.360107421875,3209.35009765625,3151.360107421875,3201.659912109375,121440900,-0.023377811028640755,53.25609257174045,0.571791797194664
2008-12-23,3128.409912109375,3188.419921875,3128.409912109375,3154.39990234375,89696200,-0.007309279613201913,52.868248058755896,0.4645315737654041
2008-12-24,3116.2099609375,3150.22998046875,3094.68994140625,3111.02001953125,30572600,-0.003907352870694328,52.66207621332004,0.46242727667971023
2008-12-29,3130.719970703125,3169.25,3105.070068359375,3139.239990234375,58312200,0.0046454933924239585,52.90728666117557,0.46107283586115183
2008-12-30,3217.1298828125,3217.1298828125,3151.030029296875,3160.429931640625,65048600,0.027226620644707298,54.36756226331156,0.4626286659194106
2008-12-31,3217.969970703125,3264.5,3217.969970703125,3242.300048828125,39347200,0.00026109552750412,54.38175924396324,0.4623807094701455
2009-01-02,3349.68994140625,3349.68994140625,3219.550048828125,3240.75,76923000,0.04011706988741897,56.607747615394224,0.43398801915501906
2009-01-05,3359.919921875,3382.85009765625,3323.1201171875,3381.280029296875,121291200,0.003049354166399844,56.78062813944723,0.4282947776480325
2009-01-06,3396.219970703125,3426.0400390625,3339.2900390625,3372.780029296875,131786400,0.010745898905287125,57.39407715664979,0.429115709130717
2009-01-07,3346.090087890625,3403.330078125,3316.60009765625,3378.989990234375,143934600,-0.01487051356313538,56.54691225366538,0.4334608269533681
2009-01-08,3324.330078125,3346.280029296875,3269.800048828125,3308.639892578125,117238100,-0.006524352713177225,56.17918116139483,0.3788871628284211
2009-01-09,3299.5,3368.300048828125,3271.030029296875,3337.840087890625,110150500,-0.007497231703445359,55.75956775825686,0.25212591119402605
2009-01-12,3246.1201171875,3305.4599609375,3236.469970703125,3287.580078125,103393400,-0.01631046875476055,54.85747980777605,0.25286811608208976
2009-01-13,3197.889892578125,3234.52001953125,3154.2900390625,3232.25,140367100,-0.014969289355686335,54.04241798716615,0.25590143890663886
2009-01-14,3052.0,3219.3701171875,3018.06005859375,3216.8798828125,170760500,-0.046694070308681855,51.57696644891649,0.29955893837221165
2009-01-15,2995.8798828125,3071.550048828125,2962.56005859375,3056.949951171875,171376700,-0.018559141090156297,50.62857018374972,0.29121781476941816
2009-01-16,3016.75,3107.85009765625,3009.5,3059.2099609375,168809900,0.0069421206395188515,50.981262626071036,0.2926198573510277
2009-01-19,2989.68994140625,3083.389892578125,2949.639892578125,3069.919921875,122394500,-0.009010409472379794,50.523963892717305,0.2808889975660373
2009-01-20,2925.280029296875,3031.550048828125,2912.530029296875,2984.81005859375,149771200,-0.021779470886068755,49.43547507363379,0.2875021651675955
2009-01-21,2905.570068359375,2947.64990234375,2841.8701171875,2885.090087890625,228844300,-0.00676060460444747,49.102388574950005,0.2874223030163453
2009-01-22,2869.6201171875,2981.10009765625,2864.739990234375,2964.659912109375,163124100,-0.012449950347251739,48.49485599780978,0.28835984600908193
2009-01-23,2849.139892578125,2885.6201171875,2770.090087890625,2869.22998046875,169838300,-0.007162501007110522,48.14875250582289,0.2811247356807798
2009-01-26,2955.3701171875,2968.110107421875,2834.5400390625,2838.739990234375,170960700,0.03660673752375717,49.94397948175296,0.3152751688090199
2009-01-27,2954.530029296875,2970.949951171875,2907.639892578125,2970.449951171875,155556600,-0.00028429850774491056,49.929782501101286,0.3153515365227272
2009-01-28,3076.010009765625,3085.68994140625,2989.679931640625,2998.35009765625,188188100,0.040293710117848804,51.98272118945376,0.3480638741616266
2009-01-29,3009.75,3064.139892578125,2986.010009765625,3054.14990234375,153131800,-0.02177628695517716,50.86296683146342,0.3395670276323911
2009-01-30,2973.919921875,3028.090087890625,2949.389892578125,2999.4599609375,178904700,-0.011976097225134241,50.25746003679921,0.3406519657502252
2009-02-02,2930.050048828125,2940.6298828125,2867.679931640625,2929.18994140625,125600900,-0.014861417213470424,49.51608553802565,0.3025417152657634
2009-02-03,2982.389892578125,2989.169921875,2899.219970703125,2951.31005859375,138869300,0.017705452086105643,50.40059745317483,0.312392966226588
2009-02-04,3068.989990234375,3097.72998046875,2988.449951171875,3007.9599609375,174172400,0.028623557579403637,51.86408707679517,0.3298832463974945
2009-02-05,3066.2900390625,3069.110107421875,2976.590087890625,3011.1298828125,147302400,-0.0008801395643799228,51.818459524041074,0.32807000288159754
2009-02-06,3122.7900390625,3146.68994140625,3056.919921875,3090.080078125,186071000,0.01825847101780743,52.77327558051675,0.33693102918924167
2009-02-09,3134.8701171875,3146.1298828125,3089.77001953125,3110.60009765625,131155900,0.0038608977890679593,52.977421643476596,0.3373086606973822
2009-02-10,3020.75,3124.050048828125,3020.75,3102.300048828125,144477500,-0.03708259837711803,51.04886022298967,0.3552702184003188
2009-02-11,3027.719970703125,3034.010009765625,2986.2099609375,2995.75,147214700,0.0023047064206546007,51.16664854052081,0.35323216808358515
2009-02-12,2964.340087890625,3012.06005859375,2932.409912109375,3010.47998046875,155609300,-0.02115541098990857,50.09556659774342,0.32283792818226126
2009-02-13,2997.860107421875,3044.72998046875,2986.280029296875,3012.179931640625,123697400,0.011244296268322887,50.662034789987956,0.3193536415927265
2009-02-16,2962.219970703125,2994.409912109375,2960.77001953125,2977.169921875,85249400,-0.011959759288009656,50.059737890978205,0.32090868904632186
2009-02-17,2875.22998046875,2935.7900390625,2854.760009765625,2933.360107421875,154159900,-0.02980631307979006,48.58965931702344,0.3353189220746808
2009-02-18,2874.070068359375,2898.340087890625,2825.47998046875,2895.2900390625,157285200,-0.000403496813615979,48.5700574992158,0.32740077165457737
2009-02-19,2872.60009765625,2913.10009765625,2861.14990234375,2893.050048828125,143819400,-0.0005115904315784938,48.54521587744779,0.3266920217742389
2009-02-20,2750.550048828125,2830.330078125,2750.550048828125,2817.469970703125,218619900,-0.04341666757807771,46.48264337630204,0.35710826839516924
2009-02-23,2727.8701171875,2810.909912109375,2719.300048828125,2805.669921875,155360100,-0.008279781587151012,46.09936615700577,0.35733197448688897
2009-02-24,2708.050048828125,2733.8701171875,2669.5,2700.419921875,187506900,-0.007292291124889063,45.764418909041574,0.32866991186059463
2009-02-25,2696.919921875,2760.1201171875,2662.72998046875,2760.1201171875,165198500,-0.004118484559879377,45.576326450183934,0.3283682161952469
2009-02-26,2744.840087890625,2769.570068359375,2694.77001953125,2735.840087890625,190428800,0.01761246532565218,46.386148466833475,0.29746487281068695
2009-02-27,2702.47998046875,2714.510009765625,2644.18994140625,2709.56005859375,183103300,-0.01555295476536776,45.6702881001,0.29391437764432876
2009-03-02,2581.4599609375,2639.2099609375,2581.4599609375,2632.919921875,167976700,-0.04581474750338849,43.6251224752604,0.3255241188228591
2009-03-03,2554.550048828125,2616.760009765625,2552.31005859375,2591.110107421875,179845900,-0.010479013204898356,43.170361127289056,0.32449875395987066
2009-03-04,2675.679931640625,2675.679931640625,2575.39990234375,2595.889892578125,223360900,0.04632742608890788,45.217383375579196,0.3641578032655809
2009-03-05,2569.6298828125,2664.18994140625,2569.6298828125,2657.820068359375,188173600,-0.040441654036058726,43.42520126210798,0.36199337107006074
2009-03-06,2534.449951171875,2597.75,2521.4599609375,2566.300048828125,212593000,-0.013785242353254273,42.83068155244098,0.3613499704855192
2009-03-09,2519.2900390625,2552.989990234375,2465.4599609375,2552.989990234375,201029100,-0.005999500413873692,42.57448814541813,0.34774795470039604
2009-03-10,2663.679931640625,2673.030029296875,2510.239990234375,2519.429931640625,219862000,0.05573146838043752,45.0145905848233,0.41428138873217873
2009-03-11,2674.199951171875,2734.699951171875,2617.43994140625,2656.93994140625,222468300,0.003941652259948518,45.192372594785695,0.40187924814957354
2009-03-12,2694.25,2697.429931640625,2594.72998046875,2640.43994140625,183179000,0.0074696205553414574,45.531206374506326,0.4035867455849471
2009-03-13,2705.6298828125,2771.719970703125,2694.590087890625,2744.409912109375,219402300,0.004214871406980098,45.72351955734148,0.4007908590426168
2009-03-16,2791.659912109375,2791.659912109375,2747.2900390625,2761.5400390625,172676000,0.031301625595398605,47.17737536816855,0.41634384254269763
2009-03-17,2767.280029296875,2782.169921875,2722.18994140625,2764.02001953125,167813500,-0.008771470597743438,46.76536999534783,0.4156632267527525
2009-03-18,2760.340087890625,2813.929931640625,2720.43994140625,2805.139892578125,146609000,-0.0025110065111459074,46.64808915489318,0.4042821054542433
2009-03-19,2776.989990234375,2833.2099609375,2760.669921875,2784.929931640625,205364900,0.006013711404980653,46.92946250173503,0.4051999008255209
2009-03-20,2791.139892578125,2798.0400390625,2724.56005859375,2748.72998046875,209553100,0.0050824722486722705,47.16858735050274,0.4058583840060054
2009-03-23,2869.570068359375,2873.989990234375,2801.93994140625,2845.77001953125,154316600,0.027712140542773486,48.49401020268234,0.3873836897360104
2009-03-24,2874.389892578125,2916.669921875,2840.9599609375,2915.110107421875,210591100,0.0016782238674206743,48.57546233637177,0.38558024043594785
2009-03-25,2893.449951171875,2918.22998046875,2844.800048828125,2853.760009765625,173578100,0.006609104444320302,48.897565875888226,0.38414025232242854
2009-03-26,2892.070068359375,2906.47998046875,2856.889892578125,2899.929931640625,127862300,-0.0004770125534115457,48.87424668534964,0.38347823292026617
2009-03-27,2840.6201171875,2902.0,2823.989990234375,2890.419921875,144099900,-0.01795015288271255,48.00477342014971,0.3865610272139974
2009-03-30,2719.340087890625,2794.780029296875,2719.340087890625,2788.3701171875,148246900,-0.043633143334243514,45.95521378647719,0.41358524029399824
2009-03-31,2807.340087890625,2807.9599609375,2734.68994140625,2746.39990234375,133347200,0.03184821098299398,47.44236091868711,0.3913913794540343
2009-04-01,2839.610107421875,2841.3798828125,2741.27001953125,2792.590087890625,149997000,0.01142930952036725,47.98770486189456,0.3885309332986525
2009-04-02,2992.06005859375,3000.97998046875,2896.669921875,2896.669921875,253032700,0.052295376340723426,50.56401744928996,0.39698028863592577
2009-04-03,2958.739990234375,3019.02001953125,2947.989990234375,2972.8701171875,192130200,-0.011198634236096783,50.00092831172539,0.36623896526013777
2009-04-06,2929.75,3018.360107421875,2905.1201171875,2993.080078125,195486100,-0.009846403577506642,49.511014893090795,0.3637064587525707
2009-04-07,2902.31005859375,2950.360107421875,2876.02001953125,2936.159912109375,148174900,-0.009410103330304415,49.04729636842815,0.3654186860973486
2009-04-08,2921.06005859375,2936.820068359375,2847.9599609375,2855.219970703125,141834800,0.0064395923380899285,49.36416010398423,0.31911044166746144
2009-04-09,2974.179931640625,2990.6298828125,2923.409912109375,2949.949951171875,159916800,0.01802176360385595,50.26185404563213,0.3225687142992621
2009-04-14,3000.219970703125,3028.360107421875,2960.820068359375,2994.449951171875,176221600,0.008717261779560379,50.70191506170521,0.3227149323873122
2009-04-15,2985.739990234375,3003.0,2956.449951171875,2963.77001953125,124585500,-0.004837990499975354,50.45721209092615,0.32455410189449485
2009-04-16,3038.179931640625,3054.139892578125,2977.830078125,3006.89990234375,148508000,0.017411010376744182,51.343415596330246,0.3135855704471815
2009-04-17,3091.9599609375,3102.0400390625,3029.610107421875,3048.639892578125,214573100,0.017546551972771277,52.25226578200085,0.3133012886973689
2009-04-20,2969.39990234375,3082.56005859375,2958.530029296875,3081.14990234375,172070400,-0.040445302081094904,50.18107442221479,0.3505372146524362
2009-04-21,2973.93994140625,3003.340087890625,2898.52001953125,2963.989990234375,185638000,0.0015277739671397056,50.257798354850216,0.35047253682086543
2009-04-22,3025.239990234375,3026.330078125,2935.179931640625,2974.570068359375,179982800,0.017102770667209374,51.124738360497645,0.35371744601931004
2009-04-23,3008.6201171875,3056.639892578125,2983.989990234375,2996.10009765625,155400100,-0.00550888313031431,50.84387249073228,0.34405037551208273
2009-04-24,3102.85009765625,3102.85009765625,3016.949951171875,3022.159912109375,151694800,0.03083953463481327,52.43630255007656,0.35798413547222546
2009-04-27,3102.429931640625,3109.510009765625,3040.449951171875,3043.300048828125,120102700,-0.00013542209675745928,52.429201996835786,0.35804217440357344
2009-04-28,3051.02001953125,3085.43994140625,3016.06005859375,3044.64990234375,151586500,-0.016709686015923295,51.560405367737815,0.3645678639710362
2009-04-29,3116.93994140625,3125.169921875,3062.889892578125,3073.35009765625,188647700,0.021375765180903953,52.67441244469132,0.3621523686132667
2009-04-30,3159.85009765625,3194.25,3141.360107421875,3142.419921875,212062400,0.013672856499782489,53.399568306167076,0.3180681436874448
2009-05-04,3237.969970703125,3241.340087890625,3168.25,3180.260009765625,144425500,0.024421992163151603,54.719747228556415,0.31178030304829446
2009-05-05,3225.0,3260.6201171875,3209.8701171875,3243.6201171875,205750400,-0.004013630938491318,54.500562515647346,0.3134733395237283
2009-05-06,3283.510009765625,3308.639892578125,3205.72998046875,3220.7900390625,217876600,0.01798002490134265,55.48934652960783,0.26909926315259775
2009-05-07,3251.52001953125,3355.949951171875,3244.27001953125,3309.75,232564100,-0.009790389826892827,54.94873491328427,0.2681113944208924
2009-05-08,3312.590087890625,3345.4599609375,3279.159912109375,3281.64990234375,147477900,0.018607801964680818,55.98078237947186,0.26705280762783046
2009-05-11,3248.669921875,3312.64990234375,3224.5400390625,3312.64990234375,163750200,-0.019484729520516986,54.900569975147796,0.2764217416900393
2009-05-12,3231.10009765625,3270.610107421875,3209.469970703125,3209.469970703125,148244400,-0.005422991008869183,54.60365050128021,0.2788860753199099
2009-05-13,3152.89990234375,3254.830078125,3152.530029296875,3241.25,206655200,-0.024500033497180586,53.28211418085703,0.29208011331171824
2009-05-14,3156.2900390625,3167.1298828125,3118.06005859375,3136.31005859375,165962300,0.0010746663443354392,53.33940545471031,0.2913211123125433
2009-05-15,3169.050048828125,3190.739990234375,3134.89990234375,3179.2900390625,137392500,0.0040345742353924095,53.55504195391394,0.29015686854026146
2009-05-18,3245.389892578125,3245.389892578125,3115.27001953125,3135.1201171875,136721500,0.023803620894409194,54.84513945057492,0.2950069843821687
2009-05-19,3274.9599609375,3294.68994140625,3246.080078125,3264.300048828125,174694800,0.00907014861010537,55.34485584102827,0.29122907134310405
2009-05-20,3303.3701171875,3320.330078125,3258.580078125,3262.360107421875,144145400,0.008637551641868522,55.82497041367399,0.24558265598425869
2009-05-21,3217.409912109375,3266.469970703125,3208.81005859375,3261.320068359375,97815200,-0.026366534234660545,54.37229459019548,0.26859207605885055
2009-05-22,3227.969970703125,3260.6298828125,3199.800048828125,3233.820068359375,103586100,0.0032767868565243626,54.550753236259844,0.2641633632971603
2009-05-25,3236.159912109375,3249.010009765625,3168.219970703125,3235.219970703125,58842400,0.002533966964469279,54.68915832575156,0.2623279855727446
2009-05-26,3270.090087890625,3277.22998046875,3170.56005859375,3215.9599609375,129569100,0.010430119770575941,55.262557912211385,0.24441513307923754
2009-05-27,3294.860107421875,3301.77001953125,3267.10009765625,3281.919921875,131565500,0.007546176692228364,55.681156361196415,0.24481976678481274
2009-05-28,3263.699951171875,3293.610107421875,3231.610107421875,3250.050048828125,125617300,-0.009502204883510609,55.15456844066914,0.23875648126273152
2009-05-29,3277.64990234375,3317.580078125,3267.889892578125,3306.429931640625,165325800,0.004265166252216941,55.390314234756886,0.22953122392840866
2009-06-01,3379.489990234375,3384.080078125,3331.610107421875,3339.3798828125,128426800,0.03059813524235928,57.11135053760403,0.24684563740703108
2009-06-02,3378.0400390625,3399.590087890625,3342.280029296875,3346.56005859375,144404200,-0.00042913644122647603,57.086847233887006,0.23463477755435658
2009-06-03,3309.64990234375,3387.8798828125,3288.989990234375,3387.8798828125,131700200,-0.020453257095090806,55.93109501010595,0.246566055465889
2009-06-04,3312.030029296875,3351.639892578125,3308.489990234375,3316.909912109375,128197600,0.0007188891883028836,55.971317725704075,0.2389265391893482
2009-06-05,3339.050048828125,3389.81005859375,3318.030029296875,3338.72998046875,143345400,0.00812504671743558,56.42793982295583,0.23734249877579175
2009-06-08,3289.659912109375,3330.85009765625,3275.699951171875,3327.56005859375,116163000,-0.01490216076134089,55.593276184538276,0.2348643773741399
2009-06-09,3296.72998046875,3332.35009765625,3284.139892578125,3314.659912109375,128378800,0.0021468729274208994,55.71275609232432,0.22435519622189198
2009-06-10,3315.27001953125,3370.8701171875,3303.0400390625,3338.760009765625,137349400,0.005608011994106321,56.02607161417497,0.22381592157822872
2009-06-11,3334.93994140625,3343.06005859375,3294.340087890625,3301.06005859375,113741800,0.005915596455371229,56.35848147675677,0.2036606020105763
2009-06-12,3326.139892578125,3340.5,3310.52001953125,3331.110107421875,101180500,-0.0026422304392556342,56.209765938369806,0.20443368014336538
2009-06-15,3219.580078125,3308.570068359375,3213.320068359375,3308.570068359375,139400300,-0.032561499660397626,54.40896909208816,0.23758252832449014
2009-06-16,3213.949951171875,3247.760009765625,3209.81005859375,3224.280029296875,105576700,-0.001750245468582541,54.313823328993635,0.222346635202724
2009-06-17,3161.139892578125,3211.1201171875,3136.909912109375,3202.360107421875,157180100,-0.01656800701093034,53.42136506547622,0.22619958506473226
2009-06-18,3194.06005859375,3207.080078125,3139.409912109375,3172.8798828125,127289500,0.010360165130844902,53.97769609368089,0.22726622422394313
2009-06-19,3221.27001953125,3243.9599609375,3183.860107421875,3195.85009765625,215772000,0.008482844614993757,54.43752808658711,0.21089266079901667
2009-06-22,3123.25,3224.419921875,3123.10009765625,3221.159912109375,146328800,-0.030901571468463576,52.781048644029624,0.23605197506328846
2009-06-23,3116.820068359375,3143.530029296875,3097.389892578125,3097.389892578125,136785400,-0.0020608531141180805,52.67238666221529,0.23558148452541922
2009-06-24,3184.760009765625,3196.969970703125,3104.840087890625,3136.77001953125,135164000,0.021563662817397834,53.820530855679095,0.2457934798332153
2009-06-25,3163.10009765625,3186.239990234375,3110.35009765625,3178.719970703125,123654400,-0.00682434578088889,53.45449135366346,0.2443437505314364
2009-06-26,3129.72998046875,3204.010009765625,3112.6201171875,3181.139892578125,121045300,-0.01060585764229411,52.89055642097142,0.24480341346117848
2009-06-29,3193.679931640625,3205.360107421875,3120.9599609375,3122.5400390625,105496700,0.020227102906982528,53.97127217654209,0.25593863592063254
2009-06-30,3140.43994140625,3207.969970703125,3124.719970703125,3207.969970703125,132618700,-0.016810936682924767,53.07154832658828,0.23333171874589487
2009-07-01,3217.0,3233.60009765625,3161.830078125,3163.530029296875,123715900,0.02408634942293324,54.36536732181006,0.252089045058094
2009-07-02,3116.409912109375,3200.75,3116.409912109375,3200.75,147767600,-0.031767578159293,52.665455267999995,0.26505378118528156
2009-07-03,3119.510009765625,3132.72998046875,3092.179931640625,3126.7099609375,82457000,0.0009942712383991614,52.717845055943904,0.2651024073712279
2009-07-06,3082.159912109375,3103.219970703125,3059.06005859375,3089.199951171875,113714900,-0.012045319960156783,52.08665084438421,0.26378402666242284
2009-07-07,3048.570068359375,3112.949951171875,3044.7099609375,3098.280029296875,122205500,-0.010957970737792923,51.519002664791124,0.26204278107430307
2009-07-08,3009.7099609375,3048.840087890625,3000.280029296875,3031.860107421875,138625000,-0.012828935012564009,50.86229019536146,0.26302035987023814
2009-07-09,3025.93994140625,3059.090087890625,3013.27001953125,3027.3798828125,108707300,0.005378052024302759,51.13656711479242,0.2629119817976948
2009-07-10,2983.10009765625,3022.580078125,2976.81005859375,3010.530029296875,102056600,-0.014258706643875187,50.41259949232499,0.26227577110823896
2009-07-13,3052.080078125,3052.080078125,2957.830078125,2974.330078125,97934600,0.022860289989852057,51.57831972112042,0.27983394728090166
2009-07-14,3081.8701171875,3093.919921875,3045.340087890625,3066.97998046875,95239400,0.009713242635010758,52.08175348430471,0.26348918955807044
2009-07-15,3171.27001953125,3171.27001953125,3102.35009765625,3104.949951171875,155163300,0.028595551100916886,53.5925581251042,0.2841309207374324
2009-07-16,3199.679931640625,3227.820068359375,3157.260009765625,3168.469970703125,129703400,0.008918638709217249,54.072668571920026,0.27980894756561886
2009-07-17,3218.4599609375,3235.820068359375,3206.949951171875,3221.860107421875,121723500,0.005852188705622098,54.39003978455259,0.27825444808819066
2009-07-20,3270.93994140625,3279.10009765625,3233.93994140625,3252.14990234375,101451900,0.01617441531368599,55.27691992605865,0.2823285846914094
2009-07-21,3302.889892578125,3330.280029296875,3265.6298828125,3276.969970703125,118232900,0.009720422812451956,55.816854906280255,0.259098709776337
2009-07-22,3305.070068359375,3308.989990234375,3267.64990234375,3308.989990234375,110588300,0.0006598635201319087,55.85369856719843,0.25864471706580244
2009-07-23,3373.719970703125,3380.159912109375,3280.679931640625,3315.5400390625,131029200,0.0205583106516047,57.0138406739825,0.25774727098266936
2009-07-24,3366.449951171875,3408.280029296875,3346.909912109375,3357.669921875,128154500,-0.0021572222762437218,56.890981711516496,0.2560656328047343
2009-07-27,3372.360107421875,3406.39990234375,3350.3701171875,3405.159912109375,110179600,0.0017540656922954902,56.990859801494906,0.2513469597002698
2009-07-28,3330.969970703125,3400.570068359375,3327.449951171875,3374.929931640625,111406300,-0.012349283789180607,56.29139135691461,0.2494470572422979
2009-07-29,3365.6201171875,3394.679931640625,3322.2099609375,3322.2099609375,139748600,0.010348686501060522,56.876958015720206,0.24124266582135587
2009-07-30,3435.489990234375,3455.510009765625,3373.080078125,3397.389892578125,172300300,0.020547331285395116,58.05771689446488,0.23768531734628387
2009-07-31,3426.27001953125,3447.14990234375,3408.0,3423.860107421875,164615800,-0.0026873502538048476,57.90190492866702,0.20265539436097982
2009-08-03,3477.800048828125,3505.840087890625,3417.820068359375,3427.449951171875,140355200,0.014927712401852873,58.772731466070894,0.20533655143430218
2009-08-04,3476.3701171875,3482.330078125,3441.429931640625,3481.489990234375,128871500,-0.00041124436895879105,58.748566480404854,0.19681972713049278
2009-08-05,3458.530029296875,3507.889892578125,3443.93994140625,3475.699951171875,154416500,-0.005145027864276424,58.44707971284899,0.1915691419988919
2009-08-06,3477.830078125,3507.830078125,3458.300048828125,3483.139892578125,146521700,0.005564906762768087,58.773238943147376,0.1789616834189033
2009-08-07,3521.139892578125,3539.31005859375,3437.0,3467.719970703125,157851300,0.01237621177085351,59.505148788153136,0.1798593576829036
2009-08-10,3504.5400390625,3509.9599609375,3482.840087890625,3504.989990234375,93328600,-0.0047254883703847705,59.22462123643876,0.16816850296415836
2009-08-11,3456.179931640625,3528.2099609375,3444.52001953125,3511.760009765625,115701800,-0.013895368795808181,58.40736447432733,0.17442376451413408
2009-08-12,3507.239990234375,3511.760009765625,3435.8701171875,3455.8701171875,110816000,0.014665487451566121,59.27024878919285,0.1766103276852672
2009-08-13,3524.389892578125,3558.469970703125,3503.989990234375,3511.18994140625,131969300,0.004877940572921461,59.56007183564953,0.15662129784156828
2009-08-14,3495.27001953125,3553.81005859375,3480.469970703125,3535.389892578125,106070800,-0.008296709655768434,59.067963475513416,0.162476219211864
2009-08-17,3419.68994140625,3474.330078125,3396.60009765625,3472.389892578125,115580100,-0.021860744951608883,57.790705561470304,0.18565043938498796
2009-08-18,3450.68994140625,3450.68994140625,3419.7099609375,3435.75,78983800,0.009024307508553507,58.31458693758971,0.18079154411243523
2009-08-19,3450.340087890625,3467.639892578125,3404.889892578125,3424.93994140625,89827600,-0.00010139168049975998,58.30867462335726,0.17907490772004667
2009-08-20,3505.320068359375,3516.8798828125,3477.18994140625,3489.2099609375,102247500,0.01580903158110987,59.23780326293746,0.18514786306166026
2009-08-21,3615.81005859375,3623.35009765625,3489.739990234375,3494.25,152359400,0.031034079140275065,61.10501771878919,0.20070957464557398
2009-08-24,3652.169921875,3660.52001953125,3621.050048828125,3631.419921875,102431700,0.01000557698710619,61.71947756431483,0.20096488780332664
2009-08-25,3680.610107421875,3689.199951171875,3614.610107421875,3618.77001953125,120094600,0.007757038405852027,62.20009961403702,0.2012407468705669
2009-08-26,3668.340087890625,3693.820068359375,3657.60009765625,3668.800048828125,184888700,-0.0033392608758310914,61.99274365542272,0.19422251692830242
2009-08-27,3648.530029296875,3686.070068359375,3634.43994140625,3668.1201171875,147540900,-0.005414912846924382,61.657965566484016,0.196005878060334
2009-08-28,3693.139892578125,3724.340087890625,3667.800048828125,3680.9599609375,149262000,0.012152660846910227,62.41184545565432,0.18902463510602804
2009-08-31,3653.5400390625,3682.590087890625,3647.409912109375,3668.3701171875,101157000,-0.01078044433710738,61.7426317216578,0.19433654145412435
2009-09-01,3583.43994140625,3686.080078125,3583.43994140625,3676.949951171875,146504100,-0.019373354733402313,60.55798218532682,0.2040237431936299
2009-09-02,3573.1298828125,3581.139892578125,3535.489990234375,3578.699951171875,210788300,-0.0028812869795642655,60.38374838906987,0.20448274552631335
2009-09-03,3553.510009765625,3593.81005859375,3542.9599609375,3587.39990234375,159407200,-0.005506079417625923,60.05218432161552,0.2046300662037013
2009-09-04,3598.760009765625,3603.35009765625,3566.909912109375,3567.469970703125,142923100,0.012653494240681788,60.81688213675754,0.2079424416452802
2009-09-07,3652.830078125,3659.820068359375,3621.60009765625,3625.530029296875,111767100,0.014912886628372443,61.73063380833752,0.20977218246725635
2009-09-08,3660.9599609375,3676.8701171875,3642.449951171875,3662.919921875,141810100,0.002223166406897919,61.8680239436763,0.2084469908251909
2009-09-09,3707.68994140625,3707.68994140625,3643.7099609375,3645.93994140625,156332600,0.012683627952996072,62.65773253961182,0.20304618663840474
2009-09-10,3705.8701171875,3731.919921875,3679.2099609375,3725.760009765625,157644100,-0.0004909447663251887,62.62697860361137,0.19914967874015702
2009-09-11,3734.889892578125,3751.43994140625,3722.52001953125,3722.969970703125,165669600,0.0078002576329216766,63.11739537349255,0.19982270411689812
2009-09-14,3730.610107421875,3733.14990234375,3674.219970703125,3694.68994140625,121242500,-0.0011465502980623587,63.04506957551992,0.1963413622099272
2009-09-15,3752.2099609375,3766.280029296875,3724.3798828125,3743.4599609375,149633400,0.005773201363014328,63.410094123382585,0.1741535887154036
2009-09-16,3813.7900390625,3821.239990234375,3767.159912109375,3771.610107421875,162665600,0.016278466284216375,64.4507604482105,0.17833354296297652
2009-09-17,3835.27001953125,3844.449951171875,3810.02001953125,3844.18994140625,167182600,0.005616386004950662,64.81375921359718,0.1774657366348948
2009-09-18,3827.840087890625,3853.969970703125,3812.7099609375,3816.570068359375,270782700,-0.0019391432107037489,64.68819783255319,0.17451651432997034
2009-09-21,3812.159912109375,3833.080078125,3787.52001953125,3827.449951171875,115654300,-0.004104763821368984,64.42321228203463,0.1466413628378995
2009-09-22,3823.52001953125,3856.669921875,3815.159912109375,3827.330078125,138072400,0.002975534832591204,64.61519127264869,0.1441190033193099
2009-09-23,3821.7900390625,3849.27001953125,3807.1298828125,3822.60009765625,140203400,-0.00045255993151823885,64.58595564204778,0.14291941225351962
2009-09-24,3758.360107421875,3849.93994140625,3751.75,3808.889892578125,148441300,-0.01673618885334222,63.514027904142935,0.15592354607644002
2009-09-25,3739.139892578125,3768.52001953125,3731.989990234375,3760.75,131798000,-0.005127110889667236,63.1892178202186,0.15577387828961142
2009-09-28,3825.0,3825.0,3703.080078125,3727.77001953125,129654700,0.02270285754691133,64.6402020534422,0.16888332107037832
2009-09-29,3814.10009765625,3845.010009765625,3798.7099609375,3830.580078125,128099600,-0.002853715647531462,64.45600025217088,0.16367175358746824
2009-09-30,3795.409912109375,3841.989990234375,3763.35009765625,3825.169921875,152935600,-0.004912332885376855,64.14014734493786,0.1466000399774645
2009-10-01,3720.77001953125,3821.419921875,3720.219970703125,3802.030029296875,136255100,-0.01986177738329294,62.87877800180133,0.16539519170177827
2009-10-02,3649.89990234375,3698.7900390625,3627.39990234375,3695.469970703125,192988000,-0.01923089815935396,61.681115597997106,0.1794079709669
2009-10-05,3675.010009765625,3677.3701171875,3629.409912109375,3651.97998046875,121843200,0.006856113203894959,62.105461328018976,0.17586394894292998
2009-10-06,3770.2099609375,3770.2099609375,3678.56005859375,3691.10009765625,173210000,0.025574836058673753,63.71428330951645,0.18981784168676064
2009-10-07,3756.409912109375,3792.030029296875,3748.929931640625,3764.909912109375,157079000,-0.003667001794931145,63.4810707749812,0.19063239174558536
2009-10-08,3806.81005859375,3818.27001953125,3778.81005859375,3815.090087890625,146572000,0.01332789281206146,64.33280297165389,0.19113271748513155
2009-10-09,3799.610107421875,3822.9599609375,3777.739990234375,3788.330078125,108592400,-0.0018931253244154496,64.21112812236633,0.191355815845529
2009-10-12,3845.800048828125,3859.14990234375,3805.9599609375,3813.3798828125,130387800,0.01208319827260274,64.99171038258507,0.19377994342469262
2009-10-13,3801.389892578125,3846.739990234375,3790.659912109375,3836.669921875,146899400,-0.01161489536804369,64.24120542226483,0.19883603866421612
2009-10-14,3882.669921875,3885.22998046875,3844.18994140625,3846.6298828125,161272200,0.021156280118085916,65.61478908675102,0.21039603693224834
2009-10-15,3883.830078125,3898.219970703125,3862.679931640625,3885.8701171875,145389000,0.00029875909576501246,65.63439503038856,0.2035459113556624
2009-10-16,3827.60009765625,3907.489990234375,3817.89990234375,3890.659912109375,168526600,-0.014583799839963883,64.68414214177128,0.2095462923220813
2009-10-19,3892.360107421875,3892.360107421875,3842.5400390625,3842.5400390625,112327000,0.016777684638222632,65.77854740091713,0.2173564398386579
2009-10-20,3871.449951171875,3913.81005859375,3863.340087890625,3906.489990234375,119084000,-0.005386583816883175,65.42517832249385,0.21776556416608733
2009-10-21,3873.219970703125,3888.489990234375,3805.919921875,3880.8701171875,152984800,0.00045709360887521625,65.45509058919674,0.21761376573468158
2009-10-22,3820.85009765625,3831.179931640625,3792.47998046875,3823.43994140625,131604400,-0.013613258352988818,64.57007119697109,0.22313280870653274
2009-10-23,3808.239990234375,3878.43994140625,3807.080078125,3856.080078125,165854200,-0.0033057989250422338,64.35696795731994,0.215156746945837
2009-10-26,3744.449951171875,3838.449951171875,3732.639892578125,3823.820068359375,132576900,-0.016892406928468655,63.278954620327276,0.22284467272262884
2009-10-27,3743.949951171875,3772.35009765625,3725.39990234375,3750.590087890625,151341400,-0.00013353987694667056,63.27050492071245,0.2071030483223391
2009-10-28,3663.780029296875,3734.31005859375,3661.070068359375,3731.5,210130800,-0.02164578144602133,61.915681404736326,0.21908402354591588
2009-10-29,3714.02001953125,3721.72998046875,3641.1298828125,3654.89990234375,178561800,0.013619443867001747,62.76470705700115,0.22520889807811298
2009-10-30,3607.68994140625,3727.610107421875,3600.4599609375,3718.68994140625,244779800,-0.029047191114126892,60.96779261664603,0.23683332236944662
2009-11-02,3639.4599609375,3665.919921875,3590.72998046875,3603.639892578125,151752000,0.008767646171759833,61.504686860238664,0.23014206546287386
2009-11-03,3584.25,3607.860107421875,3549.64990234375,3602.840087890625,156080000,-0.015286061117814762,60.57167168890204,0.23440771728866738
2009-11-04,3670.330078125,3682.5,3611.969970703125,3616.199951171875,155873400,0.023732350421517157,62.026373294856576,0.23182961378109201
2009-11-05,3708.72998046875,3728.760009765625,3617.090087890625,3637.1201171875,138739600,0.010407897123795095,62.67530857494348,0.2351064474041617
2009-11-06,3707.2900390625,3725.89990234375,3658.030029296875,3703.340087890625,131920100,-0.000388332669154917,62.65097443025195,0.2295988500710127
2009-11-09,3785.489990234375,3786.47998046875,3737.3701171875,3737.429931640625,144337600,0.02087417229862369,63.97250662484524,0.24201945057392799
2009-11-10,3785.590087890625,3802.89990234375,3775.260009765625,3788.800048828125,129227800,2.6442107393747607e-05,63.97419821510017,0.23789218380287558
2009-11-11,3814.389892578125,3843.8798828125,3803.110107421875,3818.169921875,130641000,0.007578952212423297,64.4608976122504,0.2361335179036954
2009-11-12,3808.070068359375,3843.760009765625,3791.2900390625,3799.949951171875,125120000,-0.001658211574545166,64.35409637971648,0.2234619381311935
2009-11-13,3806.010009765625,3810.699951171875,3764.510009765625,3794.6298828125,103069400,-0.0005411181975706897,64.31928262710422,0.22342297652530857
2009-11-16,3863.159912109375,3868.159912109375,3830.260009765625,3837.239990234375,126986600,0.01490407979531964,65.28508164274723,0.22412344898335254
2009-11-17,3829.06005859375,3859.429931640625,3821.820068359375,3850.280029296875,116490600,-0.008866121099571963,64.70881460451382,0.21809402885472326
2009-11-18,3828.159912109375,3862.169921875,3815.0400390625,3850.27001953125,121749200,-0.00023511052104171256,64.6936026697092,0.2174523970981796
2009-11-19,3760.219970703125,3824.2900390625,3751.0,3818.64990234375,138304200,-0.01790678850427416,63.545458476245386,0.22555044414708122
2009-11-20,3729.360107421875,3788.070068359375,3714.419921875,3772.3701171875,151641300,-0.008240792568330668,63.023945326482874,0.22263693169539772
2009-11-23,3813.169921875,3828.68994140625,3765.31005859375,3766.3798828125,132410000,0.02222417774136012,64.44028084028982,0.23665218768097995
2009-11-24,3784.6201171875,3818.72998046875,3770.679931640625,3779.570068359375,140565400,-0.007515327197867796,63.957806292946984,0.23033267147405076
2009-11-25,3809.159912109375,3827.3798828125,3783.6201171875,3812.3701171875,137748000,0.006463152804234674,64.3725140843457,0.23123292651325827
2009-11-26,3679.22998046875,3792.89990234375,3672.780029296875,3787.719970703125,147904900,-0.034705183468222225,62.17677629766858,0.2508174751746949
2009-11-27,3721.449951171875,3748.080078125,3610.81005859375,3613.280029296875,159708500,0.011409878315819959,62.89026843804515,0.24944098435604792
2009-11-30,3680.14990234375,3732.6298828125,3669.27001953125,3732.6298828125,138362800,-0.011159878480388366,62.19232242469429,0.23005229530416885
2009-12-01,3775.739990234375,3775.739990234375,3714.780029296875,3720.280029296875,114080000,0.02564290171019889,63.807737482356075,0.2442686093981171
2009-12-02,3795.919921875,3811.60009765625,3764.840087890625,3774.669921875,113244200,0.00533039773474162,64.1487662035782,0.23646672910374447
2009-12-03,3799.110107421875,3841.110107421875,3788.800048828125,3828.610107421875,123330800,0.0008400719212916572,64.20267842275152,0.22380917574872264
2009-12-04,3846.6201171875,3876.22998046875,3772.340087890625,3782.659912109375,132759200,0.012428014037547638,65.00556904518578,0.22491277146824482
2009-12-07,3840.050048828125,3853.97998046875,3803.6201171875,3836.050048828125,85572200,-0.0017094710238494636,64.89453883701455,0.22511664236451942
2009-12-08,3785.300048828125,3854.080078125,3761.860107421875,3829.110107421875,134663200,-0.01436024317801746,63.96929672919077,0.2202915727202469
2009-12-09,3757.389892578125,3799.8701171875,3734.7099609375,3776.530029296875,129175800,-0.007400618042454542,63.49763185615988,0.22177672447923305
2009-12-10,3798.3798828125,3805.169921875,3753.1201171875,3756.89990234375,122146400,0.010850090349267625,64.19033806555036,0.22353394350766906
2009-12-11,3803.719970703125,3836.8798828125,3795.06005859375,3795.06005859375,112992000,0.0014048983496275176,64.28058234273551,0.22353406482637656
2009-12-14,3830.43994140625,3846.75,3811.6201171875,3839.75,91276000,0.007000136261606661,64.73213379505238,0.22484980311510885
2009-12-15,3834.090087890625,3843.1298828125,3793.64990234375,3834.530029296875,100388200,0.0009524776460860441,64.79381907773856,0.2185413866903147
2009-12-16,3875.820068359375,3878.199951171875,3836.280029296875,3837.110107421875,123995400,0.010825129509274105,65.49903067752581,0.21952726749810397
2009-12-17,3830.820068359375,3864.050048828125,3820.8798828125,3847.989990234375,121823200,-0.0116783736212021,64.73855771219118,0.22360249573423063
2009-12-18,3794.43994140625,3871.0,3794.43994140625,3833.719970703125,197904800,-0.009542075403061444,64.12375542278468,0.216924269738317
2009-12-21,3872.06005859375,3873.8798828125,3802.1298828125,3807.840087890625,103573400,0.020249858359671274,65.43548877138909,0.22487868012139237
2009-12-22,3898.3798828125,3918.669921875,3876.820068359375,3878.860107421875,90655800,0.006774371869076248,65.88027798851617,0.2132564059260601
2009-12-23,3910.75,3930.760009765625,3898.820068359375,3923.31005859375,76481400,0.0031681192961780305,66.08932553738539,0.21104810239298294
2009-12-24,3912.72998046875,3922.929931640625,3909.429931640625,3909.429931640625,17477000,0.0005061636294759051,66.12278601779373,0.2103122843503809
2009-12-28,3947.14990234375,3951.780029296875,3934.360107421875,3939.659912109375,0,0.008758439675420102,66.704462019013,0.16579839110320288
2009-12-29,3959.97998046875,3976.919921875,3949.969970703125,3959.030029296875,59821800,0.0032451950517873966,66.92128263139506,0.16318745659188874
2009-12-30,3935.5,3967.159912109375,3928.199951171875,3953.300048828125,53781600,-0.006201031216058227,66.50758566831942,0.15862210113117226
2009-12-31,3936.330078125,3959.199951171875,3936.330078125,3952.530029296875,30243400,0.00021089838572183744,66.52161348994561,0.1361452673031767
2010-01-04,4013.969970703125,4013.969970703125,3950.610107421875,3952.2099609375,113396000,0.01953193221984482,67.8336810307711,0.14884064632145153
2010-01-05,4012.909912109375,4028.340087890625,3993.330078125,4012.429931640625,129518600,-0.00026412718650054343,67.8157666773885,0.14905972655517116
2010-01-06,4017.669921875,4022.93994140625,3996.800048828125,4014.449951171875,110087000,0.0011854711419304466,67.89620798275486,0.14475208108271598
2010-01-07,4024.800048828125,4032.239990234375,3983.89990234375,4005.9599609375,118430400,0.001773119165421374,68.01670284469388,0.14410711073638244
2010-01-08,4045.139892578125,4051.409912109375,4013.340087890625,4042.639892578125,131783200,0.0050409016593560745,68.36043398449398,0.1310300522413764
2010-01-11,4043.090087890625,4088.179931640625,4039.330078125,4071.39990234375,110068800,-0.0005068611392934958,68.3257935167371,0.1261121966263943
2010-01-12,4000.050048828125,4049.47998046875,3980.199951171875,4044.18994140625,124775800,-0.010702399598203472,67.59844271375984,0.13221511007628478
2010-01-13,4000.860107421875,4007.860107421875,3979.14990234375,3979.93994140625,117700800,0.00020249161175362764,67.61213221733502,0.1324018852650401
2010-01-14,4015.77001953125,4029.7099609375,3993.5,4029.199951171875,108974600,0.0037197498362909103,67.86410077455048,0.1314519984033427
2010-01-15,3954.3798828125,4044.080078125,3949.89990234375,4030.93994140625,162295200,-0.015405318991021133,66.82664434537702,0.1450014045682372
2010-01-18,3977.4599609375,3982.7900390625,3954.280029296875,3971.169921875,86949800,0.005819619084406621,67.21668379986309,0.1419371467025947
2010-01-19,4009.669921875,4019.8798828125,3930.909912109375,3968.72998046875,115690200,0.008065509393557676,67.7610127889176,0.13564721399449947
2010-01-20,3928.949951171875,4013.47998046875,3915.9599609375,3996.360107421875,143524600,-0.02033672200051342,66.39689377819919,0.15160875761046377
2010-01-21,3862.159912109375,3966.199951171875,3862.159912109375,3955.780029296875,112341400,-0.017145612480586884,65.26818224351754,0.1491533355286845
2010-01-22,3820.780029296875,3859.64990234375,3786.2900390625,3840.06005859375,170381000,-0.010771991778230617,64.56888708379263,0.1513006898985497
2010-01-25,3781.85009765625,3833.43994140625,3780.5,3793.6298828125,131374000,-0.010241264206960672,63.910994627014404,0.15380357504645367
2010-01-26,3807.0400390625,3807.47998046875,3741.360107421875,3748.030029296875,141543200,0.006638660849279096,64.33668950341031,0.15630641345345905
2010-01-27,3759.800048828125,3793.6298828125,3737.2900390625,3769.659912109375,136321600,-0.012486217082002074,63.538362048834465,0.1563990263602803
2010-01-28,3688.7900390625,3812.18994140625,3688.7900390625,3812.18994140625,168079800,-0.019067275897114818,62.338335544503245,0.1652516540331077
2010-01-29,3739.4599609375,3768.389892578125,3696.0,3712.02001953125,149875800,0.013642703941650736,63.194626783204455,0.17499075073801162
2010-02-01,3762.010009765625,3774.360107421875,3702.010009765625,3713.169921875,119833200,0.00601218610255739,63.575709060999216,0.1772347767388398
2010-02-02,3812.1298828125,3819.070068359375,3737.719970703125,3766.830078125,134752600,0.013234665671225354,64.42270480495813,0.16866002414457587
2010-02-03,3793.469970703125,3831.3798828125,3784.320068359375,3819.77001953125,124554600,-0.0049068975253263305,64.10736350063148,0.16866632772875262
2010-02-04,3689.25,3806.2099609375,3685.570068359375,3792.419921875,175687000,-0.02785797441618882,62.346108608016095,0.18905825575796348
2010-02-05,3563.760009765625,3673.7099609375,3563.760009765625,3665.909912109375,263299600,-0.034607015347384314,60.22540316371949,0.2151201631008521
2010-02-08,3607.27001953125,3616.669921875,3545.909912109375,3595.3798828125,169862000,0.012135088970004097,60.96069618923512,0.22094678282742466
2010-02-09,3612.760009765625,3633.590087890625,3583.5400390625,3598.659912109375,147671300,0.0015207668860574904,61.05347372597274,0.22162958150207412
2010-02-10,3635.610107421875,3673.6298828125,3617.719970703125,3638.389892578125,187758600,0.006304913513356325,61.43962664870239,0.2242777806333959
2010-02-11,3616.75,3675.639892578125,3581.860107421875,3659.949951171875,261448600,-0.005201106855893056,61.12090216386588,0.22361549476007053
2010-02-12,3599.070068359375,3661.0400390625,3579.39990234375,3647.27001953125,186454000,-0.004900334779013144,60.8221219407179,0.2214575946427044
2010-02-15,3609.219970703125,3641.97998046875,3599.6298828125,3621.409912109375,109986800,0.002816176651288804,60.99364919256697,0.21988491889775888
2010-02-16,3669.0400390625,3669.0400390625,3602.31005859375,3641.419921875,147701400,0.016438383713571876,62.00457240971748,0.2289619296521141
2010-02-17,3725.2099609375,3748.659912109375,3700.18994140625,3707.179931640625,149233400,0.015193157481995083,62.95381034418182,0.2348877641726111
2010-02-18,3747.830078125,3752.050048828125,3711.31005859375,3719.06005859375,132533000,0.006053811073469881,63.336076735155025,0.22876927488081164
2010-02-19,3769.5400390625,3772.669921875,3707.18994140625,3711.860107421875,137178400,0.0057759617940478436,63.70296203229812,0.22368414688222776
2010-02-22,3756.699951171875,3781.97998046875,3752.8798828125,3780.679931640625,147653400,-0.00341208900186132,63.48597226089054,0.22113597794076528
2010-02-23,3707.06005859375,3791.56005859375,3696.489990234375,3780.340087890625,149071400,-0.013301774022642023,62.64708789849548,0.22302748681336915
2010-02-24,3715.679931640625,3727.81005859375,3683.81005859375,3713.43994140625,128846800,0.002322559306415279,62.79275857442358,0.22167384335099893
2010-02-25,3640.77001953125,3724.68994140625,3633.81005859375,3694.56005859375,171807600,-0.020366481641159367,61.52682606342865,0.22832942225356861
2010-02-26,3708.800048828125,3710.31005859375,3648.340087890625,3680.610107421875,151634000,0.018513184225097956,62.676492688121876,0.22907501481000983
2010-03-01,3769.5400390625,3771.81005859375,3724.840087890625,3739.56005859375,145259800,0.01624460113414937,63.7029620322981,0.2311584562331593
2010-03-02,3811.919921875,3811.919921875,3763.159912109375,3770.639892578125,120318200,0.011179990255027875,64.41915659125267,0.23342660787231845
2010-03-03,3842.52001953125,3849.72998046875,3787.9599609375,3799.330078125,123313800,0.00799542772674212,64.93627985801216,0.23054908555068182
2010-03-04,3828.409912109375,3850.72998046875,3809.719970703125,3813.39990234375,148795800,-0.0036788560087085893,64.69782751951652,0.23023341322237093
2010-03-05,3910.419921875,3910.419921875,3838.340087890625,3845.989990234375,153790200,0.021195214693632947,66.08374741537398,0.21657782819668958
2010-03-08,3903.5400390625,3924.219970703125,3901.969970703125,3924.219970703125,112178600,-0.00176092138293002,65.96748152907227,0.17003691232036194
2010-03-09,3910.010009765625,3919.52001953125,3876.090087890625,3907.72998046875,125235600,0.0016560902896695245,66.07682014698858,0.16784188959306232
2010-03-10,3943.550048828125,3950.639892578125,3902.110107421875,3908.389892578125,123160400,0.00854141121311848,66.64362665728409,0.16838196575685885
2010-03-11,3928.949951171875,3946.14990234375,3909.949951171875,3921.260009765625,112501200,-0.003709143066356241,66.39689377819913,0.17034547364482633
2010-03-12,3927.39990234375,3956.419921875,3919.070068359375,3933.969970703125,114568600,-0.00039459771449562256,66.37069888422718,0.16797998964189123
2010-03-15,3890.909912109375,3925.860107421875,3889.1298828125,3921.0,94752800,-0.00933456362311744,65.75403997137015,0.1715787501669843
2010-03-16,3938.949951171875,3951.469970703125,3910.81005859375,3914.389892578125,108838800,0.012271137089419909,66.5658877704957,0.17406436489804264
2010-03-17,3957.889892578125,3967.510009765625,3943.169921875,3954.300048828125,124548900,0.004796849904002947,66.88596140170627,0.16829590512848328
2010-03-18,3938.179931640625,3964.780029296875,3923.260009765625,3936.93994140625,125638800,-0.004992357543246672,66.55287490302248,0.16528825218715382
2010-03-19,3925.43994140625,3963.530029296875,3906.110107421875,3953.43994140625,184326800,-0.003240238360102755,66.33757672186984,0.1660088656860046
2010-03-22,3928.0,3928.0,3868.02001953125,3908.550048828125,119579800,0.000651958556639985,66.38084017409693,0.16556837341223943
2010-03-23,3952.550048828125,3962.199951171875,3926.8701171875,3927.6201171875,111188200,0.006230562104211529,66.79572125035101,0.16499413268869756
2010-03-24,3949.81005859375,3966.9599609375,3907.85009765625,3960.27001953125,132041600,-0.0006934612715520048,66.74941706149495,0.15535580619065573
2010-03-25,4000.47998046875,4008.699951171875,3950.949951171875,3951.7099609375,137603800,0.012746857713361068,67.60570830019617,0.15892168360710843
2010-03-26,3988.929931640625,4002.919921875,3979.8701171875,3990.989990234375,105178200,-0.0028913416639228034,67.41051941392764,0.1356580465367296
2010-03-29,4000.659912109375,4017.639892578125,3971.1201171875,4002.1298828125,99561400,0.0029363181655391686,67.60874903682515,0.12551805280961115
2010-03-30,3987.409912109375,4028.639892578125,3978.8701171875,4018.199951171875,117886800,-0.0033174502585607184,67.38483199703217,0.1188153261685984
2010-03-31,3974.010009765625,3998.570068359375,3943.030029296875,3982.14990234375,139164200,-0.0033662123411472814,67.1583816976867,0.11635635954805977
2010-04-01,4034.22998046875,4041.580078125,3989.830078125,3996.530029296875,111669600,0.01503978549453554,68.17606302419715,0.12329474372552927
2010-04-06,4053.93994140625,4065.070068359375,4026.739990234375,4048.89990234375,113667400,0.004873784834732828,68.5091495228809,0.12160095120393123
2010-04-07,4026.969970703125,4052.030029296875,4020.169921875,4049.25,115462800,-0.006675008417442292,68.05337322075661,0.10552770022149233
2010-04-08,3978.4599609375,4012.10009765625,3952.139892578125,4007.3701171875,124318400,-0.012119424926029172,67.23358319909272,0.11510172851290848
2010-04-09,4050.5400390625,4050.5400390625,4008.199951171875,4008.429931640625,104637800,0.017955415281513017,68.45169321583204,0.12940174814151012
2010-04-12,4050.5,4082.110107421875,4032.0400390625,4078.3798828125,106880000,-9.884919049250732e-06,68.45101657973007,0.12705918057913138
2010-04-13,4031.989990234375,4058.10009765625,4020.7099609375,4038.72998046875,126779600,-0.004580282103183148,68.1382085349559,0.12752466680082988
2010-04-14,4057.699951171875,4074.2900390625,4046.610107421875,4051.64990234375,136845000,0.006356250408764818,68.57269142901762,0.1285790832230796
2010-04-15,4065.64990234375,4084.68994140625,4036.89990234375,4069.300048828125,136845000,0.001957309202064006,68.70704082772741,0.12232823219340566
2010-04-16,3986.6298828125,4086.0,3976.419921875,4044.889892578125,191295400,-0.01962737470351766,67.37164997053344,0.13781109975296846
2010-04-19,3970.469970703125,3987.050048828125,3949.080078125,3964.530029296875,0,-0.004061764870105507,67.09855716428092,0.1378066394220848
2010-04-20,4026.64990234375,4030.0400390625,3970.6298828125,3987.75,119539400,0.014050272282233357,68.04796425777076,0.14447806116020998
2010-04-21,3977.669921875,4037.389892578125,3976.949951171875,4037.389892578125,138462800,-0.012238539414267606,67.22023201356848,0.15106349267398722
2010-04-22,3924.64990234375,4007.300048828125,3907.429931640625,3969.5,189281900,-0.013419050689397187,66.32422553634562,0.15870761053187496
2010-04-23,3951.300048828125,3968.5,3907.18994140625,3921.8701171875,161657800,0.0067675006474568295,66.77459700131394,0.15898559636332393
2010-04-26,3997.389892578125,4017.530029296875,3978.31005859375,3995.260009765625,129533400,0.011596970227657504,67.55348767127775,0.16394805050142516
2010-04-27,3844.60009765625,3995.9599609375,3844.60009765625,3988.8701171875,164571600,-0.03897202953860503,64.9714319286754,0.2076223643462564
2010-04-28,3787.0,3848.14990234375,3749.530029296875,3815.389892578125,284113000,-0.01509544281785182,63.99802488271513,0.21260639983068322
2010-04-29,3840.6201171875,3857.639892578125,3775.340087890625,3796.43994140625,180090900,0.014059693492968425,64.90417264980776,0.21955119574549833
2010-04-30,3816.989990234375,3857.080078125,3783.949951171875,3829.639892578125,179653200,-0.006171691069955154,64.5048377005794,0.21999834257742656
2010-05-03,3828.4599609375,3847.2099609375,3771.9599609375,3796.7900390625,100879200,0.003000472014482564,64.698673314644,0.22063391439792876
2010-05-04,3689.2900390625,3836.169921875,3678.889892578125,3827.050048828125,245235200,-0.03702858515430538,62.34678524411804,0.24320210581215707
2010-05-05,3636.030029296875,3705.080078125,3613.570068359375,3688.14990234375,274467800,-0.014541603039191102,61.44672307611325,0.24331813773300498
2010-05-06,3556.110107421875,3667.889892578125,3541.820068359375,3583.75,331062400,-0.022225154149446456,60.09612440994455,0.2503815619619437
2010-05-07,3392.590087890625,3538.860107421875,3349.9599609375,3454.60009765625,438501300,-0.04707361362424192,57.33273431784447,0.28777087412032537
2010-05-10,3720.2900390625,3720.2900390625,3461.9599609375,3605.840087890625,413011200,0.09220796534569925,62.87066662023745,0.44358214576823163
2010-05-11,3693.199951171875,3700.2900390625,3623.219970703125,3655.239990234375,222168000,-0.007308355040420878,62.412860409807244,0.4434650839025238
2010-05-12,3733.8701171875,3763.070068359375,3639.340087890625,3665.77001953125,207577300,0.010951982991647952,63.10016178204177,0.44663715038412194
2010-05-13,3731.5400390625,3774.10009765625,3702.739990234375,3774.10009765625,130644800,-0.0006242331370667115,63.06078486157111,0.44531776093294817
2010-05-14,3560.360107421875,3711.1201171875,3543.739990234375,3706.77001953125,239780000,-0.046959334031396974,60.167946856670596,0.4687114358254429
2010-05-17,3543.550048828125,3594.93994140625,3515.39990234375,3526.8701171875,167306700,-0.004732630227488869,59.88386696542087,0.4662162758552487
2010-05-18,3617.320068359375,3640.06005859375,3576.27001953125,3601.3798828125,158030000,0.020604375772130194,61.13053597665914,0.47499601309669154
2010-05-19,3511.669921875,3576.139892578125,3485.889892578125,3557.35009765625,221007000,-0.029641753505834405,59.345111972547826,0.47767696492669687
2010-05-20,3432.52001953125,3555.639892578125,3362.169921875,3522.4599609375,279907600,-0.022796994567206796,58.007526173852355,0.48066160525496543
2010-05-21,3430.739990234375,3458.669921875,3341.760009765625,3433.18994140625,291508000,-0.0005187124877256017,57.97744474812397,0.48057471771677274
2010-05-24,3430.929931640625,3477.860107421875,3399.580078125,3460.489990234375,134297800,5.536302633658364e-05,57.980654643778436,0.478815882759911
2010-05-25,3331.2900390625,3348.639892578125,3287.570068359375,3326.5400390625,224325800,-0.029471713438085603,56.29680031990046,0.4801488261253496
2010-05-26,3408.590087890625,3449.570068359375,3374.780029296875,3393.43994140625,220441200,0.022939113743383296,57.60312470551901,0.4788303268350267
2010-05-27,3525.31005859375,3527.699951171875,3420.780029296875,3433.27001953125,207762200,0.03366965044680002,59.575622088505106,0.4962945451635163
2010-05-28,3515.06005859375,3553.169921875,3501.169921875,3553.169921875,153896600,-0.002911780793171654,59.402403246401114,0.4922329475089696
2010-05-31,3507.56005859375,3528.780029296875,3498.070068359375,3506.300048828125,64323600,-0.0021359557334123093,59.27565775217868,0.4922296470013745
2010-06-01,3503.080078125,3521.239990234375,3414.5,3481.659912109375,187823600,-0.0012780519299776998,59.1999487736962,0.4916829587394387
2010-06-02,3501.5,3505.72998046875,3432.199951171875,3471.830078125,143898400,-0.00045115571074288904,59.173246402647784,0.47704764755130785
2010-06-03,3557.340087890625,3598.3798828125,3549.8798828125,3572.760009765625,163039000,0.01582165115977348,60.11691034093064,0.47897236322770437
2010-06-04,3455.610107421875,3593.0,3443.110107421875,3567.989990234375,223099000,-0.02901407083512284,58.397734787363916,0.48331319862699473
2010-06-07,3413.719970703125,3455.320068359375,3381.72998046875,3397.169921875,175973200,-0.012196431242767045,57.689816643168804,0.45608690995374107
2010-06-08,3380.360107421875,3433.860107421875,3343.590087890625,3433.860107421875,177003000,-0.009820352718084934,57.12605499533214,0.31083054956257394
2010-06-09,3446.77001953125,3446.77001953125,3364.840087890625,3411.81005859375,167829200,0.019455321809705696,58.24834261287498,0.32149565672043123
2010-06-10,3516.639892578125,3538.610107421875,3405.260009765625,3416.5400390625,172744600,0.020068391453150033,59.429101491619654,0.3280674466105518
2010-06-11,3555.52001953125,3570.389892578125,3507.570068359375,3536.85009765625,177228600,0.010995373166636034,60.08615227910029,0.3315138211375451
2010-06-14,3626.0400390625,3630.159912109375,3581.969970703125,3583.469970703125,155673600,0.019639823577461874,61.27789824284218,0.2969455435256992
2010-06-15,3661.510009765625,3672.7099609375,3590.830078125,3590.830078125,152375600,0.009734478819298726,61.87731943841857,0.29773394359512817
2010-06-16,3675.929931640625,3689.64990234375,3639.280029296875,3689.64990234375,166233600,0.00393050997472831,62.121007455044676,0.2897919136929725
2010-06-17,3683.080078125,3716.18994140625,3660.25,3671.9599609375,147755800,0.0019432365834261339,62.24184063503466,0.2678589102852356
2010-06-18,3687.2099609375,3704.590087890625,3662.580078125,3685.35009765625,197360200,0.0011206840498404983,62.31163317345481,0.25200177846576277
2010-06-21,3736.14990234375,3759.5400390625,3722.3798828125,3750.699951171875,131633000,0.013185579403859159,63.13868878155511,0.25377624707728064
2010-06-22,3705.320068359375,3726.0400390625,3671.389892578125,3703.31005859375,136381400,-0.00828600007738371,62.61768310886907,0.2570589515714212
2010-06-23,3641.7900390625,3696.030029296875,3626.5400390625,3665.85009765625,133447000,-0.01729431349482649,61.5440637807093,0.2401884352825192
2010-06-24,3555.360107421875,3667.93994140625,3543.469970703125,3666.419921875,151023400,-0.024018975578114724,60.08344986052232,0.2490542406316049
2010-06-25,3519.72998046875,3577.510009765625,3504.31005859375,3559.1201171875,144737600,-0.010072077591484475,59.481322120538074,0.2238016200803406
2010-06-28,3576.449951171875,3577.590087890625,3506.659912109375,3537.669921875,110519000,0.0159863980941784,60.43985554974469,0.23026526895623123
2010-06-29,3432.989990234375,3532.3798828125,3424.719970703125,3520.330078125,176011800,-0.040939075945203456,58.01546839639072,0.2720020356213149
2010-06-30,3442.889892578125,3470.68994140625,3408.550048828125,3448.0,169320000,0.002879605040638191,58.182770798432394,0.2723340749797649
2010-07-01,3339.89990234375,3403.080078125,3321.35009765625,3386.7900390625,188797200,-0.030370366581783857,56.4423018368031,0.29090490471079733
2010-07-02,3348.3701171875,3390.780029296875,3337.409912109375,3371.89990234375,161435300,0.002532858077593075,56.5854433790086,0.28406507562887373
2010-07-05,3332.4599609375,3364.75,3331.590087890625,3362.719970703125,82880200,-0.004762936982834476,56.31657129673362,0.26791944391730704
2010-07-06,3423.360107421875,3456.429931640625,3349.679931640625,3352.389892578125,139601000,0.02691179802365069,57.852729162207474,0.2825196606866781
2010-07-07,3483.43994140625,3483.43994140625,3361.179931640625,3386.469970703125,161380200,0.017397738163008797,58.86804226236101,0.2861457811597902
2010-07-08,3538.25,3553.610107421875,3504.780029296875,3516.1298828125,137177600,0.015611960169032985,59.79429932433774,0.28339178008647203
2010-07-09,3554.47998046875,3570.889892578125,3540.389892578125,3567.3701171875,102697000,0.004576519574515781,60.0685762437687,0.2753965154812466
2010-07-12,3567.659912109375,3593.1201171875,3545.570068359375,3562.699951171875,81693200,0.00370111985572322,60.29130917038322,0.2730462976224912
2010-07-13,3637.760009765625,3642.530029296875,3567.679931640625,3568.389892578125,120330000,0.019458216228900524,61.475958706714216,0.27288374354261014
2010-07-14,3632.97998046875,3656.760009765625,3596.27001953125,3652.18994140625,104902600,-0.00131486753534545,61.39517908329686,0.27067116289705295
2010-07-15,3581.820068359375,3654.10009765625,3569.409912109375,3617.3701171875,129048000,-0.014182172550908511,60.53060730400631,0.2742911735221623
2010-07-16,3500.159912109375,3614.590087890625,3487.2099609375,3595.02001953125,153679600,-0.02306241357894011,59.1505997223813,0.2841413285357981
2010-07-19,3486.330078125,3534.489990234375,3476.070068359375,3476.070068359375,98873200,-0.003959027227592207,58.91688383659945,0.28388723438546754
2010-07-20,3468.02001953125,3514.389892578125,3419.77001953125,3512.419921875,121121400,-0.005265797851994893,58.60745484650525,0.278039665866705
2010-07-21,3493.919921875,3541.590087890625,3488.6201171875,3500.360107421875,121735000,0.007440461149479192,59.045147636221444,0.27999201791281514
2010-07-22,3600.570068359375,3604.89990234375,3469.469970703125,3473.47998046875,152198400,0.030067892552058877,60.84747103956241,0.29666682282160894
2010-07-23,3607.050048828125,3628.199951171875,3575.320068359375,3595.659912109375,144253200,0.0017980920496032831,60.95697881650422,0.28414011156947916
2010-07-26,3636.179931640625,3636.179931640625,3589.929931640625,3634.760009765625,120159000,0.008043383943309472,61.4492563356658,0.2824214392101694
2010-07-27,3666.39990234375,3698.02001953125,3654.219970703125,3661.06005859375,189935300,0.008276566336697003,61.95995568528648,0.27869400109977255
2010-07-28,3670.360107421875,3700.39990234375,3656.18994140625,3680.60009765625,144008200,0.0010795515888392365,62.02688077193304,0.2329281496748933
2010-07-29,3651.909912109375,3720.6298828125,3651.909912109375,3680.06005859375,163107200,-0.005039484834801046,61.71508355548193,0.23466733220445019
2010-07-30,3643.139892578125,3680.070068359375,3600.830078125,3647.2099609375,212444400,-0.0024043766639101133,61.56687549417145,0.20266392446619844
2010-08-02,3752.030029296875,3755.719970703125,3671.929931640625,3675.8798828125,128950400,0.029451116988448166,63.407053386753645,0.22063253918844813
2010-08-03,3747.510009765625,3751.9599609375,3716.0400390625,3744.52001953125,118021400,-0.0012054126133104093,63.3306677721692,0.21890107006910225
2010-08-04,3760.719970703125,3779.989990234375,3716.030029296875,3746.56005859375,122176400,0.0035187985989444323,63.55390817586021,0.20473137202055386
2010-08-05,3764.18994140625,3802.93994140625,3758.52001953125,3763.719970703125,111002400,0.0009222624561910146,63.612548596087535,0.19951740902362472
2010-08-06,3716.050048828125,3794.030029296875,3698.14990234375,3780.820068359375,137452400,-0.012871393768546067,62.799013332536944,0.202450557928757
2010-08-09,3777.3701171875,3781.6298828125,3752.989990234375,3764.25,90481000,0.016366741971800075,63.83528564853195,0.20813555893847469
2010-08-10,3730.580078125,3771.669921875,3710.010009765625,3769.469970703125,104085000,-0.012464292813158643,63.04456209844347,0.2147750928101162
2010-08-11,3628.2900390625,3708.6201171875,3625.699951171875,3705.43994140625,130808800,-0.02780226481552225,61.31592189110896,0.228668700313129
2010-08-12,3621.070068359375,3641.85009765625,3584.43994140625,3611.4599609375,142554800,-0.0019918925210840287,61.19390872377042,0.22872514103421576
2010-08-13,3610.909912109375,3652.080078125,3577.5400390625,3650.4599609375,112094400,-0.002809787350599477,61.022208187065964,0.22326573920759055
2010-08-16,3597.60009765625,3628.659912109375,3563.8798828125,3622.60009765625,81349400,-0.003692810181414899,60.79728031894993,0.20713442789734365
2010-08-17,3663.1298828125,3664.6201171875,3610.27001953125,3615.35009765625,98604600,0.018050957592133442,61.904694319739114,0.21400195025707852
2010-08-18,3647.929931640625,3668.5,3625.489990234375,3650.52001953125,84809600,-0.004158076519059512,61.647824276614294,0.21353877920550657
2010-08-19,3572.39990234375,3680.030029296875,3570.35009765625,3666.93994140625,126822600,-0.020922253200987655,60.371412157698636,0.2272784704179235
2010-08-20,3526.1201171875,3596.429931640625,3517.489990234375,3570.39990234375,122422600,-0.013039461962117183,59.589311592080364,0.20601113588787323
2010-08-23,3553.22998046875,3583.449951171875,3524.6298828125,3536.949951171875,84709800,0.00765889394539444,60.04745199473166,0.20800309431765412
2010-08-24,3491.110107421875,3529.909912109375,3457.1201171875,3523.489990234375,129505800,-0.017637275481850078,58.99766346001684,0.21333229822470687
2010-08-25,3450.18994140625,3500.81005859375,3414.840087890625,3482.530029296875,139057400,-0.011790482984862778,58.306137237974895,0.21254910954317843
2010-08-26,3475.030029296875,3491.85009765625,3455.510009765625,3490.75,117566800,0.007173835495854801,58.72591980013837,0.2150188370201466
2010-08-27,3507.43994140625,3509.580078125,3435.550048828125,3460.35009765625,124786200,0.009283289437909821,59.27362784387283,0.2186682401606691
2010-08-30,3487.010009765625,3520.699951171875,3477.27001953125,3518.68994140625,70376000,-0.005841771656967428,58.928374272843286,0.21908757220849273
2010-08-31,3490.7900390625,3490.7900390625,3430.909912109375,3435.050048828125,132464300,0.0010834445355813757,58.992254497030984,0.18738044464289186
2010-09-01,3623.840087890625,3626.260009765625,3478.85009765625,3507.8701171875,168577800,0.03740617852894138,61.24072038970297,0.23488865298342845
2010-09-02,3631.429931640625,3646.2900390625,3598.179931640625,3610.39990234375,121208000,0.002092229923416413,61.36898418932495,0.23454883300731447
2010-09-03,3672.199951171875,3706.47998046875,3631.320068359375,3642.10009765625,132819000,0.011164432936674197,62.057973025984495,0.23862102130319418
2010-09-06,3684.72998046875,3695.469970703125,3674.760009765625,3695.469970703125,74534600,0.0034063234335069514,62.2697229934317,0.23520846473937182
2010-09-07,3643.81005859375,3672.5400390625,3620.360107421875,3669.14990234375,108087700,-0.011167394028999491,61.57820089721966,0.22974915502669382
2010-09-08,3677.2099609375,3686.909912109375,3613.2900390625,3632.6201171875,125221000,0.009124448227598694,62.14263918115827,0.22919231682686514
2010-09-09,3722.14990234375,3731.06005859375,3655.469970703125,3666.760009765625,123690800,0.01214713024360929,62.90209719233994,0.2106706381147531
2010-09-10,3725.820068359375,3731.860107421875,3697.179931640625,3703.02001953125,109389800,0.000985548096228233,62.96412079307711,0.21035159246604823
2010-09-13,3767.14990234375,3781.47998046875,3751.570068359375,3765.239990234375,131294400,0.011031741297821036,63.66257015767456,0.21235137392766346
2010-09-14,3774.39990234375,3784.1298828125,3746.969970703125,3767.3798828125,118190200,0.0019226823189368498,63.78509080208957,0.21133740914905108
2010-09-15,3755.639892578125,3784.0400390625,3738.43994140625,3776.18994140625,117818000,-0.004982722293704816,63.46805790750799,0.20464232913389924
2010-09-16,3736.300048828125,3766.1298828125,3729.669921875,3757.909912109375,107104400,-0.0051628515070654525,63.141226166937535,0.20500232538552068
2010-09-17,3722.02001953125,3795.47998046875,3705.2900390625,3778.239990234375,278399800,-0.0038292930889449995,62.89990225083844,0.18981284309705188
2010-09-20,3788.010009765625,3792.3798828125,3737.010009765625,3738.0,142000600,0.017574280905665277,64.01509344097038,0.18896710276517517
2010-09-21,3784.39990234375,3824.97998046875,3777.6201171875,3781.739990234375,146668200,-0.0009534897707031333,63.95408479438615,0.1888831256153771
2010-09-22,3735.050048828125,3796.75,3729.820068359375,3796.75,141261000,-0.013126109594217913,63.12010191790045,0.18323428895255747
2010-09-23,3710.610107421875,3771.68994140625,3666.22998046875,3762.429931640625,133300600,-0.006564905910109312,62.707081590926784,0.17867940143125974
2010-09-24,3782.47998046875,3786.35009765625,3686.2900390625,3687.830078125,191285800,0.019183561455648264,63.92163926813076,0.18649279437887442
2010-09-27,3766.159912109375,3800.8701171875,3764.1201171875,3796.530029296875,109771000,-0.0043239826033302205,63.64583991747038,0.18762324704491226
2010-09-28,3762.35009765625,3780.449951171875,3711.14990234375,3750.530029296875,157413800,-0.0010121032643642031,63.581456342036105,0.18536162746582435
2010-09-29,3737.1201171875,3798.47998046875,3725.570068359375,3780.929931640625,143812000,-0.006728495462096881,63.155084829538225,0.18865418871556267
2010-09-30,3715.179931640625,3782.669921875,3693.4599609375,3711.9599609375,160919000,-0.0058881818480711005,62.7843088748088,0.14427390240453392
2010-10-01,3692.090087890625,3754.080078125,3672.89990234375,3722.929931640625,135442000,-0.006234393636637031,62.39410438712712,0.1464809352156712
2010-10-04,3649.81005859375,3691.800048828125,3640.47998046875,3689.179931640625,113094000,-0.011517589681124669,61.6795972925976,0.14730857545047513
2010-10-05,3731.929931640625,3742.659912109375,3638.340087890625,3648.9599609375,124876600,0.022250380294035425,63.06737381190558,0.16648379938030985
2010-10-06,3764.909912109375,3779.7099609375,3746.6298828125,3750.8701171875,145799900,0.008798425446055882,63.62471566843332,0.16302379914042622
2010-10-07,3770.469970703125,3799.7099609375,3732.449951171875,3769.260009765625,134926800,0.0014757211153926546,63.71867731834938,0.16068652298447555
2010-10-08,3763.179931640625,3774.919921875,3738.56005859375,3763.35009765625,123024800,-0.0019353278775621349,63.595480037832395,0.15592446161150542
2010-10-11,3768.489990234375,3782.02001953125,3763.639892578125,3770.030029296875,99536800,0.0014100616539629502,63.68521683794106,0.1559472947252582
2010-10-12,3748.860107421875,3756.25,3700.260009765625,3738.0400390625,127968000,-0.005222565711287796,63.353483611461215,0.15229381664607206
2010-10-13,3828.340087890625,3828.340087890625,3766.929931640625,3768.85009765625,126062800,0.020979489411661768,64.69664753216804,0.1690738865224453
2010-10-14,3819.169921875,3845.360107421875,3812.409912109375,3833.419921875,153148800,-0.002398210763773775,64.54167723566776,0.16821891559445232
2010-10-15,3827.3701171875,3837.510009765625,3798.929931640625,3829.68994140625,145198400,0.002144812794850731,64.68025561001487,0.16685494761452976
2010-10-18,3834.5,3842.389892578125,3798.1298828125,3803.4599609375,88536800,0.0018611343605417327,64.80074634612399,0.16587822151001153
2010-10-19,3807.169921875,3853.9599609375,3794.889892578125,3828.75,137790400,-0.007152937756232937,64.33888444491186,0.15743331405510796
2010-10-20,3828.14990234375,3832.8701171875,3786.360107421875,3793.389892578125,115420600,0.0054955217993939804,64.6934335106837,0.15839925605546903
2010-10-21,3878.27001953125,3889.739990234375,3811.43994140625,3820.72998046875,135072000,0.013007550684267347,65.54043338047252,0.15582373998492283
2010-10-22,3868.5400390625,3887.820068359375,3855.909912109375,3859.330078125,103381200,-0.002511997973775584,65.37600255603434,0.1537031298027645
2010-10-25,3870.0,3894.909912109375,3862.800048828125,3894.909912109375,90223000,0.0003773220652609421,65.40067501877685,0.14042065372353144
2010-10-26,3852.659912109375,3866.35009765625,3818.949951171875,3854.580078125,113039400,-0.004490711031867278,65.10763795083582,0.14050280300155174
2010-10-27,3815.77001953125,3867.889892578125,3811.0,3836.1201171875,125054700,-0.00962131165837243,64.48422092861888,0.14520548770820293
2010-10-28,3834.840087890625,3862.969970703125,3821.8798828125,3838.1298828125,115316500,0.00498525152553127,64.80649362716085,0.14334168024336832
2010-10-29,3833.5,3857.580078125,3807.800048828125,3828.7099609375,112293600,-0.00034951186016991603,64.78384694689433,0.14114375583433444
2010-11-01,3841.110107421875,3873.77001953125,3812.3701171875,3865.0400390625,88108800,0.0019831912786704695,64.91245319039717,0.13831742443299708
2010-11-02,3865.719970703125,3879.35009765625,3830.139892578125,3830.39990234375,96852400,0.006386529008720142,65.32834509497432,0.13012193711367515
2010-11-03,3842.93994140625,3890.89990234375,3834.679931640625,3880.080078125,116760500,-0.0059102608929905865,64.94337628542314,0.11225062726299283
2010-11-04,3916.780029296875,3931.760009765625,3885.169921875,3885.169921875,244575600,0.019032211742252787,66.19122940983985,0.1255628800248136
2010-11-05,3916.72998046875,3937.639892578125,3893.929931640625,3928.010009765625,156369000,-1.2778135998651848e-05,66.19038361471239,0.1257294985104352
2010-11-08,3913.699951171875,3919.860107421875,3896.699951171875,3915.340087890625,116917100,-0.000773911387895854,66.13917793994693,0.12535713059142375
2010-11-09,3945.7099609375,3961.699951171875,3902.639892578125,3903.85009765625,131200100,0.008145697226237357,66.6801278743215,0.1272052664161723
2010-11-10,3888.449951171875,3932.669921875,3869.199951171875,3923.25,181527000,-0.014618294771537955,65.71246810939807,0.13782317357862822
2010-11-11,3867.35009765625,3903.199951171875,3848.10009765625,3900.830078125,168785200,-0.005441064864536578,65.35589326115021,0.12067625315945908
2010-11-12,3831.1201171875,3853.31005859375,3769.590087890625,3796.610107421875,171830200,-0.009412323989223927,64.7436283571261,0.1251493573390395
2010-11-15,3864.239990234375,3875.6298828125,3797.75,3810.239990234375,108250800,0.008607804464967814,65.30333431418084,0.12840831538819977
2010-11-16,3762.469970703125,3842.1201171875,3762.469970703125,3836.72998046875,159943600,-0.026689374860804718,63.58348212451214,0.1589330016511324
2010-11-17,3792.35009765625,3798.72998046875,3753.06005859375,3753.760009765625,114469600,0.00791025662767154,64.08843831892587,0.16003148017025032
2010-11-18,3867.969970703125,3873.580078125,3822.14990234375,3823.530029296875,149425000,0.019743908578176095,65.36636874324107,0.1734536750204757
2010-11-19,3860.159912109375,3871.5,3827.030029296875,3871.5,118989600,-0.002021203414286516,65.23438344505827,0.16750189144509767
2010-11-22,3818.889892578125,3896.070068359375,3812.47998046875,3892.64990234375,132362800,-0.010748834278425138,64.5369449087839,0.17130725805306204
2010-11-23,3724.419921875,3803.860107421875,3724.419921875,3792.139892578125,157190800,-0.0250486623139276,62.94045915865768,0.19096611234728408
2010-11-24,3747.610107421875,3760.780029296875,3703.719970703125,3738.469970703125,159483400,0.0062072180959831654,63.332359362424164,0.19267329142137857
2010-11-25,3760.419921875,3767.68994140625,3730.0400390625,3752.419921875,103016400,0.003412300385775753,63.548837530925375,0.19087637587419573
2010-11-26,3728.64990234375,3743.97998046875,3687.429931640625,3728.989990234375,139703200,-0.008484420858178372,63.01194328733274,0.19152708154942852
2010-11-29,3636.9599609375,3773.89990234375,3636.9599609375,3748.10009765625,176573200,-0.02489805452885145,61.46243836216456,0.2080941563566509
2010-11-30,3610.43994140625,3656.81005859375,3591.780029296875,3643.6298828125,202078200,-0.007318524783497626,61.01426596452764,0.20806036281150478
2010-12-01,3669.2900390625,3674.9599609375,3620.639892578125,3634.610107421875,176499800,0.016168561160801544,62.008797259524975,0.21619130484139035
2010-12-02,3747.0400390625,3754.820068359375,3650.030029296875,3695.409912109375,186177800,0.02096801188038464,63.322725549630896,0.23040573234367984
2010-12-03,3750.550048828125,3775.75,3721.3798828125,3744.239990234375,151577200,0.0009363035271078393,63.3820426059602,0.21860595110472156
2010-12-06,3749.22998046875,3763.39990234375,3723.159912109375,3758.580078125,110872600,-0.0003520285575978526,63.35973424374468,0.21856897608169848
2010-12-07,3810.5,3835.06005859375,3758.909912109375,3759.590087890625,143962000,0.016209933768227026,64.39516076461223,0.2275815211796114
2010-12-08,3831.97998046875,3857.860107421875,3784.3798828125,3790.47998046875,123966000,0.005621221667370079,64.75815952999888,0.22643027227408985
2010-12-09,3858.050048828125,3867.340087890625,3836.830078125,3857.68994140625,147906200,0.006780251347262228,65.19872802314843,0.22278608996907234
2010-12-10,3857.35009765625,3873.639892578125,3850.68994140625,3870.4599609375,104236200,-0.00018144261101326895,65.18689926885365,0.22202245546845686
2010-12-13,3892.43994140625,3904.429931640625,3868.780029296875,3872.830078125,114030000,0.009055750768153752,65.77989654729123,0.2215033495899228
2010-12-14,3902.8701171875,3902.8701171875,3881.639892578125,3893.9599609375,98932400,0.002676014661919831,65.95616025185409,0.21980057378129364
2010-12-15,3880.18994140625,3892.929931640625,3865.169921875,3889.840087890625,108015800,-0.005828103550069236,65.57287890672792,0.19812843983428205
2010-12-16,3888.360107421875,3897.14990234375,3861.10009765625,3878.25,102082600,0.002103396123221848,65.71094980399856,0.19676550522290293
2010-12-17,3867.35009765625,3906.090087890625,3865.10009765625,3901.419921875,152973800,-0.005417959311147171,65.35589326115023,0.18587577638656386
2010-12-20,3885.080078125,3918.68994140625,3869.199951171875,3873.239990234375,100344000,0.00457405251743768,65.65551927942569,0.1863789595783847
2010-12-21,3927.489990234375,3936.06005859375,3899.219970703125,3903.159912109375,92340000,0.010856946771797335,66.37222131545674,0.1852555613865573
2010-12-22,3919.7099609375,3932.199951171875,3919.469970703125,3922.9599609375,90292800,-0.0019828810007193895,66.24074349435041,0.15927372679792184
2010-12-23,3911.320068359375,3924.300048828125,3889.31005859375,3922.739990234375,56607600,-0.002142731098406558,66.09895935017873,0.15940749503060642
2010-12-27,3862.18994140625,3901.919921875,3836.050048828125,3893.110107421875,45835800,-0.012640565477693034,65.26868972059408,0.16717158004850993
2010-12-28,3858.719970703125,3881.969970703125,3858.719970703125,3872.699951171875,38975400,-0.0008988502589073605,65.21004930036676,0.16362121171987012
2010-12-29,3890.64990234375,3904.0400390625,3869.820068359375,3869.89990234375,43576200,0.008240699013719906,65.74964596253737,0.13339482235164218
2010-12-30,3850.760009765625,3902.0400390625,3839.610107421875,3893.510009765625,47107800,-0.010305679735169826,65.07553074263146,0.1367255240709791
2011-01-03,3900.860107421875,3904.030029296875,3836.7099609375,3847.6298828125,72025000,0.012926535232941065,65.9221922943693,0.1332281669358525
2011-01-04,3916.030029296875,3945.719970703125,3890.830078125,3908.25,109202000,0.0038813238139034025,66.17855486041763,0.11610135639827465
2011-01-05,3904.610107421875,3905.97998046875,3850.3798828125,3904.469970703125,116335600,-0.0029204591419999338,65.98556504148051,0.11735065799013039
2011-01-06,3904.419921875,3945.340087890625,3895.550048828125,3911.340087890625,124397200,-4.870913447618069e-05,65.98235101999616,0.11728144728457773
2011-01-07,3865.580078125,3913.919921875,3865.580078125,3892.8701171875,113235600,-0.00999746904787903,65.32598099444736,0.112102319321265
2011-01-10,3802.030029296875,3853.3798828125,3790.9599609375,3850.27001953125,123908000,-0.016576613349683487,64.2520233482366,0.1253702892855728
2011-01-11,3861.919921875,3866.85009765625,3809.85009765625,3821.989990234375,135100800,0.01562930658197955,65.26412655273568,0.13510244214551523
2011-01-12,3945.070068359375,3946.1201171875,3869.669921875,3870.7900390625,177690200,0.02130226654135652,66.66931407417968,0.15384144229486038
2011-01-13,3974.830078125,3975.6298828125,3943.97998046875,3950.909912109375,185024800,0.007515284103145572,67.1722403602875,0.15292380772064712
2011-01-14,3983.280029296875,3992.10009765625,3954.0400390625,3961.0400390625,136628800,0.00212360830231911,67.31503945861213,0.1528593656873657
2011-01-17,3975.409912109375,3990.35009765625,3965.909912109375,3984.090087890625,79477600,-0.0019777425206282035,67.18203920627637,0.15127513700352255
2011-01-18,4012.679931640625,4016.39990234375,3987.02001953125,3991.070068359375,138535800,0.009331464894436514,67.81188014563213,0.15389591332907926
2011-01-19,3976.7099609375,4022.580078125,3973.239990234375,4019.7900390625,151931600,-0.00900449576910583,67.20400925044092,0.15640792802837397
2011-01-20,3964.840087890625,3989.030029296875,3950.300048828125,3972.830078125,171667200,-0.002989311107522414,67.00341552701641,0.15662433365765976
2011-01-21,4017.449951171875,4057.969970703125,3979.239990234375,3982.489990234375,189639400,0.013181837496780447,67.892490610024,0.15866766021257012
2011-01-24,4033.2099609375,4037.89990234375,4002.719970703125,4028.330078125,113053200,0.003915214422084292,68.1588253069166,0.15854926508786396
2011-01-25,4019.6201171875,4056.68994140625,4016.5,4049.1201171875,149305800,-0.003375175315815587,67.92916511191667,0.15894923898740265
2011-01-26,4049.070068359375,4066.409912109375,4039.590087890625,4043.919921875,159649400,0.007299842049004901,68.42685159406413,0.15175931732352146
2011-01-27,4059.570068359375,4079.300048828125,4032.110107421875,4040.199951171875,155312400,0.0025898315110261857,68.60429528597554,0.15132778553894935
2011-01-28,4002.320068359375,4072.639892578125,4002.320068359375,4044.56005859375,159516400,-0.014202863448821958,67.63680468007762,0.16015770364779464
2011-01-31,4005.5,4018.510009765625,3953.179931640625,3997.139892578125,149667400,0.0007942066081976098,67.69054361439557,0.1544971814920163
2011-02-01,4072.6201171875,4078.47998046875,4019.340087890625,4037.139892578125,145716600,0.016618139091409027,68.82483327108855,0.15830641117636526
2011-02-02,4066.530029296875,4089.639892578125,4049.739990234375,4084.75,135369200,-0.0014964926110407693,68.72191444448117,0.15861917528670785
2011-02-03,4036.590087890625,4059.25,4009.1201171875,4056.389892578125,132587800,-0.007389765231515143,68.21594742174439,0.1610307866807847
2011-02-04,4047.2099609375,4059.6298828125,4026.919921875,4049.010009765625,125922000,0.0026274472629786317,68.3954168961318,0.160955947374696
2011-02-07,4090.800048828125,4098.64013671875,4052.610107421875,4055.5,135168800,0.01071281670093637,69.13206319385135,0.15793504275839504
2011-02-08,4108.27001953125,4109.3798828125,4078.510009765625,4082.43994140625,150037800,0.004261458188645476,69.42729520329391,0.1415395245021982
2011-02-09,4090.739990234375,4120.43994140625,4090.719970703125,4100.6201171875,148466600,-0.004276139677329488,69.13104823969842,0.13710814742972985
2011-02-10,4095.139892578125,4095.139892578125,4041.6298828125,4078.8701171875,274587200,0.0010749981261529826,69.20540394597695,0.11936155771438856
2011-02-11,4101.31005859375,4121.3798828125,4039.239990234375,4080.739990234375,225951400,0.0015055706355548957,69.30967604478828,0.11752306980212145
2011-02-14,4096.6201171875,4130.39990234375,4089.659912109375,4128.7001953125,179200200,-0.0011441770830776478,69.23041885260034,0.1178463897723407
2011-02-15,4110.33984375,4118.759765625,4085.5,4091.639892578125,145990600,0.003343440057804708,69.46227398910177,0.11740185185670654
2011-02-16,4151.259765625,4169.8701171875,4121.4599609375,4124.259765625,181543800,0.009906134026578639,70.15379608531381,0.11789518825887592
2011-02-17,4152.31005859375,4163.43994140625,4129.56982421875,4160.77978515625,178321000,0.00025297384054925794,70.17154540550081,0.11157895930089103
2011-02-18,4157.14013671875,4168.56982421875,4136.169921875,4164.64990234375,166152200,0.0011625507236862425,70.25317082404563,0.11013026360838622
2011-02-21,4097.41015625,4163.990234375,4087.85009765625,4153.10009765625,123263600,-0.014472265808469692,69.24377003812454,0.11700924598279508
2011-02-22,4050.27001953125,4078.8701171875,4026.010009765625,4074.6201171875,170506800,-0.011571554530697881,68.44713004797373,0.12412702203095018
2011-02-23,4013.1201171875,4061.0400390625,4007.929931640625,4044.530029296875,160225400,-0.009214527530557537,67.81931901692388,0.127839485395062
2011-02-24,4009.639892578125,4024.260009765625,3984.360107421875,3985.090087890625,198786200,-0.000867587918232272,67.76050531184117,0.12500042995106525
2011-02-25,4070.3798828125,4084.5400390625,4006.8701171875,4029.070068359375,129429800,0.015034897462806684,68.78697465601739,0.1358013889009886
2011-02-28,4110.35009765625,4131.72998046875,4053.419921875,4064.550048828125,130304200,0.009771874392649213,69.46244727395714,0.12915927245279146
2011-03-01,4067.14990234375,4145.72998046875,4056.429931640625,4126.66015625,156607600,-0.01056572233512144,68.732389926572,0.135522721962198
2011-03-02,4034.320068359375,4053.639892578125,4009.889892578125,4042.510009765625,168907600,-0.008104705395100385,68.17758545542665,0.12570130262292367
2011-03-03,4060.760009765625,4098.10986328125,4040.429931640625,4057.909912109375,126624400,0.006532371556840922,68.62440458085963,0.1279164708234131
2011-03-04,4020.2099609375,4091.31005859375,4010.800048828125,4068.68994140625,105091800,-0.010036020262517006,67.93913311693103,0.1301343063207748
2011-03-07,3990.409912109375,4049.97998046875,3990.409912109375,4007.340087890625,76137000,-0.007440169866556338,67.43553019472124,0.1320435646379599
2011-03-08,4015.909912109375,4017.429931640625,3964.989990234375,4006.360107421875,78340200,0.006369989404727752,67.86646487507753,0.12812402368005063
2011-03-09,3993.81005859375,4035.81005859375,3985.909912109375,4016.449951171875,87044800,-0.005518272717964041,67.49299062760001,0.12765741063284336
2011-03-10,3963.989990234375,3980.85009765625,3940.25,3961.3701171875,56764000,-0.007494585879540198,66.98904938733922,0.12906742834770527
2011-03-11,3928.679931640625,3951.4599609375,3915.2099609375,3926.719970703125,56519600,-0.00894761709775184,66.39233061034084,0.13120126157083992
2011-03-14,3878.0400390625,3939.5,3871.219970703125,3914.030029296875,98051600,-0.012973592763723967,65.5365468487161,0.1358645020289829
2011-03-15,3780.85009765625,3820.7900390625,3713.070068359375,3793.949951171875,140934800,-0.025381003528574995,63.894095227784796,0.15677704403377252
2011-03-16,3696.56005859375,3800.830078125,3693.93994140625,3800.830078125,95758400,-0.022546204602007843,62.46964420658414,0.16717944384986733
2011-03-17,3786.2099609375,3796.6201171875,3708.1298828125,3728.639892578125,132872800,0.02396283513912887,63.98467369719103,0.18872955700566607
2011-03-18,3810.219970703125,3861.840087890625,3801.469970703125,3807.510009765625,107533200,0.006321414120980991,64.39042843772832,0.19175436497869966
2011-03-21,3904.449951171875,3904.449951171875,3855.25,3870.719970703125,84480400,0.024429993231178608,65.9828584970726,0.21528691430420663
2011-03-22,3892.7099609375,3926.659912109375,3876.7099609375,3904.1201171875,97281600,-0.0030113526562151774,65.78445971514962,0.21120450069126842
2011-03-23,3913.72998046875,3918.0,3875.260009765625,3875.260009765625,67882600,0.005385315326888812,66.13968541702343,0.21013311836625337
2011-03-24,3968.840087890625,3973.02001953125,3885.830078125,3900.239990234375,47473600,0.013983004245723607,67.07101312393503,0.21489865373570852
2011-03-25,3972.3798828125,3986.56005859375,3960.18994140625,3986.56005859375,53107800,0.000891499081848331,67.13083353151092,0.21495005351061675
2011-03-28,3976.949951171875,3991.320068359375,3959.85009765625,3966.77001953125,121680800,0.0011497997839569902,67.20806494122283,0.20760717868733713
2011-03-29,3987.800048828125,3990.72998046875,3949.199951171875,3984.050048828125,113657600,0.0027245310569702754,67.39142507319657,0.20436469194774054
2011-03-30,4024.43994140625,4031.179931640625,4011.7099609375,4024.02001953125,124535200,0.009146043561689677,68.0106172456061,0.20468308801200333
2011-03-31,3989.179931640625,4037.39990234375,3989.179931640625,4025.8701171875,127460400,-0.008800077336466093,67.41474426373516,0.20502239335176697
2011-04-01,4054.760009765625,4055.8798828125,4002.22998046875,4014.580078125,150410000,0.01630582317408837,68.5230081854817,0.21194635283378568
2011-04-04,4042.919921875,4059.64990234375,4039.60009765625,4051.43994140625,100169600,-0.002924318182060488,68.32291781330379,0.20914632847703743
2011-04-05,4041.739990234375,4045.0,4013.669921875,4039.739990234375,116996200,-0.0002918939477554137,68.30297767744516,0.20728433225724507
2011-04-06,4048.159912109375,4066.75,4015.760009765625,4046.330078125,134534400,0.0015871452799569533,68.41147050023399,0.20626899647957972
2011-04-07,4028.300048828125,4070.889892578125,4025.02001953125,4048.699951171875,125786200,-0.004917972330845526,68.07585074199773,0.20606305682314946
2011-04-08,4061.909912109375,4068.64990234375,4047.550048828125,4051.919921875,99894800,0.008308821848211634,68.6438372396418,0.20569686358420528
2011-04-11,4038.699951171875,4057.530029296875,4026.080078125,4056.93994140625,96334600,-0.005730438780070739,68.25160284365421,0.20399947516180114
2011-04-12,3976.60009765625,4018.81005859375,3966.070068359375,4008.340087890625,136738400,-0.015495638522218325,67.20215262699037,0.206398272984848
2011-04-13,4006.22998046875,4029.340087890625,3984.010009765625,3998.2900390625,125471800,0.007423437199906065,67.7028798457668,0.18315047367271098
2011-04-14,3970.389892578125,3994.860107421875,3949.010009765625,3986.260009765625,141820400,-0.00898634500522234,67.09720389207709,0.1646333405692169
2011-04-15,3974.47998046875,3977.659912109375,3950.5,3970.64990234375,128157600,0.0010296174304452157,67.16632392022515,0.14674266148186624
2011-04-18,3881.239990234375,3971.2900390625,3862.39990234375,3970.6201171875,177310600,-0.02373922933400748,65.59062410108503,0.17128637069979738
2011-04-19,3908.580078125,3929.169921875,3895.3798828125,3899.679931640625,122201800,0.007019468976475235,66.05265516132265,0.15047868510954937
2011-04-20,4004.6201171875,4008.739990234375,3947.4599609375,3947.4599609375,145177200,0.02427456721645615,67.67567412347178,0.17167659338602123
2011-04-21,4021.8798828125,4034.5,4011.3798828125,4021.909912109375,117981600,0.004300701981710095,67.967353793379,0.17139622567499527
2011-04-26,4045.2900390625,4048.0,4009.820068359375,4014.2900390625,117611000,0.005803825180264785,68.36297136987643,0.16602676162910585
2011-04-27,4067.719970703125,4084.320068359375,4036.280029296875,4048.139892578125,136070200,0.005529387677708671,68.7420237393653,0.1667963245791588
2011-04-28,4104.89990234375,4107.89990234375,4080.14990234375,4095.419921875,132981600,0.009098719558266459,69.3703422474916,0.16906603887880156
2011-04-29,4106.919921875,4110.41015625,4084.469970703125,4093.610107421875,88112400,0.0004919785419638319,69.40447936400192,0.16904049714658506
2011-05-02,4108.77001953125,4137.97021484375,4108.77001953125,4137.75,73176600,0.0004503815749422024,69.43574490290874,0.16668838944787012
2011-05-03,4096.83984375,4107.759765625,4070.68994140625,4105.35009765625,123666600,-0.0029078117010665977,69.2341320995014,0.1635491733378314
2011-05-04,4043.1298828125,4116.66015625,4032.219970703125,4089.639892578125,174613800,-0.013196791199232217,68.32646602700925,0.16128593725937804
2011-05-05,4004.8701171875,4052.22998046875,3981.18994140625,4039.10009765625,158508000,-0.009507965669143362,67.67989897327922,0.16430386827230853
2011-05-06,4058.010009765625,4064.5,3991.530029296875,4008.429931640625,198353200,0.013181558246169935,68.5779312329781,0.17096183071591195
2011-05-09,4007.260009765625,4058.030029296875,3993.669921875,4037.909912109375,156322200,-0.012584989640534124,67.72028672207297,0.176464255183448
2011-05-10,4052.510009765625,4072.159912109375,4006.93994140625,4011.330078125,135958000,0.011228726212335427,68.48498453721498,0.1801773426479634
2011-05-11,4058.080078125,4076.659912109375,4047.820068359375,4062.429931640625,124748200,0.0013735299589093344,68.57911534615656,0.17787297157731577
2011-05-12,4023.2900390625,4025.139892578125,3986.929931640625,4015.800048828125,137773600,-0.008609989018879069,67.99118458682396,0.17930661877999998
2011-05-13,4018.85009765625,4067.590087890625,4011.43994140625,4046.219970703125,131363400,-0.0011041692340257427,67.91615224444345,0.1705360077567145
2011-05-16,3989.820068359375,3998.3701171875,3955.929931640625,3975.3798828125,132068800,-0.007249682117357594,67.4255621897069,0.17060866030010063
2011-05-17,3941.580078125,4003.56005859375,3941.580078125,3973.1201171875,147591800,-0.012164456261769816,66.61033533590138,0.17301031235405126
2011-05-18,3978.0,3990.699951171875,3956.219970703125,3976.7900390625,116214600,0.009197502457897045,67.22581013557996,0.17611487032397638
2011-05-19,4027.739990234375,4046.070068359375,3978.179931640625,4001.320068359375,138843000,0.012426241753761457,68.06638608822996,0.1582343375816394
2011-05-20,3990.85009765625,4050.570068359375,3983.1298828125,4023.090087890625,142434000,-0.009201156920496955,67.44296906601303,0.16139181151870943
2011-05-23,3906.97998046875,3937.010009765625,3903.89990234375,3934.360107421875,147679000,-0.021239573221428117,66.02561447222325,0.15556853545083757
2011-05-24,3916.8798828125,3934.52001953125,3907.159912109375,3915.110107421875,114450200,0.00253069656163197,66.19291687426492,0.15490289251586173
2011-05-25,3928.989990234375,3937.5400390625,3884.550048828125,3889.719970703125,125187400,0.0030870043054145916,66.39757041430123,0.1536225309491297
2011-05-26,3917.219970703125,3949.169921875,3904.06005859375,3937.050048828125,118966800,-0.0030001818504554337,66.19866415530177,0.1516107904490878
2011-05-27,3950.97998046875,3979.070068359375,3940.860107421875,3958.60009765625,126730400,0.008581433403222151,66.76918803832822,0.1511523507568906
2011-05-30,3942.530029296875,3963.280029296875,3931.530029296875,3947.159912109375,45500200,-0.002140987821433437,66.6263889400036,0.1509199423184936
2011-05-31,4006.93994140625,4015.25,3959.909912109375,3967.6298828125,158365800,0.016205186480978746,67.71487775908712,0.163421295728932
2011-06-01,3964.81005859375,4015.85009765625,3956.070068359375,4014.840087890625,142249400,-0.010569893699700102,67.00290804993996,0.16655845577434483
2011-06-02,3889.8701171875,3937.0,3889.8701171875,3930.590087890625,115807400,-0.01908218124815677,65.73646806186856,0.17286775638653887
2011-06-03,3890.679931640625,3905.590087890625,3845.389892578125,3899.159912109375,121969600,0.00020816380614914918,65.75015343961385,0.17070050972016618
2011-06-06,3863.39990234375,3881.9599609375,3851.830078125,3875.6298828125,109191200,-0.007036332468493828,65.2891373335292,0.16317512439281331
2011-06-07,3871.919921875,3889.969970703125,3855.989990234375,3863.830078125,104114200,0.002202888353759171,65.43312054503228,0.15947584816661128
2011-06-08,3837.97998046875,3864.3701171875,3826.070068359375,3857.64990234375,134131800,-0.008804306430962838,64.85955592537685,0.15412285498489015
2011-06-09,3878.64990234375,3884.72998046875,3823.14990234375,3835.25,125482600,0.010540948332864468,65.54685317178148,0.1602435850251864
2011-06-10,3805.090087890625,3876.550048828125,3798.8798828125,3865.739990234375,129841400,-0.019147462548300995,64.30373650007854,0.1694843918374035
2011-06-13,3807.610107421875,3828.22998046875,3796.300048828125,3807.4599609375,71744800,0.0006620567101405993,64.34632331620367,0.16979820599612783
2011-06-14,3864.580078125,3877.81005859375,3829.909912109375,3830.7900390625,116978400,0.014851304890910775,65.3090815952177,0.17912897107745063
2011-06-15,3806.85009765625,3858.639892578125,3800.320068359375,3851.22998046875,134403400,-0.015050927647529005,64.33347960775593,0.18155310513630749
2011-06-16,3792.31005859375,3795.47998046875,3743.969970703125,3775.3798828125,190407000,-0.0038267536167884897,64.08776168282392,0.17729863901336815
2011-06-17,3823.739990234375,3843.449951171875,3742.31005859375,3774.550048828125,234691000,0.008253651135006696,64.61890864537972,0.17348707196210125
2011-06-20,3799.659912109375,3806.669921875,3755.2900390625,3758.97998046875,111639000,-0.0063174327779351,64.21196979166398,0.17236232372367988
2011-06-21,3877.070068359375,3879.43994140625,3820.050048828125,3820.050048828125,121993800,0.020168165440887665,65.52015492656295,0.17481532461470697
2011-06-22,3871.3701171875,3885.22998046875,3853.889892578125,3875.110107421875,110901000,-0.0014712515199314631,65.42382917611988,0.17452925415413093
2011-06-23,3787.7900390625,3857.889892578125,3774.27001953125,3852.47998046875,149658400,-0.02182573396105359,64.01137606823949,0.1887347000642116
2011-06-24,3784.800048828125,3867.1298828125,3775.35009765625,3838.5,165306200,-0.000789687637929243,63.96084702957601,0.1887044856422083
2011-06-27,3796.550048828125,3803.2900390625,3769.610107421875,3775.75,105267400,0.003099714234721197,64.15941497052448,0.1858986993688773
2011-06-28,3851.889892578125,3867.89990234375,3806.35009765625,3810.510009765625,141402000,0.014471136575425664,65.09462508336264,0.19434097417024002
2011-06-29,3924.22998046875,3935.93994140625,3868.919921875,3875.800048828125,149301800,0.018606239621784135,66.31712910893486,0.19719312678852183
2011-06-30,3982.2099609375,3982.419921875,3926.280029296875,3937.260009765625,135571800,0.01466678309227676,67.29695594620405,0.20109049608857046
2011-07-01,4007.35009765625,4023.590087890625,3967.4599609375,3981.9599609375,128423200,0.006293267591132183,67.7218091533024,0.18928467835265153
2011-07-04,4003.110107421875,4010.3701171875,3996.580078125,4010.3701171875,88648000,-0.001058613493305549,67.65015586560185,0.1894374083234578
2011-07-05,3978.830078125,3998.830078125,3973.679931640625,3997.47998046875,224301600,-0.006083759993283699,67.23983795720616,0.18893372012155552
2011-07-06,3961.340087890625,3981.89990234375,3941.64990234375,3981.3798828125,164595400,-0.004405451811694546,66.94426762971264,0.18996475034962246
2011-07-07,3979.9599609375,4020.330078125,3960.239990234375,3981.7900390625,159199800,0.004689385126820291,67.25893229793732,0.1868369176548158
2011-07-08,3913.550048828125,3999.449951171875,3912.77001953125,3995.429931640625,181067000,-0.016826856234754592,66.13664468039448,0.1944716283289527
2011-07-11,3807.510009765625,3890.070068359375,3789.85009765625,3878.60009765625,202009000,-0.027469468201198388,64.34463172594876,0.20677340466371738
2011-07-12,3774.1201171875,3786.5400390625,3717.580078125,3742.199951171875,253102000,-0.008808160750306491,63.78036260103562,0.20899925033272268
2011-07-13,3793.27001953125,3800.8701171875,3748.47998046875,3755.510009765625,158020800,0.00506117508826787,64.10398444595164,0.20264025646029032
2011-07-14,3751.22998046875,3782.050048828125,3743.889892578125,3754.570068359375,129300000,-0.01114466808634347,63.39353304220402,0.1996294154625469
2011-07-15,3726.590087890625,3748.050048828125,3706.820068359375,3730.5,154508400,-0.006590151014299556,62.9771336605504,0.2004026417282503
2011-07-18,3650.7099609375,3698.9599609375,3645.7900390625,3697.5400390625,155673600,-0.020571971455450786,61.694805101572406,0.20864326543387277
2011-07-19,3694.949951171875,3705.14990234375,3664.679931640625,3671.1298828125,144050000,0.012045350768349982,62.44243435845929,0.21371796753137814
2011-07-20,3754.60009765625,3759.47998046875,3709.949951171875,3724.570068359375,159089600,0.016014771623832733,63.45048599800632,0.2088831934404933
2011-07-21,3816.75,3839.9599609375,3712.2099609375,3769.860107421875,219725600,0.01641749423702898,64.50078200979763,0.21794052126696384
2011-07-22,3842.699951171875,3866.340087890625,3817.610107421875,3855.429931640625,151585800,0.006775956661425083,64.93932059464127,0.20511281574305543
2011-07-25,3812.969970703125,3845.06005859375,3808.159912109375,3813.5,122284800,-0.007766826475957328,64.43690178560993,0.20715882985011919
2011-07-26,3787.8798828125,3835.10009765625,3767.530029296875,3819.22998046875,131683400,-0.00660194044210339,64.01289437363906,0.2082612589797188
2011-07-27,3734.070068359375,3776.97998046875,3711.18994140625,3774.5400390625,163482000,-0.014307654995146721,63.10354083672186,0.20673070302464136
2011-07-28,3712.659912109375,3721.3701171875,3669.27001953125,3706.97998046875,247657600,-0.005750232733115973,62.74172205868375,0.1937221658695235
2011-07-29,3672.77001953125,3691.090087890625,3630.75,3661.320068359375,217617000,-0.01080242608773408,62.067606838777834,0.18494620350111055
2011-08-01,3588.050048828125,3722.590087890625,3585.6201171875,3718.110107421875,195464800,-0.02333725803426555,60.635890231140785,0.19278328746251377
2011-08-02,3522.7900390625,3592.300048828125,3522.7900390625,3567.510009765625,187298600,-0.01835559266543921,59.53303527238011,0.19728921069972175
2011-08-03,3454.93994140625,3518.550048828125,3441.389892578125,3472.93994140625,270629800,-0.019448226409184047,58.386409384315854,0.20264596907723129
2011-08-04,3320.35009765625,3515.110107421875,3315.340087890625,3515.110107421875,285921000,-0.03973484550329271,56.11192188252729,0.23233612973924772
2011-08-05,3278.56005859375,3389.8701171875,3218.389892578125,3218.389892578125,373071600,-0.012665908991921295,55.40569532858709,0.2277444382693484
2011-08-08,3125.18994140625,3333.610107421875,3125.18994140625,3254.360107421875,324537000,-0.04790925688692007,52.813832488336075,0.26345769907662736
2011-08-09,3176.18994140625,3201.679931640625,2979.8701171875,3131.840087890625,409099800,0.01618728423403644,53.67570184904864,0.2717444739375806
2011-08-10,3002.989990234375,3235.800048828125,3001.25,3235.800048828125,396477400,-0.056073891084944455,50.74872672763784,0.3175882218182218
2011-08-11,3089.659912109375,3101.8701171875,2891.110107421875,3101.8701171875,403786200,0.028452568306140145,52.21339633860674,0.3417998142046385
2011-08-12,3213.8798828125,3216.669921875,3017.18994140625,3094.840087890625,262638400,0.039417869456715784,54.31263921581528,0.38177772352283235
2011-08-15,3239.06005859375,3259.590087890625,3201.1201171875,3248.139892578125,130932600,0.007804288840027408,54.7381690590156,0.3853837817699479
2011-08-16,3230.89990234375,3230.89990234375,3162.2099609375,3215.5,140077000,-0.002522476375777533,54.600267320770456,0.38224316695785504
2011-08-17,3254.340087890625,3288.820068359375,3182.27001953125,3211.489990234375,139923000,0.007228811163723515,54.99639237434436,0.3797632545998535
2011-08-18,3076.0400390625,3224.330078125,3048.409912109375,3216.77001953125,225148200,-0.05634644897220584,51.983228666530344,0.4084421729835984
2011-08-19,3016.989990234375,3078.280029296875,2947.909912109375,3060.830078125,236184000,-0.019383425775299234,50.985318316853046,0.39853491786057793
2011-08-22,3051.360107421875,3114.139892578125,2989.60009765625,2989.60009765625,140543000,0.011327785694984093,51.56615264877475,0.40142288489746747
2011-08-23,3084.3701171875,3137.3701171875,3051.159912109375,3088.75,144741200,0.010760032479756054,52.124001982378964,0.408362089776489
2011-08-24,3139.550048828125,3166.820068359375,3075.47998046875,3114.97998046875,137490200,0.017732032542261984,53.05650967663913,0.4195345388946748
2011-08-25,3119.0,3189.419921875,3096.5400390625,3167.659912109375,165541000,-0.0065670554750115314,52.70922619730367,0.4191432683652406
2011-08-26,3087.639892578125,3122.22998046875,3014.31005859375,3113.840087890625,147228800,-0.010105427360963135,52.17925922209644,0.4190455040746101
2011-08-29,3154.199951171875,3174.429931640625,3117.93994140625,3141.18994140625,88143400,0.021327872326265415,53.304084225021654,0.4316809012283631
2011-08-30,3159.739990234375,3193.169921875,3129.0400390625,3186.77001953125,116729200,0.0017548600511375642,53.39770755688674,0.42863771393387595
2011-08-31,3256.760009765625,3263.090087890625,3164.510009765625,3179.2099609375,179748000,0.030243096493076146,55.037287600214555,0.44385337066245567
2011-09-01,3265.830078125,3295.5400390625,3207.320068359375,3273.050048828125,176261000,0.002781126541241629,55.19056630645993,0.44060820869597545
2011-09-02,3148.530029296875,3226.93994140625,3132.659912109375,3226.93994140625,170000200,-0.03657827912338877,53.20826595165505,0.437387308204966
2011-09-05,2999.5400390625,3083.22998046875,2977.179931640625,3072.510009765625,210686000,-0.04847672995218616,50.69042462546148,0.46458951405745874
2011-09-06,2965.639892578125,3042.6298828125,2942.780029296875,2998.2900390625,227916000,-0.011366132063898656,50.11753251607814,0.43777805606944337
2011-09-07,3073.179931640625,3073.179931640625,3015.969970703125,3038.570068359375,148162400,0.035620009334831185,51.93489456936836,0.4531337183473875
2011-09-08,3085.830078125,3116.2099609375,3044.3798828125,3070.580078125,146587000,0.004107856377254398,52.148674445121465,0.4075938311047856
2011-09-09,2974.590087890625,3077.419921875,2967.169921875,3064.93994140625,220775200,-0.03671444632773148,50.2687854398475,0.41532705142458093
2011-09-12,2854.81005859375,2894.030029296875,2820.760009765625,2880.4599609375,267001600,-0.041100932415738235,48.24457490501947,0.4082240004578795
2011-09-13,2894.929931640625,2910.43994140625,2769.969970703125,2910.43994140625,247813400,0.013955595993544801,48.92257665668181,0.41132126633196353
2011-09-14,2949.139892578125,2956.739990234375,2849.72998046875,2851.68994140625,234078800,0.018552658502277563,49.8386924287888,0.41954272466212994
2011-09-15,3045.6201171875,3086.639892578125,2960.68994140625,2969.4599609375,231246600,0.032190965391125294,51.46915026222971,0.43677675599364985
2011-09-16,3031.080078125,3084.159912109375,3014.449951171875,3084.159912109375,360134400,-0.004785513961124013,51.2234323372977,0.39187320507972706
2011-09-19,2940.0,2978.340087890625,2921.97998046875,2960.929931640625,176380200,-0.030509436080799535,49.68423373519487,0.4003599868960406
2011-09-20,2984.050048828125,2991.2099609375,2909.75,2918.070068359375,202852800,0.014871873245753293,50.42865309642729,0.4019458664807203
2011-09-21,2935.820068359375,2982.860107421875,2929.969970703125,2982.860107421875,154303600,-0.01629463034079489,49.61359540164727,0.4028446501545212
2011-09-22,2781.679931640625,2863.760009765625,2771.199951171875,2857.860107421875,230090800,-0.05393178710680541,47.00871969392303,0.43317966716328643
2011-09-23,2810.110107421875,2823.969970703125,2693.2099609375,2821.429931640625,226499000,0.010168629565131612,47.48917258461973,0.4366538095162137
2011-09-26,2859.340087890625,2916.75,2753.27001953125,2754.820068359375,202905000,0.017367192993881717,48.321129678629404,0.4429057484594622
2011-09-27,3023.3798828125,3023.3798828125,2910.219970703125,2943.320068359375,208513200,0.05578451237327888,51.09330366256542,0.4817758422073983
2011-09-28,2995.6201171875,3055.669921875,2969.489990234375,2990.469970703125,162366600,-0.009224111131827752,50.6241803007468,0.4821937597681591
2011-09-29,3027.64990234375,3060.429931640625,2974.97998046875,2978.260009765625,164273800,0.010635447843639142,51.16546442734244,0.47002747843198805
2011-09-30,2981.9599609375,3021.969970703125,2948.239990234375,3009.260009765625,176677200,-0.01520591945610256,50.393331866738535,0.47114023682737693
2011-10-03,2926.830078125,2946.3798828125,2888.830078125,2913.070068359375,161438000,-0.01866083656633594,49.46166996760583,0.4596355942143311
2011-10-04,2850.550048828125,2884.6201171875,2808.219970703125,2884.5400390625,220968200,-0.026407977523057975,48.17258329926793,0.4382731897678031
2011-10-05,2973.89990234375,2973.89990234375,2887.820068359375,2921.300048828125,189958600,0.042362214639701586,50.25712171874831,0.4632707031902883
2011-10-06,3075.3701171875,3075.3701171875,2995.3798828125,2999.780029296875,211300200,0.03355106744135509,51.97190738931202,0.46132513878629783
2011-10-07,3095.56005859375,3126.0,3052.4599609375,3073.93994140625,168207000,0.006543588364501753,52.31310526955964,0.4616731927345383
2011-10-10,3161.469970703125,3162.72998046875,3094.169921875,3121.409912109375,138238600,0.02106825434521262,53.42694318748765,0.4466868518439717
2011-10-11,3153.52001953125,3156.090087890625,3115.050048828125,3151.8701171875,147086200,-0.0025178045836828124,53.29259378877785,0.41786329019926954
2011-10-12,3229.760009765625,3238.070068359375,3121.159912109375,3136.550048828125,195669400,0.023888538637556977,54.581003821013795,0.4220198536186014
2011-10-13,3186.93994140625,3251.6201171875,3168.3798828125,3212.5400390625,210298800,-0.013346643702185435,53.85737039076746,0.4237774114406856
2011-10-14,3217.889892578125,3250.47998046875,3180.050048828125,3200.52001953125,154156800,0.009664641491244639,54.3804059717594,0.4117027101020535
2011-10-17,3166.06005859375,3266.570068359375,3149.929931640625,3241.969970703125,155771600,-0.01623790073679371,53.504512915250544,0.4161853646490271
2011-10-18,3141.10009765625,3152.090087890625,3088.320068359375,3125.239990234375,153524600,-0.007914843010125568,53.082704570611064,0.40097825644815216
2011-10-19,3157.340087890625,3184.330078125,3137.050048828125,3166.239990234375,187332800,0.0051568406605827346,53.35715064906752,0.3988064276246438
2011-10-20,3084.070068359375,3148.39990234375,3082.1201171875,3108.360107421875,188070600,-0.023479753390842868,52.118931337444074,0.4038603404638016
2011-10-21,3171.340087890625,3171.340087890625,3092.429931640625,3110.199951171875,158792600,0.027904063815159003,53.593742238282736,0.3569440987911073
2011-10-24,3220.4599609375,3224.090087890625,3156.3701171875,3190.7099609375,127798000,0.01536995514755129,54.423838583012,0.3581177242936921
2011-10-25,3174.2900390625,3228.3798828125,3150.1298828125,3202.06005859375,145688400,-0.01444019677041157,53.64359464084425,0.3628645117043318
2011-10-26,3169.6201171875,3227.969970703125,3146.110107421875,3167.659912109375,139979600,-0.0014722537373628843,53.5646757667073,0.3125706327103757
2011-10-27,3368.6201171875,3372.5400390625,3243.7900390625,3300.719970703125,282367000,0.06089145587828328,56.927656213409286,0.36935364080942
2011-10-28,3348.6298828125,3411.219970703125,3333.2900390625,3378.580078125,187220400,-0.005951927764648536,56.589833262011716,0.37096366415218185
2011-10-31,3242.840087890625,3310.300048828125,3242.840087890625,3302.780029296875,162597600,-0.03210175579500849,54.80204928320329,0.3867259687922747
2011-11-01,3068.330078125,3181.659912109375,3057.260009765625,3162.570068359375,265743800,-0.05531605106546844,51.85293495860246,0.43197978067823045
2011-11-02,3110.590087890625,3134.830078125,3049.699951171875,3117.8798828125,163604400,0.013678981952614416,52.56710373508101,0.42064452467938
2011-11-03,3195.469970703125,3221.93994140625,3029.43994140625,3039.570068359375,227668200,0.026921725629135206,54.00152276129605,0.4061245172630057
2011-11-04,3123.550048828125,3228.110107421875,3113.43994140625,3219.7099609375,252337800,-0.02276398155441101,52.78611928896459,0.4002952190747455
2011-11-07,3103.60009765625,3144.0400390625,3053.10009765625,3087.97998046875,206315000,-0.006407431636175136,52.4489770994989,0.4004434965358387
2011-11-08,3143.300048828125,3193.6201171875,3102.669921875,3104.929931640625,178067200,0.012710459498058485,53.11988242375034,0.3959569692454742
2011-11-09,3075.159912109375,3183.409912109375,3046.360107421875,3170.159912109375,206955600,-0.021916315156859323,51.96835504977669,0.40298161868450005
2011-11-10,3064.840087890625,3122.2900390625,3008.72998046875,3011.389892578125,185762800,-0.003361509425525646,51.793956220324155,0.39252753579588867
2011-11-11,3149.3798828125,3154.97998046875,3057.0400390625,3070.330078125,142159800,0.02721017643954472,53.22262796550235,0.4033934275073863
2011-11-14,3108.949951171875,3174.320068359375,3090.22998046875,3169.429931640625,131608000,-0.01292053795830919,52.53938640987964,0.4037640779954204
2011-11-15,3049.1298828125,3097.97998046875,3030.159912109375,3082.0400390625,145882800,-0.019428767305805266,51.52846319272912,0.4053657879006984
2011-11-16,3064.89990234375,3102.239990234375,3027.43994140625,3038.60009765625,125450600,0.005158644971493644,51.79496704864722,0.405407483359583
2011-11-17,3010.2900390625,3064.14990234375,3000.669921875,3052.93994140625,140556200,-0.017978477954601575,50.87209316718033,0.40876626552869505
2011-11-18,2997.010009765625,3026.389892578125,2979.60009765625,2989.969970703125,126345000,-0.004421304353709156,50.647668650310884,0.401575174592021
2011-11-21,2894.93994140625,2981.7900390625,2894.93994140625,2981.7900390625,140566000,-0.0346507630758921,48.92274581570731,0.40259524455980916
2011-11-22,2870.679931640625,2941.760009765625,2870.679931640625,2925.320068359375,166526600,-0.008415453489422799,48.512766225362604,0.3963034949111199
2011-11-23,2822.429931640625,2881.56005859375,2822.429931640625,2840.2900390625,183383800,-0.016950719886601188,47.697370212531595,0.397113682404746
2011-11-24,2822.25,2876.31005859375,2807.06005859375,2849.5,165475000,-6.375264598343483e-05,47.69432947590263,0.39732782612179074
2011-11-25,2856.969970703125,2871.489990234375,2793.219970703125,2822.85009765625,128025400,0.012227173254432906,48.281076122056774,0.32378348394577583
2011-11-28,3012.929931640625,3012.929931640625,2890.760009765625,2897.47998046875,162111800,0.05315139211717927,50.916705765781465,0.3867473079492367
2011-11-29,3026.760009765625,3047.8701171875,2972.10009765625,2995.9599609375,129577200,0.004579739169344004,51.1504257773932,0.375094402321341
2011-11-30,3154.6201171875,3166.550048828125,2986.280029296875,2992.139892578125,246590000,0.041375338446572776,53.31118477826243,0.35511009072478344
2011-12-01,3129.949951171875,3168.919921875,3119.739990234375,3151.35009765625,150485200,-0.007851067763763032,52.89427379370245,0.35349768793354763
2011-12-02,3164.949951171875,3201.06005859375,3151.409912109375,3167.31005859375,160039800,0.011120227871986674,53.48575276674048,0.3425702011304622
2011-12-05,3201.280029296875,3215.780029296875,3183.570068359375,3206.669921875,135224000,0.011413496723348569,54.09970926101953,0.3349017040764343
2011-12-06,3179.6298828125,3207.89990234375,3167.639892578125,3172.929931640625,141994400,-0.0067859380129394065,53.733834792199495,0.3350121664435777
2011-12-07,3175.97998046875,3244.889892578125,3131.989990234375,3225.360107421875,148582400,-0.0011485609795152119,53.6721536353432,0.33241754930960044
2011-12-08,3095.489990234375,3215.590087890625,3091.22998046875,3202.330078125,168175800,-0.025670029664906627,52.31192115638122,0.33584258891633173
2011-12-09,3172.35009765625,3175.89990234375,3064.6298828125,3066.4599609375,178013400,0.024526458627039272,53.61081079653789,0.34574586622667575
2011-12-12,3089.590087890625,3163.699951171875,3089.590087890625,3150.840087890625,128300800,-0.02643424447902186,52.21221635125819,0.34570004062344756
2011-12-13,3078.719970703125,3111.10009765625,3059.4599609375,3096.669921875,144710600,-0.003524507794440939,52.028517901233464,0.34311037920947496
2011-12-14,2976.169921875,3072.949951171875,2976.169921875,3057.429931640625,153957400,-0.03387670392975101,50.295483685066046,0.3565585799270839
2011-12-15,2998.72998046875,3021.639892578125,2975.1201171875,2989.949951171875,141730000,0.007551646445665545,50.67673512188631,0.35718814499060686
2011-12-16,2972.300048828125,3017.090087890625,2969.39990234375,3010.409912109375,205243400,-0.008852778875312743,50.23008515547881,0.35311082873441824
2011-12-19,2974.199951171875,3009.989990234375,2941.39990234375,2942.340087890625,107024600,0.000638998539778818,50.2621923636832,0.35285670661213675
2011-12-20,3055.389892578125,3055.389892578125,2957.199951171875,2967.050048828125,151683800,0.026932130036864937,51.63425359693997,0.3417714863596087
2011-12-21,3030.469970703125,3121.389892578125,3019.719970703125,3080.0,136210400,-0.008189495555855363,51.213121888402455,0.3416808689792358
2011-12-22,3071.800048828125,3080.18994140625,3046.830078125,3046.830078125,97425200,0.013546011558771645,51.91157537882979,0.3360016830043369
2011-12-23,3102.090087890625,3113.93994140625,3086.10009765625,3101.75,57720200,0.00981238131082917,52.423458841628914,0.33622658848108883
2011-12-27,3103.110107421875,3131.5,3098.139892578125,3111.139892578125,40091200,0.00032876281452063976,52.44069655890955,0.335307119803189
2011-12-28,3071.080078125,3130.820068359375,3071.080078125,3102.239990234375,60153000,-0.010375552315495891,51.89940830648402,0.28647875568171965
2011-12-29,3127.56005859375,3127.56005859375,3064.68994140625,3081.169921875,68204400,0.018223849856985296,52.85388604490873,0.2925161319254823
2011-12-30,3159.81005859375,3159.81005859375,3120.050048828125,3139.909912109375,61300800,0.010258751190470974,53.3988916700652,0.2568343579871418
2012-01-03,3245.39990234375,3246.739990234375,3193.6298828125,3231.429931640625,123415200,0.026726661280324453,54.84530860960051,0.27092806186406504
2012-01-04,3193.64990234375,3242.840087890625,3186.47998046875,3227.4599609375,114040800,-0.016074146285815088,53.970764699465704,0.27538659627722367
2012-01-05,3144.909912109375,3200.14990234375,3136.75,3197.159912109375,121161600,-0.015379187802974037,53.14708814604536,0.27755372969822506
2012-01-06,3137.360107421875,3184.3798828125,3122.6298828125,3156.419921875,104492800,-0.002403528755879154,53.01950098252536,0.2767861071443294
2012-01-09,3127.68994140625,3157.31005859375,3114.449951171875,3143.949951171875,96976800,-0.0030870220093192125,52.856080986410234,0.2769126502739433
2012-01-10,3210.7900390625,3219.429931640625,3154.25,3154.25,145862400,0.026222330769198127,54.260422712726786,0.2763695527229348
2012-01-11,3204.830078125,3236.340087890625,3181.169921875,3204.0,160926400,-0.0018579537264094463,54.159702953450804,0.2637884140930583
2012-01-12,3199.97998046875,3253.2900390625,3190.1201171875,3210.8798828125,158950800,-0.0015145175388373928,54.077739216855015,0.2452173105129239
2012-01-13,3196.489990234375,3243.85009765625,3151.68994140625,3224.159912109375,148237600,-0.0010912239396649573,54.0187604785767,0.24471198087285384
2012-01-16,3225.0,3231.02001953125,3163.679931640625,3174.330078125,91678800,0.008879620504804939,54.500562515647445,0.20831313898753664
2012-01-17,3269.989990234375,3292.590087890625,3243.3701171875,3260.27001953125,138784600,0.013853973566335907,55.26086632195657,0.21086269949840164
2012-01-18,3264.929931640625,3301.889892578125,3236.489990234375,3276.35009765625,165938400,-0.0015486217629314886,55.17535437165533,0.20667552084714463
2012-01-19,3328.93994140625,3328.93994140625,3272.31005859375,3286.110107421875,225110400,0.01941561534754047,56.25708508137893,0.21244308215300467
2012-01-20,3321.5,3336.6201171875,3304.949951171875,3336.219970703125,192035600,-0.0022374292755218406,56.131354541309456,0.1987196344891537
2012-01-23,3338.419921875,3352.320068359375,3313.7099609375,3325.419921875,150082800,0.005081129646153903,56.41729105600971,0.19373748614490077
2012-01-24,3322.64990234375,3323.969970703125,3292.510009765625,3320.06005859375,155540800,-0.004734989847343619,56.1507872000916,0.1934612122090644
2012-01-25,3312.47998046875,3339.56005859375,3285.6298828125,3336.530029296875,157690800,-0.003065480259966681,55.97892163019155,0.1935098327174881
2012-01-26,3363.22998046875,3368.659912109375,3323.070068359375,3331.820068359375,182746000,0.015204668267537455,56.83656614109669,0.19761933981101054
2012-01-27,3318.760009765625,3368.219970703125,3318.760009765625,3345.070068359375,140533600,-0.013310593800740966,56.08505035245339,0.20051857467868475
2012-01-30,3265.639892578125,3300.679931640625,3264.02001953125,3295.97998046875,141927600,-0.0161354931273597,55.1873522849756,0.20443391091819405
2012-01-31,3298.550048828125,3325.10009765625,3289.47998046875,3292.010009765625,130102200,0.010027263772703531,55.74351415415478,0.20431843710252304
2012-02-01,3367.4599609375,3370.280029296875,3320.320068359375,3320.320068359375,160844200,0.020675746609744725,56.90805026977177,0.19601540987853977
2012-02-02,3376.659912109375,3399.530029296875,3355.840087890625,3386.6298828125,139818800,0.002728289844119015,57.063523917518644,0.1849732928581
2012-02-03,3427.919921875,3427.919921875,3361.179931640625,3370.6298828125,172897800,0.01506661122155062,57.929787287064116,0.1774914605943453
2012-02-06,3405.27001953125,3412.320068359375,3380.93994140625,3412.320068359375,120660200,-0.006629403101995525,57.547017544844316,0.18002898541913417
2012-02-07,3411.5400390625,3421.639892578125,3379.429931640625,3416.0400390625,119911600,0.0018395763547827022,57.65297710808066,0.17842085062138868
2012-02-08,3410.0,3439.090087890625,3410.0,3425.409912109375,152896800,-0.00045152240691852523,57.62695137313422,0.15976964380396272
2012-02-09,3424.7099609375,3449.239990234375,3412.580078125,3419.43994140625,174475800,0.00430449389500463,57.87554087566971,0.1588973867841183
2012-02-10,3373.139892578125,3409.760009765625,3365.47998046875,3394.919921875,264071200,-0.01517275574084958,57.00403770216387,0.17057497675174246
2012-02-13,3384.550048828125,3413.429931640625,3366.320068359375,3406.860107421875,147394200,0.0033769430654974454,57.1968624879054,0.17008810480364056
2012-02-14,3375.639892578125,3399.969970703125,3362.510009765625,3369.75,157063200,-0.00263606836105035,57.04628620023801,0.16951242301756356
2012-02-15,3390.35009765625,3419.070068359375,3377.550048828125,3399.3701171875,161884400,0.004348285550887053,57.294879828603385,0.16438027746025022
2012-02-16,3393.25,3393.25,3352.6298828125,3366.0,165232800,0.0008549744910228929,57.34388643603745,0.1639882455945777
2012-02-17,3439.6201171875,3450.760009765625,3422.2099609375,3425.830078125,192343600,0.013572870041266758,58.12751355871504,0.15720490040703455
2012-02-20,3472.5400390625,3472.929931640625,3452.699951171875,3463.56005859375,139267800,0.009525291670257641,58.68384046108982,0.15889880515048602
2012-02-21,3465.239990234375,3478.010009765625,3440.340087890625,3476.1201171875,143283200,-0.002104434413143065,58.560474021547336,0.15915965433965368
2012-02-22,3447.3701171875,3478.030029296875,3443.590087890625,3472.760009765625,174313200,-0.005170236011086262,58.258483902744885,0.15939095512643262
2012-02-23,3447.31005859375,3468.5400390625,3425.02001953125,3437.77001953125,161449400,-1.7421719998753907e-05,58.25746894859193,0.15857717389303452
2012-02-24,3467.030029296875,3474.550048828125,3451.10009765625,3464.9599609375,131628200,0.005704094366484607,58.590724606301194,0.1518041096723081
2012-02-27,3441.449951171875,3452.06005859375,3412.169921875,3452.010009765625,122436800,-0.007405448115817034,58.15843665374098,0.1458313977610197
2012-02-28,3453.989990234375,3462.5400390625,3425.72998046875,3455.340087890625,144284000,0.0036372016850701456,58.37035578021366,0.1306028682839207
2012-02-29,3452.449951171875,3489.47998046875,3447.610107421875,3464.8798828125,168217200,-0.00044597190479916347,58.34433004526721,0.12818602922137926
2012-03-01,3499.72998046875,3500.010009765625,3431.929931640625,3444.530029296875,199114600,0.013601707287601628,59.14333413594504,0.11718995292785386
2012-03-02,3501.169921875,3514.14990234375,3493.7900390625,3504.719970703125,140367000,0.0004113589528892479,59.16766828063656,0.11724216330631299
2012-03-05,3487.5400390625,3499.25,3462.659912109375,3485.510009765625,119496400,-0.0039005482183155464,58.93733144953467,0.10809950167251928
2012-03-06,3362.56005859375,3475.429931640625,3362.56005859375,3475.429931640625,201021600,-0.03649402175607984,56.82524486387839,0.16731827673160757
2012-03-07,3392.330078125,3396.449951171875,3363.280029296875,3364.1298828125,151405800,0.00881441790298646,57.32834030901171,0.17031782745313173
2012-03-08,3478.360107421875,3478.360107421875,3410.93994140625,3415.60009765625,167386000,0.025043925258268675,58.782196119838794,0.1915490563440529
2012-03-09,3487.47998046875,3507.52001953125,3464.739990234375,3484.590087890625,139266200,0.0026184575421014642,58.936316495381725,0.1912653195002882
2012-03-12,3490.06005859375,3493.8701171875,3467.610107421875,3473.3701171875,126652200,0.000739538068759598,58.979918265659805,0.18218096623758737
2012-03-13,3550.159912109375,3550.580078125,3508.590087890625,3508.590087890625,144632400,0.017073703305027492,59.995569683864325,0.1898595279153065
2012-03-14,3564.510009765625,3585.97998046875,3561.919921875,3565.64990234375,193729400,0.004033951616440004,60.23807771314187,0.1890900908557388
2012-03-15,3580.2099609375,3581.3798828125,3554.449951171875,3559.10009765625,166627400,0.004394847245576662,60.503397455881526,0.189095607246474
2012-03-16,3594.830078125,3600.47998046875,3574.919921875,3581.449951171875,216965200,0.004075276888211687,60.75046865301748,0.18905135021183753
2012-03-19,3577.8798828125,3581.47998046875,3563.280029296875,3581.47998046875,118717800,-0.004726310406415876,60.46402053541085,0.1864590353472914
2012-03-20,3530.830078125,3566.3701171875,3524.02001953125,3563.97998046875,130689600,-0.013237420568873448,59.66890710231936,0.19130405324710759
2012-03-21,3527.3701171875,3565.300048828125,3504.0,3546.760009765625,134489800,-0.0009804089198096498,59.61043584111753,0.19112911714062747
2012-03-22,3472.4599609375,3518.590087890625,3457.18994140625,3514.610107421875,142925200,-0.01568931874022785,58.682487188885865,0.1986277952207811
2012-03-23,3476.179931640625,3490.89990234375,3432.56005859375,3473.340087890625,121675600,0.001070704804398484,58.74535245892062,0.1986385228153055
2012-03-26,3501.97998046875,3509.550048828125,3457.800048828125,3495.760009765625,110539600,0.007394547191165359,59.18135778421178,0.1992928193881695
2012-03-27,3469.590087890625,3535.60009765625,3465.14990234375,3515.72998046875,156349800,-0.00929206055792779,58.633988058528296,0.2003375195495076
2012-03-28,3430.14990234375,3484.64990234375,3430.14990234375,3456.070068359375,145509600,-0.01143249315984674,57.96747261727987,0.20402520760788134
2012-03-29,3381.1201171875,3435.409912109375,3374.68994140625,3426.080078125,158467800,-0.014396913316970673,57.13889870378003,0.20976812683482263
2012-03-30,3423.81005859375,3430.320068359375,3396.2900390625,3407.31005859375,151574200,0.01254693298610504,57.860333066694956,0.2088732996094628
2012-04-02,3462.909912109375,3462.909912109375,3397.97998046875,3439.169921875,157446000,0.011355267475903161,58.52109710107667,0.21322935097936718
2012-04-03,3406.780029296875,3473.199951171875,3406.780029296875,3464.320068359375,139988000,-0.016341678419721766,57.5725358027143,0.2199613153874204
2012-04-04,3313.469970703125,3395.340087890625,3310.5,3392.10009765625,225598400,-0.02777160246254042,55.99565187039573,0.20376361275743524
2012-04-05,3319.81005859375,3338.77001953125,3279.31005859375,3326.31005859375,181386200,0.0019116002319496776,56.102795546810526,0.20108778942456754
2012-04-10,3217.60009765625,3292.280029296875,3217.60009765625,3274.85009765625,196653400,-0.031271799637927755,54.375508611679955,0.20369644949461388
2012-04-11,3237.68994140625,3270.909912109375,3205.43994140625,3214.6298828125,200455400,0.0062243240780202064,54.71501490167265,0.20548330770250767
2012-04-12,3269.7900390625,3277.989990234375,3209.830078125,3248.219970703125,202679800,0.00986568014503746,55.25748726727664,0.2102541408901014
2012-04-13,3189.090087890625,3267.5400390625,3180.18994140625,3264.739990234375,189477800,-0.024990137407318435,53.893706574609205,0.20988139136603642
2012-04-16,3205.280029296875,3246.080078125,3182.52001953125,3183.18994140625,184440000,0.005063821988758463,54.16730685793819,0.21047605823387605
2012-04-17,3292.510009765625,3292.510009765625,3196.469970703125,3204.739990234375,185359600,0.026850735611072398,55.641441122674884,0.23601033228860704
2012-04-18,3240.2900390625,3291.510009765625,3226.330078125,3277.070068359375,176188600,-0.015987350775582543,54.758954990001726,0.23760010172291368
2012-04-19,3174.02001953125,3280.239990234375,3174.02001953125,3252.93994140625,230817200,-0.020663914591820664,53.639031472985884,0.2437504378594082
2012-04-20,3188.580078125,3203.68994140625,3155.360107421875,3177.93994140625,215871600,0.004576771692662306,53.88508771596888,0.24462270608713302
2012-04-23,3098.3701171875,3157.85009765625,3088.360107421875,3157.85009765625,198135600,-0.02869949655062353,52.360593571594215,0.2575924740028773
2012-04-24,3169.320068359375,3176.659912109375,3107.300048828125,3114.7099609375,175301400,0.022640870829388673,53.55960512177248,0.27348548251870175
2012-04-25,3233.4599609375,3253.56005859375,3174.02001953125,3177.219970703125,202076400,0.020035683844422805,54.64353077299759,0.2858337228748486
2012-04-26,3229.320068359375,3256.929931640625,3189.8798828125,3240.5400390625,251400200,-0.0012811493275671252,54.57356907555195,0.2832559425654146
2012-04-27,3266.27001953125,3282.64990234375,3172.800048828125,3195.409912109375,203374400,0.01137705712027274,55.19800105192185,0.2872821761715521
2012-04-30,3212.800048828125,3273.06005859375,3209.31005859375,3270.780029296875,149105600,-0.016505820770407027,54.29439067021161,0.2897134651176975
2012-05-02,3226.330078125,3267.070068359375,3208.419921875,3265.1201171875,178449000,0.0042024462753294314,54.52304003688847,0.287746900869217
2012-05-03,3223.360107421875,3273.719970703125,3207.5400390625,3242.449951171875,185129400,-0.000920965450310178,54.47284931627598,0.28277061110653723
2012-05-04,3161.969970703125,3229.419921875,3153.919921875,3210.89990234375,202082000,-0.019229085287383305,53.43539288710253,0.28322796750226487
2012-05-07,3214.219970703125,3219.409912109375,3104.489990234375,3112.469970703125,172284600,0.016389464576005378,54.31838649685217,0.28838490920158305
2012-05-08,3124.800048828125,3190.179931640625,3111.110107421875,3190.179931640625,179565000,-0.02821440962057905,52.8072435380017,0.2888722699531147
2012-05-09,3118.64990234375,3146.590087890625,3075.8798828125,3138.010009765625,192860000,-0.0019701122045371025,52.70330975724137,0.2883885017193142
2012-05-10,3130.169921875,3145.06005859375,3073.3798828125,3136.159912109375,192713200,0.0036871066557515133,52.89799116643342,0.27001169208042275
2012-05-11,3129.77001953125,3134.6201171875,3077.409912109375,3107.60009765625,168826000,-0.00012776555303628688,52.891233057073514,0.26867111824282347
2012-05-14,3057.989990234375,3098.159912109375,3038.969970703125,3093.360107421875,168076400,-0.023201691467593884,51.67819368526908,0.27520779440830134
2012-05-15,3039.27001953125,3098.800048828125,3020.81005859375,3079.830078125,202779800,-0.006140472767586162,51.36183742678947,0.26390762090534925
2012-05-16,3048.669921875,3081.739990234375,2998.030029296875,3017.419921875,216215400,0.0030880428861043635,51.5206901292163,0.2633018527618826
2012-05-17,3011.989990234375,3059.22998046875,3002.679931640625,3054.580078125,147999600,-0.012104417678614855,50.900821320704814,0.24256473245653629
2012-05-18,3008.0,3031.830078125,2970.10009765625,2980.860107421875,201902000,-0.0013255805491714072,50.833392882811665,0.23890803707243385
2012-05-21,3027.14990234375,3043.429931640625,2984.719970703125,2997.18994140625,156823200,0.00634614447797403,51.157014727727656,0.23276093964923292
2012-05-22,3084.090087890625,3093.919921875,3032.0,3051.610107421875,191600800,0.01863511608715466,52.1192696554951,0.24283733400250665
2012-05-23,3003.27001953125,3053.739990234375,2994.14990234375,3050.199951171875,195900400,-0.0265549650999607,50.75345905452176,0.23991648486316056
2012-05-24,3038.25,3053.110107421875,2987.89990234375,3028.840087890625,165411800,0.011579990216011204,51.34459970950882,0.22869952098012994
2012-05-25,3047.93994140625,3070.840087890625,3016.27001953125,3044.659912109375,152114600,0.0031842415984543473,51.508353897845026,0.21528764792514377
2012-05-28,3042.969970703125,3087.760009765625,3034.090087890625,3068.340087890625,80145000,-0.0016319308207942485,51.42436437877323,0.21525961305025476
2012-05-29,3084.699951171875,3099.840087890625,3036.8798828125,3058.9599609375,144484800,0.013620389520633217,52.12957597856046,0.21725621968496087
2012-05-30,3015.580078125,3078.830078125,3006.280029296875,3051.25,112349000,-0.02266218300586139,50.961491649238035,0.2231440400005425
2012-05-31,3017.010009765625,3042.75,2986.219970703125,3028.929931640625,122421200,0.00047406889796007084,50.985656634904075,0.22199503769531564
2012-06-01,2950.469970703125,3028.300048828125,2922.260009765625,3028.300048828125,250825600,-0.02230180819350735,49.86116995002984,0.23139284475456354
2012-06-04,2954.489990234375,2987.14990234375,2927.010009765625,2928.909912109375,145514000,0.001361574059400055,49.929105864999464,0.2254737484741043
2012-06-05,2986.10009765625,2997.739990234375,2957.010009765625,2972.31005859375,138917800,0.01064217705300457,50.46329769001411,0.21998408428561508
2012-06-06,3058.43994140625,3065.780029296875,3001.56005859375,3006.3798828125,220919200,0.02393674201240542,51.68579758975645,0.22035720656939375
2012-06-07,3071.159912109375,3104.739990234375,3063.449951171875,3071.409912109375,208263000,0.004150348886053884,51.9007574528581,0.22104436393454205
2012-06-08,3051.68994140625,3062.77001953125,3017.5,3043.81005859375,201185600,-0.00635979545278492,51.57172664495625,0.22125411367588324
2012-06-11,3042.760009765625,3122.409912109375,3040.110107421875,3110.9599609375,223674000,-0.0029305148464464415,51.42081616506778,0.22129453566694993
2012-06-12,3046.909912109375,3069.449951171875,3015.389892578125,3044.10009765625,184617400,0.0013629319944722116,51.4909470215389,0.2065936038287223
2012-06-13,3030.0400390625,3072.929931640625,3014.27001953125,3056.199951171875,180674400,-0.005552099825745057,51.205856301966115,0.20638941213089373
2012-06-14,3032.449951171875,3035.8701171875,2993.7099609375,3022.39990234375,158485200,0.0007950239060820362,51.24658236881082,0.20608948498944016
2012-06-15,3087.6201171875,3095.840087890625,3048.0400390625,3049.840087890625,286583400,0.018029747997468613,52.17892502987539,0.21064360696507486
2012-06-18,3066.18994140625,3129.2900390625,3054.3798828125,3120.820068359375,207724400,-0.006964876136157217,51.81676793378629,0.21238773611321118
2012-06-19,3117.919921875,3119.590087890625,3052.64990234375,3064.199951171875,169850800,0.016730358363507985,52.69097352587012,0.21868801598949086
2012-06-20,3126.52001953125,3131.199951171875,3100.510009765625,3126.639892578125,145760000,0.0027544834042723433,52.83631000957713,0.20965729673903427
2012-06-21,3114.219970703125,3153.280029296875,3099.739990234375,3111.030029296875,171797000,-0.003941860988971292,52.628446573886364,0.18598193205715874
2012-06-22,3090.89990234375,3113.760009765625,3075.139892578125,3090.409912109375,139216800,-0.007516431149986907,52.23435142861837,0.1849973930141344
2012-06-25,3021.639892578125,3075.010009765625,3007.090087890625,3072.610107421875,153082200,-0.02266258424500413,51.06389887293905,0.2017413906817566
2012-06-26,3012.7099609375,3035.989990234375,3003.840087890625,3027.139892578125,139410000,-0.0029597018323850367,50.912988393050576,0.2018948746627886
2012-06-27,3063.1201171875,3063.1201171875,3010.14990234375,3022.260009765625,143068400,0.01659404965312479,51.764889748748764,0.2047534505937761
2012-06-28,3051.679931640625,3071.159912109375,3021.070068359375,3065.9599609375,152627000,-0.0037418063725600916,51.57155748593076,0.1886105913981651
2012-06-29,3196.64990234375,3196.64990234375,3112.2900390625,3138.550048828125,233703600,0.046411119654339486,54.02146289715473,0.24655488807094436
2012-07-02,3240.199951171875,3251.860107421875,3191.179931640625,3197.0400390625,214002000,0.013531685324954407,54.757432558772315,0.23145659556781664
2012-07-03,3271.199951171875,3271.199951171875,3241.929931640625,3243.530029296875,148291200,0.009521833916922818,55.281313934891706,0.23180589809439364
2012-07-04,3267.75,3267.75,3245.419921875,3263.570068359375,101865600,-0.0010552004581006558,55.223011832715365,0.2316641239266029
2012-07-05,3229.360107421875,3288.510009765625,3209.64990234375,3262.639892578125,176320200,-0.011817666232484482,54.57424571165394,0.2265143060125557
2012-07-06,3168.7900390625,3227.06005859375,3168.7900390625,3214.050048828125,159133600,-0.01893418457193405,53.550647945081174,0.23831800909164996
2012-07-09,3156.800048828125,3175.989990234375,3139.050048828125,3167.280029296875,128499200,-0.0037909521252901548,53.34802431335077,0.23741628350879693
2012-07-10,3175.409912109375,3204.6201171875,3152.27001953125,3166.590087890625,141532600,0.005877858433535606,53.66251982254998,0.23725327043594088
2012-07-11,3157.25,3176.830078125,3144.929931640625,3154.9599609375,125155800,-0.005735334643208573,53.355628217838145,0.2387748251282134
2012-07-12,3135.179931640625,3159.47998046875,3118.47998046875,3144.02001953125,150126800,-0.007014828643538267,52.98265732160722,0.23938710882069336
2012-07-13,3180.81005859375,3181.47998046875,3137.050048828125,3148.340087890625,150635200,0.014449332858766041,53.75377905388806,0.24342990401355744
2012-07-16,3179.89990234375,3183.260009765625,3155.6298828125,3176.27001953125,121651800,-0.00028618071309684457,53.73839796005795,0.23666811074023264
2012-07-17,3176.969970703125,3203.389892578125,3166.760009765625,3187.449951171875,237617000,-0.000921815895751601,53.68888387554742,0.23489532830871906
2012-07-18,3235.39990234375,3235.39990234375,3192.429931640625,3195.239990234375,168883200,0.01822463457926306,54.676314617303966,0.2361545295665606
2012-07-19,3263.639892578125,3267.75,3237.60009765625,3246.68994140625,210156600,0.00869056625684068,55.15355348651633,0.23736129095477745
2012-07-20,3193.889892578125,3261.780029296875,3192.68994140625,3258.590087890625,219491400,-0.021603527994617844,53.97482039024767,0.25049494260354804
2012-07-23,3101.530029296875,3162.97998046875,3087.360107421875,3159.679931640625,204753200,-0.02934402842281319,52.41399418786118,0.2706679867238184
2012-07-24,3074.679931640625,3119.75,3074.679931640625,3114.090087890625,152292600,-0.008694738999510798,51.960243668212904,0.2599381172062612
2012-07-25,3081.739990234375,3113.06005859375,3065.469970703125,3066.919921875,152737000,0.002293560796127752,52.07955441697346,0.2596102443220594
2012-07-26,3207.1201171875,3207.1201171875,3071.800048828125,3094.909912109375,271658800,0.03987900533275854,54.198403237819534,0.28811076449616385
2012-07-27,3280.18994140625,3280.18994140625,3193.719970703125,3224.97998046875,221471800,0.02252795498614285,55.43323936893313,0.2955736292842571
2012-07-30,3320.7099609375,3330.68994140625,3288.75,3299.31005859375,176840200,0.012277274038262152,56.11800335578528,0.2537347913795462
2012-07-31,3291.659912109375,3334.820068359375,3291.659912109375,3318.840087890625,166607200,-0.008786633623409817,55.627074982997726,0.25252297063032086
2012-08-01,3321.56005859375,3328.5,3296.6201171875,3298.699951171875,133694800,0.009042599628523083,56.13236949546244,0.2523185998382202
2012-08-02,3232.4599609375,3374.840087890625,3232.4599609375,3315.75,264425000,-0.027191124548504423,54.62663137376794,0.27025146043057646
2012-08-03,3374.18994140625,3374.18994140625,3238.39990234375,3244.60009765625,178642800,0.042911832975021366,57.02178289652099,0.3056044151578553
2012-08-06,3401.56005859375,3416.31005859375,3358.199951171875,3365.3701171875,143402200,0.008078888995144754,57.484321433835085,0.2963770533623799
2012-08-07,3453.280029296875,3453.280029296875,3398.590087890625,3400.3701171875,171331800,0.015090345362555166,58.35835786689342,0.297838151452547
2012-08-08,3438.260009765625,3452.489990234375,3420.820068359375,3439.1201171875,131818400,-0.0043589802072368155,58.10452856039756,0.29925152824132817
2012-08-09,3456.7099609375,3464.2900390625,3421.60009765625,3454.25,121509600,0.005351726051201357,58.41632165101878,0.297264269064869
2012-08-10,3435.6201171875,3442.239990234375,3413.510009765625,3438.030029296875,114694000,-0.006119819954253668,58.05991596179641,0.2968503356685482
2012-08-13,3426.409912109375,3453.570068359375,3410.93994140625,3429.530029296875,88928400,-0.002684398223128045,57.904269029194154,0.29544139365946137
2012-08-14,3450.27001953125,3459.260009765625,3432.14990234375,3444.330078125,90552800,0.006939454332512287,58.30749051017895,0.2953220593184289
2012-08-15,3449.199951171875,3463.030029296875,3424.340087890625,3436.300048828125,61739600,-0.0003101885717304717,58.289406997770854,0.2952041788914143
2012-08-16,3480.489990234375,3480.489990234375,3438.169921875,3459.780029296875,109118400,0.009030779726558238,58.81818985979963,0.2912807829692741
2012-08-17,3488.3798828125,3501.909912109375,3475.389892578125,3491.60009765625,144554400,0.002264325806888489,58.95152430435648,0.2906815941844836
2012-08-20,3480.580078125,3505.60009765625,3458.929931640625,3484.469970703125,114608000,-0.0022384424614415475,58.819712291029056,0.27731898109970937
2012-08-21,3513.280029296875,3523.85009765625,3491.56005859375,3491.56005859375,107936200,0.009351113391450897,59.3723218206729,0.24953607834517202
2012-08-22,3461.64990234375,3500.5400390625,3461.64990234375,3484.530029296875,99352000,-0.014804756602142425,58.49980369301411,0.2548900980221499
2012-08-23,3432.56005859375,3495.800048828125,3415.35009765625,3485.949951171875,112876400,-0.008438970252915255,58.008202809954476,0.25934076432889525
2012-08-24,3433.2099609375,3442.330078125,3396.81005859375,3432.10009765625,107574600,0.00018931666625670126,58.019185769121805,0.22673669303502605
2012-08-27,3462.830078125,3462.830078125,3414.68994140625,3422.550048828125,79701800,0.008590524177953885,58.51974795470263,0.21671998006435222
2012-08-28,3431.550048828125,3455.659912109375,3421.050048828125,3440.0,85575000,-0.00907412801533917,57.99113425169933,0.2173029978818709
2012-08-29,3413.889892578125,3434.1201171875,3403.419921875,3427.39990234375,98265400,-0.0051596962593748194,57.69268822077244,0.21548192295802363
2012-08-30,3379.110107421875,3414.0400390625,3372.159912109375,3405.1298828125,121919400,-0.01023997911523014,57.10493074629524,0.21758663794639946
2012-08-31,3413.070068359375,3433.780029296875,3371.739990234375,3377.889892578125,159808000,0.009999806556029075,57.67883368400164,0.19414289726430453
2012-09-03,3453.7099609375,3453.7099609375,3394.030029296875,3401.9599609375,77359400,0.011836804705569342,58.365623453329796,0.13305227537446107
2012-09-04,3399.0400390625,3458.56005859375,3397.7900390625,3458.56005859375,90892600,-0.015955953959875195,57.44173461770996,0.14287623903069946
2012-09-05,3405.7900390625,3426.389892578125,3372.800048828125,3399.22998046875,137866600,0.0019838856037235,57.55580556251015,0.13220905309342548
2012-09-06,3509.8798828125,3509.8798828125,3411.510009765625,3412.8798828125,214895200,0.03010487956348651,59.314861387794124,0.1688765433317133
2012-09-07,3519.050048828125,3561.909912109375,3515.22998046875,3519.64990234375,242138600,0.002609265224593653,59.46983168429443,0.16824841558540193
2012-09-10,3506.050048828125,3528.02001953125,3503.47998046875,3513.659912109375,139082000,-0.003701019105290218,59.25013949430886,0.16719100002667883
2012-09-11,3537.300048828125,3537.43994140625,3477.3701171875,3492.1298828125,144834400,0.008873676481812663,59.77824572023569,0.16879745264593157
2012-09-12,3543.7900390625,3575.409912109375,3525.8798828125,3546.18994140625,212529600,0.0018330488585952935,59.887922656202974,0.16765344259082027
2012-09-13,3502.090087890625,3540.929931640625,3494.110107421875,3540.919921875,155258400,-0.01183682870069936,59.18321853349221,0.17367229224301992
2012-09-14,3581.580078125,3588.02001953125,3555.669921875,3573.300048828125,230404600,0.022444107415252806,60.526551613224534,0.18742645740779135
2012-09-17,3553.68994140625,3573.97998046875,3552.6298828125,3558.570068359375,142076400,-0.00781758186682279,60.05522505824463,0.19005135443529103
2012-09-18,3512.68994140625,3538.449951171875,3500.340087890625,3533.77001953125,167406800,-0.011604374735696104,59.36234968982864,0.19470223760778324
2012-09-19,3531.820068359375,3540.320068359375,3503.72998046875,3528.669921875,155636400,0.0054312291279367975,59.685637342523556,0.1929062734705251
2012-09-20,3509.919921875,3520.93994140625,3486.360107421875,3501.010009765625,137676200,-0.006220115234052813,59.31553802389611,0.18665531469261662
2012-09-21,3530.719970703125,3540.8798828125,3504.610107421875,3528.4599609375,234806800,0.005908584918029848,59.66704635303897,0.18444737437358383
2012-09-24,3497.219970703125,3514.070068359375,3483.5400390625,3501.340087890625,106334400,-0.009533449063068264,59.10091647884542,0.18824930318900424
2012-09-25,3513.81005859375,3520.2900390625,3474.090087890625,3490.159912109375,122937000,0.004732576749977073,59.381278997364205,0.18672640978519722
2012-09-26,3414.840087890625,3472.7099609375,3414.840087890625,3471.739990234375,163388200,-0.028570270001819748,57.70874595070453,0.2103045607622946
2012-09-27,3439.320068359375,3447.4599609375,3421.31005859375,3437.409912109375,114155800,0.007143131762362541,58.12244291378017,0.21098986258279814
2012-09-28,3354.820068359375,3459.580078125,3354.820068359375,3457.4599609375,157124800,-0.02487565920831545,56.694443678874066,0.22581895645387912
2012-10-01,3434.97998046875,3438.929931640625,3348.070068359375,3348.070068359375,161579200,0.02361295946100897,58.049098035824684,0.23825682562122968
2012-10-02,3414.22998046875,3450.800048828125,3392.3701171875,3411.25,137533200,-0.006059111518236219,57.69843550180928,0.2353906752797636
2012-10-03,3406.02001953125,3420.739990234375,3387.949951171875,3396.7900390625,118791200,-0.0024075260886434564,57.559692094266566,0.2288027987303643
2012-10-04,3401.199951171875,3432.43994140625,3387.47998046875,3422.110107421875,111079600,-0.001416163774839528,57.47823583474724,0.22875277664307297
2012-10-05,3457.0400390625,3461.840087890625,3410.39990234375,3410.39990234375,143091000,0.016284446724662727,58.42189977303012,0.21003034185533787
2012-10-08,3406.530029296875,3429.860107421875,3404.969970703125,3429.320068359375,123548600,-0.014718556411912324,57.568310952906884,0.21508371466548787
2012-10-09,3382.780029296875,3427.419921875,3377.919921875,3420.22998046875,185969000,-0.006996321179091839,57.166950221202505,0.2158011737629015
2012-10-10,3365.8701171875,3387.3798828125,3365.8701171875,3370.919921875,140022200,-0.005011356977031125,56.88118286552775,0.2125614753558029
2012-10-11,3413.719970703125,3423.97998046875,3351.43994140625,3352.85009765625,141013400,0.01411608886533787,57.68981664316895,0.2197554798899141
2012-10-12,3389.080078125,3419.0,3389.080078125,3401.260009765625,173790200,-0.007244076013621518,57.273417261515334,0.2176734223352614
2012-10-15,3420.280029296875,3439.52001953125,3387.760009765625,3387.760009765625,125729400,0.009163906452206156,57.800677692314686,0.20362755991604484
2012-10-16,3500.93994140625,3500.93994140625,3428.969970703125,3443.60009765625,163753600,0.023309059494609003,59.163781748880155,0.22063497691864517
2012-10-17,3527.5,3530.7900390625,3494.35009765625,3503.820068359375,229314400,0.007557917616319265,59.61263078261905,0.21869240275825416
2012-10-18,3535.179931640625,3542.580078125,3508.39990234375,3527.760009765625,184827000,0.002174793348121775,59.74241701347045,0.21800083015130922
2012-10-19,3504.56005859375,3537.919921875,3496.760009765625,3527.7900390625,219409800,-0.008699203717354638,59.224959554489864,0.21906512882351167
2012-10-22,3483.25,3519.050048828125,3475.820068359375,3498.3798828125,134746600,-0.006099228364035085,58.86483236670668,0.21888316827954302
2012-10-23,3406.5,3492.02001953125,3391.300048828125,3485.93994140625,161423000,-0.02228039477997826,57.56780347583042,0.22959740513075655
2012-10-24,3426.489990234375,3433.760009765625,3388.7099609375,3421.830078125,123443600,0.005851039527974755,57.90562230139808,0.22999705371635146
2012-10-25,3411.530029296875,3457.300048828125,3408.929931640625,3427.830078125,132274000,-0.0043755311515537255,57.65280794905519,0.2079287924203029
2012-10-26,3435.090087890625,3446.739990234375,3382.360107421875,3384.679931640625,141176000,0.006882272182551287,58.05095878510511,0.20781708107575617
2012-10-29,3408.889892578125,3421.340087890625,3394.889892578125,3419.3798828125,101421800,-0.007656458194808018,57.608191224624164,0.18967666294714813
2012-10-30,3459.43994140625,3461.969970703125,3414.7099609375,3414.7099609375,79154400,0.014720015726471193,58.46245668084935,0.17834000250652166
2012-10-31,3429.27001953125,3484.780029296875,3429.27001953125,3459.340087890625,118320800,-0.008759293088346842,57.95260312635613,0.17979969204612647
2012-11-01,3475.39990234375,3484.169921875,3413.68994140625,3420.47998046875,112130000,0.013362135972858789,58.7321704324219,0.18512752044086989
2012-11-02,3492.4599609375,3502.639892578125,3457.929931640625,3480.6298828125,164708800,0.004896795578034388,59.02047517347905,0.18539791249954285
2012-11-05,3448.5,3473.570068359375,3448.5,3469.89990234375,103696800,-0.012666993895558601,58.27757824347606,0.182947434433366
2012-11-06,3478.659912109375,3480.5,3446.7099609375,3455.830078125,100138600,0.008707783006589736,58.787262638943794,0.1773014591390478
2012-11-07,3409.590087890625,3515.8701171875,3409.590087890625,3513.419921875,186738000,-0.02005506165576227,57.62002410474882,0.1900338654281609
2012-11-08,3407.679931640625,3440.77001953125,3400.239990234375,3433.800048828125,194507600,-0.0005603874555402022,57.58774361168905,0.18906703385780496
2012-11-09,3423.570068359375,3432.93994140625,3374.080078125,3410.97998046875,196468200,0.0046521984637834,57.85627737591306,0.18328878713387242
2012-11-12,3411.64990234375,3428.5,3403.969970703125,3424.550048828125,105320800,-0.0034878696372657443,57.6548337315312,0.18183894825861693
2012-11-13,3430.60009765625,3434.27001953125,3374.10009765625,3391.570068359375,134343200,0.005539184848804066,57.975080647597146,0.180041325000003
2012-11-14,3400.02001953125,3436.260009765625,3394.72998046875,3424.679931640625,142418200,-0.008953881757610187,57.45829569888864,0.1614664491132086
2012-11-15,3382.39990234375,3400.52001953125,3374.469970703125,3379.320068359375,137885400,-0.0051958318803072626,57.16052630406372,0.15857673056513547
2012-11-16,3341.52001953125,3392.530029296875,3341.52001953125,3379.52001953125,164486000,-0.012159688689877851,56.46968084395364,0.16156789407939065
2012-11-19,3439.580078125,3444.090087890625,3369.530029296875,3375.419921875,124613000,0.028923594489597727,58.12683692261309,0.19335394039716344
2012-11-20,3462.06005859375,3463.77001953125,3415.659912109375,3424.7099609375,108347200,0.0065144109292805934,58.50673508722941,0.19400916439476942
2012-11-21,3477.360107421875,3483.989990234375,3444.550048828125,3454.010009765625,106637800,0.004409611539328485,58.765296720609165,0.17719406613268687
2012-11-22,3498.219970703125,3499.6201171875,3480.989990234375,3489.080078125,125237600,0.0059808432354604025,59.1178158780751,0.17723958767191594
2012-11-23,3528.800048828125,3528.800048828125,3481.64990234375,3505.35009765625,187965800,0.008703624319937202,59.634600826783604,0.1780430420485005
2012-11-26,3500.93994140625,3522.02001953125,3494.27001953125,3513.93994140625,107463200,-0.007926396517113844,59.16378174888018,0.17989762515031738
2012-11-27,3502.1298828125,3530.7900390625,3491.06005859375,3521.169921875,118886400,0.0003398342291509566,59.183891043764305,0.17721572640288116
2012-11-28,3515.18994140625,3519.719970703125,3479.159912109375,3489.530029296875,111925800,0.0037222398294215137,59.40459818790281,0.17068505589646385
2012-11-29,3568.8798828125,3568.93994140625,3532.77001953125,3536.800048828125,136953400,0.015158227056197411,60.31192594234398,0.1739531781452503
2012-11-30,3557.280029296875,3584.72998046875,3557.280029296875,3568.050048828125,261395000,-0.003255572118509534,60.115895386777886,0.16962788216631747
2012-12-03,3566.590087890625,3603.050048828125,3563.2900390625,3567.89990234375,122978400,0.002613765759607735,60.27322978380517,0.1691692582111749
2012-12-04,3580.47998046875,3596.89990234375,3563.02001953125,3563.030029296875,148535400,0.0038868822979134664,60.507960623739976,0.16188033874089064
2012-12-05,3590.5,3607.10009765625,3575.10009765625,3602.2099609375,126952800,0.002794604385941006,60.677292934087546,0.15998052483035796
2012-12-06,3601.64990234375,3621.449951171875,3585.330078125,3598.1298828125,157769800,0.0031005781102141465,60.865719585166275,0.13944929662991265
2012-12-07,3605.610107421875,3622.360107421875,3590.1201171875,3606.760009765625,120629200,0.0010989489684892335,60.93264467181283,0.13909204303426373
2012-12-10,3612.10009765625,3614.4599609375,3575.530029296875,3587.320068359375,106222200,0.001798352053231139,61.04232160778012,0.1389356300954323
2012-12-11,3646.14990234375,3648.929931640625,3609.0,3618.969970703125,116762600,0.009382441903058933,61.61774285088606,0.13903854982671737
2012-12-12,3646.659912109375,3652.0400390625,3636.02001953125,3646.419921875,101235800,0.00013986646558242693,61.62636170952638,0.13913511962359643
2012-12-13,3643.1298828125,3659.10009765625,3633.35009765625,3654.219970703125,105850400,-0.0009684859706803546,61.566706335146094,0.1331792369990577
2012-12-14,3643.280029296875,3652.9599609375,3631.8798828125,3643.699951171875,182944400,4.121274707498525e-05,61.569243720528476,0.1301771891200164
2012-12-17,3638.10009765625,3639.8701171875,3611.1201171875,3633.169921875,136648200,-0.0014227886538360237,61.481705987751226,0.11866819095574842
2012-12-18,3648.6298828125,3656.469970703125,3631.610107421875,3650.25,189095600,0.002890128360442164,61.659653030909226,0.07678825377075364
2012-12-19,3664.590087890625,3670.199951171875,3650.5,3661.6298828125,155859400,0.004364761481371904,61.92937090831167,0.075836638785679
2012-12-20,3666.72998046875,3674.570068359375,3652.080078125,3652.409912109375,156365400,0.000583767348565288,61.96553380729798,0.07591255439771238
2012-12-21,3661.39990234375,3667.02001953125,3637.889892578125,3650.25,274258800,-0.0014546901188054258,61.87545868913834,0.07601735339606111
2012-12-27,3674.260009765625,3684.159912109375,3652.449951171875,3652.449951171875,55635000,0.003506193239730413,62.09278677859689,0.07243747088815472
2012-12-28,3620.25,3680.110107421875,3618.669921875,3677.0,49791000,-0.014808670276099284,61.18005006116986,0.08674029399120359
2013-01-02,3733.929931640625,3733.929931640625,3692.89990234375,3702.659912109375,90342600,0.030918195757230676,63.10117261036502,0.1333285599997048
2013-01-03,3721.169921875,3726.969970703125,3703.830078125,3724.300048828125,58745000,-0.003423166014288705,62.885536111161386,0.13516095252310306
2013-01-04,3730.02001953125,3731.1298828125,3696.5400390625,3713.320068359375,64316800,0.002375486838359172,63.03509744467583,0.12735740522418013
2013-01-07,3704.639892578125,3732.64990234375,3696.510009765625,3731.489990234375,82577200,-0.0068275417692256965,62.60618854679556,0.12982817774944594
2013-01-08,3705.8798828125,3731.239990234375,3692.89990234375,3694.2099609375,90902400,0.0003346567537855004,62.62714363680715,0.12991759066978004
2013-01-09,3717.449951171875,3730.050048828125,3703.530029296875,3722.090087890625,130148400,0.0031172204353170896,62.82267084112666,0.12979092629021657
2013-01-10,3703.1201171875,3727.35009765625,3694.070068359375,3716.080078125,140769400,-0.00386219701856361,62.58050525572999,0.1311812714322008
2013-01-11,3706.02001953125,3714.449951171875,3683.820068359375,3708.8798828125,83582800,0.000782790563632989,62.62951186316405,0.1310640764199381
2013-01-14,3708.25,3730.0400390625,3704.169921875,3721.6298828125,29746400,0.0006015374487625668,62.667197193379785,0.13108789887280084
2013-01-15,3697.35009765625,3718.300048828125,3689.340087890625,3697.2099609375,103642200,-0.0029436939804891923,62.482995392108464,0.1319041498747403
2013-01-16,3708.489990234375,3715.14990234375,3680.610107421875,3694.429931640625,90940200,0.0030084098084066876,62.671252884161696,0.1286763707317534
2013-01-17,3744.110107421875,3754.169921875,3705.0400390625,3709.1201171875,97595600,0.0095591841670266,63.27321146512047,0.13215092824087113
2013-01-18,3741.580078125,3760.949951171875,3735.7099609375,3758.3798828125,100071000,-0.0006759642278801935,63.23045548996985,0.1320927630588457
2013-01-21,3763.030029296875,3763.419921875,3739.449951171875,3747.580078125,57381200,0.005716488738797303,63.592946778280044,0.13288830242721994
2013-01-22,3741.010009765625,3762.929931640625,3724.530029296875,3759.0,98266200,-0.005868860672521163,63.22082167717659,0.13501283652776835
2013-01-23,3726.169921875,3751.909912109375,3714.340087890625,3743.469970703125,96342200,-0.003974755547420661,62.970033107309696,0.13610214847267094
2013-01-24,3752.169921875,3752.419921875,3711.550048828125,3723.030029296875,79562200,0.006953442957203313,63.409417487280805,0.13719919449871426
2013-01-25,3778.159912109375,3782.60009765625,3745.02001953125,3745.81005859375,100132000,0.0069027769050169835,63.84863270822644,0.13862411954371015
2013-01-28,3780.889892578125,3789.1201171875,3771.110107421875,3784.580078125,83043200,0.0007223078714866779,63.89476773805701,0.13825883919340276
2013-01-29,3785.820068359375,3789.919921875,3762.85009765625,3780.199951171875,84269800,0.0013031228907608582,63.978084746856744,0.13807241965412156
2013-01-30,3765.52001953125,3793.260009765625,3759.260009765625,3787.330078125,96926400,-0.0053765550203102586,63.63502611732871,0.1275663039182162
2013-01-31,3732.60009765625,3761.219970703125,3725.679931640625,3755.110107421875,121568600,-0.008780903181706467,63.07869921495393,0.07828498101769708
2013-02-01,3773.530029296875,3786.25,3731.719970703125,3734.659912109375,108402400,0.010905842723892311,63.770390470191465,0.08580463064605226
2013-02-04,3659.909912109375,3778.360107421875,3659.909912109375,3778.360107421875,126058600,-0.030572377721272782,61.85027874931935,0.13772904797076888
2013-02-05,3694.699951171875,3710.81005859375,3654.219970703125,3654.219970703125,90120000,0.009460814157341717,62.438209508651944,0.1404329970642826
2013-02-06,3642.89990234375,3706.97998046875,3624.030029296875,3695.27001953125,130229600,-0.014119306151453537,61.56281980338968,0.1485258748358182
2013-02-07,3601.050048828125,3659.969970703125,3601.050048828125,3638.93994140625,102633000,-0.01155455777677219,60.85558242112642,0.15227856443296345
2013-02-08,3649.5,3653.56005859375,3608.110107421875,3614.9599609375,98615600,0.013364688747859241,61.674357488637376,0.16040865407344665
2013-02-11,3650.580078125,3676.429931640625,3634.820068359375,3660.280029296875,69192400,0.00029590857122719375,61.69261016007097,0.16036101402588807
2013-02-12,3686.580078125,3686.580078125,3639.530029296875,3645.27001953125,88558400,0.009813139723276756,62.300988532338664,0.16443887686560413
2013-02-13,3698.530029296875,3709.389892578125,3673.139892578125,3692.469970703125,89567200,0.003236231126567691,62.5029355279671,0.16457056802909978
2013-02-14,3669.60009765625,3710.090087890625,3657.659912109375,3691.5,112155000,-0.00785276041756375,62.01403706348546,0.16637248724808193
2013-02-15,3660.3701171875,3694.72998046875,3659.239990234375,3665.780029296875,103652600,-0.0025184236979448817,61.858055938662105,0.16238241156473054
2013-02-18,3667.0400390625,3669.35009765625,3640.830078125,3655.530029296875,65821000,0.0018205405661712506,61.97077361125836,0.16269012274639041
2013-02-19,3735.820068359375,3740.489990234375,3661.1298828125,3662.1201171875,100742000,0.018582549851462935,63.13311478537382,0.1749817618163425
2013-02-20,3709.8798828125,3743.64990234375,3701.75,3734.1298828125,119456600,-0.00696785813794118,62.69474123372578,0.17545961465485035
2013-02-21,3624.800048828125,3688.050048828125,3623.169921875,3687.280029296875,142011800,-0.023200371653443946,61.256943152830786,0.192235526241377
2013-02-22,3706.280029296875,3706.780029296875,3644.550048828125,3645.719970703125,107975400,0.022229558229510362,62.633905871996944,0.20721295445564322
2013-02-25,3721.330078125,3787.530029296875,3704.929931640625,3721.10009765625,133442600,0.00405246619223527,62.88824265556928,0.20614751614157698
2013-02-26,3621.919921875,3667.6201171875,3600.81005859375,3610.06005859375,162457200,-0.027076901860480486,61.20827073761783,0.22529704313375212
2013-02-27,3691.489990234375,3693.169921875,3619.469970703125,3641.89990234375,125396600,0.019025917539433324,62.383963097257514,0.23669276066433692
2013-02-28,3723.0,3728.1201171875,3685.06005859375,3711.719970703125,124268000,0.008499626948519233,62.91646333201724,0.23848296796404203
2013-03-01,3699.909912109375,3731.699951171875,3661.2099609375,3712.419921875,106514200,-0.006221323615367639,62.52625471850567,0.237531562598584
2013-03-04,3709.760009765625,3723.679931640625,3673.030029296875,3680.580078125,98922400,0.002658715857101529,62.69271545124976,0.2342729890188844
2013-03-05,3787.18994140625,3793.239990234375,3736.909912109375,3737.81005859375,112332600,0.02065711669704642,64.00123477836982,0.21899020145774895
2013-03-06,3773.760009765625,3809.0,3769.93994140625,3791.5400390625,90551200,-0.0035524493221214593,63.77427700194788,0.21776171813793563
2013-03-07,3793.780029296875,3802.179931640625,3779.820068359375,3783.0400390625,88515400,0.005291036752509228,64.11260330459203,0.21104932505770704
2013-03-08,3840.14990234375,3849.8701171875,3813.080078125,3813.699951171875,110423000,0.012148511646646036,64.89622630143974,0.20791291455946265
2013-03-11,3836.27001953125,3837.7900390625,3817.919921875,3830.68994140625,73777000,-0.0010108574523982122,64.83065861282701,0.20487822671205527
2013-03-12,3839.969970703125,3855.070068359375,3822.949951171875,3824.110107421875,84350200,0.0009640009856678427,64.89318556481076,0.20480579131376211
2013-03-13,3836.0400390625,3839.989990234375,3817.56005859375,3834.43994140625,83695200,-0.0010239517611351817,64.82677208107057,0.20330409349344608
2013-03-14,3871.580078125,3871.580078125,3849.68994140625,3855.300048828125,119993400,0.00922211795710943,65.42737738982541,0.20485415996639958
2013-03-15,3844.030029296875,3869.139892578125,3829.72998046875,3867.090087890625,198658000,-0.007141409566202237,64.96179811588235,0.2044296857984581
2013-03-18,3825.469970703125,3832.02001953125,3761.219970703125,3768.070068359375,122589000,-0.004839975180930549,64.64814427598071,0.20526295036523362
2013-03-19,3775.75,3819.3701171875,3763.989990234375,3813.3701171875,126794800,-0.013082289424191092,63.807906641381706,0.21190391066271833
2013-03-20,3829.56005859375,3834.8798828125,3785.81005859375,3798.1201171875,105949800,0.014150890922599618,64.71726430412879,0.20789190747393474
2013-03-21,3774.85009765625,3822.64990234375,3756.580078125,3821.43994140625,103805600,-0.014389256704490294,63.79269883240697,0.2130816750561726
2013-03-22,3770.2900390625,3790.919921875,3750.050048828125,3766.239990234375,95914400,-0.0012087407434000917,63.71563658172056,0.19465823519369352
2013-03-25,3727.97998046875,3837.02001953125,3719.43994140625,3823.8798828125,131724200,-0.011285405176033264,63.00062201011455,0.18487556845079908
2013-03-26,3748.639892578125,3765.010009765625,3732.139892578125,3735.320068359375,108932200,0.00552655211697639,63.34976211290052,0.18532474526692505
2013-03-27,3711.639892578125,3765.760009765625,3669.169921875,3763.02001953125,140480800,-0.009919280359654647,62.72448434140316,0.16130724319354514
2013-03-28,3731.419921875,3751.14990234375,3695.090087890625,3710.919921875,109480800,0.00531503880254509,63.05875495326539,0.14867669705861983
2013-04-02,3805.3701171875,3810.179931640625,3729.280029296875,3729.820068359375,129183200,0.019624420531602637,64.30846882696252,0.16071432190878793
2013-04-03,3754.9599609375,3806.300048828125,3752.7099609375,3789.580078125,113307000,-0.013335635561388441,63.45656747126432,0.16654921323402067
2013-04-04,3726.159912109375,3794.719970703125,3719.199951171875,3767.8798828125,124703400,-0.007699433130870347,62.9698639482842,0.16886598374229114
2013-04-05,3663.47998046875,3735.679931640625,3638.830078125,3727.6298828125,127796600,-0.016964679150829075,61.910610759801585,0.1616022192778275
2013-04-08,3666.780029296875,3694.27001953125,3663.159912109375,3677.2099609375,79621800,0.0009003907219322283,61.96637960242545,0.16165408624443642
2013-04-09,3670.719970703125,3701.929931640625,3655.919921875,3688.22998046875,97491000,0.0010739193962282906,62.03296224519113,0.1601175695801885
2013-04-10,3743.7099609375,3750.169921875,3685.280029296875,3685.280029296875,125566400,0.019689267786719342,63.266449229930686,0.17007917679102275
2013-04-11,3775.659912109375,3788.860107421875,3736.530029296875,3739.89990234375,101183000,0.008498090661848598,63.80638421015228,0.1733780972089711
2013-04-12,3729.300048828125,3773.639892578125,3718.110107421875,3765.64990234375,100063800,-0.012354617001350274,63.022930372330066,0.17779347599304984
2013-04-15,3710.47998046875,3747.669921875,3684.85009765625,3728.68994140625,103653000,-0.005059318536181641,62.70488252359553,0.17823704723492437
2013-04-16,3685.7900390625,3721.9599609375,3676.449951171875,3694.659912109375,107304000,-0.006676347145512745,62.28763734681444,0.17456204933700362
2013-04-17,3599.22998046875,3711.469970703125,3591.320068359375,3707.050048828125,156357600,-0.023764967625878302,60.82482435929606,0.18920529313524997
2013-04-18,3599.360107421875,3636.8798828125,3584.3798828125,3617.030029296875,132881000,3.6153455482306377e-05,60.827023426627456,0.1894050185974998
2013-04-19,3651.9599609375,3657.97998046875,3613.969970703125,3633.330078125,121170000,0.014507917349248936,61.715929350609535,0.1947569202458569
2013-04-22,3652.1298828125,3681.949951171875,3631.580078125,3673.47998046875,88581400,4.6527871005303036e-05,61.718800928213014,0.18634269729117875
2013-04-23,3783.050048828125,3783.050048828125,3655.070068359375,3655.64990234375,151079000,0.03522004854923964,63.93127308092418,0.22156698285546894
2013-04-24,3842.93994140625,3849.0400390625,3782.56005859375,3786.449951171875,141670400,0.015707107917058923,64.94337628542326,0.2279613365533918
2013-04-25,3840.469970703125,3854.409912109375,3825.610107421875,3835.25,98405200,-0.0006429360964631198,64.90163526442558,0.223730056118091
2013-04-26,3810.050048828125,3828.139892578125,3788.469970703125,3821.989990234375,92558000,-0.007952422087057343,64.38755686012495,0.2254749947844002
2013-04-29,3868.679931640625,3870.18994140625,3827.929931640625,3828.93994140625,86171400,0.015271020689920877,65.37836665656145,0.22730086888260834
2013-04-30,3856.75,3886.449951171875,3843.3701171875,3883.0,101008600,-0.0030884860077007173,65.17675797898401,0.22760808891609258
2013-05-02,3858.760009765625,3888.97998046875,3819.0400390625,3828.6201171875,118408600,0.0005210309645253909,65.21072593646882,0.21793286515657592
2013-05-03,3912.949951171875,3914.510009765625,3848.330078125,3873.949951171875,109438000,0.0139456618738484,66.12650339052482,0.21633710946525606
2013-05-06,3907.0400390625,3915.590087890625,3897.72998046875,3909.489990234375,47146400,-0.0015114886954850108,66.0266294263763,0.21390319551385392
2013-05-07,3921.320068359375,3940.580078125,3904.89990234375,3915.3798828125,105486400,0.0036482851937910407,66.26795334247541,0.20215971464385152
2013-05-08,3956.280029296875,3957.06005859375,3919.18994140625,3924.0,85164600,0.008875847978553,66.85875567941147,0.20288387765669083
2013-05-09,3928.580078125,3941.81005859375,3909.0,3927.1201171875,64145400,-0.0070261399058106355,66.39064314591592,0.20607916051579375
2013-05-10,3953.830078125,3971.919921875,3930.360107421875,3932.429931640625,94890400,0.006406691828111505,66.81735297646479,0.19768014886220422
2013-05-13,3945.199951171875,3961.659912109375,3933.320068359375,3948.330078125,75023600,-0.002185111426334793,66.67150901568128,0.19712748334891114
2013-05-14,3966.06005859375,3966.06005859375,3922.199951171875,3949.89990234375,89435600,0.005273535628891393,67.0240322989771,0.19018625796789498
2013-05-15,3982.22998046875,3983.050048828125,3950.570068359375,3959.0400390625,93773200,0.0040687856389996155,67.29729426425511,0.18796984785632062
2013-05-16,3979.070068359375,3984.280029296875,3957.77001953125,3967.699951171875,93967400,-0.0007938181593279963,67.24389364798814,0.18509261448463307
2013-05-17,4001.27001953125,4018.840087890625,3962.31005859375,3968.409912109375,148916000,0.005563674779020582,67.61905948572058,0.1559565872383645
2013-05-20,4022.85009765625,4022.85009765625,3993.1201171875,4005.7900390625,61728800,0.005378815331464787,67.98374984136217,0.15489015332834372
2013-05-21,4036.179931640625,4036.179931640625,3991.3798828125,4009.840087890625,87155000,0.0033080522325504317,68.20901602752917,0.1513159357084343
2013-05-22,4051.110107421875,4058.72998046875,4009.260009765625,4036.489990234375,92980000,0.0036922609850259945,68.46132702862549,0.15040825694349608
2013-05-23,3967.14990234375,3983.719970703125,3940.2900390625,3955.97998046875,127183600,-0.02094301600804414,67.04245000360629,0.13271953088770078
2013-05-24,3956.7900390625,3997.1298828125,3942.06005859375,3982.260009765625,60558800,-0.0026148277903840513,66.86737453805178,0.12423909695759161
2013-05-27,3995.159912109375,3998.050048828125,3976.409912109375,3979.14990234375,39186400,0.009650506120250707,67.51580234106221,0.12719832072784965
2013-05-28,4050.56005859375,4072.239990234375,4004.27001953125,4005.830078125,99488800,0.013771551150782782,68.4520315338832,0.12829517643083288
2013-05-29,3974.1201171875,4028.77001953125,3970.4599609375,4024.760009765625,91563600,-0.01905178819316196,67.16024244696732,0.14109951611734947
2013-05-30,3996.31005859375,4018.969970703125,3963.68994140625,3964.5,84607200,0.005568080579683835,67.53523912567424,0.14090861435029176
2013-05-31,3948.590087890625,3995.7900390625,3938.18994140625,3992.35009765625,133511800,-0.01201287459652198,66.72880028953455,0.14869599272477158
2013-06-03,3920.669921875,3979.530029296875,3889.43994140625,3929.679931640625,93646600,-0.007096037781944248,66.25696625747817,0.14356151343256088
2013-06-04,3925.830078125,3962.419921875,3919.669921875,3950.0,75275800,0.0013152761088131419,66.34416979803433,0.14349717563952605
2013-06-05,3852.43994140625,3915.7099609375,3852.43994140625,3903.590087890625,98550400,-0.018871115168274704,65.10392057810498,0.1572774928339694
2013-06-06,3814.280029296875,3877.9599609375,3814.280029296875,3861.239990234375,92674800,-0.009954772675667736,64.45904098879997,0.15613774278994763
2013-06-07,3872.590087890625,3889.550048828125,3800.85009765625,3821.070068359375,102233400,0.015171630631638674,65.44444594808051,0.16533370098120037
2013-06-10,3864.360107421875,3884.639892578125,3853.8798828125,3864.080078125,67885400,-0.0021274490245102176,65.30536422248682,0.16335354914959876
2013-06-11,3810.56005859375,3849.360107421875,3780.389892578125,3847.0,106952600,-0.014019932168554189,64.39617571876524,0.16938642321633926
2013-06-12,3793.699951171875,3835.489990234375,3791.7099609375,3805.14990234375,82900600,-0.004434392045531,64.11125003238804,0.16771421725902513
2013-06-13,3797.97998046875,3804.25,3731.840087890625,3747.64990234375,104036400,0.0011275580079452504,64.18357995619057,0.16665375797862858
2013-06-14,3805.159912109375,3830.68994140625,3793.5,3823.199951171875,77729800,0.0018886759618683797,64.30491648742715,0.16720841866037972
2013-06-17,3863.659912109375,3882.8798828125,3814.610107421875,3815.43994140625,88895600,0.015256880746199237,65.29353134236214,0.17596878975872499
2013-06-18,3860.550048828125,3870.8701171875,3837.0400390625,3848.97998046875,75693000,-0.0008052249912962261,65.24097652122265,0.17414360043241764
2013-06-19,3839.340087890625,3868.39990234375,3823.64990234375,3866.14990234375,84862200,-0.005509173301474758,64.88254092369438,0.17345939979926953
2013-06-20,3698.929931640625,3783.199951171875,3696.449951171875,3778.330078125,143397400,-0.03725692956267172,62.50969363732695,0.20962638002391587
2013-06-21,3658.0400390625,3744.25,3658.0400390625,3718.929931640625,170441400,-0.011116074632336437,61.81867901819138,0.20245547662881397
2013-06-24,3595.6298828125,3668.110107421875,3575.169921875,3652.52001953125,133725200,-0.01720830890290892,60.763984871737286,0.20756897358332466
2013-06-25,3649.820068359375,3655.6201171875,3618.580078125,3642.570068359375,105236600,0.014958683417762492,61.67976645162317,0.2128933763994819
2013-06-26,3726.0400390625,3730.68994140625,3637.72998046875,3655.389892578125,109058400,0.020668147939078996,62.96783816580813,0.22144063048316937
2013-06-27,3762.18994140625,3780.56005859375,3704.179931640625,3722.409912109375,97420600,0.009655201101156185,63.57874979762832,0.21913336561569435
2013-06-28,3738.909912109375,3775.340087890625,3723.659912109375,3767.489990234375,118744800,-0.006207117488491204,63.18533128846229,0.2173860245004304
2013-07-01,3767.47998046875,3786.409912109375,3724.530029296875,3761.570068359375,88607000,0.007612236169059349,63.668148279686,0.21795717024332883
2013-07-02,3742.570068359375,3776.409912109375,3731.030029296875,3776.199951171875,77200400,-0.006633778283301869,63.247185730173975,0.2178331377319767
2013-07-03,3702.010009765625,3708.909912109375,3668.77001953125,3708.2900390625,105048400,-0.010896641448745827,62.56174510721987,0.21944203204682336
2013-07-04,3809.31005859375,3809.820068359375,3722.7900390625,3733.780029296875,111232600,0.028572167728960297,64.37505146972815,0.23652789769690122
2013-07-05,3753.85009765625,3837.389892578125,3753.85009765625,3811.169921875,98157600,-0.01466607975495302,63.43781144858409,0.2394369056674343
2013-07-08,3823.830078125,3842.510009765625,3781.510009765625,3782.1201171875,76401000,0.018470552562933378,64.62043107660918,0.24245640284371683
2013-07-09,3843.56005859375,3858.5400390625,3832.159912109375,3840.659912109375,89875000,0.005146477136196074,64.95385589334394,0.24318853000594542
2013-07-10,3840.530029296875,3855.18994140625,3812.030029296875,3841.0400390625,73308600,-0.0007886501639794046,64.90265021857849,0.23801788374568347
2013-07-11,3868.97998046875,3888.18994140625,3855.050048828125,3885.43994140625,92621400,0.007380515825147005,65.38343730149629,0.2385293865940625
2013-07-12,3855.090087890625,3886.080078125,3844.8798828125,3878.6201171875,72635000,-0.0035965255175925658,65.14870646156147,0.239042315186819
2013-07-15,3878.580078125,3893.260009765625,3862.840087890625,3867.080078125,55995800,0.006074751564755337,65.54567318443296,0.2397410460204361
2013-07-16,3851.030029296875,3884.639892578125,3846.820068359375,3883.469970703125,65496000,-0.0071284748152826375,65.0800939104899,0.23536315773417507
2013-07-17,3872.02001953125,3883.090087890625,3821.550048828125,3858.530029296875,76429400,0.005435687140109711,65.43481213528722,0.23613785472648188
2013-07-18,3927.7900390625,3927.7900390625,3858.570068359375,3864.06005859375,91194000,0.014300596951977882,66.37729196039166,0.2401030489089045
2013-07-19,3925.320068359375,3925.320068359375,3900.10009765625,3914.760009765625,89217600,-0.000629042697933571,66.335550939394,0.19585352281198018
2013-07-22,3939.919921875,3945.97998046875,3915.81005859375,3929.18994140625,67872400,0.003712504717598349,66.58227969264907,0.18917274782887475
2013-07-23,3923.090087890625,3955.550048828125,3923.090087890625,3952.550048828125,93653800,-0.004280767712106448,66.29786560917825,0.17616522188304237
2013-07-24,3962.75,3976.5,3931.239990234375,3931.239990234375,101852200,0.010058597701880475,66.96809429732772,0.1731695623362976
2013-07-25,3956.02001953125,3967.580078125,3920.169921875,3961.780029296875,101230000,-0.001699754399353974,66.85436167057853,0.16294025130134088
2013-07-26,3968.840087890625,4002.35009765625,3960.52001953125,3979.949951171875,93854600,0.003235408415751954,67.0710131239351,0.16106979953483164
2013-07-29,3968.909912109375,3997.860107421875,3962.429931640625,3989.340087890625,89540800,1.759294982875099e-05,67.07219311128367,0.1582256525293566
2013-07-30,3986.610107421875,3998.159912109375,3966.030029296875,3983.8798828125,79142900,0.00444979699011,67.37131577831252,0.15740162343618594
2013-07-31,3992.68994140625,4007.22998046875,3965.030029296875,3975.419921875,98222000,0.0015239018770464713,67.47406132006452,0.15380728858511
2013-08-01,4042.72998046875,4044.5,3993.75,3996.81005859375,133956900,0.012455026975653715,68.3197079176494,0.148240380942615
2013-08-02,4045.64990234375,4059.6201171875,4027.760009765625,4059.239990234375,90971300,0.0007220041699695562,68.36905284313444,0.11904877394755942
2013-08-05,4049.969970703125,4062.780029296875,4040.340087890625,4049.159912109375,75312500,0.0010672607748842323,68.44205940303894,0.10095440141129972
2013-08-06,4032.570068359375,4064.97998046875,4013.9599609375,4050.969970703125,102019000,-0.004305559672917595,68.14801150677484,0.08882951946827504
2013-08-07,4038.489990234375,4043.550048828125,4010.6298828125,4024.639892578125,84145300,0.0014669505352789634,68.24805462994885,0.0883777934358781
2013-08-08,4064.320068359375,4069.719970703125,4032.989990234375,4046.43994140625,81525100,0.00637560684108849,68.68456743231648,0.08865019103384837
2013-08-09,4076.550048828125,4087.72998046875,4049.8701171875,4073.77001953125,87489200,0.0030045902939795288,68.8912467548288,0.08701821285186591
2013-08-12,4071.679931640625,4088.639892578125,4048.6201171875,4080.969970703125,71797900,-0.0011953805376374313,68.80894470018202,0.08528278052337379
2013-08-13,4092.5,4092.5,4075.449951171875,4081.580078125,73464100,0.005100356353605297,69.16079134737588,0.08484866523407504
2013-08-14,4114.2001953125,4122.16015625,4091.580078125,4099.330078125,72401700,0.005288421745859857,69.52751161132336,0.0775819379999954
2013-08-15,4093.199951171875,4111.64013671875,4055.300048828125,4108.93017578125,67105100,-0.005117403707633203,69.17262010167065,0.08213972203854547
2013-08-16,4123.89013671875,4123.89013671875,4077.52001953125,4092.77001953125,81788800,0.0074698775175787244,69.69126579965956,0.07280494095046915
2013-08-19,4083.97998046875,4122.3798828125,4080.659912109375,4122.3798828125,63656900,-0.009724927470583799,69.01680813587278,0.08348262927408863
2013-08-20,4028.929931640625,4067.89990234375,4005.469970703125,4067.2099609375,99059500,-0.013571183295446853,68.08649538311413,0.09878716084977829
2013-08-21,4015.090087890625,4048.300048828125,4015.030029296875,4042.43994140625,67324800,-0.003441030075136406,67.85261033830679,0.09825612431702022
2013-08-22,4059.1201171875,4071.72998046875,4018.25,4018.25,78639800,0.010906445244141222,68.59669138148821,0.09926841286295814
2013-08-23,4069.469970703125,4073.820068359375,4025.56005859375,4058.699951171875,60975400,0.002546532423655403,68.77159768801724,0.09882443434477077
2013-08-26,4067.1298828125,4072.780029296875,4037.969970703125,4072.780029296875,36474700,-0.0005752004516070762,68.73205160852109,0.09878826211833487
2013-08-27,3968.72998046875,4062.47998046875,3968.72998046875,4049.1298828125,108198400,-0.02449142283917732,67.06915237465468,0.13295132175128657
2013-08-28,3960.4599609375,3976.110107421875,3934.7900390625,3955.419921875,110503100,-0.0020859690816130306,66.92939401295901,0.13211890808229365
2013-08-29,3986.35009765625,3990.27001953125,3950.739990234375,3980.60009765625,81767500,0.0065158794858749675,67.3669217694796,0.13411029332269528
2013-08-30,3933.780029296875,3988.929931640625,3933.780029296875,3986.22998046875,93756500,-0.01327524663338177,66.4785191967441,0.13343609949792812
2013-09-02,4006.010009765625,4014.5,3974.7900390625,3974.7900390625,67423200,0.01819493280818718,67.69916247303593,0.14953114270440748
2013-09-03,3974.070068359375,4015.0,3951.320068359375,4015.0,93598000,-0.008004960263815551,67.15939665183981,0.15164442827526997
2013-09-04,3980.419921875,3987.8798828125,3927.6298828125,3981.8798828125,83843400,0.001596546069506348,67.2667053614502,0.15135277963756621
2013-09-05,4006.800048828125,4009.590087890625,3968.179931640625,3986.469970703125,103932100,0.0066056082022248165,67.71251365856014,0.1532800065616357
2013-09-06,4049.18994140625,4049.18994140625,3985.77001953125,4000.5400390625,111738400,0.010523916703507274,68.42887737654019,0.15622729475245373
2013-09-09,4040.330078125,4047.93994140625,4022.81005859375,4046.260009765625,76420300,-0.0021904555035150764,68.27915100983016,0.15593021706481297
2013-09-10,4116.64013671875,4119.97998046875,4067.159912109375,4071.030029296875,113480600,0.018710938721570456,69.56874515524454,0.16936029640070546
2013-09-11,4119.10986328125,4122.52978515625,4100.89013671875,4107.2900390625,94463300,0.0005997575537217432,69.61048205041232,0.16854324706470886
2013-09-12,4106.6298828125,4121.31982421875,4095.2099609375,4117.64013671875,115335800,-0.003034375127267967,69.39957787809257,0.1679095522596027
2013-09-13,4114.5,4117.3798828125,4095.72998046875,4101.669921875,80926400,0.0019146077738275175,69.53257813042833,0.1670200920803766
2013-09-16,4152.22021484375,4162.669921875,4138.33984375,4154.18994140625,92101800,0.009125862650643647,70.17002710010135,0.1680179417155054
2013-09-17,4145.509765625,4155.85009765625,4131.22021484375,4142.22998046875,79838200,-0.0016174184258698435,70.05662453974335,0.16421117331788335
2013-09-18,4170.39990234375,4170.39990234375,4134.43994140625,4147.4599609375,78450600,0.005986166766835736,70.47725289703428,0.15657505759043647
2013-09-19,4206.0400390625,4228.0,4188.72998046875,4228.0,121735400,0.008509665690775605,71.07954979604403,0.1571571438529464
2013-09-20,4203.66015625,4219.89990234375,4193.919921875,4194.93994140625,199054700,-0.0005659851887127846,71.03933120627579,0.15415671611452741
2013-09-23,4172.080078125,4216.919921875,4162.83984375,4207.18017578125,87034800,-0.0075408804215350836,70.50564685833763,0.15735809803755535
2013-09-24,4195.60986328125,4206.2998046875,4174.259765625,4174.85986328125,83359100,0.005623976829887326,70.90328609148118,0.1579481723591602
2013-09-25,4195.35009765625,4202.5400390625,4171.8798828125,4185.2001953125,82546800,-6.191559161108191e-05,70.89889620847816,0.12696454139833185
2013-09-26,4186.72021484375,4202.39990234375,4170.669921875,4199.02001953125,84538000,-0.0020591299142091557,70.75305637352456,0.12695197557273186
2013-09-27,4186.77001953125,4201.2099609375,4163.7001953125,4193.169921875,74908000,1.189580117885211e-05,70.75389804282213,0.12645190624462552
2013-09-30,4143.43994140625,4150.43994140625,4120.240234375,4141.5498046875,90782800,-0.010403211711871519,70.02164575393547,0.12230784050175578
2013-10-01,4196.60009765625,4196.60009765625,4150.0400390625,4151.919921875,81348300,0.012748350359641041,70.92002045751524,0.11470503909716674
2013-10-02,4158.16015625,4180.7900390625,4136.7900390625,4177.6201171875,86634500,-0.009201990598103837,70.27040854132635,0.11611492405257359
2013-10-03,4127.97998046875,4166.919921875,4124.830078125,4158.93017578125,70162300,-0.007284527835825381,69.76038170197775,0.12064173398849985
2013-10-04,4164.25,4176.259765625,4124.669921875,4127.33984375,73009600,0.008748008900226166,70.37332324210384,0.12195306944153704
2013-10-07,4165.580078125,4165.580078125,4105.669921875,4145.10986328125,70427600,0.00031935300572255934,70.39580076334484,0.1178467279377228
2013-10-08,4133.52978515625,4172.18017578125,4133.18994140625,4160.8798828125,80755100,-0.007723828900537957,69.85417006703842,0.12144496512894255
2013-10-09,4127.0498046875,4162.25,4113.68017578125,4127.419921875,100956600,-0.0015688927701591523,69.74466229009664,0.10332892121016966
2013-10-10,4218.10986328125,4220.6201171875,4148.419921875,4156.419921875,112910700,0.02182430930439773,71.28352257414848,0.12782451966724717
2013-10-11,4219.97998046875,4227.5400390625,4209.1201171875,4227.31005859375,82964500,0.00044325605741315496,71.31512643110628,0.12696141448145043
2013-10-14,4222.9599609375,4222.9599609375,4192.58984375,4206.10009765625,68353200,0.0007059106456228025,71.36548631074427,0.12695631848554106
2013-10-15,4256.02001953125,4261.740234375,4232.1298828125,4239.2099609375,89147800,0.0077981611479705755,71.92418143947594,0.12599674993303464
2013-10-16,4243.72021484375,4247.5400390625,4213.39990234375,4230.52001953125,103286100,-0.0028941621587912068,71.71632212961505,0.12643025717383877
2013-10-17,4239.64013671875,4242.41015625,4204.740234375,4233.8798828125,93448900,-0.0009619014801937447,71.64737126049249,0.12534358705403925
2013-10-18,4286.02978515625,4286.02978515625,4246.89013671875,4259.81005859375,97855900,0.010882454207211133,72.43132844956128,0.12743829823440203
2013-10-21,4276.919921875,4286.14990234375,4267.5400390625,4285.7099609375,76389900,-0.0021277403301053787,72.27737723304385,0.12777859994313762
2013-10-22,4295.43017578125,4309.14990234375,4263.22998046875,4266.02001953125,98589500,0.004318601658561618,72.5901894036479,0.12456161619312547
2013-10-23,4260.66015625,4274.759765625,4249.60986328125,4272.25,111605000,-0.008127593231074709,72.0025969623663,0.12773703026788466
2013-10-24,4275.68994140625,4281.02978515625,4259.83984375,4271.509765625,81353000,0.0035213646383043477,72.25659130205776,0.12805889467450038
2013-10-25,4272.31005859375,4279.77001953125,4242.22021484375,4248.72998046875,85491700,-0.0007908008864385717,72.19947331305985,0.1277642378654039
2013-10-28,4251.60986328125,4288.85986328125,4236.02978515625,4287.89013671875,76895900,-0.004856975709699499,71.84965244834203,0.12932497650707955
2013-10-29,4278.08984375,4281.47021484375,4241.81982421875,4241.81982421875,80230900,0.006208909210490966,72.29714820987698,0.12399634738722876
2013-10-30,4274.10986328125,4309.919921875,4264.580078125,4272.5498046875,79788000,-0.0009307501911579058,72.22988893100933,0.11726438005856586
2013-10-31,4299.89013671875,4303.81982421875,4254.89013671875,4260.7998046875,94117200,0.0060136111802125735,72.6655600640794,0.11254601290996237
2013-11-01,4273.18994140625,4305.259765625,4266.97021484375,4302.02978515625,55272500,-0.0062288655645381975,72.21434280398361,0.11155147333262545
2013-11-04,4288.58984375,4296.06982421875,4276.81005859375,4284.830078125,60398200,0.0035973639448171335,72.47459190178839,0.10881317252779743
2013-11-05,4253.33984375,4296.9501953125,4232.9599609375,4296.56005859375,103977800,-0.00825345124352014,71.87888807894294,0.11382400229842891
2013-11-06,4286.93017578125,4299.8701171875,4265.43017578125,4265.43017578125,85653100,0.007866380142131103,72.44654451019579,0.11157071782274393
2013-11-07,4280.990234375,4356.27978515625,4269.2900390625,4282.97998046875,150594700,-0.001386554046616287,72.34616306897081,0.11150444812938246
2013-11-08,4260.43994140625,4267.75,4211.81982421875,4254.2998046875,108454500,-0.004811918425500139,71.99887546380546,0.08642026048487571
2013-11-11,4290.14013671875,4296.02001953125,4253.47021484375,4262.7998046875,56971900,0.006946970728610042,72.50079092159022,0.08927910206039025
2013-11-12,4263.77978515625,4297.93994140625,4263.77978515625,4289.02001953125,68895500,-0.006163357910537095,72.05531681670139,0.09247012581418786
2013-11-13,4239.93994140625,4266.4501953125,4213.2099609375,4250.85986328125,86448400,-0.005606936016807788,71.65243777959746,0.09070580664847806
2013-11-14,4283.91015625,4294.14990234375,4257.509765625,4285.85986328125,97078200,0.010317076054281204,72.39550799445584,0.09704876311228558
2013-11-15,4292.22998046875,4299.669921875,4271.5498046875,4281.52978515625,93037300,0.0019402264179690988,72.53610802544908,0.09703791569699244
2013-11-18,4320.68017578125,4336.60986328125,4277.2099609375,4289.22021484375,80574600,0.006606431106761106,73.01689923419676,0.09233839965728377
2013-11-19,4272.2900390625,4303.35009765625,4264.330078125,4303.35009765625,69371900,-0.011262845567639353,72.19913499500886,0.10052792892446334
2013-11-20,4268.3701171875,4290.81982421875,4248.580078125,4263.14013671875,79458700,-0.0009179435965220505,72.13289067029419,0.09928861215359458
2013-11-21,4253.89990234375,4266.06005859375,4222.31005859375,4246.8798828125,77561300,-0.0033958625381076773,71.88835273271071,0.09588353477788068
2013-11-22,4278.52978515625,4285.02978515625,4250.77978515625,4264.9599609375,75800200,0.0057732561825955455,72.30458295533883,0.09725546085498378
2013-11-25,4301.97021484375,4307.97998046875,4290.77978515625,4298.009765625,64808400,0.005463664821101484,72.70071213474264,0.0989869756377009
2013-11-26,4277.56982421875,4304.8701171875,4277.56982421875,4295.990234375,81270800,-0.005688057005707597,72.28836019221117,0.09957575147430513
2013-11-27,4293.06005859375,4303.97021484375,4276.7900390625,4286.740234375,89111400,0.003614728778029556,72.55013584707527,0.09802622294714027
2013-11-28,4302.419921875,4311.81005859375,4289.43017578125,4291.56005859375,49972600,0.0021778578978846747,72.70831191340014,0.09817921849297864
2013-11-29,4295.2099609375,4310.66015625,4294.39013671875,4297.14013671875,70660600,-0.0016771977221405351,72.58646790508708,0.09614770286875157
2013-12-02,4285.81005859375,4309.31005859375,4273.419921875,4294.64990234375,72972900,-0.0021908598470137676,72.42761520266026,0.09386952843978053
2013-12-03,4172.43994140625,4277.27001953125,4172.43994140625,4275.9501953125,113870100,-0.026808596823124618,70.51172833159556,0.13136570493993163
2013-12-04,4148.52001953125,4192.52978515625,4120.10009765625,4184.2998046875,99698600,-0.005749333701003373,70.1074960222877,0.1299764536331489
2013-12-05,4099.91015625,4157.0498046875,4099.91015625,4140.759765625,101273400,-0.011786588477821481,69.28601853619875,0.13055423554536746
2013-12-06,4129.3701171875,4140.68017578125,4082.139892578125,4110.85009765625,101580200,0.007159820982904653,69.7838741773717,0.1344609100809041
2013-12-09,4134.10009765625,4143.2998046875,4109.919921875,4143.2998046875,77073800,0.0011447928926583409,69.86380800566161,0.13431666827532013
2013-12-10,4091.139892578125,4144.7998046875,4091.139892578125,4126.6201171875,78886900,-0.010446040669706056,69.13780634905838,0.13415659584716186
2013-12-11,4086.860107421875,4127.97021484375,4085.6298828125,4094.1201171875,91017900,-0.0010466582408794952,69.06548055108576,0.13345065371527068
2013-12-12,4069.1201171875,4090.18994140625,4056.3701171875,4077.97998046875,84997300,-0.004350186665972196,68.76568537378482,0.13309534066451378
2013-12-13,4059.7099609375,4085.800048828125,4053.409912109375,4069.580078125,74611100,-0.0023152557903373893,68.6066593865026,0.1253859264799112
2013-12-16,4119.8798828125,4128.97998046875,4051.25,4051.929931640625,93624600,0.014712475410191463,69.62349491788555,0.13830241706735738
2013-12-17,4068.639892578125,4100.759765625,4068.639892578125,4100.759765625,87590900,-0.012515243402653371,68.75756986639107,0.13925308419730137
2013-12-18,4109.509765625,4109.509765625,4074.280029296875,4087.570068359375,88914200,0.009994978080548937,69.44824616747566,0.14252686083194435
2013-12-19,4154.27001953125,4184.330078125,4143.60009765625,4146.43994140625,68178600,0.01083298267867298,70.20466756785824,0.14915384020745523
2013-12-20,4193.77001953125,4200.31005859375,4166.52978515625,4176.89013671875,193420900,0.009463369749341062,70.87219383742973,0.15345637199972662
2013-12-23,4215.2900390625,4215.2900390625,4187.9501953125,4199.919921875,72498700,0.005118304866740174,71.23586923891835,0.15312586529586364
2013-12-24,4218.41015625,4229.68017578125,4209.419921875,4209.60986328125,18874800,0.0007399165864548111,71.28859734491324,0.1515932060759155
2013-12-27,4277.64990234375,4279.27978515625,4237.2001953125,4245.64013671875,75689200,0.013945453713737559,72.2897134644151,0.15891531447144275
2013-12-30,4275.7099609375,4289.52978515625,4267.6298828125,4283.419921875,65865100,-0.0004536092180200862,72.25692962010875,0.15837359440966686
2013-12-31,4295.9501953125,4297.22998046875,4280.759765625,4280.759765625,19638000,0.004722602535367148,72.59897742131372,0.15909723795402514
2014-01-02,4227.27978515625,4312.58984375,4226.66015625,4307.39990234375,86282800,-0.0161140544690577,71.43848874481888,0.16851443150991224
2014-01-03,4247.64990234375,4258.89013671875,4228.85009765625,4238.759765625,59137700,0.004807156440451334,71.78273148752538,0.16950603185593782
2014-01-06,4227.5400390625,4261.33984375,4221.7099609375,4242.27001953125,68734800,-0.004745592998120645,71.44288687948168,0.14108560777256332
2014-01-07,4262.68017578125,4266.9599609375,4215.58984375,4231.5,102867800,0.008277838851558942,72.0367340788766,0.14146785473536932
2014-01-08,4260.9599609375,4272.06982421875,4245.56005859375,4269.4599609375,100876000,-0.00040363385584388776,72.0076634814713,0.13347740319470547
2014-01-09,4225.14013671875,4278.10986328125,4216.06982421875,4260.22021484375,137083700,-0.008442049125228647,71.40232997166245,0.13654152588330876
2014-01-10,4250.60009765625,4269.3798828125,4233.2900390625,4246.52978515625,128366300,0.006007743703932802,71.83258801591677,0.1376003755009947
2014-01-13,4263.27001953125,4268.72021484375,4246.72021484375,4261.7001953125,103307900,0.0029763036206858014,72.04670208389096,0.13082376680913746
2014-01-14,4274.2001953125,4274.2001953125,4213.56982421875,4226.68994140625,103190900,0.002560520031801572,72.23141548806865,0.1303743154578811
2014-01-15,4332.06982421875,4332.06982421875,4283.10986328125,4286.5498046875,116462900,0.013448451179916946,73.20937745022754,0.13375540159196042
2014-01-16,4319.27001953125,4334.9599609375,4312.830078125,4333.2998046875,113299100,-0.0029590362321102875,72.99306844075181,0.13409480641884944
2014-01-17,4327.5,4341.85986328125,4312.85986328125,4324.08984375,132673900,0.0019035970507820983,73.13215016634551,0.1270978840819935
2014-01-20,4322.85986328125,4333.31982421875,4314.0498046875,4320.81005859375,75947500,-0.0010728194519375538,73.05373464345516,0.11593605179847499
2014-01-21,4323.8701171875,4351.2099609375,4317.0498046875,4326.91015625,113288700,0.0002336730563181886,73.0708073275402,0.11329559673484699
2014-01-22,4324.97998046875,4347.02001953125,4308.06982421875,4338.41015625,95595000,0.00025664990716931527,73.08956335022039,0.10925330149223425
2014-01-23,4280.9599609375,4339.1298828125,4266.97998046875,4318.89990234375,121891000,-0.01023023719663134,72.34565146606444,0.1133382702120562
2014-01-24,4161.47021484375,4292.14013671875,4154.9501953125,4283.60009765625,181128600,-0.028308845517314257,70.32634654297568,0.15089063292615443
2014-01-27,4144.56005859375,4172.27978515625,4137.9599609375,4166.27978515625,138816400,-0.004071783765936478,70.04057506147103,0.15126763665814094
2014-01-28,4185.2900390625,4198.2001953125,4153.81982421875,4171.47998046875,124485100,0.009779360875585964,70.72888726202862,0.1467576460549754
2014-01-29,4156.97998046875,4245.9599609375,4106.52978515625,4220.740234375,156697700,-0.006787161576872842,70.25046427963781,0.14807320854382908
2014-01-30,4180.02001953125,4195.5400390625,4123.66015625,4160.2099609375,110023300,0.00552719148813093,70.63982709802193,0.14851392926905208
2014-01-31,4165.72021484375,4194.72021484375,4098.7099609375,4194.72021484375,144400500,-0.0034268544862070117,70.39816898970173,0.13875344971004944
2014-02-03,4107.75,4184.9501953125,4104.66015625,4160.27978515625,119653500,-0.014013748050728704,69.41850718562814,0.14454049191104834
2014-02-04,4117.4501953125,4132.2900390625,4080.60009765625,4092.139892578125,135698700,0.0023586537905974543,69.58243465881974,0.14468419906776522
2014-02-05,4117.7900390625,4136.60986328125,4098.68994140625,4111.669921875,123523300,8.253402220727228e-05,69.5881778140267,0.14060735795907878
2014-02-06,4188.10009765625,4200.580078125,4122.75,4138.97021484375,234833600,0.016930572624108457,70.77637556406312,0.1546581416250483
2014-02-07,4228.18017578125,4228.89990234375,4171.68017578125,4198.77001953125,139519300,0.00952448820951328,71.45370480545338,0.15602035910744438
2014-02-10,4237.1298828125,4251.3798828125,4229.06982421875,4247.580078125,101803100,0.0021144436066060225,71.60494947756297,0.15471968035105227
2014-02-11,4283.31982421875,4283.31982421875,4247.3701171875,4251.2900390625,137945000,0.010842243186418642,72.38553173778169,0.15906157197317886
2014-02-12,4305.5,4324.31982421875,4288.009765625,4295.7900390625,118668600,0.005164906364828278,72.76036338329304,0.15979788019899116
2014-02-13,4312.7998046875,4316.2900390625,4275.240234375,4292.9599609375,111612600,0.0016940247145334761,72.88372569700563,0.1526849395907497
2014-02-14,4340.14013671875,4340.3798828125,4304.990234375,4320.14990234375,97863100,0.0063193372889326855,73.34576088307313,0.15395947354364783
2014-02-17,4335.169921875,4352.5400390625,4330.0,4345.580078125,62954100,-0.0011458300288922218,73.26176723817143,0.15390407170633658
2014-02-18,4330.7099609375,4342.41015625,4304.66015625,4340.8701171875,91570300,-0.0010293152897536586,73.18639657773993,0.1539000240980203
2014-02-19,4341.10009765625,4352.72021484375,4312.7998046875,4321.64990234375,101227100,0.0023963028757449825,73.36198364620083,0.15410829766224315
2014-02-20,4355.490234375,4356.64990234375,4290.47021484375,4298.10986328125,122837400,0.0033093774232686147,73.60516831158033,0.15448745034008365
2014-02-21,4381.06005859375,4383.14990234375,4353.14990234375,4369.83984375,102371300,0.0058535454777035555,74.03728297928517,0.15062709543086694
2014-02-24,4419.1298828125,4419.1298828125,4373.56982421875,4374.4599609375,95223800,0.008652100002497514,74.68064013736074,0.1081175257833723
2014-02-25,4414.5498046875,4416.16015625,4383.240234375,4406.419921875,111757500,-0.0010369582546415543,74.60323956862334,0.10615904466963617
2014-02-26,4396.91015625,4420.93994140625,4381.18994140625,4414.35986328125,113683200,-0.004003802339217412,74.30514010740721,0.10581371395887545
2014-02-27,4396.39013671875,4408.22998046875,4354.9501953125,4400.66015625,142607100,-0.00011827630457976856,74.29635208974139,0.10096963946267294
2014-02-28,4408.080078125,4413.64990234375,4367.9599609375,4405.2001953125,120235300,0.0026554575097087665,74.49390507653692,0.10043307883599055
2014-03-03,4290.8701171875,4346.9501953125,4288.43994140625,4338.7900390625,157761500,-0.02694970133634335,72.51312715296147,0.14232913321326715
2014-03-04,4395.89990234375,4399.81005859375,4337.35009765625,4340.830078125,125890900,0.02418272922160456,74.28806742332216,0.15139196518198236
2014-03-05,4391.25,4402.1201171875,4377.64990234375,4384.60986328125,106194600,-0.0010583415167492397,74.20948686723622,0.15210039950960108
2014-03-06,4417.0400390625,4431.16015625,4402.16015625,4408.1298828125,147376000,0.0058558727393851154,74.64532303350188,0.15198846206696465
2014-03-07,4366.419921875,4432.5,4364.2001953125,4416.16015625,157180000,-0.011526363835677322,73.78987346409825,0.15189637449637505
2014-03-10,4370.83984375,4417.7998046875,4346.830078125,4365.490234375,129388400,0.0010117410654118522,73.86456748842777,0.14941501095942197
2014-03-11,4349.72021484375,4386.72998046875,4343.9501953125,4384.740234375,102575400,-0.004843649961669366,73.50765844795882,0.15103689614778334
2014-03-12,4306.259765625,4327.85009765625,4273.3798828125,4322.759765625,123684500,-0.010041801048699226,72.77320296591088,0.15164782022060766
2014-03-13,4250.509765625,4319.64013671875,4250.509765625,4315.39013671875,112881900,-0.013030802960192775,71.83106145885745,0.15722093028166964
2014-03-14,4216.3701171875,4236.580078125,4183.0,4220.64990234375,184194100,-0.008064324503887246,71.25412191035196,0.15904094579598196
2014-03-17,4271.9599609375,4277.06005859375,4211.6201171875,4216.91015625,105750500,0.013098133081677682,72.19355687299752,0.16464779535428092
2014-03-18,4313.259765625,4341.83984375,4250.47021484375,4264.33984375,125862400,0.00962121520202213,72.8914987605185,0.1685043958499471
2014-03-19,4308.06005859375,4329.47998046875,4295.06005859375,4312.8701171875,102362300,-0.0012062440015549506,72.80362683552013,0.16851593576447535
2014-03-20,4327.91015625,4328.18017578125,4261.419921875,4277.1201171875,144369900,0.004597082231726118,73.13908156056081,0.16912270211811734
2014-03-21,4335.27978515625,4353.39013671875,4323.27001953125,4333.4501953125,181677900,0.0017013665252178707,73.26362386162195,0.16880030434599644
2014-03-24,4276.33984375,4332.169921875,4266.97998046875,4321.990234375,130239400,-0.01368868210407338,72.26757426122508,0.1734491159469795
2014-03-25,4344.1201171875,4351.60986328125,4286.759765625,4286.759765625,115775900,0.015725766508015254,73.41302016194078,0.18009078561693984
2014-03-26,4385.14990234375,4398.47998046875,4353.85986328125,4358.0400390625,100125800,0.009400576959373453,74.10639888160334,0.18352567506806264
2014-03-27,4379.06005859375,4390.169921875,4359.2900390625,4374.93994140625,135638200,-0.0013897076307495223,74.00348418082586,0.18308709699706752
2014-03-28,4411.259765625,4411.3798828125,4388.16015625,4391.7099609375,99527500,0.007326206940610326,74.54763988502499,0.1849326387790572
2014-03-31,4391.5,4430.89990234375,4390.77001953125,4426.830078125,89922800,-0.004489455429800624,74.21371171704364,0.18537396889473048
2014-04-01,4426.72021484375,4440.0400390625,4401.2900390625,4408.740234375,110908200,0.0079880976587291,74.80891218864251,0.15950518147094733
2014-04-02,4430.85986328125,4438.6298828125,4421.5,4429.39013671875,103632600,0.0009347132517876894,74.87886976025825,0.1364904625758141
2014-04-03,4449.330078125,4469.83984375,4417.35009765625,4430.68017578125,98980900,0.004159875318102362,75.19100529476034,0.1369950006535932
2014-04-04,4484.5498046875,4496.5400390625,4447.0,4459.8701171875,113377600,0.00788457187279899,75.78619751469941,0.13814630328975336
2014-04-07,4436.080078125,4464.0400390625,4432.2900390625,4453.18994140625,127786600,-0.01086699127457502,74.96708825496736,0.1374266795752693
2014-04-08,4424.830078125,4448.43017578125,4384.66015625,4443.2099609375,149398000,-0.0025392439030293024,74.7769700136337,0.1378924050810038
2014-04-09,4442.68017578125,4454.740234375,4426.39013671875,4431.35986328125,96745100,0.0040259602199932696,75.07862594021506,0.13691261184583547
2014-04-10,4413.490234375,4466.18994140625,4408.60986328125,4456.7099609375,103990700,-0.0065920247144888484,74.58533346690052,0.13389308092623456
2014-04-11,4365.85986328125,4384.02978515625,4333.8701171875,4378.93017578125,138154100,-0.010850652470417417,73.78040881033047,0.1311645393157204
2014-04-14,4384.56005859375,4384.56005859375,4319.27978515625,4345.6201171875,132160900,0.0042741317440067195,74.096430876589,0.12699252068679434
2014-04-15,4345.35009765625,4404.0400390625,4344.02978515625,4380.5,122058300,-0.008982961771984828,73.43380609292687,0.12540358641576568
2014-04-16,4405.66015625,4405.66015625,4375.0498046875,4388.85009765625,122699300,0.013783783063504921,74.45300985066672,0.12983887221297305
2014-04-17,4431.81005859375,4432.64013671875,4392.06005859375,4412.41015625,120776700,0.005917978341650864,74.89492749019033,0.13064999934492763
2014-04-22,4484.2099609375,4488.0498046875,4443.89990234375,4451.91015625,104076000,0.011754236875695174,75.78045435949245,0.13516663675749063
2014-04-23,4451.080078125,4480.6201171875,4449.009765625,4479.7099609375,116615800,-0.007415547673589238,75.22057924341223,0.13879729651312542
2014-04-24,4479.5400390625,4499.31982421875,4440.6298828125,4474.31982421875,143874900,0.006373590390643828,75.70153548535554,0.1286056952935147
2014-04-25,4443.6298828125,4473.47998046875,4431.3798828125,4459.169921875,95383500,-0.008048787690499522,75.09467541848738,0.12338961379681357
2014-04-28,4460.52978515625,4477.6201171875,4444.4599609375,4455.0498046875,90359100,0.003795961273594704,75.38027361513664,0.12011060279263563
2014-04-29,4497.68017578125,4504.14013671875,4449.93994140625,4463.60009765625,119189200,0.00829420247194783,76.00809289784627,0.12253447529921119
2014-04-30,4487.39013671875,4491.2900390625,4470.75,4473.93994140625,137774800,-0.002290475912444729,75.8341974196403,0.12106802329393228
2014-05-02,4458.169921875,4485.10009765625,4447.43994140625,4473.830078125,117261200,-0.006532921041623072,75.3403933434194,0.12239575189949563
2014-05-05,4462.68994140625,4467.3701171875,4400.91015625,4453.52001953125,83750800,0.0010133596956621769,75.41677895800383,0.11952647717280457
2014-05-06,4428.06982421875,4477.85986328125,4420.7099609375,4474.91015625,125181200,-0.007787926584680572,74.83171977627472,0.12279593047438327
2014-05-07,4446.43994140625,4453.22021484375,4402.77978515625,4414.33984375,134882300,0.004139979313882617,75.14216372052188,0.12278739584062982
2014-05-08,4507.240234375,4507.240234375,4440.85986328125,4455.27978515625,127264600,0.013581281959944859,76.16965214468098,0.1288506996057284
2014-05-09,4477.27978515625,4496.669921875,4465.77001953125,4491.18017578125,155409900,-0.006669373591086455,75.66333855223341,0.1250560300234911
2014-05-12,4493.64990234375,4495.72021484375,4463.0498046875,4467.3798828125,124775600,0.0036495961796524485,75.93998369802127,0.12503582901763294
2014-05-13,4505.02001953125,4511.35009765625,4492.4599609375,4504.509765625,126209200,0.0025270675193282176,76.13213184766082,0.12464593586955618
2014-05-14,4501.0400390625,4506.56005859375,4489.41015625,4505.5400390625,97814900,-0.0008838450336655543,76.06487256879318,0.1219996850147015
2014-05-15,4444.93017578125,4512.6201171875,4438.490234375,4497.1298828125,144233600,-0.01254432950704591,75.11664958848179,0.12418285183974248
2014-05-16,4456.27978515625,4456.31005859375,4418.58984375,4446.68017578125,139689200,0.002550128707332285,75.30845116841058,0.1237274858690831
2014-05-19,4469.759765625,4476.41015625,4418.0498046875,4447.68017578125,115554200,0.0030203744090162425,75.53625473995999,0.118686747145057
2014-05-20,4452.35009765625,4473.10009765625,4445.72998046875,4459.08984375,89702000,-0.0039025948641412006,75.24204181050028,0.11088715402611768
2014-05-21,4469.02978515625,4473.27978515625,4424.68994140625,4436.10986328125,110746200,0.003739266156998881,75.52391850858872,0.1097978407377411
2014-05-22,4478.2099609375,4481.97998046875,4451.77978515625,4473.56005859375,97409600,0.00205206952383853,75.67905796411449,0.10202290282496887
2014-05-23,4493.14990234375,4495.759765625,4468.89013671875,4479.58984375,84298600,0.0033305887723673313,75.9315339984064,0.09901283817447967
2014-05-26,4526.93017578125,4526.93017578125,4496.43017578125,4504.259765625,53064100,0.007490051323269138,76.50240032531373,0.09992605461761496
2014-05-27,4529.75,4536.47998046875,4511.4599609375,4516.10986328125,94160200,0.000622705948568024,76.55005366054385,0.09496953497751423
2014-05-28,4531.6298828125,4536.830078125,4517.8798828125,4527.1201171875,84469400,0.00041492197960608566,76.58182255069725,0.09439727228793826
2014-05-29,4530.509765625,4533.5,4515.4599609375,4523.41015625,67042000,-0.0002472081068398171,76.5628932431617,0.09035004007583367
2014-05-30,4519.56982421875,4524.919921875,4495.7900390625,4512.56982421875,133957200,-0.0024176465248334856,76.3780148057884,0.09039786473121489
2014-06-02,4515.89013671875,4529.35009765625,4502.1201171875,4523.89990234375,121760600,-0.0008144992550099515,76.31583029768552,0.08702713987041438
2014-06-03,4503.68994140625,4516.02001953125,4499.0,4512.8798828125,97730200,-0.0027052706772173417,76.10965432641979,0.08776163063245428
2014-06-04,4501.0,4508.259765625,4470.47021484375,4494.1298828125,100369000,-0.0005974534389897573,76.06419593269116,0.08265867041427727
2014-06-05,4548.72998046875,4577.7001953125,4487.47998046875,4504.02978515625,148434000,0.01054847451767886,76.87080392785636,0.08870308964608607
2014-06-06,4581.1201171875,4586.68017578125,4539.52978515625,4553.31005859375,127889500,0.007095466467474545,77.41817777936973,0.07956309967108273
2014-06-09,4589.1201171875,4590.66015625,4570.41015625,4580.93994140625,66662900,0.0017447747987024828,77.55337297320699,0.0748434969008498
2014-06-10,4595.0,4598.64990234375,4579.06005859375,4589.89990234375,85719200,0.001280445712998842,77.65273946027904,0.0743044884074637
2014-06-11,4555.10986328125,4583.64013671875,4552.6298828125,4580.72998046875,123035200,-0.008719106115188623,76.97862011454323,0.0813860477478312
2014-06-12,4554.39990234375,4573.97998046875,4545.22021484375,4552.0,97945400,-0.00015587247990371173,76.96662220122296,0.08126607369813914
2014-06-13,4543.27978515625,4555.85986328125,4506.93017578125,4550.18994140625,99692700,-0.0024446063408209867,76.77869890139081,0.06702759602502878
2014-06-16,4510.0498046875,4540.68017578125,4509.52001953125,4523.52001953125,95236800,-0.007340974250165265,76.21713219505567,0.0727381024983586
2014-06-17,4536.06982421875,4538.240234375,4508.4599609375,4524.25,95996300,0.005752763031688119,76.65685489307776,0.07449206662687863
2014-06-18,4530.3701171875,4550.93017578125,4529.52978515625,4540.10009765625,99269700,-0.0012573199224728774,76.56053326846458,0.07298041534894698
2014-06-19,4563.0400390625,4581.9501953125,4558.06982421875,4565.10986328125,130906800,0.007185436899298816,77.11263532103196,0.0756409057876252
2014-06-20,4541.33984375,4574.919921875,4541.33984375,4555.509765625,188834000,-0.004766988347379692,76.74591505708446,0.07808496614630303
2014-06-23,4515.56982421875,4540.52001953125,4494.35986328125,4540.52001953125,113645600,-0.005690702462728163,76.31041720886978,0.08042540149817407
2014-06-24,4518.33984375,4536.10986328125,4513.10009765625,4529.5400390625,95139000,0.000613249350473955,76.35722887480232,0.07601850308295871
2014-06-25,4460.60009765625,4496.669921875,4448.27001953125,4494.35986328125,124298200,-0.012861327145656801,75.38146185414494,0.08785393872083344
2014-06-26,4439.6298828125,4473.43017578125,4412.18017578125,4470.77978515625,105956700,-0.004712294782191224,75.02707782156871,0.08880042412801899
2014-06-27,4436.990234375,4461.47021484375,4426.58984375,4447.169921875,91027500,-0.0005947418004735002,74.98246934879745,0.08877260792890188
2014-06-30,4422.83984375,4457.56982421875,4407.18017578125,4443.02978515625,101095200,-0.003194283080401072,74.74333624836997,0.08897017001144522
2014-07-01,4461.1201171875,4462.43017578125,4430.259765625,4438.77001953125,104764000,0.008617893489484121,75.39024987181075,0.09505056516442408
2014-07-02,4444.72021484375,4467.7900390625,4436.10986328125,4460.6201171875,131935500,-0.0036829586585713984,75.11310137477632,0.09538561715821775
2014-07-03,4489.8798828125,4490.72021484375,4437.35986328125,4446.7001953125,110971500,0.010109026046103189,75.87627263285903,0.1023821311399381
2014-07-04,4468.97998046875,4489.81005859375,4468.97998046875,4482.22021484375,65868000,-0.004665758941959752,75.52307683929114,0.09576190682058709
2014-07-07,4405.759765625,4463.06005859375,4404.240234375,4453.759765625,86253100,-0.014247467773318593,74.45469318926185,0.10182013532471029
2014-07-08,4342.52978515625,4423.77978515625,4342.5,4418.169921875,108090300,-0.014455644425668558,73.38614450603697,0.10975289983491336
2014-07-09,4359.83984375,4362.56005859375,4329.14013671875,4353.52978515625,100385500,0.0039782455036061395,73.67867409690152,0.11135030491956381
2014-07-10,4301.259765625,4357.77001953125,4277.580078125,4357.77001953125,133558400,-0.01352737505885175,72.68870596976258,0.11588653892485332
2014-07-11,4316.5,4330.47998046875,4299.3701171875,4309.64990234375,96055500,0.003536940150887805,72.94625677481928,0.11761347523685814
2014-07-14,4350.0400390625,4355.759765625,4324.06005859375,4327.66015625,78369700,0.007740160746976168,73.51306328511478,0.12290623190660828
2014-07-15,4305.31005859375,4352.580078125,4303.47021484375,4344.5,101075800,-0.010335891252098448,72.75715348763856,0.1249456193257569
2014-07-16,4369.06005859375,4374.22021484375,4322.9599609375,4322.9599609375,106369100,0.014698738217454765,73.83449018852927,0.13552643224591468
2014-07-17,4316.1201171875,4362.27978515625,4311.1201171875,4345.97998046875,102510700,-0.012191018723494481,72.93983698351035,0.14020058342984465
2014-07-18,4335.31005859375,4335.31005859375,4284.419921875,4296.83984375,111179000,0.004436254466233633,73.2641354645283,0.1381639248149139
2014-07-21,4304.740234375,4336.7900390625,4295.35986328125,4334.6201171875,78393400,-0.007076336536530392,72.74752380067517,0.13888415928328243
2014-07-22,4369.52001953125,4373.7001953125,4315.66015625,4323.7099609375,99480800,0.014936372115633614,73.84226325204213,0.15086707146059958
2014-07-23,4376.31982421875,4396.7001953125,4356.2998046875,4360.2001953125,84995400,0.0015549806946214214,73.95717586613989,0.15107357112022612
2014-07-24,4410.64990234375,4415.2900390625,4347.759765625,4376.68994140625,109270400,0.007813900324579785,74.53733356195961,0.14847290471871655
2014-07-25,4330.5498046875,4395.3798828125,4317.490234375,4390.85009765625,96448300,-0.018327539114740662,73.18369003333204,0.16031693656063817
2014-07-28,4344.77001953125,4358.47021484375,4308.259765625,4352.5,80021000,0.003278317772186774,73.42400312110809,0.16105619390599518
2014-07-29,4365.580078125,4389.759765625,4332.2998046875,4349.43017578125,85744300,0.004778246099041979,73.77568060927644,0.16205251234887588
2014-07-30,4312.2998046875,4378.7001953125,4303.66015625,4360.18017578125,117320300,-0.0122797143248149,72.87527599739077,0.16320663693372398
2014-07-31,4246.14013671875,4337.740234375,4238.27001953125,4335.2001953125,222485200,-0.015460992033497933,71.75721735548525,0.1700431224909831
2014-08-01,4202.77978515625,4243.06982421875,4182.02001953125,4236.35009765625,224455200,-0.010264207175544122,71.02445346369223,0.16609644594905165
2014-08-04,4217.22021484375,4240.1201171875,4204.66015625,4222.77978515625,127194400,0.003430034167528973,71.2684880500291,0.16752496420473426
2014-08-05,4232.8798828125,4252.68017578125,4217.6201171875,4240.56982421875,132162200,0.003706390626053372,71.5331270308369,0.163511054302419
2014-08-06,4207.14013671875,4222.759765625,4169.7998046875,4207.2001953125,137276800,-0.006099470341287905,71.09814078552857,0.15789605876459822
2014-08-07,4149.830078125,4209.60986328125,4146.27001953125,4209.60986328125,135520200,-0.013715726047526404,70.1296352254777,0.16199292209268734
2014-08-08,4147.81005859375,4165.259765625,4109.31005859375,4114.08984375,124099100,-0.00048689013692384566,70.0954981089674,0.1568742393822546
2014-08-11,4197.7001953125,4206.27001953125,4165.35009765625,4182.75,97124600,0.011956304534792099,70.93861144699977,0.16302639555226853
2014-08-12,4162.16015625,4193.14990234375,4150.89990234375,4188.0498046875,93578700,-0.008502594942730674,70.33800613824494,0.16134244054661498
2014-08-13,4194.7900390625,4204.3798828125,4178.7900390625,4187.4599609375,96498300,0.007809080554183651,70.88943155471034,0.16191813301829222
2014-08-14,4205.43017578125,4217.39013671875,4166.18017578125,4176.93017578125,88592900,0.0025333008271149387,71.06924347297863,0.15201194381496055
2014-08-15,4174.35986328125,4256.33984375,4168.080078125,4216.89990234375,110744200,-0.007415568823670375,70.5441738578509,0.14877146508360325
2014-08-18,4230.64990234375,4241.85986328125,4211.3798828125,4227.8798828125,73943500,0.013394602085618408,71.49544170062113,0.15638562852525334
2014-08-19,4254.4501953125,4258.830078125,4235.27978515625,4243.830078125,65903800,0.0056099174113188035,71.89765235328285,0.15651684358488724
2014-08-20,4240.7900390625,4254.83984375,4216.9599609375,4250.27978515625,70065700,-0.0032159580297544173,71.66680391927459,0.14616140823400134
2014-08-21,4292.93017578125,4292.93017578125,4231.66015625,4247.31982421875,89019500,0.012219942588214454,72.54794090557371,0.15339058294478317
2014-08-22,4252.7998046875,4291.169921875,4233.14990234375,4291.06005859375,88085100,-0.009391980831216689,71.86976174322609,0.15263008583559912
2014-08-25,4342.10986328125,4342.10986328125,4286.60986328125,4299.5,66624700,0.020782829984819482,73.37904807862603,0.1590551620097243
2014-08-26,4393.41015625,4395.93994140625,4333.1201171875,4336.2900390625,102347700,0.01174535290548978,74.24599221010335,0.16380243811660156
2014-08-27,4395.259765625,4401.52001953125,4379.7998046875,4384.52978515625,88620000,0.00042090769564647655,74.2772494973504,0.16307241431727507
2014-08-28,4366.0400390625,4393.580078125,4352.93017578125,4385.7099609375,110098700,-0.006670205460362932,73.78345367278925,0.15870962955699894
2014-08-29,4381.0400390625,4393.60009765625,4337.1298828125,4380.60986328125,102400900,0.0034297193051262133,74.03694466123412,0.147750318505943
2014-09-01,4379.72998046875,4391.080078125,4358.259765625,4383.6201171875,71668900,-0.00029907384866727677,74.01480545804408,0.14166947712847244
2014-09-02,4378.330078125,4403.22021484375,4373.31982421875,4389.39990234375,88312100,-0.00031968320525473787,73.99114794945453,0.14177595579640073
2014-09-03,4421.8701171875,4443.52978515625,4394.06982421875,4394.66015625,119605200,0.009895319054713527,74.72694845204663,0.14442877704045154
2014-09-04,4494.93994140625,4509.580078125,4401.25,4409.16015625,152520000,0.01638959659170421,75.96178458316022,0.1493092753446865
2014-09-05,4486.490234375,4498.16015625,4470.2001953125,4492.91015625,105969500,-0.0018815955496667702,75.81898961066548,0.13763665418984244
2014-09-08,4474.93017578125,4489.02001953125,4463.7900390625,4484.39990234375,84582900,-0.0025799626569972547,75.62363156537145,0.138629077647418
2014-09-09,4452.3701171875,4482.91015625,4446.0400390625,4465.10009765625,94413900,-0.005054183432317344,75.24238012855119,0.13825550687574362
2014-09-10,4450.7900390625,4459.77978515625,4434.93017578125,4442.68994140625,80385100,-0.00035494770707449877,75.21567775750277,0.13262564922365266
2014-09-11,4440.89990234375,4466.14990234375,4411.06982421875,4463.0,90346100,-0.002224580673096246,75.04854038865672,0.13277959128386
2014-09-12,4441.7001953125,4452.31005859375,4419.43994140625,4449.68017578125,77012200,0.00018019340330921303,75.06206485903631,0.13307004228893923
2014-09-15,4428.6298828125,4440.919921875,4418.72998046875,4425.6298828125,77011900,-0.002946975331054115,74.84118443004243,0.1296884427023937
2014-09-16,4409.14990234375,4426.14990234375,4391.080078125,4426.14990234375,86246100,-0.0044083497189081776,74.51198446311508,0.12600144483640222
2014-09-17,4431.41015625,4444.830078125,4421.93994140625,4432.64990234375,103391900,0.005035948130766306,74.88816938083035,0.12580794656568486
2014-09-18,4464.7001953125,4470.47998046875,4435.66015625,4440.330078125,104375600,0.007484213468044307,75.45075104131844,0.12574231805547995
2014-09-19,4461.22021484375,4492.39013671875,4451.91015625,4491.5400390625,158927900,-0.0007797471823994507,75.39194146206563,0.12098973389309119
2014-09-22,4442.5498046875,4464.31005859375,4434.580078125,4446.91015625,86943400,-0.004193827441674189,75.0764227470537,0.11615772442505701
2014-09-23,4359.35009765625,4430.77978515625,4351.2998046875,4430.2998046875,110550700,-0.018905505863522534,73.67039768214202,0.11699418607079065
2014-09-24,4413.72021484375,4416.6298828125,4347.0498046875,4364.0,98862200,0.012394933892538783,74.58921999865687,0.11782138623579243
2014-09-25,4355.27978515625,4430.5,4346.7099609375,4413.64013671875,118481600,-0.013329067149077679,73.60161184621504,0.1268104000333236
2014-09-26,4394.75,4411.990234375,4340.6298828125,4361.3701171875,96004000,0.009021793874615347,74.26863476453994,0.12872511985667437
2014-09-29,4358.06982421875,4401.06982421875,4334.009765625,4389.830078125,84697000,-0.008381388225138856,73.64876183019857,0.1315912510711196
2014-09-30,4416.240234375,4435.06982421875,4369.259765625,4375.3798828125,126214700,0.013259449922530217,74.63180681478198,0.1396624679654322
2014-10-01,4365.27001953125,4427.759765625,4354.14013671875,4400.60986328125,150171900,-0.011608660872332803,73.77044080531601,0.14573366703876894
2014-10-02,4242.669921875,4371.06005859375,4242.669921875,4361.830078125,168748300,-0.02848727790057627,71.69857280942797,0.17090415329242242
2014-10-03,4281.740234375,4297.41015625,4260.6298828125,4280.22021484375,105832200,0.009166754149862339,72.35883761839297,0.16276526052152665
2014-10-06,4286.52001953125,4319.31005859375,4279.490234375,4317.919921875,103757200,0.0011156957212835777,72.43961311598042,0.1631961732853593
2014-10-07,4209.14013671875,4277.41015625,4208.66015625,4277.41015625,140455300,-0.018216835719335182,71.13193958398783,0.17241867558929183
2014-10-08,4168.1201171875,4213.10986328125,4153.68017578125,4198.02001953125,145706200,-0.009793260835396297,70.43872589752085,0.17393412156454702
2014-10-09,4141.4501953125,4222.97998046875,4123.18017578125,4222.97998046875,191315500,-0.006419107715482537,69.98802024033144,0.173978548709826
2014-10-10,4073.7099609375,4125.1298828125,4065.5,4114.52001953125,213912600,-0.016491892653646954,68.84325097571771,0.17966001735072032
2014-10-13,4078.699951171875,4104.0,4030.570068359375,4033.739990234375,136272000,0.0012241756514554552,68.92757881284051,0.18001016545058443
2014-10-14,4088.25,4097.89990234375,4012.820068359375,4053.080078125,157157300,0.00233870740927674,69.08896890064972,0.18134819600872762
2014-10-15,3939.719970703125,4096.580078125,3933.159912109375,4090.47998046875,225462800,-0.03700735827195882,66.57890063796901,0.21478475612602238
2014-10-16,3918.6201171875,3987.139892578125,3789.110107421875,3968.409912109375,304167300,-0.005370066447976728,66.22232578972117,0.21143702206768317
2014-10-17,4033.179931640625,4040.699951171875,3916.800048828125,3934.18994140625,230358700,0.028815548823336385,68.15831782984009,0.23945147728362018
2014-10-20,3991.239990234375,4030.14990234375,3962.06005859375,4023.760009765625,143988900,-0.010453172617551462,67.4495580163474,0.23972914347867927
2014-10-21,4081.239990234375,4081.72998046875,3965.4599609375,3968.7900390625,159668100,0.02229890430087278,68.97050394701662,0.2581309493755989
2014-10-22,4105.08984375,4110.47998046875,4064.080078125,4090.93994140625,142186700,0.005826767666803567,69.37355214314603,0.25437466202832487
2014-10-23,4157.68017578125,4166.4599609375,4047.320068359375,4086.02001953125,162948200,0.012729639592079553,70.2622971597624,0.2546301165093724
2014-10-24,4128.89990234375,4153.06982421875,4119.27001953125,4137.919921875,116217700,-0.006946264656389668,69.77592782900336,0.25226805451773326
2014-10-27,4096.740234375,4171.52978515625,4065.929931640625,4170.83984375,126568700,-0.007819411327536734,69.23244876090622,0.24926916024935142
2014-10-28,4112.669921875,4127.8701171875,4098.740234375,4107.56982421875,134538100,0.003880840934925187,69.5016509095724,0.24976547899785634
2014-10-29,4110.64013671875,4134.830078125,4106.14013671875,4126.97021484375,135705400,-0.0004936662202957107,69.46734875986651,0.24310620722293189
2014-10-30,4141.240234375,4151.10986328125,4051.860107421875,4138.080078125,248771100,0.007416549087895647,69.984472026626,0.2439583687343382
2014-10-31,4233.08984375,4246.93017578125,4181.9599609375,4213.47021484375,182457000,0.021936869423280405,71.53667524454225,0.23878078578496373
2014-11-03,4194.02978515625,4238.4599609375,4185.41015625,4225.81005859375,123590300,-0.009270151613969137,70.87658372043263,0.2382987996409664
2014-11-04,4130.18994140625,4208.52001953125,4118.5,4177.2001953125,142148700,-0.015338637733208314,69.7977287141424,0.24323642936403542
2014-11-05,4208.419921875,4214.35009765625,4145.60986328125,4163.509765625,126747900,0.01876386520602083,71.11976838581216,0.2454526225047436
2014-11-06,4227.68017578125,4275.2998046875,4180.31982421875,4193.47998046875,163811600,0.004566159042132005,71.44525510583846,0.24327040531827737
2014-11-07,4189.89013671875,4239.56005859375,4161.14990234375,4238.8701171875,144094600,-0.008978907582056193,70.80662614881689,0.24437017239156114
2014-11-10,4222.81982421875,4224.830078125,4174.97998046875,4184.18017578125,123847500,0.007828596452906114,71.36311808438727,0.23741893765722916
2014-11-11,4244.10009765625,4252.919921875,4223.68017578125,4227.1201171875,99662200,0.005026696471072453,71.72274192092387,0.23768578130095938
2014-11-12,4179.8798828125,4242.6201171875,4175.2900390625,4232.33984375,122989000,-0.015247296206230417,70.63745887166492,0.24496568428694582
2014-11-13,4187.9501953125,4220.740234375,4153.169921875,4203.669921875,131579800,0.0019288907463144687,70.77384230451051,0.2021225765254276
2014-11-14,4202.4599609375,4208.1298828125,4164.7900390625,4208.10986328125,109621000,0.0034586581153936307,71.01904862653618,0.1998669525037411
2014-11-17,4226.10009765625,4239.10986328125,4166.39990234375,4169.60986328125,95508800,0.0056095462438996695,71.41855273479003,0.17749734742922266
2014-11-18,4262.3798828125,4267.66015625,4223.31982421875,4230.41015625,101914700,0.00854805716711216,72.03165930811171,0.17253167580063158
2014-11-19,4266.18994140625,4289.169921875,4251.0400390625,4263.330078125,83273700,0.0008934813047781317,72.0960470093759,0.15787763652048503
2014-11-20,4234.2099609375,4264.72998046875,4201.47021484375,4264.60986328125,110207200,-0.007524382786328493,71.55560455207781,0.16066750989295228
2014-11-21,4347.22998046875,4356.10986328125,4240.18994140625,4245.64990234375,197869900,0.026342095421389815,73.46557498308016,0.17860138522298374
2014-11-24,4368.43994140625,4400.33984375,4348.830078125,4355.97021484375,117173100,0.004867096390105659,73.82401058060843,0.17570785603681396
2014-11-25,4382.31005859375,4403.5498046875,4361.18017578125,4369.31005859375,122591400,0.003170043436909548,74.05840722832214,0.17150307720879815
2014-11-26,4373.419921875,4399.41015625,4364.58984375,4382.8798828125,95096700,-0.002030702133035217,73.90816925870574,0.17243127396809615
2014-11-27,4382.33984375,4396.2001953125,4374.580078125,4375.419921875,95289500,0.0020374987892808664,74.05891057956873,0.1720209858644583
2014-11-28,4390.18017578125,4390.18017578125,4353.60009765625,4378.31982421875,104492600,0.0017874759137233925,74.1914074806579,0.17132349537595515
2014-12-01,4377.330078125,4383.18994140625,4334.81005859375,4354.18994140625,95799400,-0.0029313012441035064,73.97424855022483,0.15737697944793677
2014-12-02,4388.2998046875,4422.77001953125,4373.02978515625,4396.75,101308700,0.002502896525589154,74.15963033884472,0.15233883664720949
2014-12-03,4391.85986328125,4405.830078125,4378.8798828125,4384.0400390625,87190000,0.0008109325851629873,74.21979319030147,0.13862529408795907
2014-12-04,4323.89013671875,4427.740234375,4310.68994140625,4399.93994140625,144554000,-0.015597304765901678,73.07114564559109,0.14025169064467305
2014-12-05,4419.47998046875,4422.85009765625,4359.31982421875,4366.22021484375,125876600,0.02186654602566515,74.68655657742298,0.15713349613861227
2014-12-08,4375.47998046875,4407.9501953125,4375.47998046875,4400.169921875,77425600,-0.010005814077146392,73.94298301131802,0.15808422286782842
2014-12-09,4263.93994140625,4342.1201171875,4260.06982421875,4332.72998046875,149779500,-0.025822621885033304,72.05802336110916,0.1835509289637906
2014-12-10,4227.91015625,4306.72021484375,4216.18017578125,4280.33984375,116124400,-0.008485783650429578,71.44914163759489,0.18527670392778048
2014-12-11,4225.85986328125,4249.1201171875,4196.52978515625,4225.330078125,135257400,-0.0004850600392991397,71.41449291817823,0.17702577270522116
2014-12-12,4108.93017578125,4202.52001953125,4103.490234375,4197.47998046875,135838300,-0.028060061277230288,69.43845144731657,0.20264789816272702
2014-12-15,4005.3798828125,4144.31005859375,4000.800048828125,4094.4599609375,149438700,-0.025524268601236036,67.68851370608961,0.21899243644421035
2014-12-16,4093.199951171875,4094.18994140625,3926.340087890625,4027.510009765625,248244700,0.021688620141284125,69.17262010167056,0.23293741342128563
2014-12-17,4111.91015625,4131.81005859375,4035.300048828125,4052.22998046875,143182000,0.004560630451795732,69.48881132695458,0.2311683531993099
2014-12-18,4249.490234375,4249.490234375,4159.9501953125,4186.259765625,214450700,0.03291135213624983,71.8138319932365,0.2604655600057119
2014-12-19,4241.64990234375,4291.2001953125,4202.06982421875,4282.39013671875,214972700,-0.0018467094249277297,71.68133509214732,0.2591896852226672
2014-12-22,4254.43017578125,4295.14990234375,4239.35986328125,4255.8798828125,86938900,0.003008512857614016,71.89731403523183,0.2413971924070277
2014-12-23,4314.97021484375,4314.97021484375,4259.2099609375,4264.5400390625,81670200,0.014129587488123329,72.92040432472811,0.2463290910397085
2014-12-24,4295.85009765625,4316.39013671875,4295.02001953125,4309.75,14317600,-0.004440958681678205,72.59728583105868,0.2462776146351708
2014-12-29,4317.93017578125,4317.93017578125,4249.9501953125,4301.66015625,74896000,0.0051266983333727425,72.9704258863151,0.24712806404543994
2014-12-30,4245.5400390625,4296.02001953125,4245.5400390625,4293.89990234375,56575600,-0.016907132107534383,71.74707606561542,0.25321151083835647
2014-12-31,4272.75,4275.580078125,4255.330078125,4256.169921875,18497800,0.006388618692082391,72.20690805852163,0.2544650752985133
2015-01-02,4252.2900390625,4311.0,4224.33984375,4294.0498046875,69809300,-0.00479997750778696,71.86114701041562,0.254699071774822
2015-01-05,4111.35986328125,4276.919921875,4105.4501953125,4221.990234375,137887700,-0.03370382977654905,69.47951170638238,0.27759663810308577
2015-01-06,4083.5,4151.41015625,4076.159912109375,4129.89013671875,130814400,-0.00679937694594826,69.00869675430884,0.2774960422976138
2015-01-07,4112.72998046875,4144.9501953125,4080.780029296875,4111.72998046875,121316600,0.007132573014134905,69.50266586372535,0.27614386199806673
2015-01-08,4260.18994140625,4270.10986328125,4163.6298828125,4176.16015625,154417100,0.03522670964153751,71.99465061399795,0.29421422708898115
2015-01-09,4179.06982421875,4272.830078125,4149.14013671875,4249.259765625,139011800,-0.019225054789903568,70.62376936808974,0.29916623562867894
2015-01-12,4228.240234375,4252.27001953125,4165.14990234375,4196.77978515625,129743900,0.0116971945734784,71.45471975960623,0.28990659582101086
2015-01-13,4290.27978515625,4310.580078125,4197.81005859375,4204.77001953125,127789000,0.014566062543024439,72.50315089628722,0.29278936901452746
2015-01-14,4223.240234375,4302.22021484375,4207.3701171875,4227.4599609375,151689400,-0.015749287328748012,71.37022276345795,0.2982891119587564
2015-01-15,4323.2001953125,4338.72998046875,4119.35009765625,4262.93994140625,187411300,0.02339325249178648,73.0594860503218,0.2905179313838522
2015-01-16,4379.6201171875,4387.22021484375,4294.759765625,4303.5498046875,174122800,0.012966075429749563,74.01294883459354,0.27399526870223656
2015-01-19,4394.93017578125,4423.25,4367.240234375,4388.669921875,107393400,0.003489654425429512,74.27167962699878,0.2665555247460255
2015-01-20,4446.02001953125,4463.509765625,4405.93994140625,4406.9599609375,141375600,0.01155767453372921,75.13506729311086,0.26804162449396746
2015-01-21,4484.81982421875,4484.81982421875,4406.72021484375,4455.009765625,160196600,0.008689003380984084,75.7907606825577,0.24712048042490173
2015-01-22,4552.7998046875,4569.5498046875,4462.169921875,4486.759765625,208073500,0.015044063675955713,76.93958151212347,0.25022706166503933
2015-01-23,4640.68994140625,4673.2998046875,4585.64013671875,4588.490234375,222514400,0.01912066404550371,78.42487202088286,0.2560891215925355
2015-01-26,4675.1298828125,4678.830078125,4616.60986328125,4620.0,127771700,0.007393895321656857,79.00688634015312,0.25383092870036184
2015-01-27,4624.2099609375,4679.259765625,4592.6201171875,4671.759765625,145807700,-0.010951407658151308,78.1463702516445,0.2574755797815018
2015-01-28,4610.93994140625,4660.8798828125,4582.580078125,4660.4501953125,130618600,-0.0028738090457474702,77.92211489380053,0.2583317766480005
2015-01-29,4631.43017578125,4632.3798828125,4571.0498046875,4571.0498046875,117222200,0.004433985587118607,78.26838754481292,0.2478439828733897
2015-01-30,4604.25,4660.7099609375,4583.68017578125,4655.9501953125,142104300,-0.005885923664153639,77.8090589031533,0.2500798035993983
2015-02-02,4627.669921875,4646.5498046875,4584.3701171875,4613.31005859375,123784000,0.005073694813981278,78.20484151284631,0.24825416187528349
2015-02-03,4677.89990234375,4701.52001953125,4645.14990234375,4651.06982421875,146301200,0.010795785593165047,79.05369800608565,0.20755768508520514
2015-02-04,4696.2998046875,4696.2998046875,4651.77978515625,4682.81005859375,130750800,0.003925652652702038,79.3646453015794,0.20238916056247114
2015-02-05,4703.2998046875,4705.10009765625,4647.85009765625,4654.56005859375,121316800,0.0014894254191588146,79.482941096187,0.20316506241904828
2015-02-06,4691.02978515625,4707.240234375,4675.3701171875,4698.83984375,154635000,-0.0026122197206600536,79.27558513757272,0.17595424357336806
2015-02-09,4651.080078125,4659.259765625,4611.14990234375,4652.16015625,138917900,-0.008552661258699381,78.60045908934373,0.16100445041295053
2015-02-10,4695.64990234375,4716.490234375,4636.080078125,4663.4599609375,127662600,0.009537059941599419,79.35366234241206,0.16005959849793017
2015-02-11,4679.3798828125,4694.43994140625,4659.4599609375,4687.8701171875,94464200,-0.003470929957200165,79.07870878687915,0.15865609321341698
2015-02-12,4726.2001953125,4746.75,4664.02978515625,4670.080078125,159105400,0.00995594080305371,79.869943939874,0.14220070317382055
2015-02-13,4759.35986328125,4779.5400390625,4741.2001953125,4748.0400390625,161376000,0.006991638415127693,80.43032240720082,0.12647082605660195
2015-02-16,4751.9501953125,4766.47021484375,4747.22021484375,4757.52001953125,99362700,-0.0015580754747933836,80.3051034700377,0.12432140668374672
2015-02-17,4753.990234375,4766.669921875,4683.18994140625,4720.93017578125,109444600,0.00042921352367146417,80.33957890459898,0.12489486704198877
2015-02-18,4799.02978515625,4806.68017578125,4775.8701171875,4782.58984375,140858300,0.00942945464607635,81.10072025437577,0.12342524104953473
2015-02-19,4833.27978515625,4841.68994140625,4770.169921875,4788.39990234375,128577800,0.00711151237309631,81.67952467799158,0.12273089538337295
2015-02-20,4830.89990234375,4837.93017578125,4780.81005859375,4821.3798828125,140055500,-0.0004925162688532966,81.63930608822334,0.11603656072359711
2015-02-23,4862.2998046875,4875.97021484375,4832.35986328125,4872.1298828125,102128000,0.00647877132950685,82.16994557370265,0.10094733838053177
2015-02-24,4886.43994140625,4899.52001953125,4843.9599609375,4865.68017578125,106329800,0.00495247317866126,82.57789938157136,0.09971788802968409
2015-02-25,4882.22021484375,4894.60009765625,4863.22021484375,4885.0,117214700,-0.0008639315438277999,82.50658853775167,0.08857608049587402
2015-02-26,4910.6201171875,4910.6201171875,4877.240234375,4884.89013671875,105228900,0.005800152151849533,82.986529825542,0.08692103664272989
2015-02-27,4951.47998046875,4951.47998046875,4903.08984375,4905.77001953125,120717900,0.008286287235294627,83.67703696760108,0.08872825596839573
2015-03-02,4917.31982421875,4950.58984375,4900.10986328125,4937.43017578125,149942900,-0.0069228869481517494,83.09975084938483,0.09012526644472481
2015-03-03,4869.25,4936.47021484375,4863.919921875,4922.43017578125,116619800,-0.009823709770464695,82.2873996990127,0.1002847282353282
2015-03-04,4917.35009765625,4917.35009765625,4856.14013671875,4882.93994140625,117022000,0.009829866242972895,83.1002624522912,0.09931980328698997
2015-03-05,4963.509765625,4974.64013671875,4926.08984375,4929.0400390625,108151700,0.009343317162519038,83.88033310960358,0.10211779254521647
2015-03-06,4964.35009765625,4986.8798828125,4949.8798828125,4953.68017578125,134221500,0.00016928765007354508,83.89453421608516,0.10240640667991213
2015-03-09,4937.2001953125,4950.419921875,4917.4599609375,4940.64013671875,119543200,-0.005483983736435945,83.4357171773319,0.10469589897122641
2015-03-10,4881.9501953125,4941.3798828125,4869.4501953125,4930.06005859375,132780600,-0.011253638225833236,82.50202536989329,0.10861253207300665
2015-03-11,4997.75,5003.580078125,4900.330078125,4900.3701171875,144167500,0.023443040932546923,84.45897250002379,0.12903821624558034
2015-03-12,4987.330078125,5000.93994140625,4981.27978515625,4990.9599609375,112062500,-0.0020870990669857154,84.28288208031631,0.1282546709081424
2015-03-13,5010.4599609375,5010.7998046875,4969.47021484375,4997.93994140625,105602100,0.004627007366254372,84.67376320409996,0.12593897194068113
2015-03-16,5061.16015625,5071.68017578125,5019.02001953125,5019.02001953125,109124000,0.0100680174570774,85.53056604570753,0.12767381689596988
2015-03-17,5028.93017578125,5074.830078125,5006.93017578125,5065.6201171875,132932500,-0.006388464131346101,84.98589873860205,0.13086876993345228
2015-03-18,5033.419921875,5041.31982421875,5001.3701171875,5032.18017578125,127395500,0.0008923852476066855,85.06177275028011,0.13077741169174803
2015-03-19,5037.18017578125,5059.68017578125,5006.81982421875,5029.97021484375,122169000,0.0007467785523279272,85.12531878224671,0.12860520020013497
2015-03-20,5087.490234375,5106.0400390625,5036.27001953125,5044.419921875,185669400,0.009938194655051708,85.97552854768999,0.13029760030147466
2015-03-23,5054.52001953125,5078.25,5036.22998046875,5078.25,112901000,-0.006501734895323262,85.41835172435785,0.1336226417470949
2015-03-24,5088.27978515625,5103.2998046875,5032.77978515625,5040.85986328125,130680800,0.006656917408552124,85.98887148155441,0.1336966824045811
2015-03-25,5020.990234375,5087.2998046875,5012.8701171875,5073.27978515625,124717600,-0.013312641652437377,84.85171849891773,0.14350731819692872
2015-03-26,5006.35009765625,5006.35009765625,4932.52978515625,4992.5498046875,161978600,-0.0029200459217714097,84.60430898373079,0.1440724337060452
2015-03-27,5034.06005859375,5048.3701171875,5003.31005859375,5020.08984375,142337500,0.005519701059966652,85.07259067625183,0.1439627303839213
2015-03-30,5083.52001953125,5097.58984375,5045.35986328125,5052.25,112697900,0.009777111631959283,85.90843430201794,0.14497872110104942
2015-03-31,5033.64013671875,5098.85986328125,5028.3798828125,5073.990234375,126492200,-0.009860531254533943,85.06549424884093,0.14740302564371066
2015-04-01,5062.22021484375,5110.7900390625,5007.68017578125,5009.6298828125,121105100,0.005661757091607263,85.54848039909014,0.14260872630344087
2015-04-02,5074.14013671875,5080.52978515625,5059.419921875,5068.06005859375,77337100,0.0023519146826210787,85.74991991764207,0.13965909129013046
2015-04-07,5151.18994140625,5166.77001953125,5096.0,5106.35986328125,111763000,0.015070665185579157,87.05201532762332,0.14502098483834017
2015-04-08,5136.85986328125,5168.02978515625,5128.18017578125,5146.77978515625,95958600,-0.002785773332063365,86.80984561639676,0.14579053283269947
2015-04-09,5208.9501953125,5208.9501953125,5154.60009765625,5156.16015625,100086000,0.013936366203330679,88.02812891799147,0.14933448340191055
2015-04-10,5240.4599609375,5240.64990234375,5210.60986328125,5224.22021484375,120562700,0.006030935844294884,88.5606250269213,0.1409708373571719
2015-04-13,5254.1201171875,5262.740234375,5222.39990234375,5236.10986328125,116785400,0.002603279762116603,88.79147346092957,0.12060302685941962
2015-04-14,5218.06005859375,5260.77978515625,5192.89013671875,5252.47998046875,262666600,-0.006886856511652884,88.18208013450892,0.12394399075688498
2015-04-15,5254.35009765625,5269.5,5217.0400390625,5230.97998046875,259448500,0.006930627006136831,88.795359992686,0.12477731689011133
2015-04-16,5224.490234375,5255.240234375,5214.93994140625,5246.75,164371600,-0.005699093249811642,88.29074624215313,0.12430418066352471
2015-04-17,5143.259765625,5238.91015625,5132.7099609375,5214.330078125,188551300,-0.015670156195385563,86.91800012113463,0.13540066681767132
2015-04-20,5187.58984375,5187.58984375,5151.1201171875,5154.91015625,116468000,0.008582130587061521,87.66715180925092,0.13787101894134754
2015-04-21,5192.64013671875,5243.56982421875,5172.759765625,5205.10009765625,139757100,0.0009730600144196359,87.75249872635656,0.1378589804204571
2015-04-22,5211.08984375,5225.85986328125,5146.27001953125,5210.7001953125,126766700,0.0035467522526020675,88.0642876911479,0.13463931033772958
2015-04-23,5178.91015625,5226.169921875,5146.68017578125,5217.080078125,128135000,-0.006194377361947816,87.52047030499975,0.1344234555279547
2015-04-24,5201.4501953125,5225.39013671875,5166.81005859375,5202.6298828125,132942200,0.004342830831467483,87.90138342376902,0.1334662455965398
2015-04-27,5268.91015625,5283.7099609375,5135.89013671875,5198.7900390625,128430000,0.012886069275820282,89.04141623566898,0.1287207434668408
2015-04-28,5173.3798828125,5256.7900390625,5138.2998046875,5256.7900390625,146716900,-0.018297315683494773,87.42701200633024,0.14638117355416844
2015-04-29,5039.39013671875,5202.56005859375,5034.830078125,5176.669921875,149347400,-0.02624115387048323,85.16266579441145,0.1742569461113049
2015-04-30,5046.490234375,5069.0400390625,4987.259765625,5040.509765625,207097200,0.0014079284242659806,85.28265317927398,0.17074719237342062
2015-05-04,5081.97021484375,5112.85986328125,5013.52978515625,5060.5,110373300,0.007006025401910639,85.88224353387585,0.16889420387553522
2015-05-05,4974.06982421875,5133.169921875,4969.97021484375,5074.419921875,158058300,-0.021460640845304628,84.05879175566793,0.1838315218044102
2015-05-06,4981.58984375,5013.2099609375,4936.33984375,4968.14013671875,169169600,0.0015107026982133028,84.18587556794135,0.18367071087501047
2015-05-07,4967.22021484375,4981.990234375,4874.89990234375,4945.81982421875,186569200,-0.0028887150953950335,83.9430374722726,0.1743217128931921
2015-05-08,5090.39013671875,5094.009765625,4981.41015625,4999.47998046875,148505400,0.02449410458453782,86.024535155124,0.19645302099166745
2015-05-11,5027.8701171875,5050.919921875,5008.89013671875,5050.919921875,105803700,-0.012358016820047108,84.96798438521938,0.19331138320998859
2015-05-12,4974.64990234375,4992.919921875,4922.02001953125,4988.85009765625,130251300,-0.010641461744330321,84.06859472748668,0.1935540545509305
2015-05-13,4961.85986328125,5045.5400390625,4944.39013671875,4996.18994140625,125480600,-0.0025743538582053385,83.85245075120656,0.19267012913002493
2015-05-14,5029.31005859375,5043.68994140625,4905.7001953125,4942.490234375,106266300,0.013502166526138644,84.99231852991092,0.19993028512166697
2015-05-15,4993.81982421875,5066.56982421875,4965.85986328125,5049.56005859375,118689900,-0.007081696657768189,84.39255489045365,0.19814509475039582
2015-05-18,5012.31005859375,5026.27978515625,4932.009765625,4996.9599609375,99355700,0.0036957856109793245,84.70502874300672,0.19885852279316318
2015-05-19,5117.2998046875,5124.5,5040.4501953125,5040.4501953125,131121300,0.020730019672370467,86.47929237726544,0.2070782254397782
2015-05-20,5133.2998046875,5139.06005859375,5089.43017578125,5106.259765625,92775200,0.003121771136062088,86.74968276493998,0.20500027117071107
2015-05-21,5146.7001953125,5148.8701171875,5104.2099609375,5120.8798828125,76471600,0.0026070813647980228,86.97614131594521,0.20522633458411862
2015-05-22,5142.89013671875,5155.27978515625,5121.68994140625,5147.41015625,88052800,-0.0007405656872501571,86.91175361468103,0.2047181230431712
2015-05-25,5117.169921875,5139.64990234375,5099.1298828125,5139.64990234375,21000700,-0.005013668258076965,86.47709743576392,0.20435409813085673
2015-05-26,5083.5400390625,5146.02978515625,5062.47021484375,5122.8701171875,106516600,-0.006593659614523323,85.90877262006887,0.20455219894101775
2015-05-27,5182.52978515625,5193.77001953125,5086.35986328125,5105.85986328125,121961600,0.019285435586966403,87.58163985894966,0.21115673344426295
2015-05-28,5137.830078125,5164.240234375,5096.52978515625,5157.25,94177200,-0.008662486025730557,86.82624166437981,0.20359198952141064
2015-05-29,5007.89013671875,5144.72998046875,5006.4599609375,5137.02001953125,161991900,-0.025616130540937712,84.63033471867722,0.20259872701383153
2015-06-01,5025.2998046875,5060.490234375,4989.93994140625,5029.0498046875,97082300,0.0034704187887683352,84.9245476481369,0.20294330840693595
2015-06-02,5004.4599609375,5051.68017578125,4960.72021484375,5051.68017578125,121140700,-0.004155607756791833,84.57236680872195,0.20162838090227317
2015-06-03,5034.169921875,5088.14013671875,4991.27001953125,5016.3701171875,113879500,0.0059191439525340785,85.07444729970231,0.18800957823141912
2015-06-04,4987.1298828125,5044.75,4916.4501953125,5006.18994140625,129401400,-0.009388080483055191,84.27949889980641,0.19108942011003285
2015-06-05,4920.740234375,4966.4501953125,4894.169921875,4951.7998046875,117606600,-0.013401597174073333,83.15755372614446,0.1965215723914371
2015-06-08,4857.66015625,4917.52001953125,4857.66015625,4906.169921875,100424300,-0.012902100681202669,82.09153830247206,0.17859924173026448
2015-06-09,4850.22021484375,4868.419921875,4783.919921875,4849.1201171875,137312600,-0.001532763606151895,81.96580776240258,0.1747587343911646
2015-06-10,4934.91015625,4956.740234375,4811.5400390625,4831.02978515625,125031000,0.017310358258224957,83.39701689296314,0.18337710348359573
2015-06-11,4971.3701171875,5022.10009765625,4917.919921875,4926.77001953125,133827300,0.007361012319733791,84.01316832874369,0.1851020805813201
2015-06-12,4901.18994140625,4973.06982421875,4852.35986328125,4962.22021484375,118044300,-0.014217458799581063,82.82716552020875,0.18470321088929753
2015-06-15,4815.35986328125,4871.06982421875,4805.10009765625,4844.9501953125,106993300,-0.01766724040126473,81.37668876406164,0.19240897757766706
2015-06-16,4839.85986328125,4857.6298828125,4748.93017578125,4778.2099609375,122656600,0.0050749860237124895,81.79072404518827,0.19295781565743925
2015-06-17,4790.6201171875,4858.0498046875,4773.18994140625,4845.72998046875,108775800,-0.010225902607649938,80.95860191798299,0.1768053181824228
2015-06-18,4803.47998046875,4805.009765625,4712.97021484375,4777.91015625,135723200,0.0026807873280311214,81.17592588161166,0.1766149882136398
2015-06-19,4815.3701171875,4870.52001953125,4799.27001953125,4807.580078125,183933200,0.002472258670036318,81.37686204891705,0.1765601047029656
2015-06-22,4998.60986328125,5010.39013671875,4911.85986328125,4926.6298828125,170982500,0.037346936601307286,84.47350367289651,0.22563667139662477
2015-06-23,5057.68017578125,5078.509765625,5024.259765625,5045.56982421875,129386400,0.011748068455029253,85.47175646645468,0.2296475092865851
2015-06-24,5045.35009765625,5065.740234375,5001.669921875,5060.580078125,137708100,-0.002440868514298304,85.26338555368741,0.22872072778403799
2015-06-25,5041.7099609375,5087.080078125,4996.6298828125,4996.6298828125,128574400,-0.0007217438690007892,85.20186943002673,0.21728374185157986
2015-06-26,5059.169921875,5095.0400390625,4985.8798828125,5010.22021484375,105581800,0.0034571202765933604,85.49693228044377,0.21617086484981898
2015-06-29,4869.81982421875,4946.6201171875,4819.02978515625,4821.4501953125,171663100,-0.03814548345215603,82.29702938597605,0.23763358080427113
2015-06-30,4790.2001953125,4892.47998046875,4789.60986328125,4849.39013671875,167742900,-0.01648473435179282,80.9515054905721,0.2425563146606106
2015-07-01,4883.18994140625,4941.60986328125,4813.68994140625,4849.43017578125,151634100,0.019226477851335425,82.52297633407494,0.2535547093977346
2015-07-02,4835.56005859375,4903.509765625,4833.14013671875,4898.5498046875,100577600,-0.009801726383338314,81.71805992916467,0.25386610950654137
2015-07-03,4808.22021484375,4847.3798828125,4780.5498046875,4836.4599609375,86776200,-0.005669958505729336,81.25603299475695,0.2528118977929234
2015-07-06,4711.5400390625,4775.490234375,4699.169921875,4709.009765625,136187400,-0.02031217115555351,79.62219610663608,0.25791046368029885
2015-07-07,4604.64013671875,4724.5400390625,4602.16015625,4712.6298828125,163782600,-0.022950306337544787,77.8156519793176,0.2654666914589993
2015-07-08,4639.02001953125,4671.8701171875,4601.89990234375,4611.85986328125,144187300,0.007438620797377676,78.39665134443489,0.2677083267038883
2015-07-09,4757.22021484375,4777.02978515625,4655.4501953125,4667.2099609375,121520700,0.02516036793293131,80.3941636340444,0.27613574077576414
2015-07-10,4903.06982421875,4922.6298828125,4850.93994140625,4884.0498046875,139526500,0.030197994511763526,82.85893441036221,0.29622698824641097
2015-07-13,4998.10009765625,5010.580078125,4959.6201171875,4985.14013671875,124421200,0.01919635606527943,84.4648889400861,0.29955203159452576
2015-07-14,5032.47021484375,5032.47021484375,4981.02001953125,4995.35986328125,88560800,0.006853100199209594,85.04572327200779,0.2923242198889786
2015-07-15,5047.240234375,5055.60009765625,5017.830078125,5027.91015625,93627300,0.0029306457118807834,85.29532772869624,0.29214357412447317
2015-07-16,5121.5,5147.39990234375,5067.75,5071.89990234375,123015200,0.01460575922888279,86.55027315469394,0.29171572820764363
2015-07-17,5124.39013671875,5138.97998046875,5110.47998046875,5138.97998046875,102644300,0.0005641553358153138,86.59911472893239,0.2918535150990906
2015-07-20,5142.490234375,5184.740234375,5130.97021484375,5134.16015625,79072100,0.0035259233095015306,86.90499550532117,0.2918487131564055
2015-07-21,5106.56982421875,5157.240234375,5093.77001953125,5153.85009765625,88546500,-0.007009532001083282,86.29796215359762,0.2655903344430624
2015-07-22,5082.56982421875,5101.22021484375,5070.669921875,5070.669921875,89515800,-0.004710906948645557,85.89237657208584,0.2633217318751551
2015-07-23,5086.740234375,5122.85009765625,5067.81982421875,5122.85009765625,76980800,0.0008201953458029472,85.96285399826772,0.2631466333313284
2015-07-24,5057.35986328125,5120.64013671875,5051.14013671875,5075.25,104074600,-0.005792618953744406,85.46634337763892,0.26400125097534394
2015-07-27,4927.60009765625,5033.91015625,4924.2900390625,5030.89013671875,117642300,-0.025992507058199332,83.27348129439518,0.278653762684325
2015-07-28,4977.31982421875,4997.14990234375,4937.64990234375,4958.4599609375,111978000,0.010039484329686012,84.11371480316431,0.2464030472525408
2015-07-29,5017.43994140625,5021.43994140625,4970.27978515625,5006.009765625,118376700,0.008028273538766818,84.79172068065652,0.23895555042027994
2015-07-30,5046.419921875,5061.52978515625,5000.97021484375,5049.240234375,145978900,0.0057592337264103675,85.28146494026562,0.23130107545809225
2015-07-31,5082.60986328125,5083.64013671875,5035.3798828125,5063.47021484375,121244500,0.007145816760355292,85.89305320818778,0.22823677515037916
2015-08-03,5120.52001953125,5125.7099609375,5066.14990234375,5076.7998046875,102330900,0.007431117929486571,86.53371207351525,0.2269281915322284
2015-08-04,5112.14013671875,5114.6298828125,5075.8798828125,5114.6298828125,120699400,-0.0016378702229678727,86.39209708836906,0.21145264034025463
2015-08-05,5196.72998046875,5202.759765625,5134.3701171875,5135.31005859375,122479600,0.016411447882851964,87.82161462867471,0.19153368282509972
2015-08-06,5192.10986328125,5217.7998046875,5177.9501953125,5186.5498046875,85599700,-0.0008894385824728888,87.74353742383533,0.192782763240152
2015-08-07,5154.75,5190.35009765625,5152.89013671875,5187.8701171875,92833800,-0.007221519598328666,87.11217817908006,0.18328572952993064
2015-08-10,5195.41015625,5197.64990234375,5133.6298828125,5179.83984375,75338800,0.007856953864369687,87.79931039228909,0.15726858091528365
2015-08-11,5099.02978515625,5184.2099609375,5094.47998046875,5184.2099609375,101544800,-0.01872529012401619,86.17054002327322,0.1621139436455062
2015-08-12,4925.43017578125,5051.72021484375,4907.330078125,5051.490234375,148968600,-0.03463866728207585,83.23681091833238,0.20191485010891286
2015-08-13,4986.85009765625,5023.93994140625,4972.580078125,5006.009765625,95687200,0.012392851345086251,84.27477069875242,0.20685001706047962
2015-08-14,4956.47021484375,5017.22021484375,4940.72998046875,4987.06005859375,75630400,-0.006110630330558674,83.76136893055376,0.2000318354477986
2015-08-17,4984.830078125,5025.7099609375,4923.009765625,4996.759765625,80693900,0.005705479037441882,84.24063358224211,0.2015070773512439
2015-08-18,4971.25,5000.27978515625,4956.1201171875,4972.7900390625,67103200,-0.0027279986581711007,84.01113842043779,0.20077733392551017
2015-08-19,4884.10009765625,4949.1201171875,4884.10009765625,4939.2998046875,91668100,-0.017686266485712893,82.53835742790504,0.20768123350520507
2015-08-20,4783.5498046875,4882.10986328125,4774.8701171875,4867.4501953125,116307600,-0.02080214320515603,80.83911788436706,0.2174598779364704
2015-08-21,4630.990234375,4775.72021484375,4630.990234375,4704.27001953125,156577700,-0.03241218910331271,78.26095279935102,0.23965933886266572
2015-08-24,4383.4599609375,4540.1298828125,4230.490234375,4465.47998046875,323292800,-0.054932360780374404,74.07783988710428,0.2967342319323157
2015-08-25,4564.85986328125,4596.240234375,4431.830078125,4458.08984375,221636500,0.04054945753413224,77.1433892570323,0.33017960029525156
2015-08-26,4501.0498046875,4582.2099609375,4430.75,4499.22998046875,156232400,-0.014077156000374468,76.06503760198862,0.3281518760804464
2015-08-27,4658.18017578125,4686.669921875,4589.52001953125,4612.27001953125,152983100,0.03431419214709474,78.72044647420624,0.35279689807462383
2015-08-28,4675.1298828125,4675.1298828125,4624.10986328125,4663.97998046875,102147900,0.003632093128452176,79.00688634015309,0.3521669878588522
2015-08-31,4652.9501953125,4657.759765625,4608.6201171875,4636.43994140625,90060900,-0.004755475749106002,78.63206294630152,0.349981042064173
2015-09-01,4541.16015625,4599.22998046875,4499.490234375,4586.330078125,138326600,-0.024318948592966683,76.74287844628526,0.35393890925734345
2015-09-02,4554.919921875,4599.759765625,4517.81005859375,4558.0,103217500,0.0030254298560122503,76.97541021888867,0.35498332314982706
2015-09-03,4653.7900390625,4692.2998046875,4589.97998046875,4601.75,135856000,0.021473999492005128,78.64625580112332,0.3593265209482027
2015-09-04,4523.080078125,4611.0498046875,4500.9501953125,4607.91015625,133313100,-0.02848875479301257,76.43733598794749,0.36772299332502384
2015-09-07,4549.64013671875,4587.58984375,4524.990234375,4563.85009765625,67094800,0.005854944016526318,76.88618502168639,0.37021219809860656
2015-09-08,4598.259765625,4655.080078125,4575.60986328125,4581.66015625,99964700,0.010629781092456875,77.70782754097092,0.3716366964911801
2015-09-09,4664.58984375,4733.0498046875,4662.8798828125,4707.41015625,111082900,0.014321988311788606,78.82876601213972,0.3747893259084029
2015-09-10,4596.52978515625,4665.830078125,4584.2900390625,4615.72021484375,111380500,-0.014698284143163346,77.67859191037002,0.3605044446361414
2015-09-11,4548.72021484375,4618.58984375,4545.14013671875,4618.58984375,97934200,-0.010455702329342524,76.87063889466066,0.3566478031021533
2015-09-14,4518.14990234375,4596.75,4513.5,4554.7099609375,100294700,-0.0067433255240272084,76.35401897914775,0.35669324133578556
2015-09-15,4569.3701171875,4591.47021484375,4502.2099609375,4529.9599609375,102194600,0.011272769057922174,77.21960983842115,0.3591949860527038
2015-09-16,4645.83984375,4653.33984375,4604.080078125,4610.16015625,99264400,0.016596796426932504,78.51190227658363,0.36632223588694446
2015-09-17,4655.14013671875,4665.990234375,4629.2001953125,4660.169921875,92433200,0.0019998529376305915,78.66907164041532,0.36286057491883245
2015-09-18,4535.85009765625,4623.10009765625,4495.0498046875,4623.10009765625,248859900,-0.025959496208702627,76.65314164617662,0.3665970387103872
2015-09-21,4585.5,4605.259765625,4526.27978515625,4526.27978515625,103003700,0.010886632391396466,77.49219516759719,0.3525444378533945
2015-09-22,4428.509765625,4582.919921875,4415.97021484375,4582.919921875,158626000,-0.03483601957509614,74.83915452173648,0.31867337535785034
2015-09-23,4432.830078125,4488.27001953125,4400.419921875,4427.7900390625,143884400,0.0009750924619738561,74.91216520747086,0.2835364731543698
2015-09-24,4347.240234375,4455.0498046875,4309.419921875,4434.7001953125,172337200,-0.01949700901761832,73.46574826793555,0.2871884518157711
2015-09-25,4480.66015625,4514.419921875,4413.7099609375,4423.1201171875,134147500,0.030229176990702145,75.72046479289098,0.28102425147734367
2015-09-28,4357.0498046875,4470.06982421875,4337.27978515625,4452.240234375,134411100,-0.02797521384804925,73.63152411291789,0.29427234522943635
2015-09-29,4343.72998046875,4377.22021484375,4278.56982421875,4297.18994140625,148574600,-0.003061756521379158,73.40642708577637,0.29422929224962524
2015-09-30,4455.2900390625,4474.72021484375,4413.080078125,4433.759765625,160356000,0.025358741462860067,75.29172505403619,0.2997340234011818
2015-10-01,4426.5400390625,4528.16015625,4408.1201171875,4518.02978515625,149269600,-0.006473913632697232,74.80586732618353,0.29996913543708015
2015-10-02,4458.8798828125,4518.39013671875,4386.10009765625,4472.5,143984300,0.007279337800180046,75.35239125673954,0.290225758197638
2015-10-05,4616.89990234375,4631.83984375,4528.02001953125,4543.06982421875,142138000,0.034825875914656475,78.0228346530765,0.3002197959533793
2015-10-06,4660.64013671875,4684.7900390625,4589.2900390625,4610.43017578125,137140900,0.009429344045567684,78.76201833617843,0.30120518791043277
2015-10-07,4667.33984375,4730.2998046875,4654.27978515625,4680.85009765625,154754500,0.0014364756779768563,78.87523936002128,0.2992358172440498
2015-10-08,4675.91015625,4687.18994140625,4643.919921875,4657.240234375,109749100,0.0018345468447615997,79.0200724924817,0.29517767634136677
2015-10-09,4701.39013671875,4737.68994140625,4693.25,4723.27978515625,129585900,0.005434409132820698,79.450668854787,0.2906512002905973
2015-10-12,4688.7001953125,4713.41015625,4663.33984375,4705.22021484375,96002100,-0.0027028385633989255,79.23621646876181,0.2880048536703863
2015-10-13,4643.3798828125,4667.509765625,4598.10986328125,4667.509765625,116870400,-0.009712876103307696,78.47033041461144,0.2892494463685492
2015-10-14,4609.02978515625,4660.43017578125,4580.83984375,4608.419921875,117314200,-0.007425147979164113,77.88983440074074,0.2883789852025952
2015-10-15,4675.2900390625,4683.75,4622.4501953125,4651.77001953125,113311300,0.014273825149747513,79.00959288456096,0.28684442789257114
2015-10-16,4702.7900390625,4718.91015625,4680.22021484375,4702.56005859375,108928800,0.0058647566652421995,79.47432636337655,0.2874446823877801
2015-10-19,4704.06982421875,4744.97021484375,4684.52001953125,4697.52001953125,88461400,0.00027209614743835085,79.4959539636602,0.270925946687774
2015-10-20,4673.81005859375,4711.9501953125,4649.97998046875,4708.18994140625,93237900,-0.006453456649553305,78.98458210376744,0.27020291779691485
2015-10-21,4695.10009765625,4716.56982421875,4642.93994140625,4691.3701171875,104452800,0.004544835067010921,79.34437097349965,0.23695402180815933
2015-10-22,4802.18017578125,4816.990234375,4670.10009765625,4675.14990234375,154484900,0.022550585594979387,81.153959963277,0.24647499510127777
2015-10-23,4923.64013671875,4947.02001953125,4840.31982421875,4840.31982421875,168459100,0.024978104043117497,83.2065603335785,0.24158502712645957
2015-10-26,4897.1298828125,4924.240234375,4881.0498046875,4908.330078125,98118000,-0.005398826822219634,82.75855296913717,0.22754816722021626
2015-10-27,4847.06982421875,4896.4599609375,4847.06982421875,4885.08984375,110995600,-0.010274932887085576,81.91256805350132,0.20290807630183677
2015-10-28,4890.580078125,4907.83984375,4848.5,4857.85009765625,110846300,0.008936559418453761,82.64786520484682,0.20109433692840048
2015-10-29,4885.81982421875,4899.83984375,4841.39013671875,4892.8798828125,188704100,-0.0009738256065613848,82.56741977365056,0.18888925385359775
2015-10-30,4897.66015625,4909.16015625,4865.16015625,4895.02978515625,122869800,0.002420475707138124,82.76751427165837,0.18491312373425903
2015-11-02,4916.2099609375,4936.85009765625,4845.1201171875,4848.85986328125,113864200,0.0037803285670348734,83.08099482670461,0.18472300662468763
2015-11-03,4936.18017578125,4936.18017578125,4895.83984375,4920.02001953125,106982700,0.00405388782129838,83.41847946005119,0.1486109275960643
2015-11-04,4948.2900390625,4992.97021484375,4942.080078125,4951.18994140625,141136400,0.0024502819224266528,83.62312887425762,0.14687187712872768
2015-11-05,4980.0400390625,5008.06005859375,4935.22021484375,4967.93994140625,174743800,0.006395860730512269,84.15968479979925,0.1472739056998693
2015-11-06,4984.14990234375,5011.64990234375,4930.919921875,4964.8798828125,150861200,0.0008249267704615502,84.2291390201684,0.14742363096443356
2015-11-09,4911.169921875,4983.77001953125,4906.47998046875,4978.83984375,101330800,-0.01475067102893861,82.99582119445435,0.15938947011754945
2015-11-10,4912.16015625,4942.6201171875,4873.4501953125,4937.3701171875,112797400,0.00020160869490865854,83.01255556048841,0.1586072441337521
2015-11-11,4952.509765625,4973.89990234375,4917.08984375,4919.10009765625,116077400,0.00818067603321005,83.69443971807728,0.1536847043688213
2015-11-12,4856.64990234375,4963.3798828125,4851.0400390625,4941.259765625,122599900,-0.019545591729887166,82.074465618387,0.16907742341560547
2015-11-13,4807.9501953125,4860.52978515625,4762.330078125,4835.68994140625,114037800,-0.010078041249173105,81.25146982689851,0.16874004765489778
2015-11-16,4804.31005859375,4824.02001953125,4751.02978515625,4756.919921875,108609700,-0.0007573945766362638,81.18995370323783,0.16805677818106127
2015-11-17,4937.31005859375,4937.31005859375,4840.75,4850.2900390625,119347400,0.02730721645113816,83.43757380078235,0.1910663388459927
2015-11-18,4906.72021484375,4918.14013671875,4879.35986328125,4901.1201171875,97351700,-0.006214922417335987,82.92062381887824,0.19093031330543336
2015-11-19,4915.10009765625,4962.4501953125,4901.06982421875,4943.89990234375,103597200,0.0017063812163553831,83.06223880402442,0.19076588637346922
2015-11-20,4910.97021484375,4934.2900390625,4879.490234375,4929.33984375,114731300,-0.0008405970900552127,82.99244626560427,0.1759265414755697
2015-11-23,4889.1201171875,4905.330078125,4860.72998046875,4901.68017578125,96366200,-0.0044591698896468916,82.6231927421043,0.15365829776188644
2015-11-24,4820.27978515625,4865.419921875,4773.97998046875,4863.81005859375,115225800,-0.014180379070252769,81.45983248800597,0.16017756529314342
2015-11-25,4892.990234375,4911.830078125,4821.509765625,4830.22021484375,116198900,0.014971643378328089,82.68859539752141,0.16506869589466083
2015-11-26,4946.02001953125,4956.080078125,4883.27001953125,4884.35009765625,93265600,0.0107796002424779,83.58476690793987,0.16638099934352815
2015-11-27,4930.14013671875,4961.4501953125,4908.89990234375,4919.009765625,73739100,-0.00321580376305632,83.31640642857124,0.1668181653012274
2015-11-30,4957.60009765625,4974.35986328125,4901.2900390625,4917.14990234375,113125600,0.005554359415523573,83.78046327128487,0.1676405361993448
2015-12-01,4914.52978515625,4968.31005859375,4897.8701171875,4960.3798828125,127971100,-0.008725692689186253,83.05260086540125,0.17020966476329707
2015-12-02,4905.759765625,4942.1201171875,4886.85986328125,4925.240234375,135040300,-0.0017861025008237706,82.90439280409075,0.16965140368349946
2015-12-03,4730.2099609375,4975.7099609375,4730.2099609375,4895.64013671875,204118500,-0.03644038645082647,79.9377065699882,0.21033669182331535
2015-12-04,4714.7900390625,4740.47021484375,4670.990234375,4715.68994140625,158222700,-0.003265206050830324,79.67711915413243,0.2080430039036253
2015-12-07,4756.41015625,4803.47998046875,4733.33984375,4746.259765625,103508000,0.008788830187506556,80.38047413046915,0.2114984695740866
2015-12-08,4681.85986328125,4757.2001953125,4656.56005859375,4750.419921875,145488000,-0.015797777191429913,79.12061896690227,0.21230925447920226
2015-12-09,4637.4501953125,4714.64013671875,4619.490234375,4695.89990234375,171226800,-0.009530749347833746,78.3701222582418,0.21355082711632184
2015-12-10,4635.06005859375,4661.0400390625,4596.33984375,4617.5400390625,139944600,-0.0005155317613542788,78.32973038361818,0.21004319482164138
2015-12-11,4549.56005859375,4630.27001953125,4527.259765625,4617.18017578125,151768100,-0.01861861869019063,76.88483174948242,0.20915440378435
2015-12-14,4473.06982421875,4623.16015625,4472.64990234375,4572.3701171875,154702400,-0.016955603386229798,75.59219274160918,0.21335596816550514
2015-12-15,4614.39990234375,4626.759765625,4519.9599609375,4522.47021484375,165804900,0.031106893022215545,77.98058615500231,0.2446572205485285
2015-12-16,4624.669921875,4664.2001953125,4593.919921875,4621.47021484375,132766800,0.0022231726692421177,78.15414331515728,0.22120639717320534
2015-12-17,4677.5400390625,4748.759765625,4674.580078125,4729.39990234375,148504100,0.01136733888300663,79.04761653282766,0.22642531472923885
2015-12-18,4625.259765625,4672.35009765625,4601.39013671875,4629.56005859375,221520200,-0.011239804129613588,78.16411132017166,0.22799091925005108
2015-12-21,4565.169921875,4666.490234375,4565.169921875,4617.2001953125,114513000,-0.013076798818866916,77.14862906099263,0.23052830928463036
2015-12-22,4567.60009765625,4604.7900390625,4526.85986328125,4596.5498046875,85380100,0.0005321881167291171,77.18969757171823,0.23090846337018278
2015-12-23,4674.52978515625,4686.08984375,4614.25,4614.25,101333700,0.023140652741263965,78.9967450502833,0.24442384685876875
2015-12-24,4663.18017578125,4671.68017578125,4651.43994140625,4670.85986328125,16313800,-0.0024309204315766933,78.8049434703545,0.23700272738989894
2015-12-28,4617.9501953125,4669.83984375,4613.77978515625,4667.02978515625,44645300,-0.009746730565286821,78.04058397326345,0.23337830899329712
2015-12-29,4701.35986328125,4701.35986328125,4648.7900390625,4648.7900390625,62749700,0.017900873510469505,79.4501572518806,0.24463092254330374
2015-12-30,4677.14013671875,4708.31982421875,4672.259765625,4690.31005859375,56083400,-0.005164958235225266,79.04085842346775,0.24312867006706188
2016-01-04,4522.4501953125,4586.10986328125,4490.2998046875,4582.0498046875,130633900,-0.03363291566364533,76.4266913468311,0.265126778498747
2016-01-05,4537.6298828125,4575.4501953125,4481.7001953125,4573.5400390625,104182900,0.0033508979110303985,76.68321894607506,0.26625209899223123
2016-01-06,4480.47021484375,4533.240234375,4440.77001953125,4528.1201171875,104877300,-0.012676823902998284,75.71725489723646,0.2409752139698156
2016-01-07,4403.580078125,4424.14013671875,4323.5498046875,4346.10009765625,137701000,-0.01731013538313132,74.4178577800033,0.24632834322020108
2016-01-08,4333.759765625,4437.02001953125,4333.740234375,4404.18017578125,124197200,-0.015982392802812044,73.23793644472633,0.2460180317772667
2016-01-11,4312.740234375,4383.919921875,4312.740234375,4333.2099609375,107025000,-0.004861984075987859,72.8827189945123,0.24254397594612595
2016-01-12,4378.75,4429.0400390625,4305.77001953125,4317.490234375,123293200,0.01518980820189293,73.99824437686533,0.25031922679411583
2016-01-13,4391.93994140625,4465.56005859375,4374.02001953125,4426.759765625,111469800,0.003007734040969074,74.22114646250536,0.25100914805268937
2016-01-14,4312.89013671875,4352.14990234375,4234.83984375,4341.35986328125,166010000,-0.01816278481938885,72.8852522540648,0.25064653371928713
2016-01-15,4210.16015625,4319.47021484375,4178.8701171875,4305.43994140625,176801800,-0.02410755591581489,71.14917730126842,0.2569725596583478
2016-01-18,4189.56982421875,4254.4599609375,4161.3701171875,4211.10986328125,126059700,-0.004902627422816285,70.80121306000112,0.2252775784634535
2016-01-19,4272.259765625,4308.08984375,4251.52978515625,4267.77001953125,130260700,0.019544844956900478,72.19862339210236,0.23943368740842635
2016-01-20,4124.9501953125,4178.81982421875,4084.679931640625,4171.43017578125,156074200,-0.03508896051929068,69.70918015304204,0.25593035396174274
2016-01-21,4206.39990234375,4234.64990234375,4113.580078125,4129.7001953125,166740100,0.019553205927249954,71.08563126930181,0.26981929225804674
2016-01-22,4336.68994140625,4371.64990234375,4280.9501953125,4293.259765625,154178800,0.030504219029848886,73.28745465506674,0.2935931888642276
2016-01-25,4311.330078125,4365.14990234375,4291.85986328125,4365.14990234375,119945600,-0.005864911486389574,72.85888820106734,0.2936121535681804
2016-01-26,4356.81005859375,4366.64990234375,4224.4501953125,4238.85009765625,127614400,0.010493692325247472,73.6274725479658,0.2826236621844815
2016-01-27,4380.35986328125,4380.35986328125,4319.35986328125,4349.7900390625,113439600,0.0053907299337804596,74.02545009916034,0.28423896527216985
2016-01-28,4322.16015625,4403.68017578125,4284.3798828125,4362.5498046875,145439700,-0.013375568131280328,73.04191001499011,0.2856022824468953
2016-01-29,4417.02001953125,4417.02001953125,4340.18994140625,4386.85009765625,148804300,0.021709951537532763,74.64498471545072,0.289419468093083
2016-02-01,4392.330078125,4422.60986328125,4350.08984375,4418.14013671875,106985100,-0.005605409202783623,74.22773953866965,0.2894655599169566
2016-02-02,4283.990234375,4377.56982421875,4253.509765625,4368.919921875,127965300,-0.02497498275807685,72.39686126665961,0.27929293529883975
2016-02-03,4226.9599609375,4294.41015625,4177.97021484375,4282.41015625,152722600,-0.01340182370275021,71.43308390766275,0.2808358402838458
2016-02-04,4228.52978515625,4279.1201171875,4176.47998046875,4276.169921875,158951600,0.00037131479877012456,71.45961299385579,0.2790232734748033
2016-02-05,4200.669921875,4269.47021484375,4187.97021484375,4236.06982421875,179204000,-0.0066103463432148225,70.98879804178225,0.27441480082986164
2016-02-08,4066.31005859375,4220.85009765625,4046.639892578125,4217.4501953125,165143900,-0.03250804906172269,68.71819707175013,0.2903462903407681
2016-02-09,3997.5400390625,4091.8798828125,3951.2900390625,4072.320068359375,192219900,-0.017056787014876805,67.55602505666015,0.2943594658069959
2016-02-10,4061.199951171875,4115.169921875,3987.489990234375,4027.080078125,154266800,0.015799302720399224,68.63183932632143,0.2948571955214722
2016-02-11,3896.7099609375,3998.10009765625,3892.4599609375,3990.330078125,186961400,-0.0413458870763898,65.85205731206817,0.3212147681210353
2016-02-12,3995.06005859375,3995.06005859375,3922.7099609375,3949.159912109375,157391500,0.024926015200012266,67.514114876637,0.3345488270623636
2016-02-15,4115.25,4144.81005859375,4076.81005859375,4086.2900390625,123815300,0.029640973079582706,69.54525267985044,0.3447815184039028
2016-02-16,4110.66015625,4157.2998046875,4086.830078125,4157.2998046875,125207000,-0.001115948056602312,69.46768707791745,0.34450274511628937
2016-02-17,4233.47021484375,4238.330078125,4112.0400390625,4119.35009765625,154374300,0.029438400920300346,71.54310328751092,0.3534902391091836
2016-02-18,4239.759765625,4279.18994140625,4212.58984375,4255.06982421875,129413300,0.00148457009921878,71.64939291713847,0.3302533586879344
2016-02-19,4223.0400390625,4255.56982421875,4182.330078125,4232.22021484375,115689200,-0.003951351491793467,71.36683958294807,0.32386650429925834
2016-02-22,4298.7001953125,4303.89990234375,4259.259765625,4260.6201171875,104477100,0.017757439747595877,72.64545076919512,0.311610555270775
2016-02-23,4238.419921875,4301.919921875,4236.9501953125,4272.22021484375,100778200,-0.014122156990021346,71.62675036270186,0.31472611263672645
2016-02-24,4155.33984375,4233.2998046875,4117.490234375,4232.47998046875,130494900,-0.019796323374842006,70.2227469544363,0.3184846530894273
2016-02-25,4248.4501953125,4268.66015625,4198.08984375,4219.7998046875,130635500,0.022160040026342354,71.7962559579048,0.3286910283212562
2016-02-26,4314.56982421875,4352.39013671875,4292.52001953125,4297.8701171875,117629300,0.015443369947758643,72.91363796370837,0.33067771887885467
2016-02-29,4353.5498046875,4354.6201171875,4254.77001953125,4275.83984375,122273800,0.008993932916811822,73.57237621561404,0.32296204397922446
2016-03-01,4406.83984375,4406.9501953125,4328.7998046875,4343.93017578125,123159300,0.012166284497689653,74.47294586069529,0.32541171125517626
2016-03-02,4424.89013671875,4448.2998046875,4387.2099609375,4428.9501953125,120925400,0.004087606423991078,74.7779849677865,0.31244561780940744
2016-03-03,4416.080078125,4430.89990234375,4392.580078125,4430.89990234375,116721600,-0.0019930078477464384,74.62910027037404,0.30803913508201414
2016-03-04,4456.6201171875,4480.2099609375,4413.93017578125,4437.81982421875,132614700,0.009138215038121405,75.31420257527716,0.3089206661701899
2016-03-07,4442.2900390625,4458.81982421875,4406.89990234375,4436.3701171875,121147100,-0.0032206394401041484,75.0720328640506,0.3078822832432305
2016-03-08,4404.02001953125,4437.169921875,4363.5498046875,4405.16015625,109238900,-0.008652253430720073,74.4252925254652,0.28368461649090077
2016-03-09,4425.64990234375,4458.77001953125,4397.97998046875,4405.9501953125,116109800,0.0048993736505649425,74.79082455040435,0.2733539024751262
2016-03-10,4350.35009765625,4580.97021484375,4350.35009765625,4432.56005859375,175255300,-0.0171608141797222,73.518303089075,0.2804637598921828
2016-03-11,4492.7900390625,4492.7900390625,4421.9501953125,4430.240234375,149823700,0.03221757423593327,75.92545252514834,0.24673973765370213
2016-03-14,4506.58984375,4535.91015625,4494.60009765625,4501.81005859375,125097000,0.0030668369784041635,76.15866093385371,0.23794455486561356
2016-03-15,4472.6298828125,4488.77978515625,4450.16015625,4474.259765625,115811100,-0.007564159001343255,75.58475799614732,0.22542597488308874
2016-03-16,4463.0,4502.9599609375,4446.990234375,4486.7001953125,105409600,-0.002155390647761424,75.42201876196405,0.22574972982316158
2016-03-17,4442.89013671875,4501.68017578125,4367.43994140625,4501.68017578125,149291500,-0.004516089273731074,75.08217415392036,0.20726690432282932
2016-03-18,4462.509765625,4472.72998046875,4418.490234375,4452.0400390625,259017000,0.00440623910531128,75.41373409554481,0.20736929843662835
2016-03-21,4427.7998046875,4481.10986328125,4415.93017578125,4425.83984375,90434900,-0.007808532881232811,74.82715660841617,0.2092884192178546
2016-03-22,4431.97021484375,4431.97021484375,4358.56982421875,4396.8701171875,113288300,0.0009414263474266698,74.89763403459806,0.2015575921732696
2016-03-23,4423.97998046875,4467.85986328125,4396.10009765625,4442.58984375,97919500,-0.0018044899456116474,74.7626038739564,0.19393627361637855
2016-03-24,4329.68017578125,4392.81005859375,4323.18017578125,4390.10986328125,109844400,-0.021546062119036535,73.16899382726355,0.19649650039073138
2016-03-29,4366.669921875,4382.97998046875,4333.330078125,4354.02978515625,80842200,0.008507010126016819,73.79409831390552,0.1841108182611633
2016-03-30,4444.419921875,4466.5,4387.35986328125,4387.35986328125,100793300,0.017648672178094574,75.10802660401144,0.1863887453711262
2016-03-31,4385.06005859375,4419.6201171875,4378.77001953125,4416.83984375,110982200,-0.013446037081441146,74.10488057620368,0.19103899575035724
2016-04-01,4322.240234375,4331.27978515625,4261.25,4331.27978515625,139045500,-0.014429481487312728,73.04326328719408,0.1925099276031511
2016-04-04,4345.22021484375,4378.0498046875,4280.89990234375,4311.18994140625,106194400,0.005302599175026889,73.43161115142523,0.19295388570668026
2016-04-05,4250.27978515625,4285.72998046875,4241.60986328125,4283.14013671875,131198900,-0.022091627219664917,71.82717492710088,0.20651847031232626
2016-04-06,4284.64013671875,4284.64013671875,4243.02001953125,4262.2998046875,106043100,0.008051753856096983,72.40784422582698,0.2058250670853814
2016-04-07,4245.91015625,4316.77978515625,4229.1201171875,4288.7099609375,98335800,-0.009080362990698311,71.75333082372872,0.2073037517255993
2016-04-08,4303.1201171875,4315.58984375,4258.509765625,4259.10009765625,100861900,0.013384164784717429,72.72014479352467,0.2125863613531102
2016-04-11,4312.6298828125,4338.81005859375,4263.080078125,4294.1201171875,103360100,0.002207531436476529,72.88085411940202,0.21183177086089075
2016-04-12,4345.91015625,4348.39990234375,4269.10009765625,4317.5,121266000,0.007687309217929926,73.44327074669451,0.20568806214291616
2016-04-13,4490.31005859375,4490.31005859375,4404.580078125,4407.02978515625,154790600,0.03268654586054138,75.88354234512518,0.2066193185509964
2016-04-14,4511.509765625,4515.0,4473.35009765625,4487.22021484375,125164800,0.004710102321148554,76.24180465779806,0.20700732844698488
2016-04-15,4495.169921875,4508.16015625,4482.330078125,4502.16015625,110271800,-0.0036283874287457137,75.96567111491659,0.2056271871820725
2016-04-18,4506.83984375,4517.080078125,4424.759765625,4425.25,92413600,0.002592738447573841,76.16288578366114,0.2055882686835919
2016-04-19,4566.47998046875,4577.8701171875,4521.60009765625,4521.60009765625,115227500,0.013146455065008375,77.1707682641827,0.20926740302487545
2016-04-20,4591.919921875,4596.330078125,4538.43017578125,4546.35009765625,115806900,0.005555557108112373,77.60068799038602,0.20951962401193522
2016-04-21,4582.830078125,4607.68994140625,4551.330078125,4607.68994140625,124963900,-0.001981491969618544,77.44707509191956,0.20726653670320572
2016-04-22,4569.66015625,4580.52001953125,4553.58984375,4578.81982421875,100028400,-0.0028778901976322015,77.22451132433052,0.20784989618140562
2016-04-25,4546.1201171875,4574.4599609375,4522.22998046875,4561.919921875,87927900,-0.0051646903900715024,76.82669880633159,0.20883781845614985
2016-04-26,4533.18017578125,4579.1201171875,4515.39990234375,4557.0,100430500,-0.002850428942774256,76.60802157049899,0.19247223721674503
2016-04-27,4559.39990234375,4564.7001953125,4525.7900390625,4534.990234375,106492200,0.005767295753951457,77.05111919737114,0.19157062913992323
2016-04-28,4557.35986328125,4557.35986328125,4482.3701171875,4520.25,111361900,-0.0004475359994110941,77.01664376280985,0.18308099406855355
2016-04-29,4428.9599609375,4508.830078125,4428.58984375,4500.43017578125,128212700,-0.028578693807155726,74.84676255205372,0.2045723790149138
2016-05-02,4442.75,4458.740234375,4429.47021484375,4455.759765625,63246300,0.0031087693870309524,75.07980592756348,0.19736763410830155
2016-05-03,4371.97998046875,4437.64990234375,4364.009765625,4435.0,107768800,-0.016057562812415636,73.88383511401419,0.20562022499601176
2016-05-04,4324.22998046875,4387.75,4317.27978515625,4365.2001953125,116952000,-0.010981905936036691,73.076888800798,0.19363381799798066
2016-05-05,4319.4599609375,4346.2001953125,4303.25,4321.35986328125,79774300,-0.0011036999355143893,72.99627833640614,0.19191600606611142
2016-05-06,4301.240234375,4311.490234375,4245.169921875,4290.41015625,111464700,-0.004226977688093209,72.68837590337125,0.18962252518509606
2016-05-09,4322.81005859375,4363.56005859375,4302.9599609375,4322.68994140625,112215100,0.005002259602793884,73.05289297415744,0.1846698345520758
2016-05-10,4338.2099609375,4374.75,4320.2900390625,4338.0498046875,104155500,0.003556144319758625,73.31314207196223,0.1849118918378293
2016-05-11,4316.669921875,4340.580078125,4289.3798828125,4335.14013671875,93288200,-0.004977558054481956,72.9491283524226,0.18372161622494645
2016-05-12,4293.27001953125,4361.8798828125,4266.9599609375,4295.740234375,103302300,-0.005435568683700417,72.55368406078057,0.13958196396402534
2016-05-13,4319.990234375,4335.14990234375,4253.1298828125,4264.77001953125,99597300,0.006204456796352447,73.00523963892735,0.1405978702166463
2016-05-16,4312.27978515625,4316.27978515625,4269.6298828125,4290.64990234375,48829700,-0.0017864249500636653,72.87493767933968,0.1404846499435981
2016-05-17,4297.56982421875,4362.330078125,4273.85986328125,4325.10986328125,101426100,-0.0034170109624743128,72.6263481768042,0.13956049693048891
2016-05-18,4319.2998046875,4322.22998046875,4267.7099609375,4275.39013671875,87238900,0.00504360109142466,72.99357179199828,0.13083689262946047
2016-05-19,4282.5400390625,4314.22998046875,4274.56982421875,4292.25,101435500,-0.00854700623856428,72.37235383711274,0.12879736907875147
2016-05-20,4353.89990234375,4353.89990234375,4312.5,4323.6201171875,109632000,0.016525672100242562,73.5782926556764,0.14602707531528505
2016-05-23,4325.10009765625,4357.080078125,4300.18017578125,4344.89013671875,78807700,-0.006636688649898001,73.09159325852616,0.14674776242842677
2016-05-24,4431.52001953125,4440.64990234375,4300.419921875,4309.2998046875,104153000,0.024307360655224444,74.89002600428081,0.17340015882032542
2016-05-25,4481.64013671875,4490.169921875,4445.7900390625,4457.85009765625,107680300,0.011246436636065074,75.73702587406962,0.17852613882272075
2016-05-26,4512.64013671875,4513.77001953125,4477.02001953125,4478.169921875,103885200,0.006893297031249887,76.26090725018902,0.17906952740522178
2016-05-27,4514.740234375,4518.22021484375,4493.06005859375,4498.43017578125,85290900,0.0004652728937533332,76.29639763890326,0.17910022749764298
2016-05-30,4529.39990234375,4531.18017578125,4503.52001953125,4507.08984375,39995000,0.0032418075318891956,76.54413722048139,0.14720601987356208
2016-05-31,4505.6201171875,4536.6298828125,4496.85986328125,4532.31982421875,122220900,-0.005263926369652286,76.14227313753042,0.14859413650664446
2016-06-01,4475.39013671875,4507.22021484375,4458.2998046875,4502.83984375,92411400,-0.006732003144910858,75.63140462888425,0.1385386802703814
2016-06-02,4466.0,4486.56005859375,4447.6201171875,4468.83984375,93613500,-0.002100375898440872,75.47271695965303,0.13203211905299939
2016-06-03,4421.77978515625,4492.2001953125,4396.6298828125,4477.830078125,111642400,-0.009950872051744292,74.72542189498725,0.13769640610871342
2016-06-06,4423.3798828125,4435.6298828125,4407.009765625,4407.009765625,73061400,0.0003618018744193376,74.75246258408667,0.1363644694912657
2016-06-07,4475.85986328125,4486.47021484375,4441.2099609375,4443.41015625,96308900,0.011794398247346627,75.63934272559271,0.1406301574013929
2016-06-08,4448.72998046875,4473.2900390625,4435.35009765625,4461.27978515625,93531800,-0.0060798236909697986,75.18086400489045,0.14293303661783258
2016-06-09,4405.60986328125,4438.3798828125,4394.52001953125,4437.02001953125,95370600,-0.009739960027948564,74.45215992970924,0.14643481955483167
2016-06-10,4306.72021484375,4390.81005859375,4301.10009765625,4390.81005859375,119451700,-0.02270205437277376,72.78098428108339,0.16675851709929676
2016-06-13,4227.02001953125,4275.97021484375,4227.02001953125,4253.97998046875,115884600,-0.018679385714211377,71.43409886181573,0.1773178696706381
2016-06-14,4130.330078125,4199.5400390625,4127.8701171875,4175.2099609375,136119700,-0.023139931838576246,69.80009694049926,0.19317636217539122
2016-06-15,4171.580078125,4204.009765625,4162.02001953125,4172.72998046875,122586800,0.009937553814314751,70.49719715872266,0.19747947841954663
2016-06-16,4153.009765625,4162.3701171875,4109.81982421875,4116.5,117520700,-0.004461563549173067,70.18337003396564,0.19630292486101333
2016-06-17,4193.830078125,4218.52978515625,4170.169921875,4179.43994140625,196645100,0.009781100081778276,70.87320879158256,0.19870016246073297
2016-06-20,4340.759765625,4351.2099609375,4292.919921875,4301.18994140625,114524100,0.034434977804378035,73.35623223933395,0.22635988923715095
2016-06-21,4367.240234375,4382.91015625,4321.4599609375,4335.89013671875,99917600,0.006081890301940264,73.8037362525287,0.2260508015594218
2016-06-22,4380.02978515625,4416.97998046875,4372.35009765625,4398.39990234375,92072300,0.002924240332470754,74.01987197714902,0.20913268971055238
2016-06-23,4465.89990234375,4490.5498046875,4392.52001953125,4404.68017578125,124533400,0.01941521526926313,75.47102536939812,0.21671849908779953
2016-06-24,4106.72998046875,4198.89990234375,4007.969970703125,4114.580078125,415775700,-0.08384365325812584,69.4012694683474,0.36002795895403744
2016-06-27,4030.300048828125,4115.47021484375,4012.199951171875,4073.719970703125,130042900,-0.01878625964980448,68.109649540457,0.3628558899371686
2016-06-28,4088.85009765625,4119.080078125,4059.89990234375,4074.360107421875,179309200,0.014422953816871094,69.09911019051944,0.368240416668604
2016-06-29,4195.31982421875,4206.35009765625,4128.080078125,4139.3701171875,142748500,0.025705795590358488,70.89838460557166,0.3831515667403339
2016-06-30,4237.47998046875,4249.52978515625,4155.4501953125,4182.10986328125,146298700,0.009999171924473051,71.61086591762519,0.3856923224197056
2016-07-01,4273.9599609375,4288.72021484375,4218.10009765625,4261.08984375,116072800,0.008572040476892268,72.22735567145672,0.3876339277553458
2016-07-04,4234.85986328125,4288.66015625,4233.0,4288.5,74903000,-0.009190551376915006,71.56658751124513,0.38744863008226466
2016-07-05,4163.419921875,4216.06005859375,4148.7900390625,4203.97021484375,111925400,-0.017013404280815433,70.35929542047754,0.39074318009173153
2016-07-06,4085.300048828125,4153.41015625,4062.070068359375,4127.2001953125,138773700,-0.01894165616135336,69.03911649808819,0.3907012170608049
2016-07-07,4117.85009765625,4167.8798828125,4110.240234375,4115.5,99510400,0.007936029228215732,69.58919276817954,0.3929287624814933
2016-07-08,4190.68017578125,4210.33984375,4102.68017578125,4106.64990234375,112231900,0.017531847673191037,70.8199773343411,0.3989405586848314
2016-07-11,4264.52978515625,4271.7099609375,4207.3701171875,4221.22021484375,93378500,0.017468871313951858,72.06799136612354,0.39742617211275766
2016-07-12,4331.3798828125,4342.669921875,4270.990234375,4272.4501953125,129060400,0.015554245684781835,73.19771785495813,0.3953489753075446
2016-07-13,4335.259765625,4358.669921875,4321.89990234375,4329.52978515625,116377200,0.0008953604232058081,73.26328554357084,0.3853752863854415
2016-07-14,4385.52001953125,4402.22998046875,4345.43994140625,4375.669921875,93281800,0.011526678032481058,74.11265363971654,0.38581087496367794
2016-07-15,4372.509765625,4383.68994140625,4342.77001953125,4367.43017578125,85684600,-0.0029710480086656676,73.89278816487561,0.3855121987096249
2016-07-18,4357.740234375,4408.1298828125,4334.35986328125,4375.08984375,70379900,-0.0033835331956119066,73.64319195984694,0.38505598743261243
2016-07-19,4330.1298828125,4357.33984375,4304.2001953125,4345.39990234375,84731100,-0.006356090536483683,73.17659360592104,0.367035160715885
2016-07-20,4379.759765625,4391.56982421875,4333.35986328125,4354.56982421875,84591000,0.011396337258197485,74.01530880929063,0.3686243035040543
2016-07-21,4376.25,4389.89990234375,4340.93994140625,4382.16015625,89183000,-0.0008016815665862335,73.95599587879121,0.3684951826454383
2016-07-22,4381.10009765625,4398.27001953125,4345.22998046875,4365.3798828125,71605600,0.0011076634137163483,74.03795961538702,0.36171054033847355
2016-07-25,4388.0,4419.77001953125,4368.06005859375,4381.6298828125,77833000,0.001573685712529046,74.15456381973969,0.19969507611784643
2016-07-26,4394.77001953125,4405.66015625,4353.6201171875,4385.31982421875,88135600,0.001541659603305562,74.26897308259089,0.18329570527038455
2016-07-27,4446.9599609375,4469.89990234375,4424.60009765625,4424.60009765625,109101100,0.011805505859751785,75.15095173818757,0.18165934916826004
2016-07-28,4420.580078125,4474.669921875,4420.580078125,4447.2099609375,107115100,-0.005949781002773858,74.70514756690753,0.16645789416481274
2016-07-29,4439.81005859375,4439.81005859375,4408.3798828125,4429.490234375,124920500,0.004340669059790971,75.03012268402746,0.1643829874182159
2016-08-01,4409.169921875,4477.43994140625,4395.330078125,4469.990234375,86698300,-0.0069251505233023525,74.51232278116599,0.1656003901509755
2016-08-02,4327.990234375,4398.2001953125,4320.89013671875,4395.85986328125,105645700,-0.01858316025097683,73.14043483276463,0.17609240532142245
2016-08-03,4321.080078125,4347.93994140625,4293.33984375,4346.31005859375,101785300,-0.0015978960675820688,73.02365734355655,0.1638553566410391
2016-08-04,4345.6298828125,4359.7900390625,4324.81005859375,4344.18017578125,85093300,0.005665326395022455,73.43853429398074,0.14584734933314566
2016-08-05,4410.5498046875,4416.66015625,4361.580078125,4362.93994140625,90951100,0.01482863846633351,74.53564197170456,0.150695159759444
2016-08-08,4415.4599609375,4441.16015625,4407.31982421875,4419.02001953125,70007000,0.0011126560896612269,74.61862066245332,0.14157344056378302
2016-08-09,4468.06982421875,4468.33984375,4410.72021484375,4412.85986328125,77065400,0.011844498665447985,75.50769574546091,0.13527507777268366
2016-08-10,4452.009765625,4465.89013671875,4440.56005859375,4443.3798828125,68145500,-0.0036008817601567334,75.23629040363342,0.12753789903771068
2016-08-11,4503.9501953125,4503.9501953125,4446.4599609375,4471.2998046875,68621600,0.011599205949637748,76.11405246108248,0.13239886923125302
2016-08-12,4500.18994140625,4510.06005859375,4490.4501953125,4501.06005859375,62472700,-0.0008352278102633201,76.05050642911588,0.12782309581554757
2016-08-15,4497.85986328125,4528.0,4494.490234375,4503.64990234375,43395900,-0.0005179073749667215,76.01112950864521,0.12708779715784232
2016-08-16,4460.43994140625,4499.58984375,4457.25,4476.06982421875,75577600,-0.00835429497379211,75.37875530973696,0.13053826096382723
2016-08-17,4417.68017578125,4478.580078125,4415.330078125,4475.1298828125,66460000,-0.00963269153728346,74.65614095947348,0.13336223161358426
2016-08-18,4437.06005859375,4447.25,4413.06005859375,4441.2001953125,62662600,0.004377296960478769,74.9836493361459,0.1285671323766491
2016-08-19,4400.52001953125,4436.8701171875,4373.75,4436.08984375,74256600,-0.008269287963444096,74.36614462816141,0.13215911089142557
2016-08-22,4389.93994140625,4443.06982421875,4377.7001953125,4397.39013671875,65669900,-0.0024071739774386984,74.18734766404606,0.1324367629725335
2016-08-23,4421.4501953125,4436.14990234375,4404.0,4406.33984375,67974600,0.007152194543625763,74.71985202463567,0.13461302359314187
2016-08-24,4435.47021484375,4453.72998046875,4382.7099609375,4389.169921875,66667600,0.0031658930174535685,74.95678193190187,0.1349096853797542
2016-08-25,4406.60986328125,4415.31005859375,4377.7900390625,4414.41015625,64056700,-0.006527978438683021,74.4690593289389,0.13031746435996397
2016-08-26,4441.8701171875,4455.60986328125,4387.7099609375,4399.4599609375,71774700,0.007969829987261437,75.06493643663971,0.13180641975187285
2016-08-29,4424.25,4437.81982421875,4390.0400390625,4421.4599609375,48533900,-0.003974712760934053,74.7671670418148,0.13168539931405177
2016-08-30,4457.490234375,4475.02001953125,4438.419921875,4439.68017578125,75965200,0.007485107353539638,75.32890703300534,0.13182879904851302
2016-08-31,4438.22021484375,4486.83984375,4438.22021484375,4451.39990234375,112516300,-0.0043324363540773025,75.00325527978343,0.11382393507282752
2016-09-01,4439.669921875,4490.91015625,4421.97021484375,4448.02978515625,107456600,0.0003265881919713277,75.02775445767057,0.11342291390956578
2016-09-02,4542.169921875,4548.0400390625,4446.5,4461.2900390625,105485900,0.02282482246803895,76.75994287871053,0.1352421120654281
2016-09-05,4541.080078125,4566.5498046875,4541.080078125,4550.81982421875,75716900,-0.00023996779902118613,76.74152517408133,0.12721704898363695
2016-09-06,4529.9599609375,4557.9501953125,4523.43994140625,4556.35009765625,71272600,-0.0024517856188704013,76.55360187424918,0.12791187573105545
2016-09-07,4557.66015625,4561.35986328125,4520.2099609375,4536.9501953125,75442800,0.0060962673931893715,77.02171853357463,0.1233645296285382
2016-09-08,4542.2001953125,4569.6201171875,4485.47021484375,4554.14990234375,94568300,-0.00339784902503484,76.7604544816169,0.12327222420457387
2016-09-09,4491.39990234375,4541.759765625,4481.08984375,4531.419921875,90844400,-0.01124708375953091,75.90196004975441,0.12381982764990072
2016-09-12,4439.7998046875,4439.7998046875,4386.10986328125,4415.22998046875,98367100,-0.011555149026116178,75.0299493991721,0.13000032678320625
2016-09-13,4387.18017578125,4470.259765625,4387.18017578125,4463.259765625,91945600,-0.01192259466701975,74.14070928296891,0.13573811595999663
2016-09-14,4370.259765625,4407.47998046875,4360.9501953125,4407.4501953125,107154600,-0.0038642414506055768,73.8547645166089,0.1336253108835052
2016-09-15,4373.22021484375,4381.5400390625,4341.0400390625,4357.2900390625,102309100,0.0006771787294061788,73.90479432985568,0.12992798689308863
2016-09-16,4332.4501953125,4380.1298828125,4310.8798828125,4359.8701171875,208077200,-0.009366382063592573,73.21580549319613,0.13215554494821338
2016-09-19,4394.18994140625,4398.97021484375,4368.85009765625,4368.85009765625,80744000,0.014149953534645824,74.25917011077212,0.1395226641044367
2016-09-20,4388.60009765625,4419.89990234375,4375.56982421875,4383.31005859375,72813000,-0.001272908604191982,74.16470510960946,0.1393383164238198
2016-09-21,4409.5498046875,4451.31982421875,4408.2998046875,4439.7001953125,82277500,0.004762307270952696,74.51874257247493,0.13802930005701292
2016-09-22,4509.81982421875,4528.89013671875,4443.669921875,4444.5,112714500,0.022484603289621756,76.21324566329913,0.15853824430795552
2016-09-23,4488.68994140625,4498.35009765625,4476.85986328125,4494.5,84998800,-0.004696315767492925,75.8561633379748,0.15759688597892038
2016-09-26,4407.85009765625,4455.58984375,4402.1298828125,4455.58984375,86235100,-0.01817382227639401,74.49001854478037,0.16842495660430729
2016-09-27,4398.68017578125,4438.58984375,4362.93017578125,4436.0,91773800,-0.0020825285110898976,74.33505237410996,0.16804124920068586
2016-09-28,4432.4501953125,4460.830078125,4413.1201171875,4413.1201171875,78464100,0.0076479867734982835,74.90574541616192,0.16813695541785964
2016-09-29,4443.83984375,4505.2998046875,4434.08984375,4490.5498046875,80427600,0.002566309716862049,75.09822363219267,0.1677337078063889
2016-09-30,4448.259765625,4463.39013671875,4342.64013671875,4383.7001953125,123077700,0.0009941234203787554,75.17291765652219,0.16776300001442343
2016-10-03,4453.56005859375,4465.2900390625,4432.77001953125,4447.5400390625,61707600,0.001190833717097879,75.26248942343524,0.14617592424799705
2016-10-04,4503.08984375,4521.35986328125,4453.669921875,4458.669921875,95873900,0.01106000359153398,76.0995130365499,0.1519818600186424
2016-10-05,4489.9501953125,4499.3798828125,4441.25,4462.72021484375,98277700,-0.0029221837622322028,75.87746087186723,0.15207058356366945
2016-10-06,4480.10009765625,4511.8798828125,4470.1201171875,4500.35986328125,102183900,-0.002196219930495269,75.71100013912314,0.15029446202310937
2016-10-07,4449.91015625,4487.18017578125,4444.31982421875,4480.52978515625,117429400,-0.006761483036534674,75.20080826657895,0.15146922970132354
2016-10-10,4497.259765625,4500.4599609375,4428.72998046875,4458.06982421875,87470600,0.010584363956602318,76.00098821877543,0.15169851289746183
2016-10-11,4471.740234375,4520.18017578125,4469.2998046875,4490.830078125,98600200,-0.005690623283968314,75.56972347202795,0.1473373180721563
2016-10-12,4452.240234375,4474.2001953125,4442.02001953125,4467.08984375,99238700,-0.004370254082098613,75.24018518704962,0.14162866202335228
2016-10-13,4405.169921875,4421.81005859375,4370.64990234375,4421.81005859375,106795500,-0.010628559540989221,74.44472518424735,0.14623933210478463
2016-10-14,4470.919921875,4497.64990234375,4424.25,4424.25,92119400,0.014815353111792873,75.55586068359736,0.15456674306715493
2016-10-17,4450.22998046875,4474.330078125,4439.91015625,4452.72021484375,69410300,-0.004638410681988335,75.20621310373491,0.15138629807317877
2016-10-18,4508.91015625,4515.60986328125,4474.83984375,4479.68017578125,90352900,0.013099697966563907,76.19787282112875,0.15030087623532445
2016-10-19,4520.2998046875,4528.97021484375,4495.93994140625,4513.490234375,83323600,0.002522846301680725,76.39035103715952,0.15008030725059002
2016-10-20,4540.1201171875,4552.240234375,4500.64990234375,4528.66015625,96874000,0.004375149118358853,76.72530241095362,0.14997723633984217
2016-10-21,4536.06982421875,4555.10986328125,4517.7998046875,4546.64990234375,104200100,-0.0008925095802887854,76.65685489307764,0.12893366100839207
2016-10-24,4552.580078125,4579.27978515625,4551.72998046875,4551.72998046875,83826400,0.0036331627347843186,76.93586826522237,0.12811194580672824
2016-10-25,4540.83984375,4570.6298828125,4528.02978515625,4560.4599609375,91091900,-0.0025821398327536427,76.73746535746947,0.1092005519736514
2016-10-26,4534.58984375,4539.06982421875,4496.97021484375,4523.9599609375,89958800,-0.0013773454708532833,76.63184411228411,0.10894294989382551
2016-10-27,4533.56982421875,4556.740234375,4502.5498046875,4526.33984375,99701500,-0.00022496726411975717,76.61460639500348,0.10668883860242188
2016-10-28,4548.580078125,4554.35009765625,4504.5,4515.25,96304300,0.003305443696576246,76.86827066830374,0.1068496951013958
2016-10-31,4509.259765625,4540.259765625,4500.18994140625,4525.60009765625,88366600,-0.008682105263868834,76.20378100953133,0.11210934984433012
2016-11-01,4470.27978515625,4537.990234375,4460.5400390625,4532.33984375,79346900,-0.008682009828779504,75.54504275762565,0.11663306099787325
2016-11-02,4414.669921875,4449.43994140625,4414.669921875,4437.990234375,96987600,-0.012517930045425464,74.6052694769291,0.11751112683857996
2016-11-03,4411.68017578125,4456.2099609375,4399.2900390625,4402.7900390625,101390600,-0.000677459238533812,74.55474456409551,0.11729215006845269
2016-11-04,4377.4599609375,4403.64013671875,4355.81005859375,4403.16015625,101731700,-0.007786970563355434,73.9764434917263,0.11968275691192257
2016-11-07,4461.2099609375,4464.22998046875,4430.1298828125,4440.10986328125,89701700,0.018951382352128194,75.39176817721017,0.13635141902342307
2016-11-08,4476.89013671875,4482.58984375,4446.39013671875,4454.580078125,112800500,0.0035086185421291352,75.65675372772873,0.13163112229901663
2016-11-09,4543.47998046875,4543.47998046875,4344.8798828125,4350.06982421875,204613400,0.014764594480832,76.78208208190054,0.13973482199721746
2016-11-10,4530.9501953125,4606.66015625,4502.740234375,4577.009765625,225207100,-0.0027615603131958323,76.57033624028323,0.1391006296421597
2016-11-11,4489.27001953125,4553.7900390625,4473.35009765625,4545.0498046875,121053300,-0.009241564271073506,75.86596630979355,0.13773674355994855
2016-11-14,4508.5498046875,4560.8798828125,4492.02978515625,4528.0498046875,132886300,0.0042854413711338425,76.19178309621105,0.12887827595334275
2016-11-15,4536.52978515625,4541.4599609375,4504.35009765625,4524.97998046875,112077800,0.0061868045358506206,76.66462795659051,0.12900240360115292
2016-11-16,4501.14013671875,4548.830078125,4479.93994140625,4545.89013671875,102195100,-0.007831626874348954,76.06656415904794,0.12438568161422965
2016-11-17,4527.77001953125,4527.77001953125,4482.580078125,4494.52978515625,88436200,0.005898820471037494,76.5165931801354,0.12581804900880245
2016-11-18,4504.35009765625,4551.6298828125,4496.740234375,4547.0498046875,106645000,-0.005185930669393567,76.12081057044236,0.1260632875887293
2016-11-21,4529.580078125,4540.89990234375,4479.68994140625,4525.4599609375,84146400,0.005585619010537584,76.54718208294025,0.1277158344238587
2016-11-22,4548.35009765625,4571.7900390625,4541.580078125,4561.7001953125,125792600,0.004135314089522993,76.86438413654733,0.12791089782838844
2016-11-23,4529.2099609375,4559.2099609375,4509.02001953125,4557.93017578125,102199800,-0.004217028575918998,76.54092732482694,0.12844388077773444
2016-11-24,4542.56005859375,4552.0400390625,4520.490234375,4537.27001953125,57005200,0.002943219959204679,76.76653595487484,0.12878342623855152
2016-11-25,4550.27001953125,4555.47021484375,4524.33984375,4548.85009765625,64855700,0.0016958334685640377,76.89682966280273,0.12889727486989677
2016-11-28,4510.39013671875,4545.14013671875,4499.2001953125,4544.08984375,82981500,-0.008802921564991541,76.2228836019223,0.1319798866335779
2016-11-29,4551.4599609375,4551.4599609375,4494.3701171875,4506.91015625,89267600,0.009064397441683964,76.91693895768685,0.1322677774470133
2016-11-30,4578.33984375,4597.5400390625,4547.580078125,4548.97998046875,143644100,0.005888400853308576,77.37119282858171,0.12919615797516634
2016-12-01,4560.60986328125,4582.830078125,4541.02001953125,4571.2001953125,111644600,-0.003880096352660645,77.07156681030627,0.12089082049146044
2016-12-02,4528.81982421875,4545.25,4490.14990234375,4527.83984375,102067200,-0.006994975433750924,76.53433424866265,0.12428972103069694
2016-12-05,4574.31982421875,4605.56005859375,4502.2001953125,4506.66015625,111540300,0.00999663427522038,77.30325691361209,0.12326422022949272
2016-12-06,4631.93994140625,4639.91015625,4558.89990234375,4576.8701171875,122977200,0.012517758796235698,78.27700227762332,0.11383252053999915
2016-12-07,4694.72021484375,4694.72021484375,4658.72998046875,4676.60986328125,141483500,0.013462744563001807,79.33795118219075,0.12074093098160653
2016-12-08,4735.47998046875,4748.509765625,4688.580078125,4709.89013671875,149634900,0.008644571399805324,80.0267667339949,0.11445382941045665
2016-12-09,4764.06982421875,4780.52001953125,4737.3798828125,4741.10009765625,121620200,0.0060192178908706675,80.50991791743971,0.11391977763244658
2016-12-12,4760.77001953125,4780.9501953125,4754.14990234375,4769.83984375,98372500,-0.0006928840534114691,80.45415320064575,0.10653226557551601
2016-12-13,4803.8701171875,4807.8798828125,4746.5498046875,4754.22021484375,110469000,0.009012443494048759,81.18251895777597,0.10860323350308734
2016-12-14,4769.240234375,4790.6298828125,4765.009765625,4778.9599609375,109393800,-0.0072348552546991135,80.59729474285126,0.11351512022839488
2016-12-15,4819.22998046875,4830.2998046875,4776.330078125,4776.830078125,141188300,0.010427148002232892,81.44209141947879,0.11039344690018729
2016-12-16,4833.27001953125,4856.9599609375,4804.7001953125,4815.35009765625,206338400,0.0029091010544591033,81.67935964479598,0.10997513142084132
2016-12-19,4822.77001953125,4829.5498046875,4812.080078125,4820.490234375,94842000,-0.0021748054266716448,81.50191595288456,0.10758202783492146
2016-12-20,4849.89013671875,4852.580078125,4815.22998046875,4822.2998046875,87772700,0.005607596631266354,81.96022964039123,0.10758805980689448
2016-12-21,4833.81982421875,4851.52001953125,4821.240234375,4831.56005859375,66626600,-0.003319043490033447,81.68865101370837,0.10989258856618381
2016-12-22,4834.6298828125,4841.64990234375,4818.81005859375,4825.14990234375,65716200,0.00016756742191182484,81.70234051728357,0.1073352164325915
2016-12-23,4839.68017578125,4844.7998046875,4825.93017578125,4837.41015625,48362600,0.0010440627593957907,81.7876874343892,0.10757319129587553
2016-12-27,4848.27978515625,4852.5498046875,4837.0,4840.169921875,35125700,0.0017753194002313381,81.93301566643645,0.10756124236723873
2016-12-28,4848.009765625,4851.509765625,4840.14013671875,4846.14013671875,49371200,-5.5695434816670694e-05,81.92845249857805,0.09940461869016554
2016-12-29,4838.47021484375,4845.669921875,4822.2900390625,4824.75,45150100,-0.001969663672376648,81.76723982145411,0.09888195095705264
2016-12-30,4862.31005859375,4864.2900390625,4825.14013671875,4837.68017578125,53055000,0.004915046227405215,82.17011885855804,0.09856977631086619
2017-01-02,4882.3798828125,4896.009765625,4843.93017578125,4845.9599609375,34310400,0.004119136209967182,82.50928683049976,0.09551992170748597
2017-01-03,4899.330078125,4929.60009765625,4896.10986328125,4904.77001953125,82609500,0.0034656951281482906,82.79573494810639,0.08796260494422944
2017-01-04,4899.39990234375,4913.93994140625,4879.22998046875,4912.9501953125,77276800,1.425168749223364e-05,82.79691493545495,0.08579314869441279
2017-01-05,4900.64013671875,4905.83984375,4874.7900390625,4881.72021484375,88092000,0.0002531080233709058,82.81787415129642,0.0794172643385995
2017-01-06,4909.83984375,4911.490234375,4874.419921875,4885.18994140625,73709000,0.0018754861629991825,82.97334367321342,0.06907428807057787
2017-01-09,4887.56982421875,4915.60009765625,4867.830078125,4915.35009765625,72709600,-0.00454611139898045,82.59699372230254,0.06851905995527817
2017-01-10,4888.22998046875,4906.14990234375,4868.5,4894.4501953125,92809300,0.00013505928193971824,82.60814996632526,0.06664097767145732
2017-01-11,4888.7099609375,4916.47998046875,4856.5,4890.0400390625,99652700,9.818623659584084e-05,82.6162613478891,0.0664100416757842
2017-01-12,4863.97021484375,4889.2099609375,4857.43994140625,4873.009765625,99417200,-0.005073435961000428,82.19817450181043,0.06356410830071048
2017-01-13,4922.490234375,4924.580078125,4883.06005859375,4889.4501953125,106285900,0.011959526601974503,83.1871276747964,0.06837852944735782
2017-01-16,4882.18017578125,4911.39013671875,4879.7998046875,4883.43017578125,71928500,-0.008222670223176817,82.50591190164971,0.06824020821771756
2017-01-17,4859.68994140625,4889.16015625,4841.68017578125,4865.18994140625,87737000,-0.004617239618273639,82.125840452178,0.0700138144440523
2017-01-18,4853.39990234375,4875.740234375,4827.10986328125,4874.31005859375,88911500,-0.001295167664040768,82.01954257089066,0.06969402016985725
2017-01-19,4841.14013671875,4867.580078125,4829.81982421875,4859.759765625,95638900,-0.002529211723503667,81.81235989713174,0.06755546820362553
2017-01-20,4850.669921875,4869.3798828125,4818.8798828125,4834.2998046875,117756800,0.00196656520709949,81.97340754106008,0.0668457859494297
2017-01-23,4821.41015625,4842.97021484375,4800.39013671875,4816.97998046875,78546600,-0.006050374820729941,81.47893508039698,0.07022834907022209
2017-01-24,4830.02978515625,4840.5,4816.72998046875,4831.9501953125,87954000,0.0017861855329968947,81.62460163049519,0.07043148396273383
2017-01-25,4877.669921875,4890.16015625,4854.5498046875,4865.08984375,114294300,0.009814996467458821,82.42969132026084,0.07819953304193862
2017-01-26,4867.240234375,4901.06982421875,4855.759765625,4891.85986328125,94017900,-0.0021405413318543263,82.25343586735777,0.07864713752294032
2017-01-27,4839.97998046875,4867.31005859375,4829.7001953125,4867.31005859375,79429000,-0.00561650502688966,81.7927539534942,0.08089068673515709
2017-01-30,4784.64013671875,4830.68994140625,4771.97998046875,4823.5,83384600,-0.01149976891379095,80.85754384065605,0.08803225084788294
2017-01-31,4748.89990234375,4812.5498046875,4748.89990234375,4790.27978515625,98487800,-0.007497823822744201,80.25355535139138,0.08909981373155189
2017-02-01,4794.580078125,4823.81005859375,4782.60986328125,4786.85009765625,97905700,0.009573137835965867,81.02552287879968,0.0955140837176565
2017-02-02,4794.2900390625,4812.31005859375,4774.18017578125,4785.14013671875,98607300,-6.0494940288823285e-05,81.0206213928903,0.09550414571274556
2017-02-03,4825.419921875,4847.47021484375,4803.91015625,4808.4599609375,80815700,0.0064721268320940975,81.54669771051121,0.09892759993348973
2017-02-06,4778.080078125,4841.169921875,4773.35009765625,4829.68017578125,76878800,-0.009858952922992971,80.74668279151034,0.10327936736275958
2017-02-07,4754.47021484375,4787.93994140625,4750.02978515625,4762.169921875,83945400,-0.00495353516800597,80.34769028616284,0.10345044898909994
2017-02-08,4766.60009765625,4790.2900390625,4733.81982421875,4768.0,102120800,0.002548009620136436,80.55267801842024,0.1042114269229667
2017-02-09,4826.240234375,4831.31005859375,4769.85986328125,4793.009765625,100798200,0.012434462181166358,81.5605604989418,0.11441046240670497
2017-02-10,4828.31982421875,4845.4501953125,4815.669921875,4842.91015625,122653200,0.00043079951096512123,81.59570431794528,0.11328962678729546
2017-02-13,4888.18994140625,4906.7099609375,4841.60009765625,4844.22021484375,102000800,0.01232353516511003,82.60747333022327,0.11379388329460025
2017-02-14,4895.81982421875,4897.89013671875,4878.7900390625,4887.22998046875,95785900,0.0015596640931369692,82.7364137659472,0.11023815007380122
2017-02-15,4924.85986328125,4932.35009765625,4902.16015625,4910.56982421875,96447600,0.005914076139183251,83.22717297970927,0.11055645879990714
2017-02-16,4899.4599609375,4928.25,4890.47998046875,4925.5400390625,91475500,-0.0051708330739188525,82.7979298896079,0.1122115365963708
2017-02-17,4867.580078125,4903.16015625,4843.009765625,4896.97021484375,102966800,-0.006528077268129961,82.25917902256475,0.11438320642117239
2017-02-20,4864.990234375,4901.41015625,4856.1201171875,4894.25,68415900,-0.0005322014078444071,82.21541221909106,0.11424072537501051
2017-02-21,4888.759765625,4900.3798828125,4849.91015625,4865.89013671875,83739300,0.004873936343304964,82.61710301718665,0.11304318745602272
2017-02-22,4895.8798828125,4922.64013671875,4866.1201171875,4899.64990234375,99237500,0.00145536651324543,82.73742872010016,0.11300748543292842
2017-02-23,4891.2900390625,4916.43994140625,4880.490234375,4900.7998046875,107821600,-0.000937930805966781,82.65986311816717,0.10804314815265907
2017-02-24,4845.240234375,4890.10986328125,4806.490234375,4886.509765625,117178100,-0.009459252272011177,81.88164908430532,0.11285103867651897
2017-02-27,4845.18017578125,4869.509765625,4833.77001953125,4864.1298828125,89282400,-1.2395456793133378e-05,81.88063413015236,0.1111283596364479
2017-02-28,4858.580078125,4865.9501953125,4836.52978515625,4862.64990234375,96712700,0.002761797594019643,82.10708442949783,0.10314515516640228
2017-03-01,4960.830078125,4970.64013671875,4897.47998046875,4897.47998046875,120246400,0.020826850966286704,83.83504800073037,0.11997214042080424
2017-03-02,4963.7998046875,4972.8798828125,4955.41015625,4965.27001953125,106837200,0.000598455899353418,83.885234595513,0.11689728873422292
2017-03-03,4995.1298828125,5002.31982421875,4948.72021484375,4953.2998046875,105338700,0.006291877232841747,84.41469409364375,0.11779270835771438
2017-03-06,4972.18994140625,4985.240234375,4960.259765625,4983.9599609375,90426900,-0.004603039195095924,84.02702286551457,0.11868488145032698
2017-03-07,4955.0,4974.7900390625,4941.259765625,4974.7900390625,79830000,-0.003463207350473841,83.7365231829559,0.11295137442210082
2017-03-08,4960.47998046875,4976.0400390625,4933.77001953125,4941.18017578125,82332500,0.0011053385287419658,83.82913156066805,0.11035334102079597
2017-03-09,4981.509765625,4988.6298828125,4939.8701171875,4950.52978515625,114473500,0.004230504568559219,84.18452229573747,0.1106084171515934
2017-03-10,4993.31982421875,5022.10009765625,4990.14990234375,4994.0,103802900,0.002367973107894695,84.3841051908389,0.10406069848574367
2017-03-13,4999.60009765625,5013.080078125,4986.06005859375,4997.8798828125,84024800,0.00125694477959506,84.49023803893063,0.10398099940543319
2017-03-14,4974.259765625,5006.0498046875,4958.8798828125,5006.0498046875,91792700,-0.0050813600557853625,84.06200165132245,0.098844006177892
2017-03-15,4985.47998046875,4989.2998046875,4966.0498046875,4980.0498046875,81890200,0.00225311501634244,84.2516165414095,0.0989375485976342
2017-03-16,5013.3798828125,5031.56982421875,5004.6201171875,5027.10009765625,113121800,0.005580631218650349,84.72310812958503,0.0987296282013065
2017-03-17,5029.240234375,5037.85009765625,5001.39013671875,5006.7099609375,160166500,0.0031586109130385316,84.99113854256244,0.09652287387631416
2017-03-20,5012.16015625,5030.06005859375,5004.080078125,5008.080078125,64225900,-0.00340193477664404,84.70249548345431,0.09392331306281616
2017-03-21,5002.43017578125,5054.91015625,4990.64013671875,5030.2001953125,93549600,-0.0019431615688221245,84.53806465901613,0.09441377123945574
2017-03-22,4994.7001953125,5005.06005859375,4953.56982421875,4969.10986328125,99409000,-0.0015464401727933253,84.40743263303727,0.09399299500334189
2017-03-23,5032.759765625,5032.93994140625,4980.56005859375,4996.6201171875,89305600,0.007591105469469555,85.05061650625746,0.09671416259329658
2017-03-24,5020.89990234375,5027.18994140625,5003.580078125,5027.18994140625,68967900,-0.0023593137572365725,84.85019194185845,0.09725482756333795
2017-03-27,5017.43017578125,5017.8798828125,4971.06982421875,4975.08984375,94079200,-0.0006912955987051645,84.79155564746101,0.08953105403002962
2017-03-28,5046.2001953125,5048.10986328125,5008.669921875,5027.1298828125,85350200,0.005717638038752634,85.27775169336468,0.09037643820788153
2017-03-29,5069.0400390625,5073.22998046875,5044.419921875,5063.7001953125,86407300,0.004515934774944712,85.66373133123894,0.09078181895484212
2017-03-30,5089.64013671875,5090.919921875,5063.06982421875,5075.60986328125,73882900,0.004055669739855662,86.01186060570186,0.06056320112164535
2017-03-31,5122.509765625,5122.509765625,5067.740234375,5077.2998046875,103369500,0.006437379539056024,86.56733758711927,0.06313053711285514
2017-04-03,5085.91015625,5132.93017578125,5083.14013671875,5130.18017578125,81634900,-0.007170505616451857,85.94882617664162,0.06733649023616871
2017-04-04,5101.1298828125,5101.1298828125,5076.35009765625,5087.60009765625,84044500,0.0029880589117630943,86.20603041198753,0.06466138353436356
2017-04-05,5091.85009765625,5123.77978515625,5087.68017578125,5104.7099609375,84135600,-0.001820819375269752,86.0492076178666,0.0634008711303133
2017-04-06,5121.43994140625,5126.740234375,5051.60986328125,5063.6201171875,88623600,0.005794396600268454,86.54925820054106,0.06527503587117424
2017-04-07,5135.27978515625,5135.27978515625,5098.0498046875,5104.72998046875,84781300,0.0026986897406788236,86.7831432453484,0.06468679734723666
2017-04-10,5107.4501953125,5127.35986328125,5097.56005859375,5127.35986328125,70156500,-0.005434031430633163,86.31283989618123,0.0688033290858687
2017-04-11,5101.85986328125,5119.18017578125,5068.25,5086.60986328125,93608500,-0.0010951440514377349,86.21836664335879,0.06920672099191673
2017-04-12,5101.10986328125,5142.81005859375,5093.97998046875,5114.5,100135100,-0.0001470160201295766,86.20569209393655,0.06580281924193689
2017-04-13,5071.10009765625,5090.47998046875,5062.31982421875,5090.47998046875,97291600,-0.00590036045346226,85.6985450838512,0.07007995166539296
2017-04-18,4990.25,5080.02978515625,4990.25,5078.25,140164900,-0.01607176714333632,84.33222700580139,0.08907601617543678
2017-04-19,5003.72998046875,5011.330078125,4980.41015625,4987.2900390625,112517100,0.0026976217022169056,84.56003057735079,0.08886976610785259
2017-04-20,5077.91015625,5093.60009765625,4989.259765625,4992.47021484375,134681300,0.014716159971690427,85.81363098280436,0.10195264058808787
2017-04-21,5059.2001953125,5081.60986328125,5029.06005859375,5063.35986328125,165386200,-0.0036913837443353008,85.49744388335023,0.10268380464288435
2017-04-24,5268.85009765625,5295.47021484375,5228.5400390625,5267.8798828125,228792800,0.04060373431805539,89.0404012815161,0.1721924195622581
2017-04-25,5277.8798828125,5293.39013671875,5259.6298828125,5274.35986328125,115584900,0.0017123387778633478,89.19299922582961,0.1712230152076156
2017-04-26,5287.8798828125,5296.52001953125,5270.31982421875,5272.85986328125,120017900,0.0018929075064625387,89.36199321812619,0.1704078070762556
2017-04-27,5271.7001953125,5278.9599609375,5261.72998046875,5276.97021484375,113942900,-0.0030644590110825683,89.08856621965258,0.17115865394953775
2017-04-28,5267.330078125,5287.85009765625,5265.35986328125,5267.66015625,122645300,-0.0008293205967886956,89.01471386462062,0.17104005590883037
2017-05-02,5304.14990234375,5305.9501953125,5274.2900390625,5284.8798828125,104617800,0.006965906982432367,89.6369467736591,0.17169580718313718
2017-05-03,5301.0,5301.60986328125,5282.4501953125,5299.740234375,97848100,-0.0005940326097004096,89.58371531641764,0.1718040866472787
2017-05-04,5372.419921875,5372.419921875,5304.4599609375,5309.39013671875,152534000,0.013382962229316347,90.79066908913427,0.17573599088044634
2017-05-05,5432.39990234375,5432.39990234375,5343.02001953125,5344.919921875,138533800,0.011102563036159741,91.80429472486277,0.17476731144241156
2017-05-08,5382.9501953125,5442.10009765625,5374.2001953125,5442.10009765625,116136600,-0.009144419952756461,90.96862438395203,0.179877601542349
2017-05-09,5398.009765625,5413.60009765625,5394.1298828125,5404.14013671875,103174700,0.0027937363949059905,91.22312207489009,0.17917022382638753
2017-05-10,5400.4599609375,5402.33984375,5377.75,5398.81005859375,100058200,0.00045380418088724445,91.26452890366666,0.17899330746324607
2017-05-11,5383.419921875,5409.990234375,5356.41015625,5409.89990234375,124960400,-0.003160282464157601,90.97656248066049,0.1800695846581087
2017-05-12,5405.419921875,5405.419921875,5375.47998046875,5386.7900390625,158409000,0.004078294017056864,91.34834926371298,0.1779595851399579
2017-05-15,5417.39990234375,5417.39990234375,5384.5400390625,5411.27001953125,97533000,0.002213838085864468,91.55080373641789,0.1774388226080784
2017-05-16,5406.10009765625,5417.169921875,5389.8701171875,5398.14990234375,95519900,-0.0020880138204663174,91.35984382578667,0.17797953115340742
2017-05-17,5317.89013671875,5394.8798828125,5297.43017578125,5375.83984375,118949500,-0.01645132986421327,89.86914847987131,0.18792720535837246
2017-05-18,5289.72998046875,5322.7001953125,5238.509765625,5309.91015625,124719100,-0.005309432670466375,89.39325875703301,0.17814049156598813
2017-05-19,5324.39990234375,5334.4501953125,5292.1201171875,5299.39990234375,108705400,0.006532809671658892,89.9791596080597,0.17861419842045664
2017-05-22,5322.8798828125,5339.41015625,5315.22998046875,5335.1201171875,73526700,-0.00028552260713497323,89.95347219116422,0.17366210138505503
2017-05-23,5348.16015625,5368.8798828125,5314.47998046875,5317.1201171875,85536300,0.004738117491754856,90.38069362461945,0.17248328285740844
2017-05-24,5341.33984375,5353.009765625,5326.58984375,5336.97998046875,79667800,-0.001276077164601009,90.26543444081092,0.1036190574730006
2017-05-25,5337.16015625,5366.7001953125,5323.10986328125,5360.97021484375,66254500,-0.0007828230020034856,90.1948002330932,0.10365743735629357
2017-05-26,5336.64013671875,5336.759765625,5282.419921875,5328.85986328125,76926600,-9.743849751505174e-05,90.1860122154274,0.10355740806047124
2017-05-29,5332.47021484375,5335.77978515625,5316.68994140625,5327.72998046875,43001700,-0.0007816813117350316,90.11554304090528,0.10288459349615489
2017-05-30,5305.93994140625,5309.35986328125,5273.56005859375,5291.080078125,78126400,-0.004987649102919835,89.66719735841298,0.10457933801462009
2017-05-31,5283.6298828125,5334.56982421875,5283.6298828125,5306.2099609375,143676300,-0.004213597336351851,89.29017077140014,0.1028208690007021
2017-06-01,5318.669921875,5327.60009765625,5287.990234375,5290.83984375,84194600,0.006609918090568815,89.88232638054014,0.10545407571098837
2017-06-02,5343.41015625,5372.97021484375,5328.18994140625,5347.85986328125,95624300,0.004640797779841698,90.30042147827857,0.09552108186115615
2017-06-05,5307.89013671875,5343.7900390625,5299.759765625,5337.10986328125,48932000,-0.006669636612812129,89.70015448757472,0.08846825280765146
2017-06-06,5269.22021484375,5296.419921875,5260.9501953125,5280.2001953125,79880200,-0.007312033794267686,89.04665603962941,0.08657744295621976
2017-06-07,5265.52978515625,5320.0400390625,5254.02978515625,5261.419921875,94213100,-0.0007006202972941166,88.98428999501137,0.08547880838845895
2017-06-08,5264.240234375,5290.5,5250.68017578125,5264.68994140625,85052500,-0.00024493427402590606,88.96249736153212,0.08534435925766783
2017-06-09,5299.7099609375,5320.169921875,5266.830078125,5275.990234375,79889400,0.006715264498266296,89.5619144312786,0.08927625208092041
2017-06-12,5240.58984375,5286.10009765625,5233.68994140625,5282.580078125,85538800,-0.011218037110165112,88.56281996842287,0.09443658089372277
2017-06-13,5261.740234375,5273.8701171875,5248.2900390625,5254.14013671875,72390200,0.004027757471137182,88.92024886345796,0.09553196333362743
2017-06-14,5243.2900390625,5314.9599609375,5243.2900390625,5283.60009765625,97019900,-0.0035126437150872127,88.60845164700686,0.09579055952883919
2017-06-15,5216.8798828125,5235.8798828125,5176.669921875,5235.35986328125,118313500,-0.00504967176767056,88.16213587282046,0.08017080677722475
2017-06-16,5263.31005859375,5273.68017578125,5236.0,5243.52978515625,164098100,0.00886061794910131,88.94677794965101,0.08524676651591334
2017-06-19,5310.72021484375,5331.31982421875,5302.0498046875,5305.22021484375,77527800,0.00896734220044243,89.74798110766024,0.08805425477171452
2017-06-20,5293.64990234375,5339.5498046875,5293.64990234375,5330.580078125,81245800,-0.003219489145700314,89.4595030817477,0.08870683599178977
2017-06-21,5274.259765625,5286.06005859375,5224.0498046875,5273.0,83179900,-0.0036696298676318494,89.1318214202199,0.08750850643673205
2017-06-22,5281.93017578125,5286.4599609375,5237.330078125,5258.68017578125,80688900,0.001453253787357676,89.26144674370559,0.087777754238703
2017-06-23,5266.1201171875,5283.8798828125,5247.52001953125,5273.240234375,66693700,-0.00299772374878498,88.99426625168552,0.08819166058529816
2017-06-26,5295.75,5323.72998046875,5289.56005859375,5295.0400390625,67071900,0.005610741320201142,89.49499347046194,0.09081045670938272
2017-06-27,5258.580078125,5284.9599609375,5237.669921875,5282.8701171875,90277800,-0.007043568899618601,88.8668441213611,0.09371566421757731
2017-06-28,5252.89990234375,5273.9501953125,5203.89990234375,5235.830078125,96381000,-0.0010807567240181902,88.77085256313913,0.09241296962584211
2017-06-29,5154.35009765625,5272.93994140625,5143.81982421875,5268.22998046875,114605600,-0.018939249167271868,87.10542006972022,0.11193020783736576
2017-06-30,5120.68017578125,5192.39013671875,5117.22998046875,5157.58984375,97126700,-0.006553760231187499,86.53641861792319,0.10965297058345111
2017-07-03,5195.72021484375,5200.72998046875,5151.18994140625,5151.18994140625,76373400,0.014547974040319602,87.80455019624952,0.12170140207960392
2017-07-04,5174.89990234375,5197.81005859375,5165.85986328125,5170.5400390625,56279100,-0.004015254678559693,87.45269942322577,0.12057746201142497
2017-07-05,5180.10009765625,5192.509765625,5160.85986328125,5174.7900390625,85258200,0.0010043835344581693,87.5405795998839,0.11870002929019943
2017-07-06,5152.39990234375,5177.6201171875,5111.16015625,5177.2099609375,91164900,-0.005361773370301353,87.07246294055847,0.11973845148565603
2017-07-07,5145.16015625,5155.419921875,5125.990234375,5149.7900390625,74708800,-0.0014061092618814835,86.95011558099883,0.1197095659170474
2017-07-10,5165.64013671875,5179.33984375,5147.669921875,5160.7001953125,60989800,0.003972534976872312,87.29621494715583,0.11781853840545042
2017-07-11,5140.60009765625,5186.43994140625,5135.9501953125,5172.02978515625,64875700,-0.004859209132197824,86.87305333031242,0.11297936788142278
2017-07-12,5222.1298828125,5239.02001953125,5157.83984375,5158.22998046875,83513800,0.015735519033840205,88.25085771877613,0.12596895974842942
2017-07-13,5235.39990234375,5259.47021484375,5221.580078125,5228.93017578125,75719800,0.0025378893345611602,88.47511307662008,0.12580447608604683
2017-07-14,5235.31005859375,5246.77978515625,5215.97998046875,5246.2001953125,60089700,-1.7160966226273624e-05,88.47359477122055,0.12449650145508669
2017-07-17,5230.169921875,5246.22998046875,5214.31005859375,5238.41015625,53978000,-0.0009823031799135746,88.38672954871537,0.12044014355450831
2017-07-18,5173.27001953125,5233.14990234375,5164.6298828125,5219.669921875,75790200,-0.010938779871902954,87.42515538287977,0.12087872216450969
2017-07-19,5216.06982421875,5218.990234375,5174.2900390625,5196.1298828125,69296400,0.008239223560357362,88.14844636924524,0.12497281022537492
2017-07-20,5199.22021484375,5251.25,5177.72998046875,5239.4599609375,78772300,-0.0032355554211987974,87.86369809355332,0.1248519672879325
2017-07-21,5117.66015625,5208.85009765625,5095.1201171875,5188.919921875,106403800,-0.015811321796225714,86.48538210218322,0.13503948404540006
2017-07-24,5127.7001953125,5143.47998046875,5094.35986328125,5133.68017578125,72053200,0.001959919794301209,86.65505273058179,0.13544019798486817
2017-07-25,5161.080078125,5193.18994140625,5130.52978515625,5130.52978515625,91159700,0.006488621399077156,87.21915269646942,0.13603484803692964
2017-07-26,5190.169921875,5208.330078125,5158.7900390625,5162.240234375,79110400,0.00562056183179958,87.71075357952905,0.13628514120385202
2017-07-27,5186.9501953125,5218.56005859375,5172.77978515625,5181.14990234375,99460800,-0.0006205433934385944,87.65634213493904,0.13627501202165632
2017-07-28,5131.39013671875,5144.02978515625,5105.72021484375,5144.02978515625,99859600,-0.010769289203815605,86.71741052354005,0.1248857700677994
2017-07-31,5093.77001953125,5148.14990234375,5092.14013671875,5127.6298828125,87612000,-0.007358376076221232,86.08165314412197,0.12543045880532916
2017-08-01,5127.02978515625,5148.490234375,5087.3798828125,5116.89990234375,75327900,0.006508274041346486,86.64372320170371,0.11623330624778501
2017-08-02,5107.25,5135.14013671875,5094.64013671875,5122.3798828125,82005400,-0.0038654033697571805,86.30945671567136,0.11617952284690825
2017-08-03,5130.490234375,5142.91015625,5084.2001953125,5097.14013671875,71167300,0.0045401179876060765,86.70220271456532,0.117443694043754
2017-08-04,5203.43994140625,5216.39990234375,5118.60986328125,5122.39990234375,78567600,0.014118717194996452,87.935008937373,0.1262525752761348
2017-08-07,5207.89013671875,5220.58984375,5195.259765625,5210.72998046875,63788300,0.0008548755154486346,88.0102145646089,0.12607218979505716
2017-08-08,5218.89013671875,5231.64990234375,5191.3798828125,5200.2001953125,62058600,0.0021099522177386093,88.19610795613514,0.12560435514557655
2017-08-09,5145.7001953125,5183.3701171875,5122.5,5182.0498046875,84579800,-0.014123309391749099,86.95924191671563,0.13436799119299378
2017-08-10,5115.22998046875,5148.47021484375,5096.18994140625,5140.990234375,71793700,-0.00593909204836067,86.44431359145764,0.12297670684258438
2017-08-11,5060.919921875,5086.06005859375,5046.75,5081.919921875,86172400,-0.010674090843952678,85.52650622909573,0.1266691043429466
2017-08-14,5121.669921875,5136.18994140625,5080.009765625,5082.8701171875,57283400,0.01193227297276753,86.55314473229747,0.1350532960554782
2017-08-15,5140.25,5158.5,5123.97021484375,5141.02001953125,48077600,0.003621173926453135,86.86713689025008,0.13601828193062418
2017-08-16,5176.60986328125,5200.16015625,5159.10009765625,5159.10009765625,55940500,0.007048659050077626,87.4815967357757,0.13341479463917733
2017-08-17,5146.85009765625,5180.259765625,5137.419921875,5164.5400390625,64545000,-0.00576547943692912,86.97867457549778,0.1313627021375892
2017-08-18,5114.14990234375,5117.0400390625,5074.4501953125,5103.47021484375,73461700,-0.006373707438628895,86.42606092002404,0.13258921362011367
2017-08-21,5087.58984375,5105.93994140625,5066.18994140625,5091.31005859375,59101700,-0.0052069782731513055,85.97721188628515,0.12212292013424386
2017-08-22,5131.85986328125,5137.5400390625,5101.68017578125,5112.1298828125,57269900,0.008663929609238999,86.7253486202485,0.1258246898098447
2017-08-23,5115.39013671875,5149.080078125,5105.5498046875,5125.02978515625,58660400,-0.003214470368939471,86.4470201358655,0.12403430980525675
2017-08-24,5113.1298828125,5136.2998046875,5111.85986328125,5127.7099609375,55558700,-0.0004419513162654174,86.40882320274339,0.12207450456790149
2017-08-25,5104.330078125,5141.0498046875,5098.509765625,5121.47998046875,57203600,-0.0017225038114968756,86.26011179018631,0.12212376171869416
2017-08-28,5079.75,5106.25,5066.009765625,5076.47021484375,37172200,-0.004827166649493801,85.84472323685576,0.11764269009781406
2017-08-29,5031.919921875,5041.89013671875,4995.06982421875,5035.3798828125,83662800,-0.009460442286300072,85.03642365143564,0.1194031044915558
2017-08-30,5056.33984375,5069.1201171875,5046.06982421875,5063.240234375,61690100,0.0048412650225476295,85.44910566035833,0.11829034816224587
2017-08-31,5085.58984375,5104.77978515625,5068.43994140625,5083.1201171875,108192000,0.00576814906050728,85.94341308782582,0.1197012206567639
2017-09-01,5123.259765625,5138.419921875,5115.9501953125,5117.18994140625,75774600,0.007379889857055455,86.58001213654147,0.12150941547163285
2017-09-04,5103.97021484375,5114.7001953125,5088.27978515625,5088.27978515625,44171300,-0.003772199059070403,86.25403031692836,0.11049814296763791
2017-09-05,5086.56005859375,5125.7998046875,5081.080078125,5107.18994140625,72150200,-0.003416931743899906,85.95980913580888,0.11062482252615469
2017-09-06,5101.41015625,5114.2900390625,5050.08984375,5054.31982421875,173147800,0.0029152241045255797,86.21076686470127,0.11095597820191204
2017-09-07,5114.6201171875,5148.06005859375,5103.14990234375,5118.83984375,84862300,0.0025861255196644463,86.43400726839226,0.10085238651651916
2017-09-08,5113.490234375,5117.89013671875,5086.509765625,5099.31005859375,84096300,-0.00022093676705853686,86.4149129276611,0.09873871578900603
2017-09-11,5176.7099609375,5180.25,5145.77978515625,5145.77978515625,76915100,0.012287520317719023,87.48328832603062,0.09954474913584602
2017-09-12,5209.009765625,5219.080078125,5184.47021484375,5192.75,79355100,0.006220061714651523,88.02913562048465,0.09347806152108451
2017-09-13,5217.58984375,5227.0,5200.2099609375,5205.2099609375,86353100,0.001645805992973361,88.17413378614069,0.09297739439860547
2017-09-14,5225.2001953125,5233.5400390625,5201.64990234375,5205.18017578125,79396000,0.0014575324949212569,88.30274415547343,0.09014982061257984
2017-09-15,5213.91015625,5237.169921875,5201.97021484375,5220.89013671875,259691200,-0.002163027898769624,88.1119492780378,0.08785746101524745
2017-09-18,5229.31982421875,5239.8798828125,5221.56005859375,5231.990234375,61537100,0.0029511327781485473,88.37236340903819,0.08437878392889359
2017-09-19,5237.43994140625,5238.2900390625,5219.7099609375,5223.2900390625,66921900,0.0015516012593015918,88.50958851118136,0.08124328071306963
2017-09-20,5241.66015625,5248.7900390625,5230.02001953125,5230.509765625,65750000,0.0008054537188458655,88.58090760666082,0.07680842410459073
2017-09-21,5267.2900390625,5275.419921875,5257.43994140625,5259.02001953125,84829300,0.004877734341162019,89.01403722851862,0.07631682286132453
2017-09-22,5281.2900390625,5295.93017578125,5271.8798828125,5277.39013671875,71447900,0.0026543872476446134,89.25062881773384,0.0761320787918602
2017-09-25,5267.1298828125,5286.830078125,5260.4599609375,5267.990234375,64221800,-0.0026847935255791375,89.01133068411075,0.07672249830086353
2017-09-26,5268.759765625,5274.580078125,5255.10986328125,5263.9501953125,70839200,0.00030939633574147876,89.03887472445675,0.07337979650897332
2017-09-27,5281.9599609375,5289.89013671875,5272.31982421875,5281.2998046875,74049900,0.0025022372960356526,89.26195009495214,0.0610367444942684
2017-09-28,5293.77001953125,5295.27001953125,5279.10009765625,5286.0498046875,67809900,0.0022334275789574207,89.46153299005357,0.06033821822253084
2017-09-29,5329.81005859375,5329.81005859375,5284.740234375,5297.419921875,85230900,0.006784940115703977,90.07058799842324,0.06119571106318269
2017-10-02,5350.43994140625,5350.43994140625,5326.66015625,5332.919921875,68575600,0.003863188309183098,90.41922062413273,0.058628050468506325
2017-10-03,5367.41015625,5370.89013671875,5355.2998046875,5362.75,58748500,0.003166722592824569,90.70600705979034,0.05471877139599123
2017-10-04,5363.22998046875,5369.4501953125,5345.2001953125,5369.240234375,80019900,-0.0007791102747725135,90.63536460041284,0.051876809630769974
2017-10-05,5379.2099609375,5381.740234375,5355.91015625,5355.91015625,70314300,0.00297511409752009,90.9054166700364,0.05188294223956314
2017-10-06,5359.89990234375,5378.06982421875,5350.259765625,5378.06982421875,66128500,-0.003596216008705606,90.57908828071253,0.05604435024903292
2017-10-09,5365.830078125,5378.509765625,5351.68017578125,5364.81005859375,55296900,0.0011057851346834972,90.67930468874192,0.055498909711794386
2017-10-10,5363.64990234375,5372.27001953125,5351.7900390625,5364.16015625,59718000,-0.0004063898372006852,90.64246102782374,0.04262490891003239
2017-10-11,5362.41015625,5367.3798828125,5338.14013671875,5367.3798828125,71441700,-0.00023116523541698102,90.62151006364205,0.03974582069476824
2017-10-12,5360.81005859375,5361.919921875,5342.68994140625,5358.419921875,56447100,-0.0002984360362032002,90.59446937454264,0.04015183853329775
2017-10-13,5351.740234375,5371.64990234375,5344.9599609375,5362.72998046875,73942000,-0.001693308528382314,90.44119479412717,0.04144830275808702
2017-10-16,5362.8798828125,5371.6201171875,5347.60986328125,5362.52978515625,63076900,0.002079336892828197,90.6294481603505,0.03976018875661709
2017-10-17,5361.3701171875,5376.68994140625,5347.5498046875,5372.64990234375,64933200,-0.00028156106673643056,90.60393402831042,0.039688129123406794
2017-10-18,5383.81005859375,5394.22998046875,5359.68017578125,5368.08984375,64165900,0.00417675155961701,90.98315555682478,0.041011322580874
2017-10-19,5368.2900390625,5377.81005859375,5343.0,5371.0,86686600,-0.0028868835239749596,90.72087655071411,0.0435053137309911
2017-10-20,5372.3798828125,5392.08984375,5368.2099609375,5389.47998046875,92307000,0.000761562170221514,90.78999245303227,0.04132772408562367
2017-10-23,5386.81005859375,5408.740234375,5367.64990234375,5377.4501953125,63702000,0.0026823923570830467,91.03385375451374,0.04134246700810545
2017-10-24,5394.7998046875,5413.02978515625,5377.85986328125,5377.85986328125,74560600,0.001482106597737419,91.16887566349564,0.03920097764943822
2017-10-25,5374.89013671875,5416.5400390625,5364.16015625,5399.60986328125,80466800,-0.0036973563321195547,90.8324142359618,0.042582616142319285
2017-10-26,5455.39990234375,5459.60986328125,5375.259765625,5383.43994140625,90950700,0.014867791794013912,92.19298090714489,0.06428032362996754
2017-10-27,5494.1298828125,5513.52978515625,5470.240234375,5470.33984375,95585200,0.007074302321860035,92.84749430924316,0.06706669779765159
2017-10-30,5493.6298828125,5507.56005859375,5487.2900390625,5488.330078125,67428800,-9.10103626236174e-05,92.83904460962833,0.06477776783243508
2017-10-31,5503.2900390625,5511.25,5489.41015625,5492.6298828125,75164700,0.0017568844373545137,93.00229544671797,0.0641939428483239
2017-11-01,5514.2900390625,5536.39990234375,5514.2900390625,5524.3798828125,75303700,0.001996809385904517,93.1881888382442,0.06390203370836413
2017-11-02,5510.5,5520.81005859375,5486.240234375,5510.9599609375,70253200,-0.0006875485516503713,93.12413945503101,0.06386553465078722
2017-11-03,5517.97021484375,5521.919921875,5498.2900390625,5513.47021484375,75125000,0.0013547148136961095,93.25038159800687,0.06357281470131086
2017-11-06,5507.25,5513.31005859375,5492.89990234375,5507.06982421875,70213800,-0.001944671945463122,93.06921640753464,0.062242175475553815
2017-11-07,5480.64013671875,5525.5498046875,5475.919921875,5521.75,78339100,-0.004843498610062219,92.61952570449816,0.06577726747149909
2017-11-08,5471.43017578125,5496.080078125,5452.2001953125,5487.52978515625,92596200,-0.0016818670526591803,92.4638828977258,0.06626942504624053
2017-11-09,5407.75,5479.7001953125,5401.43017578125,5470.18017578125,98897900,-0.01170693049349729,91.38772618418363,0.07945302156622798
2017-11-10,5380.72021484375,5415.8798828125,5375.1201171875,5405.5498046875,84901400,-0.005010875717361406,90.9309390537363,0.08162303670730765
2017-11-13,5341.6298828125,5384.759765625,5301.02001953125,5382.64990234375,84572600,-0.007291406242147063,90.2703359267203,0.08545271524745504
2017-11-14,5315.580078125,5365.64013671875,5301.56982421875,5345.2998046875,90263700,-0.004888682246813752,89.83010987745162,0.0866249115680262
2017-11-15,5301.25,5312.39013671875,5267.22021484375,5301.14013671875,94175400,-0.0026995038484882643,89.58794016622505,0.08697979188645383
2017-11-16,5336.39013671875,5345.22998046875,5312.8701171875,5325.41015625,74296300,0.006606778211682034,90.18178736561998,0.08902246218010086
2017-11-17,5319.169921875,5350.25,5304.35009765625,5335.85009765625,88650100,-0.0032321585614403197,89.89077608015496,0.08915089675098209
2017-11-20,5340.4501953125,5348.14990234375,5302.85009765625,5311.27978515625,66757000,0.003992694199923113,90.25039991669158,0.09039256679108175
2017-11-21,5366.14990234375,5385.85986328125,5326.85986328125,5335.83984375,74777300,0.00480073154041428,90.68470952589792,0.09155877522682569
2017-11-22,5352.759765625,5391.009765625,5352.759765625,5364.60986328125,67526600,-0.002498415249072159,90.45842425974806,0.09168489511183445
2017-11-23,5379.5400390625,5391.89013671875,5330.31982421875,5339.759765625,55368500,0.0049906039726030195,90.91099479204779,0.09264967670649663
2017-11-24,5390.4599609375,5419.8798828125,5374.39990234375,5374.39990234375,54357200,0.002027841340208249,91.0955349113701,0.07592717118436543
2017-11-27,5360.08984375,5408.47021484375,5359.39013671875,5378.9599609375,62120700,-0.005649980425092976,90.58229817636703,0.07250230336300456
2017-11-28,5390.47998046875,5398.18994140625,5357.27978515625,5366.3798828125,65960000,0.005653694300016597,91.09587322942109,0.0762213740108578
2017-11-29,5398.0498046875,5441.68994140625,5394.89013671875,5416.490234375,92621500,0.001403309924846799,91.22379871099207,0.07607563172975956
2017-11-30,5372.7900390625,5429.64990234375,5372.58984375,5402.66015625,128032500,-0.004690407117888802,90.79692384724761,0.07637203055510615
2017-12-01,5316.89013671875,5378.31982421875,5299.06005859375,5374.1298828125,99908800,-0.01045876227872024,89.85224908064168,0.08272179084707142
2017-12-04,5389.2900390625,5400.10009765625,5350.58984375,5363.2900390625,81907500,0.013525086410940456,91.07576393453697,0.09776577230503654
2017-12-05,5375.52978515625,5392.47998046875,5349.7900390625,5382.22998046875,77844600,-0.0025565242383030476,90.84322391027378,0.09785345080741789
2017-12-06,5374.35009765625,5385.52978515625,5316.5498046875,5333.31982421875,78019500,-0.00021947919746000992,90.82328790024505,0.09696295091221067
2017-12-07,5383.85986328125,5396.31005859375,5365.75,5374.56982421875,81173900,0.0017679089990675773,90.9839972261224,0.09736265619204569
2017-12-08,5399.08984375,5425.75,5393.56005859375,5411.91015625,90629200,0.002824828272419084,91.24137474632371,0.08948644623296907
2017-12-11,5386.830078125,5411.7099609375,5382.5,5411.7099609375,68771400,-0.0022732916605211653,91.0341920725648,0.08807573826880555
2017-12-12,5427.18994140625,5427.18994140625,5359.759765625,5394.93017578125,80840200,0.007464393556321557,91.71624951500907,0.0874000160201342
2017-12-13,5399.4501953125,5429.02978515625,5393.97998046875,5415.31982421875,87609600,-0.0051243611028171255,91.24746447124143,0.08759542142795906
2017-12-14,5357.14013671875,5400.27978515625,5357.14013671875,5392.0,78206300,-0.007866856595366954,90.53244989963542,0.09188020542998547
2017-12-15,5349.2998046875,5360.8701171875,5330.10009765625,5340.33984375,157439000,-0.0014646013942365172,90.39995299854627,0.08933928168483785
2017-12-18,5420.580078125,5427.8701171875,5386.39990234375,5386.39990234375,81891400,0.013237160494867376,91.60454679656578,0.0992329756474861
2017-12-19,5382.91015625,5420.64013671875,5380.14990234375,5409.64990234375,63736200,-0.006973686044457212,90.96794774785012,0.10215408417116478
2017-12-20,5352.77001953125,5382.3701171875,5338.02978515625,5377.919921875,68688100,-0.005614961588436582,90.45859754460349,0.10284066942659624
2017-12-21,5385.97021484375,5389.7998046875,5323.5400390625,5332.39013671875,70387200,0.006183276690965948,91.01966089969206,0.104690368771931
2017-12-22,5364.72021484375,5385.9599609375,5355.43994140625,5371.0,46753800,-0.003953239620048644,90.66054866606183,0.1042187990382815
2017-12-27,5368.83984375,5388.14013671875,5352.52978515625,5359.81982421875,41098800,0.0007676165384172583,90.73016791962658,0.10398098259163968
2017-12-28,5339.419921875,5370.43017578125,5331.16015625,5367.7001953125,42420600,-0.005494822976292584,90.2329889145556,0.1038796931838829
2017-12-29,5312.56005859375,5344.0498046875,5312.56005859375,5336.14990234375,46218500,-0.00504317887551035,89.77907336171172,0.10290993884131222
2018-01-02,5288.60009765625,5318.740234375,5258.66015625,5318.740234375,66802600,-0.004520260307677929,89.37416441630191,0.10343375297596104
2018-01-03,5331.27978515625,5347.6298828125,5291.89013671875,5295.31005859375,75371700,0.008037740115411448,90.09542549436145,0.1070095122267471
2018-01-04,5413.68994140625,5430.72021484375,5360.009765625,5360.009765625,92583500,0.015339600629815976,91.48810762540872,0.11348293097923177
2018-01-05,5470.75,5470.75,5422.77978515625,5424.16015625,76275800,0.010484798781091568,92.45238833565217,0.10963071043344881
2018-01-08,5487.419921875,5499.14990234375,5478.919921875,5483.47021484375,72318000,0.003042466917879702,92.73410000054501,0.10924087926542007
2018-01-09,5523.93994140625,5525.669921875,5491.91015625,5491.91015625,78844900,0.006633177716181999,93.35126639047853,0.11085923084337768
2018-01-10,5504.68017578125,5529.2998046875,5487.56005859375,5518.31982421875,96478300,-0.0034926917419105924,93.02578792211202,0.11207496182041486
2018-01-11,5488.5498046875,5516.58984375,5478.97021484375,5514.08984375,83544400,-0.002934602969008146,92.75319434127618,0.11270423361142579
2018-01-12,5517.06005859375,5520.18017578125,5486.08984375,5502.6298828125,80659900,0.005181051851949221,93.23500050417682,0.11311503787335886
2018-01-15,5509.68994140625,5525.009765625,5501.27978515625,5515.5498046875,56215000,-0.0013367707230155753,93.1104499514559,0.11100137680589879
2018-01-16,5513.81982421875,5535.9501953125,5500.22021484375,5513.7001953125,69422000,0.0007492864057866694,93.18024248987604,0.10895172149682673
2018-01-17,5493.990234375,5518.39013671875,5485.02001953125,5496.259765625,72741600,-0.0036028258459739585,92.84513433454612,0.10552766355264535
2018-01-18,5494.830078125,5515.16015625,5474.10986328125,5511.2998046875,82084500,0.00015285421505701228,92.8593271893679,0.10516094936180456
2018-01-19,5526.509765625,5528.89013671875,5490.31982421875,5493.990234375,78466200,0.005748806442226512,93.39469487590122,0.09733958544383947
2018-01-22,5541.990234375,5543.06005859375,5512.27001953125,5520.2099609375,77421200,0.0027972135056754414,93.6563054975697,0.09314832382911786
2018-01-23,5535.259765625,5567.02978515625,5521.830078125,5563.56005859375,85807600,-0.0012151878089290836,93.54256461916071,0.09018082819052126
2018-01-24,5495.16015625,5538.580078125,5495.16015625,5532.85009765625,85219400,-0.007270763273021268,92.86490531137926,0.09353914494492428
2018-01-25,5481.2099609375,5525.759765625,5456.0498046875,5493.81005859375,84803300,-0.0025418608655949715,92.62915539146161,0.09273014370448458
2018-01-26,5529.14990234375,5539.77001953125,5493.66015625,5496.830078125,65388300,0.008708206625954116,93.43931160033225,0.0964594480826514
2018-01-29,5521.58984375,5537.52978515625,5517.669921875,5534.14013671875,60112400,-0.0013682450128917774,93.31155115195683,0.09376389355476301
2018-01-30,5473.77978515625,5518.93994140625,5464.85009765625,5493.93017578125,80083100,-0.008696453420503255,92.50358988458773,0.0977915543578171
2018-01-31,5481.93017578125,5496.77978515625,5471.18017578125,5483.509765625,83562500,0.001487880230065058,92.64132658963726,0.0953752092987788
2018-02-01,5454.5498046875,5529.39990234375,5432.58984375,5510.58984375,87026200,-0.005007173852805809,92.17861476746779,0.09517478347056291
2018-02-02,5364.97998046875,5437.259765625,5364.97998046875,5433.83984375,99312300,-0.01655744238004481,90.66493854906483,0.09905651445292087
2018-02-05,5285.830078125,5332.77001953125,5283.27001953125,5322.93994140625,96711900,-0.014862974548148162,89.32735275036934,0.10271356966836381
2018-02-06,5161.81005859375,5226.1298828125,5101.14990234375,5104.27978515625,175358700,-0.023742365489830112,87.23148892784076,0.12649259799296472
2018-02-07,5255.89990234375,5267.8798828125,5169.39990234375,5208.10986328125,117755000,0.01806393201438427,88.82155076082816,0.1425416371007673
2018-02-08,5151.68017578125,5248.43994140625,5129.52001953125,5229.77978515625,123977500,-0.02002832735287234,87.06029999404267,0.1551375565137379
2018-02-09,5079.2099609375,5155.8701171875,5051.2099609375,5133.4599609375,143039900,-0.014167179197455713,85.83559690113904,0.15974681537649318
2018-02-12,5140.06005859375,5165.75,5113.81982421875,5130.39990234375,93467100,0.0119090339546363,86.8639269945957,0.16603140006063608
2018-02-13,5109.240234375,5155.22021484375,5109.240234375,5136.08984375,78507900,-0.0060140529071872504,86.34309048093516,0.16610008918650968
2018-02-14,5165.259765625,5188.14013671875,5081.6201171875,5137.56982421875,109723700,0.010904683705426011,87.28978690418721,0.1730264196790996
2018-02-15,5222.52001953125,5255.080078125,5204.43994140625,5211.7099609375,97295500,0.011024653016235236,88.25745079494052,0.17978849134847005
2018-02-16,5281.580078125,5291.47998046875,5245.7998046875,5249.419921875,101183700,0.011245262405706261,89.25553030364331,0.18578927087515548
2018-02-19,5256.18017578125,5297.3701171875,5249.89013671875,5295.330078125,51447900,-0.004820749556276658,88.82628721354196,0.18391570648651992
2018-02-20,5289.85986328125,5291.81005859375,5249.85009765625,5257.43017578125,75702000,0.006387194032182265,89.39545369853458,0.18560375214571412
2018-02-21,5302.169921875,5303.81005859375,5255.77001953125,5278.47998046875,72945400,0.0023244013443848477,89.60348629325084,0.1862484290826515
2018-02-22,5309.22998046875,5321.18994140625,5253.2001953125,5272.43017578125,87528200,0.0013306556534407547,89.72279704201138,0.18559195628691125
2018-02-23,5317.3701171875,5322.35009765625,5292.7001953125,5312.2998046875,68488500,0.0015320306092444416,89.86036046220553,0.18587859794081238
2018-02-26,5344.259765625,5357.35986328125,5329.509765625,5343.56982421875,67882600,0.005044201636707548,90.314779366296,0.18377831255020163
2018-02-27,5343.93017578125,5363.52001953125,5329.7900390625,5358.56982421875,76239100,-6.167365019922445e-05,90.30920949594442,0.1838565441755648
2018-02-28,5320.490234375,5357.06005859375,5312.6201171875,5321.5,84387800,-0.00439592181311321,89.91308856820042,0.18234987086039778
2018-03-01,5262.56005859375,5315.77001953125,5242.8701171875,5304.81005859375,112757700,-0.010947836923914966,88.93410340022879,0.18497864796483948
2018-03-02,5136.580078125,5226.10986328125,5121.240234375,5223.14013671875,117629800,-0.024230107932579518,86.80511741534286,0.20033684112507733
2018-03-05,5167.22998046875,5176.52001953125,5115.93994140625,5116.39013671875,120940100,0.005949254221561312,87.32308235139992,0.19607339201013815
2018-03-06,5170.22998046875,5216.60009765625,5170.14013671875,5203.10986328125,90489200,0.0005804133888898278,87.37378054908889,0.19031150253764612
2018-03-07,5187.830078125,5203.06005859375,5134.509765625,5151.68994140625,93450600,0.003398341869985957,87.67121162586284,0.17187079687536858
2018-03-08,5254.10009765625,5264.35986328125,5186.27978515625,5189.14013671875,92799400,0.01269322973590335,88.79113514287867,0.16575073733295706
2018-03-09,5274.39990234375,5293.080078125,5241.509765625,5243.08984375,75500400,0.0038561675152932423,89.13418964657683,0.1492444875796609
2018-03-12,5276.7099609375,5302.419921875,5258.10986328125,5298.22021484375,64074300,0.0004378797416752204,89.17322824899651,0.13858865963301423
2018-03-13,5242.7900390625,5311.66015625,5225.27001953125,5284.83984375,87014000,-0.0064489832090830375,88.60000194739206,0.13631581667324105
2018-03-14,5233.35986328125,5272.72021484375,5224.31005859375,5237.75,73618000,-0.001800313744303224,88.44063764205886,0.1343740913400728
2018-03-15,5267.259765625,5274.93994140625,5235.93994140625,5252.22021484375,82441300,0.006456765660525099,89.01352562561233,0.1311473976027988
2018-03-16,5282.75,5299.22998046875,5258.509765625,5259.35986328125,150258600,0.0029365367142718613,89.27530128047641,0.12620378436948526
2018-03-19,5222.83984375,5265.43994140625,5210.06982421875,5263.39013671875,76919000,-0.011405510132035543,88.26285563209647,0.1264000481898597
2018-03-20,5252.43017578125,5255.10009765625,5208.509765625,5232.1201171875,66443200,0.0056495747948525025,88.76291446643071,0.1271261565481058
2018-03-21,5239.740234375,5257.240234375,5220.259765625,5252.77978515625,69220400,-0.0024189366161340518,88.54846208040553,0.12516661725017314
2018-03-22,5167.2099609375,5231.169921875,5119.2900390625,5205.169921875,104323700,-0.013939040052918348,87.32274403334894,0.13304982693981313
2018-03-23,5095.22021484375,5128.7099609375,5059.669921875,5115.81982421875,102365000,-0.014029995962611565,86.10616057366894,0.13979739993959406
2018-03-26,5066.27978515625,5126.990234375,5043.27001953125,5106.33984375,83600900,-0.005696109420212056,85.61708469850203,0.13976528265092167
2018-03-27,5115.740234375,5149.0498046875,5100.2099609375,5141.39990234375,84280000,0.009715329209942374,86.45293657592791,0.1437396086090609
2018-03-28,5130.43994140625,5130.43994140625,5038.1201171875,5073.419921875,102195900,0.0028693067785635733,86.70135279360802,0.1446143543596665
2018-03-29,5167.2998046875,5194.97998046875,5134.75,5152.02978515625,92382200,0.007158856527726064,87.32426233874848,0.14765082238354263
2018-04-03,5152.1201171875,5171.6201171875,5118.68994140625,5144.6298828125,81857300,-0.0029419673903158298,87.06773473950453,0.1436727564779109
2018-04-04,5141.7998046875,5163.6298828125,5094.68994140625,5155.47021484375,91113200,-0.00200512847119352,86.89332765839221,0.11646615482352389
2018-04-05,5276.669921875,5280.60986328125,5213.6298828125,5216.68017578125,94689000,0.02589202740024859,89.17255161289455,0.1459536703825679
2018-04-06,5258.240234375,5282.72021484375,5243.02001953125,5256.25,68854400,-0.003498787560076066,88.86110096615421,0.14678242678956432
2018-04-09,5263.39013671875,5289.72021484375,5247.56982421875,5271.0,60670000,0.0009789172539555213,88.94813122185498,0.14648254046988737
2018-04-10,5307.56005859375,5312.8798828125,5281.580078125,5299.580078125,78090500,0.00835689850378065,89.6945763655634,0.142726883727158
2018-04-11,5277.93994140625,5303.31982421875,5264.27001953125,5301.43994140625,68231500,-0.00559637135599004,89.19401417998259,0.14366435179002587
2018-04-12,5309.22021484375,5309.97021484375,5266.35986328125,5280.66015625,82203700,0.005909113302375572,89.72263200881576,0.1451021238370359
2018-04-13,5315.02001953125,5339.0498046875,5303.3798828125,5318.1298828125,68375700,0.0010918061217909422,89.82064522368388,0.1430241987389445
2018-04-16,5312.9599609375,5322.41015625,5298.93994140625,5322.41015625,60319200,-0.0003876670116683272,89.78583147107162,0.1428026064315589
2018-04-17,5353.5400390625,5370.22998046875,5317.1201171875,5325.6298828125,81726700,0.007608920247323208,90.47161041207671,0.14344026835461568
2018-04-18,5380.169921875,5381.740234375,5359.6298828125,5360.4501953125,82529900,0.0049619260342619225,90.92163943316416,0.14399558190480571
2018-04-19,5391.64013671875,5397.83984375,5377.10986328125,5389.81982421875,74094100,0.0021296734934293355,91.11547917305863,0.13691631840707458
2018-04-20,5412.830078125,5425.7900390625,5381.10986328125,5395.1298828125,87342700,0.003922444720225717,91.47357645253592,0.1363888129319729
2018-04-23,5438.5498046875,5440.83984375,5392.580078125,5404.72021484375,65848500,0.004740369428181234,91.90822437979324,0.13609604044127474
2018-04-24,5444.16015625,5446.7001953125,5414.39990234375,5428.18017578125,90205000,0.0010310579037131026,92.00303595066667,0.12362819853220706
2018-04-25,5413.2998046875,5442.31982421875,5388.669921875,5414.14990234375,78056400,-0.005684650881236723,91.48151454924438,0.11245560965831207
2018-04-26,5453.580078125,5460.009765625,5407.580078125,5416.75,83179000,0.007413435751955945,92.16222697114449,0.10896872522354001
2018-04-27,5483.18994140625,5483.18994140625,5453.97021484375,5454.25,71130200,0.005414749615087804,92.66261587186993,0.10688027502223899
2018-04-30,5520.5,5521.43994140625,5474.47998046875,5477.43994140625,73369100,0.006781398199133207,93.29313344732765,0.10753735220894642
2018-05-02,5529.22021484375,5538.72998046875,5509.080078125,5511.4599609375,93979100,0.0015783597203421953,93.44049983934056,0.1068735359387497
2018-05-03,5501.66015625,5523.77978515625,5489.6298828125,5515.35986328125,79259400,-0.004996902334579621,92.97475140637201,0.10859055217471263
2018-05-04,5516.0498046875,5516.0498046875,5485.990234375,5495.7099609375,85333000,0.0026120957386397406,93.21792782009176,0.10700808375638096
2018-05-07,5531.419921875,5532.1201171875,5503.7001953125,5511.93994140625,45591900,0.0027825606197688386,93.47767356664995,0.06876938318081242
2018-05-08,5521.93017578125,5529.14990234375,5496.39013671875,5523.91015625,70214400,-0.0017170809467740471,93.31730255882358,0.06715223118756648
2018-05-09,5534.6298828125,5535.240234375,5511.580078125,5520.64990234375,72894200,0.0022972267231235197,93.53191997804437,0.06697306104452574
2018-05-10,5545.9501953125,5547.2001953125,5522.91015625,5532.3701171875,48972800,0.002043271445839463,93.72322645838635,0.06336268187342592
2018-05-11,5541.93994140625,5544.740234375,5521.33984375,5533.41015625,61288900,-0.0007233574704771221,93.65545557661234,0.05792780989185487
2018-05-14,5540.68017578125,5542.2099609375,5524.43994140625,5539.0498046875,59725700,-0.00022734075825117883,93.63416629437967,0.057036320948485736
2018-05-15,5553.16015625,5563.35986328125,5527.64013671875,5529.39013671875,88419600,0.0022498946009190807,93.84507046669941,0.056936781298113796
2018-05-16,5567.5400390625,5570.9599609375,5540.669921875,5546.39013671875,76258900,0.0025861484572967637,94.08808184722355,0.056235718278004436
2018-05-17,5621.919921875,5621.919921875,5570.0400390625,5570.39013671875,80318200,0.00971991698224014,95.00706919693401,0.05917888226472996
2018-05-18,5614.509765625,5643.14990234375,5603.35009765625,5610.14013671875,115184600,-0.0013189522882862128,94.88184200811112,0.05965605907729465
2018-05-21,5637.509765625,5657.43994140625,5626.18017578125,5626.7001953125,49392900,0.004088160702080944,95.27052819039325,0.06008146614390676
2018-05-22,5640.10009765625,5653.08984375,5628.93017578125,5637.93994140625,82627400,0.00045937607493162227,95.31430324552672,0.059972503055775166
2018-05-23,5565.85009765625,5626.02001953125,5544.41015625,5626.02001953125,100736000,-0.013252082212946522,94.0595228527246,0.07886786937911097
2018-05-24,5548.4501953125,5598.64990234375,5523.22021484375,5576.64990234375,85231200,-0.003131086276306984,93.76547495646051,0.08022119071278652
2018-05-25,5542.5498046875,5592.16015625,5519.77978515625,5570.72998046875,87810500,-0.001063996245901512,93.66576189967769,0.0769708267284095
2018-05-28,5508.93017578125,5577.3798828125,5492.2998046875,5565.66015625,58701500,-0.006084204590748099,93.09761036883802,0.07727430862397236
2018-05-29,5438.06005859375,5480.18017578125,5389.60986328125,5466.47998046875,141981600,-0.012948053445615731,91.89994796503382,0.08794606430348983
2018-05-30,5427.35009765625,5434.240234375,5386.14990234375,5420.14990234375,116950900,-0.001971387044217338,91.71895605941695,0.08409081117762598
2018-05-31,5398.39990234375,5453.009765625,5381.3798828125,5440.9501953125,144487200,-0.0053484080684712615,91.22971515105444,0.08502978911037226
2018-06-01,5465.52978515625,5482.56005859375,5438.31005859375,5440.419921875,99399200,0.012358463124473296,92.36416984094305,0.09569650311277665
2018-06-04,5472.91015625,5501.47998046875,5468.919921875,5497.740234375,79269000,0.0013494378089096554,92.48889367851936,0.09530925880225584
2018-06-05,5460.9501953125,5512.81982421875,5460.9501953125,5464.8798828125,84084300,-0.002187693151911001,92.28677752386542,0.0947889781205312
2018-06-06,5457.56005859375,5480.31005859375,5419.93994140625,5470.580078125,88256900,-0.0006209888984591241,92.22948625001214,0.09470376750048129
2018-06-07,5448.35986328125,5500.31982421875,5440.66015625,5482.60986328125,80269600,-0.0016871932970096472,92.07400847643538,0.09419441792091154
2018-06-08,5450.22021484375,5458.85009765625,5405.35986328125,5419.7099609375,79611800,0.00034139338652052273,92.10544730019757,0.09374236302939767
2018-06-11,5473.91015625,5480.419921875,5451.1298828125,5459.81005859375,87500400,0.004337183416484508,92.505793077749,0.09543809289534161
2018-06-12,5453.3701171875,5496.47021484375,5448.7001953125,5494.830078125,78558400,-0.0037594099793952845,92.15867875743903,0.0960521715574447
2018-06-13,5452.72998046875,5474.009765625,5447.89990234375,5457.31005859375,82724700,-0.00011739058210600985,92.14786083146733,0.09546689726499015
2018-06-14,5528.4599609375,5543.2900390625,5408.2998046875,5420.39013671875,99909400,0.013792891565668462,93.42765200506294,0.10768850235244981
2018-06-15,5501.8798828125,5560.6201171875,5501.8798828125,5542.81982421875,189560900,-0.004819457958656608,92.97846465327306,0.10222198175725583
2018-06-18,5450.47998046875,5491.83984375,5418.47998046875,5487.7001953125,84643700,-0.009386156106165682,92.1098371832006,0.10625198423516516
2018-06-19,5390.6298828125,5398.0400390625,5366.0498046875,5387.81005859375,87760800,-0.011041435139635337,91.0984064889736,0.10926729762132573
2018-06-20,5372.31005859375,5418.2001953125,5372.0400390625,5418.2001953125,83444100,-0.003404244938775662,90.78881246568378,0.10893176917258636
2018-06-21,5316.009765625,5396.47021484375,5302.08984375,5386.8798828125,92471200,-0.01053501665527316,89.83737133805815,0.10585816478720879
2018-06-22,5387.3798828125,5389.31982421875,5327.02978515625,5330.0498046875,74045400,0.013336181773343938,91.04348344147719,0.11860954779551425
2018-06-25,5283.85986328125,5362.330078125,5283.85986328125,5350.9599609375,61986900,-0.019402294292868542,89.29405730315658,0.13396700390132865
2018-06-26,5281.2900390625,5315.56005859375,5281.2900390625,5308.8798828125,66678000,-0.00048647189925053394,89.25062881773388,0.13336412261745736
2018-06-27,5327.2001953125,5371.580078125,5246.41015625,5284.4599609375,91539300,0.008655415021976105,90.02648287689863,0.13202837637309453
2018-06-28,5275.64013671875,5341.08984375,5250.22021484375,5308.43994140625,91384400,-0.00972578354560821,89.15514886241827,0.13544974557731632
2018-06-29,5323.52978515625,5357.9501953125,5318.47021484375,5335.240234375,96281300,0.009036551857586776,89.96445515033157,0.13921331993539116
2018-07-02,5276.759765625,5293.39990234375,5242.64013671875,5264.39990234375,84519600,-0.008824348203287695,89.17406991829407,0.1334647771495833
2018-07-03,5316.77001953125,5336.2001953125,5284.1298828125,5302.35986328125,79762300,0.007553751197845217,89.85021917233578,0.13692129441874987
2018-07-04,5320.5,5333.22021484375,5307.2001953125,5313.9599609375,63961500,0.0007013041155816045,89.913253601396,0.1370717740679474
2018-07-05,5366.31982421875,5391.56982421875,5324.52001953125,5326.02001953125,95493300,0.00857506830655085,90.68758110350142,0.14123421027312066
2018-07-06,5375.77001953125,5393.4599609375,5345.4599609375,5387.18017578125,72631100,0.001759470994546246,90.84728372688559,0.14146675939921266
2018-07-09,5398.10986328125,5418.9501953125,5384.60009765625,5403.0400390625,68001100,0.00414704377803523,91.22481366514504,0.14241008903100072
2018-07-10,5434.35986328125,5437.0498046875,5404.89990234375,5410.18994140625,73970700,0.006692866212697812,91.83741688722013,0.14363791678921248
2018-07-11,5353.93017578125,5396.7001953125,5353.93017578125,5393.41015625,87179200,-0.014910829683542732,90.47820348824098,0.1519326088851384
2018-07-12,5405.89990234375,5406.47998046875,5349.47998046875,5369.18994140625,77442500,0.009660028145252632,91.35646064527685,0.1562616008952022
2018-07-13,5429.2001953125,5439.56005859375,5418.169921875,5428.0400390625,66789800,0.004300897762936301,91.75022159832376,0.14866533016528513
2018-07-16,5409.43017578125,5439.66015625,5404.52001953125,5429.43017578125,56645300,-0.0036480700568231393,91.41612014548703,0.1483275018870437
2018-07-17,5422.5400390625,5426.77978515625,5383.0,5405.60986328125,63232400,0.002420588207387313,91.63766895892313,0.14533158379906458
2018-07-18,5447.43994140625,5459.72021484375,5438.31005859375,5441.5400390625,72157000,0.004581415226382635,92.05846234940964,0.14071081285371373
2018-07-19,5417.06982421875,5444.18994140625,5409.77001953125,5437.7099609375,73346300,-0.005590716368603858,91.54522561440658,0.1416756076927972
2018-07-20,5398.31982421875,5424.3701171875,5342.2998046875,5409.669921875,93503600,-0.0034672849326665275,91.22836187885049,0.13683816599070378
2018-07-23,5378.25,5385.830078125,5358.81982421875,5382.85986328125,58933900,-0.0037247190431448033,90.88919390690877,0.12960884558329458
2018-07-24,5434.18994140625,5453.0498046875,5389.77001953125,5399.18994140625,96565100,0.010347422196775685,91.83454530961667,0.11372682103417932
2018-07-25,5426.41015625,5452.25,5413.66015625,5445.240234375,81395300,-0.0014326623606388262,91.70307161434023,0.11396484296774541
2018-07-26,5480.5498046875,5480.5498046875,5435.27001953125,5463.2900390625,98897800,0.009927622965016957,92.61799914743888,0.1150804656201634
2018-07-27,5511.759765625,5514.39990234375,5475.77001953125,5477.52978515625,104519100,0.005678523626581935,93.14542873726374,0.10858630667664272
2018-07-30,5491.22021484375,5507.47998046875,5482.240234375,5490.2001953125,68998200,-0.003733456695474986,92.79832266861354,0.1072884347785659
2018-07-31,5511.2998046875,5529.02978515625,5496.41015625,5505.52001953125,97712800,0.0036500023813920905,93.13765567375086,0.10069707657708868
2018-08-01,5498.3701171875,5531.580078125,5495.7900390625,5520.330078125,81015200,-0.002348788571495009,92.91915172277363,0.09974168933965324
2018-08-02,5460.97998046875,5483.740234375,5445.91015625,5477.6298828125,95127100,-0.0068234487369207165,92.28728087511199,0.10391416012017902
2018-08-03,5478.97998046875,5491.77978515625,5459.27001953125,5475.81982421875,72256600,0.003290691429811981,92.59147006124581,0.10077994568234482
2018-08-06,5477.18017578125,5501.5400390625,5456.509765625,5487.27978515625,61262700,-0.000328546621813113,92.56105444329636,0.10083845308108488
2018-08-07,5521.31005859375,5539.41015625,5490.080078125,5490.91015625,65874000,0.008024759524320173,93.30682295090281,0.10328171964205743
2018-08-08,5501.89990234375,5530.02001953125,5497.10009765625,5518.490234375,57616100,-0.0035216922075668594,92.97880297132401,0.10233755899271396
2018-08-09,5502.25,5502.419921875,5468.64013671875,5487.919921875,55242100,6.363011399798928e-05,92.98471941138637,0.08552859070471214
2018-08-10,5414.68017578125,5466.669921875,5391.009765625,5455.9599609375,103117500,-0.01604328342823229,91.50484199144272,0.09914072947167982
2018-08-13,5412.31982421875,5428.91015625,5385.18994140625,5402.41015625,66875100,-0.000436012117833817,91.46495346806567,0.09794881444246753
2018-08-14,5403.41015625,5447.93017578125,5392.39013671875,5437.43017578125,68465700,-0.0016475392784759773,91.31438543205807,0.0972911087918104
2018-08-15,5305.22021484375,5417.18994140625,5287.18017578125,5414.75,87832500,-0.018338982654327797,89.65503441189712,0.11551202988007149
2018-08-16,5349.02001953125,5354.9501953125,5307.16015625,5326.169921875,64762100,0.008222088196356721,90.39522479749222,0.11839748311822193
2018-08-17,5344.93017578125,5366.56005859375,5313.990234375,5356.490234375,64188500,-0.0007648892831372386,90.32610889517404,0.11714571786506778
2018-08-20,5379.64990234375,5397.77978515625,5356.31982421875,5362.3701171875,48284100,0.006474817215498803,90.91285141549831,0.11916591099532389
2018-08-21,5408.60009765625,5427.259765625,5367.3798828125,5372.02001953125,56477500,0.005366999245332347,91.40209232386083,0.1199034975511234
2018-08-22,5420.60986328125,5431.52001953125,5401.43017578125,5401.43017578125,71435300,0.0022180326343274165,91.60505014781232,0.11447710907710426
2018-08-23,5419.330078125,5436.72021484375,5415.43017578125,5422.39013671875,52041400,-0.00023612403188838244,91.58342254752864,0.11437911915005246
2018-08-24,5432.5,5449.75,5421.2099609375,5422.77978515625,52056700,0.0024272271581833086,91.80598631511769,0.10894715873342786
2018-08-27,5479.10009765625,5487.4501953125,5448.490234375,5455.39990234375,43768100,0.008541438570434155,92.59349996955171,0.1113901765292763
2018-08-28,5484.990234375,5506.759765625,5477.35009765625,5489.509765625,62817700,0.0010744415828434805,92.69303974147914,0.11075697943487356
2018-08-29,5501.330078125,5504.31982421875,5476.27001953125,5495.9501953125,52978800,0.002974582086325544,92.96917328436064,0.11049677614183903
2018-08-30,5478.06005859375,5498.77001953125,5467.1201171875,5494.02001953125,64286100,-0.004238861008551199,92.57592393422009,0.11117630960249222
2018-08-31,5406.85009765625,5471.0498046875,5403.16015625,5470.7998046875,89131200,-0.01308434811902822,91.37251837520893,0.11781053452597093
2018-09-03,5413.7998046875,5417.4599609375,5387.2099609375,5400.7001953125,48627400,0.0012845269091155873,91.48996424885917,0.11720612140324452
2018-09-04,5342.7001953125,5428.22021484375,5322.77001953125,5423.669921875,79249300,-0.013220033444764405,90.2884235649583,0.12511257031524012
2018-09-05,5260.22021484375,5324.0,5259.97998046875,5322.080078125,103548700,-0.01555828791168181,88.89456144656248,0.12982493032455336
2018-09-06,5243.83984375,5292.43017578125,5243.81005859375,5254.7001953125,79501100,-0.003118867234285557,88.61774301591925,0.12978492551975143
2018-09-07,5252.22021484375,5266.6298828125,5226.31005859375,5252.97998046875,83620300,0.0015968606939689989,88.75936625272521,0.13024277946250992
2018-09-10,5269.6298828125,5291.2099609375,5241.18017578125,5250.759765625,71394000,0.0033092438487668636,89.05357918218492,0.12129877600916654
2018-09-11,5283.7900390625,5285.02001953125,5240.0400390625,5284.240234375,74742700,0.0026835215223950256,89.292877315808,0.12205549253572885
2018-09-12,5332.1298828125,5338.6298828125,5293.6201171875,5294.580078125,75458800,0.00910711049292055,90.10979163403854,0.1270793311301615
2018-09-13,5328.1201171875,5366.33984375,5325.2998046875,5327.93994140625,75754300,-0.0007522836357692028,90.04202900392431,0.10960544104709909
2018-09-14,5352.56982421875,5362.2001953125,5338.25,5353.580078125,66793100,0.0045783090554477315,90.45521436409358,0.1069417264487586
2018-09-17,5348.8701171875,5358.18017578125,5329.97021484375,5344.5498046875,66172300,-0.0006914410021280937,90.39269153793971,0.1069351363605845
2018-09-18,5363.7900390625,5389.759765625,5339.6201171875,5348.490234375,80228500,0.002785476493084956,90.64482925418064,0.10487968215872
2018-09-19,5393.740234375,5406.06005859375,5361.330078125,5362.93994140625,85324800,0.005568243255807845,91.15096956177281,0.10501506867059882
2018-09-20,5451.58984375,5461.10986328125,5398.2001953125,5398.2001953125,108602600,0.010668215280956706,92.12859320588072,0.11128902849539728
2018-09-21,5494.169921875,5499.02978515625,5463.66015625,5463.66015625,222510800,0.007780235237178824,92.84817094534512,0.11425353519526966
2018-09-24,5476.169921875,5488.18017578125,5463.43994140625,5480.64013671875,73646100,-0.0032815785854417795,92.54398175921126,0.11484654102790749
2018-09-25,5479.10009765625,5497.14990234375,5468.77978515625,5468.91015625,74313200,0.0005349344828379471,92.5934999695517,0.11096192240812998
2018-09-26,5512.72998046875,5512.75,5471.56982421875,5482.990234375,77971500,0.0061190879967606025,93.16182478524676,0.11293590304383795
2018-09-27,5540.41015625,5546.7998046875,5485.830078125,5500.25,74700600,0.005008573727250963,93.6296031265212,0.11377309730510637
2018-09-28,5493.490234375,5527.240234375,5458.2099609375,5514.5498046875,112190100,-0.008504735954738277,92.83668463493122,0.11685291440681685
2018-10-01,5506.81982421875,5519.93994140625,5491.169921875,5494.93017578125,75188000,0.0024234946645748886,93.06194669526835,0.10665292143996662
2018-10-02,5467.89013671875,5480.240234375,5440.77978515625,5473.7900390625,83460200,-0.0070944655340687635,92.40405836432002,0.11013771854437224
2018-10-03,5491.39990234375,5509.080078125,5468.47021484375,5485.02001953125,65565700,0.004290387717461491,92.80135927941258,0.09882960348842126
2018-10-04,5410.85009765625,5477.919921875,5404.83984375,5471.8798828125,94188600,-0.014776999319985861,91.44011597212753,0.09717283051565735
2018-10-05,5359.35986328125,5412.31005859375,5354.7900390625,5407.580078125,84127700,-0.00956167555788057,90.56996194499575,0.10327310421609404
2018-10-08,5300.25,5349.31005859375,5291.740234375,5339.490234375,69434100,-0.011090550201319976,89.57104076699538,0.11143690751490916
2018-10-09,5318.5498046875,5328.3701171875,5260.52978515625,5304.10986328125,78857600,0.0034466838325098517,89.8802964722342,0.11148260492975237
2018-10-10,5206.22021484375,5319.8798828125,5200.10986328125,5319.27001953125,104816300,-0.021346567211211098,87.98199388816093,0.13416089566879602
2018-10-11,5106.3701171875,5175.35986328125,5101.89990234375,5128.22021484375,141209700,-0.01936530296692233,86.29458722474762,0.14383176755397264
2018-10-12,5095.97998046875,5164.02978515625,5095.740234375,5160.22998046875,98283100,-0.0020368131286117737,86.11900015628673,0.14375341236101757
2018-10-15,5095.06982421875,5105.93017578125,5058.0498046875,5095.1201171875,79093900,-0.0001786187428897315,86.1036190624566,0.14189247944123226
2018-10-16,5173.0498046875,5176.7998046875,5082.41015625,5094.43994140625,88042700,0.015189047750317179,87.42143388431896,0.1543457255327183
2018-10-17,5144.9501953125,5205.3798828125,5117.22998046875,5187.10986328125,90604000,-0.005446729762339456,86.94656736729338,0.1540383353824391
2018-10-18,5116.7900390625,5175.58984375,5115.31005859375,5150.22998046875,99240000,-0.005488392084486614,86.47067764445508,0.15195609945895422
2018-10-19,5084.66015625,5133.58984375,5057.4501953125,5119.64013671875,130238900,-0.006299102272046886,85.9277019276045,0.144604995272932
2018-10-22,5053.31005859375,5135.68994140625,5052.240234375,5130.2900390625,74610400,-0.006184708954925343,85.39790411142278,0.13908691281207852
2018-10-23,4967.68994140625,5009.43017578125,4955.669921875,4991.91015625,114932000,-0.017088554182920275,83.9509755689811,0.14624873859180226
2018-10-24,4953.08984375,5043.3701171875,4951.16015625,4995.77001953125,116382700,-0.0029433388327889136,83.70424268989612,0.14519033144611562
2018-10-25,5032.2998046875,5033.52001953125,4925.56005859375,4933.9501953125,125445400,0.01586550455060429,85.04284344274457,0.15780839609423586
2018-10-26,4967.3701171875,4978.39013671875,4896.7998046875,4978.39013671875,131619600,-0.012986548664063133,83.94557073182513,0.15668150338246717
2018-10-29,4989.35009765625,5030.02001953125,4958.509765625,4958.509765625,83255000,0.0044151117435246145,84.31701919682662,0.15961160763075516
2018-10-30,4978.52978515625,5010.43994140625,4929.93994140625,4996.919921875,96430500,-0.0021710367454759946,84.13416241609946,0.15785395513576528
2018-10-31,5093.43994140625,5106.759765625,5047.35009765625,5049.740234375,130251200,0.022818802170374002,86.0760750221106,0.1841950154578446
2018-11-01,5085.77978515625,5119.68017578125,5060.759765625,5076.5498046875,86117000,-0.0015050579320913218,85.9466229834803,0.1822386040599913
2018-11-02,5102.1298828125,5162.18017578125,5101.27978515625,5147.02001953125,94431400,0.003209708807004141,86.22292981121717,0.17902938397583207
2018-11-05,5101.39013671875,5124.18994140625,5092.35986328125,5101.8701171875,68302600,-0.00014499821505328252,86.21042854665029,0.17751189426898992
2018-11-06,5075.18994140625,5110.7998046875,5066.39013671875,5110.7998046875,67159700,-0.0051491273098826385,85.76766098616935,0.17500079318124614
2018-11-07,5137.93994140625,5150.64013671875,5098.89990234375,5100.080078125,88816200,0.01228825841421105,86.82809828783039,0.1810847040578594
2018-11-08,5131.4501953125,5168.10986328125,5120.14013671875,5147.18994140625,87240200,-0.0012639011414054297,86.71842547769299,0.16631561366179262
2018-11-09,5106.75,5112.56982421875,5072.2099609375,5103.43017578125,84712400,-0.004825114329318676,86.30100701605653,0.15282210867121285
2018-11-12,5059.08984375,5140.4501953125,5058.490234375,5130.3798828125,77068100,-0.009376599705402324,85.4955790082399,0.1561360176800074
2018-11-13,5101.85009765625,5106.77001953125,5054.89990234375,5077.56982421875,78747800,0.008416643849916782,86.21820161016316,0.15906365748791296
2018-11-14,5068.85009765625,5131.0400390625,5026.22021484375,5062.43994140625,88350000,-0.006489251510665386,85.66052143558444,0.15059068211326346
2018-11-15,5033.6201171875,5106.56005859375,4993.47998046875,5097.08984375,99859900,-0.006974556228583264,85.06515593078998,0.1512546320442353
2018-11-16,5025.2001953125,5081.0,4986.18994140625,5068.64013671875,99615100,-0.0016741374395772579,84.92286430954182,0.1504165422146461
2018-11-19,4985.4501953125,5062.75,4979.97998046875,5040.68017578125,75776800,-0.007941583686160008,84.25111319016291,0.15127006478190286
2018-11-20,4924.89013671875,4967.97998046875,4894.2998046875,4962.85009765625,97368100,-0.012221742218564157,83.22768458261565,0.15530014033282807
2018-11-21,4975.5,4978.919921875,4930.25,4949.72021484375,82217400,0.010223900963066749,84.0829608671639,0.14883496777541447
2018-11-22,4938.14013671875,4961.35009765625,4923.7998046875,4958.89013671875,60539000,-0.00753709830636973,83.45160162240862,0.15084584155939565
2018-11-23,4946.9501953125,4968.5,4913.72021484375,4939.7900390625,61973700,0.0017824947735431331,83.60048631982107,0.13947336358842047
2018-11-26,4994.97998046875,5023.77978515625,4973.7099609375,4982.5400390625,94237200,0.009662139638067788,84.41216083409125,0.13660619591121292
2018-11-27,4983.14990234375,5013.68994140625,4958.7099609375,4992.52978515625,85316600,-0.0023712025814299903,84.21223962093883,0.13602936929243933
2018-11-28,4983.240234375,5007.47021484375,4977.93017578125,4998.14013671875,84265900,1.812733196543191e-05,84.21376617799815,0.1358123547478052
2018-11-29,5006.25,5036.81005859375,4995.9501953125,5026.66015625,82130300,0.004606802905675865,84.60261739347588,0.10942244340356586
2018-11-30,5003.919921875,5016.85986328125,4974.990234375,5016.4501953125,107965900,-0.0004655421806559585,84.56324047300522,0.10939995587663615
2018-12-03,5053.97998046875,5115.1298828125,5043.2001953125,5112.580078125,101898900,0.009954458178192498,85.40922538864106,0.11485265129605772
2018-12-04,5012.66015625,5043.259765625,5012.47998046875,5036.9501953125,84238000,-0.008209304338244561,84.71094518306911,0.1179374212922825
2018-12-05,4944.3701171875,4976.6298828125,4941.4501953125,4963.18017578125,78499500,-0.01371716424977075,83.55688454954297,0.12538555202961962
2018-12-06,4780.4599609375,4898.35009765625,4760.97998046875,4898.35009765625,140516600,-0.03371281123257459,80.78690138127858,0.15946250446433496
2018-12-07,4813.1298828125,4877.1298828125,4812.3798828125,4813.6201171875,95511500,0.006810807778022988,81.33900343384596,0.163255299717688
2018-12-10,4742.3798828125,4809.97998046875,4732.02001953125,4797.919921875,108458800,-0.014808481103466982,80.14337093834764,0.16821117684181822
2018-12-11,4806.2001953125,4853.919921875,4770.06982421875,4781.93994140625,101943600,0.013367697048345955,81.22189587824668,0.17649003015049372
2018-12-12,4909.4501953125,4924.66015625,4829.1201171875,4834.240234375,106795300,0.021255167287444476,82.96675884870889,0.1914150849007911
2018-12-13,4896.919921875,4935.47998046875,4890.43994140625,4926.85986328125,88192400,-0.0025555389215645157,82.7550047554318,0.19069244234593505
2018-12-14,4853.7001953125,4873.16015625,4822.89013671875,4853.1201171875,89679200,-0.008865079163077954,82.02461734165546,0.19146928670312993
2018-12-17,4799.8701171875,4847.5,4788.8798828125,4840.1201171875,83817900,-0.011152482308707705,81.1149213608574,0.1942278006484819
2018-12-18,4754.080078125,4804.97998046875,4754.080078125,4773.18994140625,109281600,-0.00958564546443712,80.34109720999857,0.19492405708206678
2018-12-19,4777.4501953125,4794.009765625,4761.6298828125,4766.72998046875,96198400,0.004903759070899659,80.73603815039402,0.1929168450364444
2018-12-20,4692.4599609375,4719.60986328125,4685.60986328125,4709.75,120847000,-0.017950015358077352,79.29975424906868,0.19610134078421185
2018-12-21,4694.3798828125,4696.18017578125,4628.240234375,4672.77001953125,187129800,0.0004090667218640565,79.33219977532406,0.19560843111199855
2018-12-24,4626.39013671875,4664.2001953125,4622.02978515625,4650.419921875,24595900,-0.014589127695128275,78.18321391256269,0.19937174335761004
2018-12-27,4598.60986328125,4692.43017578125,4555.990234375,4689.2001953125,89451800,-0.006022841715778106,77.7137439810333,0.19396205073492673
2018-12-28,4678.740234375,4700.490234375,4623.97021484375,4641.0498046875,67583000,0.01727483881701007,79.06789911256725,0.2074322328022168
2018-12-31,4730.68994140625,4731.490234375,4696.1201171875,4708.740234375,23249900,0.0110421638525004,79.94581795155212,0.21289757502474066
2019-01-02,4689.39013671875,4699.97998046875,4606.2001953125,4642.18017578125,76980400,-0.00876851766916577,79.24787606403113,0.21233143643284802
2019-01-03,4611.490234375,4671.27978515625,4607.68017578125,4641.7998046875,78741500,-0.01675147316455585,77.93141451437272,0.21721109495386523
2019-01-04,4737.1201171875,4750.509765625,4636.7900390625,4649.6298828125,95967400,0.026878314824194154,80.05448405919631,0.2377428616843103
2019-01-07,4719.169921875,4760.27001953125,4690.22021484375,4757.009765625,73900700,-0.0037964607257595455,79.75113654236003,0.23703439025862888
2019-01-08,4773.27001953125,4810.27001953125,4719.22998046875,4722.16015625,98114900,0.011398688589697219,80.6653956910165,0.23851942651249136
2019-01-09,4813.580078125,4843.47998046875,4801.830078125,4811.18017578125,94180800,0.008409497539292324,81.34661146416319,0.2101846565701194
2019-01-10,4805.66015625,4805.66015625,4759.759765625,4788.759765625,76138500,-0.0016466838277547718,81.21276954252986,0.2089364321454827
2019-01-11,4781.33984375,4821.27978515625,4760.83984375,4814.66015625,77037500,-0.005073613157440361,80.80177087220231,0.2029211455075967
2019-01-14,4762.75,4773.14990234375,4730.5498046875,4740.31005859375,69500100,-0.0038955767524290665,80.4876136810541,0.19775571086082727
2019-01-15,4786.169921875,4816.72998046875,4754.68994140625,4799.580078125,83421600,0.004905260286318546,80.88339629074713,0.18270049615210424
2019-01-16,4810.740234375,4816.490234375,4784.7900390625,4811.58984375,81097500,0.005120474357799087,81.29861981088209,0.18391967850651547
2019-01-17,4794.3701171875,4801.669921875,4772.64013671875,4782.6298828125,82674400,-0.0034086298727154093,81.02197466509425,0.18188185599140902
2019-01-18,4875.93017578125,4881.56982421875,4824.259765625,4825.97021484375,106129400,0.016868554252448813,82.40029065646434,0.18719402963163037
2019-01-21,4867.77978515625,4872.6201171875,4859.759765625,4865.7900390625,49416900,-0.0016729546668778027,82.2625539514148,0.1836634766886781
2019-01-22,4847.52978515625,4863.2998046875,4824.06005859375,4841.18017578125,67998400,-0.004168684318022245,81.92034111701423,0.18400045739051102
2019-01-23,4840.3798828125,4875.41015625,4820.14013671875,4831.919921875,78599700,-0.0014760467194532589,81.79951206285413,0.17138596332102998
2019-01-24,4871.9599609375,4883.89990234375,4832.39990234375,4839.58984375,82884500,0.006503106342542982,82.3331964107923,0.17220526469102346
2019-01-25,4925.81982421875,4931.7998046875,4890.89990234375,4895.58984375,82965000,0.010994410365685776,83.24339574283694,0.1642049553159366
2019-01-28,4888.580078125,4912.10009765625,4878.6201171875,4903.9501953125,64841000,-0.007588833792205572,82.61406640638755,0.1653729904059885
2019-01-29,4928.18017578125,4949.4501953125,4879.66015625,4889.33984375,66407300,0.008067898457852479,83.28328426621397,0.1582182049402718
2019-01-30,4974.759765625,4974.759765625,4942.64013671875,4943.68017578125,68861600,0.00940729392127427,84.07045135093722,0.1572006706614178
2019-01-31,4992.72021484375,5016.27978515625,4955.5,4993.08984375,102641200,0.0036038133394478184,84.37397215262888,0.15188215804885638
2019-02-01,5019.259765625,5023.3701171875,4980.5,5004.64990234375,79792300,0.005301571316463183,84.822474616657,0.13392581584113938
2019-02-04,5000.18994140625,5019.39990234375,4970.7001953125,5014.31005859375,70664200,-0.0038065657901519925,84.50020604394494,0.10756828425681665
2019-02-05,5083.33984375,5083.33984375,4997.52978515625,5009.830078125,87212600,0.01649259512838193,85.90538943955907,0.11512493821499833
2019-02-06,5079.0498046875,5083.81005859375,5058.0400390625,5060.64990234375,85303500,-0.0008442973485083302,85.83289035673106,0.11237342539391613
2019-02-07,4985.56005859375,5083.89013671875,4985.56005859375,5075.75,111261700,-0.01857845190549052,84.2529698136134,0.13288947784877808
2019-02-08,4961.64013671875,5005.64013671875,4946.14013671875,4980.81005859375,100191000,-0.004809387065982641,83.84873750430555,0.13432839310579572
2019-02-11,5014.47021484375,5023.2900390625,4986.2998046875,4988.08984375,70045200,0.010591416920457735,84.74153408587395,0.13559327527985934
2019-02-12,5056.35009765625,5073.7900390625,5039.990234375,5052.330078125,81414900,0.008317122723096494,85.44927894521368,0.1351988992117742
2019-02-13,5074.27001953125,5092.18994140625,5061.60009765625,5071.5400390625,84733400,0.00353777762032133,85.7521148591436,0.13501965504936175
2019-02-14,5062.52001953125,5117.7900390625,5062.52001953125,5117.7900390625,90012000,-0.0023182891659424562,85.55354691819512,0.1358537305296053
2019-02-15,5153.18994140625,5164.580078125,5059.5,5061.5400390625,110465200,0.017751542121019006,87.08581412608267,0.1439316576138058
2019-02-18,5168.5400390625,5170.9599609375,5147.81005859375,5149.06005859375,60816200,0.00297432872235234,87.34522155458987,0.13538836347829034
2019-02-19,5160.52001953125,5176.41015625,5137.169921875,5162.31005859375,67491900,-0.0015529043489828837,87.20968804270161,0.13533929594286495
2019-02-20,5195.9501953125,5202.89990234375,5159.06005859375,5168.58984375,74722600,0.006842160170130937,87.80843672800593,0.13357866070059407
2019-02-21,5196.10986328125,5206.3798828125,5180.6201171875,5200.1201171875,95156300,3.0728838721635324e-05,87.81113502075402,0.13299982575780803
2019-02-22,5215.85009765625,5226.7998046875,5190.27978515625,5190.93994140625,75215100,0.0037918428617212526,88.14473312234418,0.1325276483525378
2019-02-25,5231.85009765625,5242.22021484375,5219.39013671875,5228.25,72266600,0.0030628774197535335,88.4151235100187,0.12949963727145433
2019-02-26,5238.72021484375,5248.5,5197.2900390625,5212.85986328125,74612300,0.0013122720097094869,88.53122436312479,0.12399543655345893
2019-02-27,5225.35009765625,5236.830078125,5211.5400390625,5218.1201171875,86877000,-0.0025554347522635675,88.30527741502591,0.12430260316093199
2019-02-28,5240.52978515625,5247.5498046875,5204.77001953125,5204.77001953125,110811900,0.002900797317425559,88.56180501426988,0.1219584291540567
2019-03-01,5265.18994140625,5286.68994140625,5262.47021484375,5267.14013671875,88315600,0.004694623915975838,88.97854683980438,0.1221436607161688
2019-03-04,5286.56982421875,5310.64013671875,5283.35009765625,5291.1298828125,63344600,0.004052387951484887,89.33985401493612,0.12186287944333132
2019-03-05,5297.52001953125,5297.990234375,5267.56982421875,5288.5498046875,74259300,0.0020691810786005694,89.52490573716479,0.1197304039432578
2019-03-06,5288.81005859375,5314.97021484375,5281.9501953125,5288.39990234375,18519200,-0.0016455113034559913,89.37771263000724,0.109553967498344
2019-03-07,5267.919921875,5306.08984375,5249.31982421875,5282.14013671875,100441400,-0.003957695995799069,89.02468186963495,0.11105257173316364
2019-03-08,5231.22021484375,5252.35009765625,5221.02978515625,5233.97021484375,99881400,-0.0069910213648313995,88.40447886890236,0.08950553139645988
2019-03-11,5265.9599609375,5268.58984375,5230.16015625,5253.490234375,71957700,0.006618896187418727,88.9915597072776,0.0867975531408166
2019-03-12,5270.25,5294.830078125,5245.759765625,5290.93994140625,79641900,0.0008143420291517066,89.0640587901056,0.08227863095192946
2019-03-13,5306.3798828125,5309.77001953125,5261.89013671875,5263.009765625,72032100,0.006832048345941994,89.67463210387481,0.08107797783602619
2019-03-14,5349.77978515625,5358.41015625,5308.75,5308.75,80679300,0.008145550303491981,90.40806438011002,0.0835005194668529
2019-03-15,5405.31982421875,5421.509765625,5351.8798828125,5352.8798828125,213640300,0.010328222851231627,91.34665767345801,0.08573412899308586
2019-03-18,5412.830078125,5416.490234375,5401.47021484375,5403.5400390625,71187100,0.001388454621274663,91.47357645253582,0.067305422443014
2019-03-19,5425.89990234375,5443.10009765625,5403.580078125,5406.22998046875,70707600,0.0024116904059945403,91.69444862986994,0.06726689909535727
2019-03-20,5382.66015625,5429.43994140625,5382.66015625,5417.2099609375,80810600,-0.00800106147947156,90.9637228980426,0.07518060739516802
2019-03-21,5378.85009765625,5393.330078125,5349.0,5378.41015625,75608100,-0.0007080899730707108,90.89933519677842,0.07359494592279005
2019-03-22,5269.919921875,5398.47021484375,5264.1298828125,5394.4599609375,109347500,-0.020459447485980713,89.05848066809425,0.1062504058072171
2019-03-25,5260.64013671875,5276.740234375,5211.759765625,5211.759765625,77602300,-0.001762449006835076,88.90165787397333,0.10593689077136469
2019-03-26,5307.3798828125,5315.2900390625,5257.7900390625,5271.14013671875,64772700,0.008845564403877258,89.69153150310444,0.10959424052784775
2019-03-27,5301.240234375,5340.0498046875,5279.64990234375,5312.7001953125,92888500,-0.0011574830760558471,89.5877751330294,0.10974926253681647
2019-03-28,5296.5400390625,5327.72998046875,5291.64013671875,5299.02978515625,74378700,-0.0008870151105991765,89.50834465598608,0.10930284024190484
2019-03-29,5350.52978515625,5356.06982421875,5315.10986328125,5334.56005859375,79046600,0.010141796710009074,90.42073892953223,0.1139650444881591
2019-04-01,5405.52978515625,5414.52978515625,5376.18017578125,5394.5,77183600,0.010226882624898759,91.35020588716345,0.11777897691075696
2019-04-02,5423.47021484375,5433.509765625,5403.43994140625,5409.68017578125,67149200,0.0033134077201963635,91.65338837080412,0.11758529915422936
2019-04-03,5468.91015625,5473.919921875,5451.43994140625,5458.02001953125,87758700,0.008343484796072177,92.42129608160063,0.12013898586801736
2019-04-04,5463.7998046875,5474.41015625,5448.39990234375,5460.830078125,69798300,-0.0009348737784060432,92.33493421034203,0.11992837674164068
2019-04-05,5476.2001953125,5486.0,5464.85009765625,5469.33984375,77567000,0.0022669828035987954,92.54449336211762,0.11825319606759384
2019-04-08,5471.77978515625,5486.6298828125,5462.3798828125,5471.740234375,58463400,-0.0008075298647513208,92.46979108612831,0.11430464541680335
2019-04-09,5436.419921875,5491.85009765625,5436.419921875,5453.0,68930800,-0.006483193942921068,91.87223063983234,0.11682048040891836
2019-04-10,5449.8798828125,5461.33984375,5440.31982421875,5442.68017578125,70801100,0.0024728269545788817,92.09969589333076,0.11683605686643526
2019-04-11,5485.72021484375,5498.89013671875,5446.2001953125,5474.330078125,75234800,0.006554822787321395,92.70537597285035,0.1166833616302603
2019-04-12,5502.7001953125,5510.990234375,5474.35986328125,5478.9501953125,81746200,0.00309052499815017,92.99232744170357,0.11439247352353689
2019-04-15,5508.72998046875,5518.3701171875,5497.52978515625,5501.509765625,67400500,0.0010951866674332074,93.09422718832809,0.10962570529150124
2019-04-16,5528.669921875,5532.31005859375,5503.35009765625,5510.72021484375,76025200,0.003613163113700075,93.4312002187683,0.11002016401062532
2019-04-17,5563.08984375,5569.27978515625,5522.60986328125,5528.009765625,86734600,0.006206415048470244,94.01287621998756,0.11140661450844691
2019-04-18,5580.3798828125,5601.3798828125,5527.93994140625,5548.66015625,105619800,0.003103172236574731,94.30506749280113,0.10639288115564725
2019-04-23,5591.68994140625,5596.2099609375,5564.93994140625,5577.52001953125,87060900,0.002024703145509821,94.49620068828773,0.10602829640889776
2019-04-24,5576.06005859375,5597.60009765625,5557.2099609375,5581.16015625,84201400,-0.0027991122683706368,94.23206505872652,0.07111226993241566
2019-04-25,5557.669921875,5571.85986328125,5538.2998046875,5569.2099609375,75881200,-0.003303502685174469,93.92128279642837,0.07251427402163162
2019-04-26,5569.35986328125,5575.25,5546.81982421875,5570.06982421875,75422900,0.0021011799074586797,94.11883578322391,0.06888624044794885
2019-04-29,5580.97998046875,5593.60009765625,5547.1201171875,5567.08984375,67208000,0.002084263180667768,94.31520878267088,0.06774534729351153
2019-04-30,5586.41015625,5586.41015625,5553.10009765625,5570.43017578125,92198400,0.0009725058662307933,94.40697549108545,0.06689254481779694
2019-05-02,5538.85986328125,5573.16015625,5537.990234375,5568.2001953125,92443600,-0.008548211851794822,93.60340410671934,0.07130762164696364
2019-05-03,5548.83984375,5563.1201171875,5535.580078125,5537.4599609375,67538000,0.0018001900173370013,93.77205978096495,0.0641481683164212
2019-05-06,5483.52001953125,5489.5400390625,5422.58984375,5450.830078125,77234200,-0.011841634666031274,92.66819399388119,0.07798423530876931
2019-05-07,5395.75,5490.330078125,5387.990234375,5478.5498046875,93789000,-0.016135627421894186,91.1849333934277,0.09191760709457823
2019-05-08,5417.58984375,5426.31982421875,5378.18017578125,5388.72021484375,76182500,0.0040394316210004815,91.55401363207231,0.0933218813741773
2019-05-09,5313.16015625,5363.77001953125,5307.06005859375,5358.10009765625,96336000,-0.01946424704174459,89.78921465158139,0.11363529903481812
2019-05-10,5327.43994140625,5372.25,5312.009765625,5353.5,82554800,0.002684020374374244,90.03053444185059,0.11452011719423814
2019-05-13,5262.56982421875,5334.06005859375,5247.66015625,5332.2998046875,87610900,-0.012251344430000515,88.93426843342434,0.11946319646422582
2019-05-14,5341.35009765625,5341.35009765625,5288.919921875,5292.080078125,86384000,0.014858981112552808,90.26560772566629,0.13178536414149017
2019-05-15,5374.259765625,5374.259765625,5297.2998046875,5348.33984375,103541000,0.0061423982133479915,90.82176134318568,0.1314965522075389
2019-05-16,5448.10986328125,5448.10986328125,5346.5400390625,5365.3701171875,89653900,0.013647887937934429,92.06978362662788,0.1403962915815094
2019-05-17,5438.22998046875,5450.64990234375,5401.66015625,5428.169921875,96770400,-0.001815097758623994,91.90281954263722,0.14034819699031234
2019-05-20,5358.58984375,5438.60009765625,5333.31005859375,5425.2998046875,88787600,-0.014752785069627967,90.5569490775225,0.14761161086125965
2019-05-21,5385.4599609375,5394.91015625,5350.1298828125,5373.009765625,79280900,0.005001870560402224,91.01103791522178,0.1468776388628489
2019-05-22,5378.97998046875,5399.72021484375,5345.27978515625,5381.68994140625,69422500,-0.0012039606866240066,90.90153013827998,0.14591475345433058
2019-05-23,5281.3701171875,5340.3798828125,5272.77978515625,5335.1201171875,95282100,-0.01831320554238909,89.25198208993778,0.15594836015282326
2019-05-24,5316.509765625,5337.66015625,5302.52001953125,5307.7998046875,86386600,0.006631473012024674,89.84582103767292,0.15927350569247292
2019-05-27,5336.18994140625,5364.22021484375,5323.169921875,5341.39013671875,55120600,0.0036948752357871544,90.17840418511011,0.16054118165732473
2019-05-28,5312.68994140625,5351.08984375,5300.7998046875,5343.2998046875,123522700,-0.004413616907498044,89.78126830321315,0.16006217604123457
2019-05-29,5222.1201171875,5252.52001953125,5203.81005859375,5249.27001953125,96891600,-0.01719481513308805,88.25069268558053,0.16726011010382447
2019-05-30,5248.91015625,5258.0498046875,5229.740234375,5241.9501953125,53926800,0.005116993613409577,88.70342825107585,0.16915723772689858
2019-05-31,5207.6298828125,5208.06982421875,5160.91015625,5198.759765625,92675600,-0.007895630435585256,88.00581642994608,0.16890087474199966
2019-06-03,5241.4599609375,5241.4599609375,5152.2998046875,5171.60986328125,82486400,0.006475242692952893,88.57752442615099,0.17131199530001806
2019-06-04,5268.259765625,5278.91015625,5191.60986328125,5204.22021484375,100999600,0.005100014743238657,89.0304250248419,0.1699855009908195
2019-06-05,5292.0,5306.830078125,5265.60009765625,5271.259765625,82999200,0.004496153483922961,89.43162072335068,0.16311149000647937
2019-06-06,5278.43017578125,5332.68994140625,5264.6201171875,5293.72021484375,97740400,-0.002567507934408714,89.20229884640175,0.16218107771984214
2019-06-07,5364.0498046875,5389.9501953125,5299.7099609375,5299.7099609375,85504600,0.01609051204823886,90.64921913718365,0.15856568967198806
2019-06-10,5382.5,5397.35009765625,5369.81982421875,5382.2900390625,44478400,0.0034336998898417035,90.96101635363475,0.15871973076721307
2019-06-11,5408.4501953125,5431.5400390625,5381.31005859375,5382.8798828125,82532500,0.00480963119416016,91.39955906430829,0.1523386570467655
2019-06-12,5374.919921875,5394.85009765625,5358.81005859375,5379.14990234375,71298300,-0.006218905803608656,90.83291758720839,0.1460734713883034
2019-06-13,5375.6298828125,5392.509765625,5353.10986328125,5361.60009765625,69304200,0.00013207900087528943,90.84491550052866,0.14451922226075806
2019-06-14,5367.6201171875,5369.3798828125,5342.14990234375,5367.10009765625,65531100,-0.0014911255177181314,90.7095552734958,0.13577187161908785
2019-06-17,5390.9501953125,5408.75,5368.06982421875,5370.759765625,60116200,0.004337028809009595,91.10381957778928,0.13680886892839608
2019-06-18,5509.72998046875,5516.06005859375,5376.1201171875,5386.3798828125,112114700,0.021793958665348435,93.11112658755776,0.14676716656836888
2019-06-19,5518.4501953125,5521.81005859375,5496.5400390625,5513.31982421875,94042300,0.0015814425448561593,93.25849297957069,0.14616437334522905
2019-06-20,5535.56982421875,5564.1298828125,5535.56982421875,5551.02978515625,91520000,0.0030974509840640606,93.54780442312101,0.14604666935951097
2019-06-21,5528.330078125,5582.240234375,5518.39013671875,5534.43017578125,180857100,-0.001308715225366489,93.42545706356137,0.12793148370564092
2019-06-24,5521.7099609375,5547.10986328125,5514.14013671875,5534.35009765625,69081000,-0.0011982070573752022,93.31358106026269,0.12736974067235607
2019-06-25,5514.56982421875,5523.56982421875,5499.64990234375,5499.81982421875,67601900,-0.0012939392356776456,93.19291703929818,0.12760843358502716
2019-06-26,5500.72021484375,5531.4501953125,5497.22021484375,5504.669921875,72145100,-0.002514616796075142,92.95886696129526,0.12665323939301693
2019-06-27,5493.60986328125,5511.22021484375,5465.6201171875,5508.3798828125,68458200,-0.0012934580830838368,92.83870629157734,0.1073377898340238
2019-06-28,5538.97021484375,5545.06005859375,5486.27978515625,5491.169921875,77991000,0.008223027948083661,93.60526898182968,0.10885211876038021
2019-07-01,5567.91015625,5611.27978515625,5567.91015625,5584.1298828125,70651600,0.005211185487100701,94.09433660533682,0.10225652118036505
2019-07-02,5576.81982421875,5582.91015625,5556.759765625,5578.3798828125,67572900,0.0015989027787102707,94.24490464134443,0.10167340476763481
2019-07-03,5618.81005859375,5618.81005859375,5579.0400390625,5579.240234375,63296400,0.007501218190938537,94.95451437579446,0.1026478005926005
2019-07-04,5620.72998046875,5629.7900390625,5613.02978515625,5622.7998046875,46168300,0.000341637093155286,94.98695990204985,0.10292779705277476
2019-07-05,5593.72021484375,5616.6298828125,5573.35009765625,5613.919921875,63896500,-0.004816966927595925,94.53051108965347,0.10470468983716376
2019-07-08,5589.18994140625,5598.97021484375,5572.77001953125,5580.259765625,54984500,-0.0008102137318507092,94.45395219021366,0.09335082569852104
2019-07-09,5572.10009765625,5582.77001953125,5544.6201171875,5578.33984375,62346600,-0.0030623444146390053,94.16514409790993,0.09475845462753178
2019-07-10,5567.58984375,5606.18017578125,5557.66015625,5562.43994140625,60776200,-0.0008097629604463613,94.08892351652108,0.09439521106549015
2019-07-11,5551.9501953125,5592.2998046875,5548.9501953125,5589.68017578125,57476600,-0.0028130046199025607,93.82462285376427,0.09163718202209567
2019-07-12,5572.85986328125,5587.83984375,5552.580078125,5559.16015625,60414500,0.0037591100398714277,94.17798368052776,0.09179469655498505
2019-07-15,5578.2099609375,5606.47998046875,5550.85986328125,5581.10986328125,53770000,0.0009595667771978595,94.2683971167384,0.09110588961894608
2019-07-16,5614.3798828125,5626.7900390625,5573.35986328125,5574.18017578125,66028700,0.006463213302862516,94.87964706660956,0.09213425684012708
2019-07-17,5571.7099609375,5621.2099609375,5567.85009765625,5602.25,63754200,-0.007629141091022389,94.15855102174561,0.06443431165728614
2019-07-18,5550.5498046875,5585.81005859375,5533.47021484375,5538.02978515625,63265600,-0.003805014848756617,93.80095709351491,0.06601204878243884
2019-07-19,5552.33984375,5598.0,5534.25,5580.990234375,65514600,0.00032244562175955664,93.83120767826878,0.06521278304116185
2019-07-22,5567.02001953125,5575.740234375,5545.60986328125,5550.2998046875,58118200,0.0026404729212923567,94.07929382955767,0.0655384024276436
2019-07-23,5618.16015625,5638.66015625,5580.52001953125,5590.60009765625,77856100,0.009144330671636355,94.94353141662711,0.07197257943293703
2019-07-24,5605.8701171875,5627.080078125,5583.14013671875,5617.85986328125,68914100,-0.002189952035926207,94.73583713996183,0.0723707255298137
2019-07-25,5578.0498046875,5672.77001953125,5549.66015625,5646.72998046875,106354900,-0.00497506600130917,94.26569057233048,0.0742601157686994
2019-07-26,5610.0498046875,5614.25,5568.830078125,5572.72021484375,71726800,0.005720379399157162,94.80647134767955,0.07588660867468834
2019-07-29,5601.10009765625,5624.33984375,5590.81982421875,5598.64990234375,59297700,-0.0015965728779488142,94.65522667556998,0.07161144654947428
2019-07-30,5511.06982421875,5611.0,5496.77001953125,5610.72998046875,87362100,-0.01620425966476767,93.13376914199438,0.09003327545254057
2019-07-31,5518.89990234375,5538.58984375,5503.1298828125,5511.509765625,84213800,0.0014197825804462972,93.26609275822817,0.08998307049605626
2019-08-01,5557.41015625,5563.64990234375,5499.8798828125,5500.91015625,81383400,0.006953653134879831,93.9168929134254,0.08938783089496731
2019-08-02,5359.0,5455.1298828125,5350.759765625,5427.5498046875,130992200,-0.03635480999600257,90.5638804717378,0.1528069180380978
2019-08-05,5241.5498046875,5315.60009765625,5230.4599609375,5296.080078125,105517800,-0.02216017165604731,88.57904273155054,0.16754775245519402
2019-08-06,5234.64990234375,5297.4501953125,5234.64990234375,5245.52001953125,88253800,-0.001317253113611336,88.46243852719785,0.16746976180863132
2019-08-07,5266.509765625,5312.31005859375,5226.39013671875,5252.72998046875,89433100,0.006067893840960889,89.00085107619003,0.17046958496407552
2019-08-08,5387.9599609375,5387.9599609375,5305.85986328125,5333.18017578125,79249600,0.022798967781609666,91.05328641329591,0.19200141089314696
2019-08-09,5327.919921875,5374.89990234375,5317.91015625,5368.83984375,71097900,-0.011205923918599507,90.03864582341446,0.1948704454894474
2019-08-12,5310.31005859375,5386.4599609375,5293.759765625,5362.39013671875,60267400,-0.0033106784489753383,89.74104971344492,0.19379144432072667
2019-08-13,5363.06982421875,5402.990234375,5268.47021484375,5292.93994140625,99386900,0.00988631453736614,90.63265805600498,0.19810141365395095
2019-08-14,5251.2998046875,5367.5400390625,5233.85986328125,5367.5400390625,97168500,-0.021060911729973313,88.74381187403971,0.2062840007177327
2019-08-15,5236.93017578125,5278.06982421875,5170.77001953125,5274.89990234375,88556700,-0.002740145462882056,88.50097377837095,0.20565070671329316
2019-08-16,5300.7900390625,5306.06982421875,5249.330078125,5254.6201171875,99103700,0.01212039108064138,89.58016710271217,0.212115102611349
2019-08-19,5371.56005859375,5378.740234375,5325.72021484375,5333.1298828125,71538300,0.013262506611244665,90.77613791626148,0.2186829550233924
2019-08-20,5344.64013671875,5391.22998046875,5328.93994140625,5363.58984375,65790300,-0.005024164911239681,90.32120740926464,0.2184324642339947
2019-08-21,5435.47998046875,5441.35009765625,5360.02978515625,5360.02978515625,57209100,0.016853614424348067,91.85634619475566,0.22489902728899575
2019-08-22,5388.25,5439.64013671875,5378.25,5414.81005859375,70434200,-0.008727172669769601,91.0581878992053,0.22626057394772175
2019-08-23,5326.8701171875,5421.27978515625,5326.8701171875,5413.41015625,70292400,-0.011456811221115408,90.02090475488723,0.22847903140468934
2019-08-26,5351.02001953125,5377.02001953125,5300.990234375,5310.16015625,49092000,0.004523354934653667,90.42902359595149,0.22799369036457676
2019-08-27,5387.08984375,5399.18017578125,5321.8798828125,5349.85009765625,70020000,0.0067181208499359525,91.03858195556775,0.23010403878055086
2019-08-28,5368.7998046875,5375.0400390625,5322.990234375,5372.080078125,62433900,-0.0034009379585407517,90.72949128352451,0.22424386819240086
2019-08-29,5449.97021484375,5452.89990234375,5354.5498046875,5359.0,69419100,0.0150057600112146,92.10122245039007,0.23111197155298646
2019-08-30,5480.47998046875,5504.009765625,5446.580078125,5451.60009765625,78422900,0.0055825413071924875,92.61681916009024,0.2305956651663152
2019-09-02,5493.0400390625,5502.580078125,5479.81982421875,5483.43017578125,42347400,0.0022891586393813277,92.82907660461392,0.19062454754659436
2019-09-03,5466.06982421875,5484.5400390625,5441.18017578125,5484.35986328125,57453400,-0.004921981735441136,92.37329617665974,0.1725285974119224
2019-09-04,5532.06982421875,5537.10009765625,5508.5,5518.919921875,60939800,0.012002173893919298,93.48865652581718,0.1754493794858125
2019-09-05,5593.3701171875,5605.8798828125,5559.81982421875,5569.58984375,84379600,0.011019953124743876,94.52459464959108,0.17749814130063907
2019-09-06,5603.990234375,5610.7001953125,5581.5400390625,5592.06982421875,71138100,0.0018968971326311405,94.70406824980839,0.1620176497247771
2019-09-09,5588.9501953125,5611.58984375,5579.93017578125,5606.35986328125,73880200,-0.0026874168068413418,94.44990062526153,0.1559266084096005
2019-09-10,5593.2099609375,5596.93994140625,5555.509765625,5586.8798828125,106338200,0.0007618860348149099,94.5218881051832,0.15472108626672154
2019-09-11,5618.06005859375,5626.0498046875,5606.43017578125,5606.43017578125,92098300,0.004433063927501019,94.94183982637216,0.15256645271296457
2019-09-12,5642.85986328125,5667.4599609375,5596.3701171875,5633.9501953125,110360200,0.004404585940285146,95.36094162660375,0.12697853326798345
2019-09-13,5655.4599609375,5672.06982421875,5638.169921875,5649.22998046875,85595400,0.0022304383440941134,95.57387570722939,0.1250913568930152
2019-09-16,5602.22998046875,5632.740234375,5602.22998046875,5626.60986328125,76134900,-0.00945671402199861,94.67432101630109,0.12897712394416547
2019-09-17,5615.509765625,5619.4501953125,5587.740234375,5602.9599609375,82367800,0.002367641193394919,94.89874140734064,0.1230501743149187
2019-09-18,5620.64990234375,5634.7900390625,5601.64990234375,5609.919921875,68987800,0.0009149277385168356,94.98560662984582,0.12039992679997867
2019-09-19,5659.080078125,5662.85986328125,5616.91015625,5617.7001953125,78682000,0.0068140504328638675,95.63505351283911,0.10976506736762202
2019-09-20,5690.77978515625,5696.25,5647.52978515625,5655.3701171875,188623500,0.005585934952386572,96.17075951742339,0.10327889374494043
2019-09-23,5630.759765625,5683.93017578125,5619.2900390625,5679.31005859375,81625000,-0.010602901055300538,95.15645724559292,0.1018467994540426
2019-09-24,5628.330078125,5648.4599609375,5625.240234375,5644.4599609375,67257400,-0.00043159572779579255,95.11539698652712,0.10213944079561617
2019-09-25,5583.7998046875,5600.759765625,5531.6201171875,5598.5,80836400,-0.007943273586973328,94.36286211790096,0.1068585465517463
2019-09-26,5620.56982421875,5632.14990234375,5572.41015625,5573.6298828125,71044800,0.00656353775418957,94.98425335764188,0.10643028253002441
2019-09-27,5640.580078125,5645.35986328125,5621.580078125,5627.43994140625,69249200,0.003553859977077574,95.32241462709041,0.09591906542694884
2019-09-30,5677.7900390625,5678.2001953125,5624.93994140625,5636.14990234375,77126700,0.006575168440301951,95.9512406122932,0.09649344882972884
2019-10-01,5597.6298828125,5704.93017578125,5594.93017578125,5696.2001953125,75964100,-0.014218806453130109,94.5965821295127,0.11103828636818862
2019-10-02,5422.77001953125,5589.2001953125,5422.77001953125,5587.14013671875,104451600,-0.031736514327631825,91.64155549067942,0.15776740967639172
2019-10-03,5438.77001953125,5472.6201171875,5393.490234375,5432.009765625,83768700,0.0029461773405496353,91.91194587835395,0.15181973206854882
2019-10-04,5488.31982421875,5488.31982421875,5426.0,5456.830078125,76196900,0.00906922978066853,92.74930780951958,0.15004451831246185
2019-10-07,5521.60986328125,5524.18994140625,5461.58984375,5476.77001953125,60954000,0.00604729393521429,93.31188947000769,0.15170000796149294
2019-10-08,5456.6201171875,5531.2900390625,5451.72021484375,5526.009765625,72687700,-0.011839887743667725,92.21360180493528,0.1564457912553681
2019-10-09,5499.14013671875,5515.64013671875,5447.009765625,5458.16015625,69267500,0.007762169312953919,92.93216459024674,0.15937071063988315
2019-10-10,5569.0498046875,5581.06982421875,5487.169921875,5520.97998046875,87261800,0.012632706530908923,94.11359597926348,0.16519302795706825
2019-10-11,5665.47998046875,5667.39990234375,5574.259765625,5576.9501953125,115452700,0.017167170477537814,95.74320801757695,0.1754825348100474
2019-10-14,5643.080078125,5649.669921875,5600.10986328125,5646.330078125,65357900,-0.00396158865909792,95.36466312516455,0.17588605727184284
2019-10-15,5702.0498046875,5724.31005859375,5659.68994140625,5676.740234375,88007900,0.010395695464851338,96.36121607680799,0.176029875906487
2019-10-16,5696.89990234375,5708.91015625,5677.9599609375,5703.39013671875,83929000,-0.0009035749479548381,96.27418582110721,0.17603715326058442
2019-10-17,5673.06982421875,5737.14990234375,5673.06982421875,5679.919921875,88695900,-0.0041917636706238414,95.87147181719891,0.17684020781328663
2019-10-18,5636.25,5667.58984375,5621.8701171875,5653.080078125,95316900,-0.0065114356803001785,95.24923890816041,0.17681501799864993
2019-10-21,5648.35009765625,5664.580078125,5625.10009765625,5633.0400390625,77639300,0.002144533645662837,95.45372328917124,0.17579688536601182
2019-10-22,5657.68994140625,5658.64990234375,5612.85986328125,5644.97998046875,67301500,0.001652186944735539,95.61156103744511,0.1718789504097645
2019-10-23,5653.43994140625,5657.64990234375,5616.02001953125,5617.2998046875,75280000,-0.0007514722656416201,95.53973859071905,0.1718979696189514
2019-10-24,5684.330078125,5691.5,5659.9501953125,5678.259765625,83627900,0.005449080921422291,96.06176334338795,0.17014370919323507
2019-10-25,5722.14990234375,5722.64013671875,5671.81982421875,5694.89990234375,71714000,0.00663131182890563,96.7008956516561,0.1701725465349469
2019-10-28,5730.56982421875,5747.10009765625,5711.10009765625,5720.72998046875,69809000,0.0014703797164392475,96.84318727290425,0.16990873278647678
2019-10-29,5740.14013671875,5742.080078125,5715.259765625,5728.10009765625,74571800,0.0016686525512758727,97.00491980459432,0.16863592608861117
2019-10-30,5765.8701171875,5765.8701171875,5720.27001953125,5749.68994140625,90959100,0.004472449231358747,97.43974101670703,0.16027516973043388
2019-10-31,5729.85986328125,5778.240234375,5718.6298828125,5770.259765625,112062300,-0.0062649995696753835,96.83118935958397,0.11044213234635407
2019-11-01,5761.89013671875,5778.2900390625,5739.7001953125,5749.47998046875,65867300,0.005574495857033167,97.3724817378394,0.11091331009061803
2019-11-04,5824.2998046875,5833.68994140625,5784.85009765625,5788.35986328125,86434000,0.010773217408004012,98.42716763263371,0.11228549532012547
2019-11-05,5846.89013671875,5850.009765625,5818.93994140625,5825.60009765625,78408500,0.0038711323105159235,98.80893067236035,0.11175147254042976
2019-11-06,5866.740234375,5876.27001953125,5838.39990234375,5847.60986328125,86948200,0.003389233914463047,99.14438539740101,0.09839511966579143
2019-11-07,5890.990234375,5894.8701171875,5871.18017578125,5888.83984375,105688900,0.004124951571117859,99.55419582872022,0.09718638251672483
2019-11-08,5889.7001953125,5889.7001953125,5861.60986328125,5867.419921875,94387100,-0.00021900907682036836,99.5323949435812,0.09163765408626395
2019-11-11,5893.81982421875,5906.330078125,5871.7099609375,5873.740234375,60606400,0.0006992187508087655,99.60201419714596,0.0750586423458861
2019-11-12,5919.75,5931.18994140625,5897.2998046875,5904.27001953125,72093200,0.004389903781722378,100.04021858976853,0.07239498907247305
2019-11-13,5907.08984375,5917.56982421875,5874.06005859375,5908.16015625,76988600,-0.0021409203562326507,99.82626955498992,0.06754898102857496
2019-11-14,5901.080078125,5916.89990234375,5894.06982421875,5902.39990234375,67172300,-0.001017899671780627,99.72470812641636,0.06760526193886796
2019-11-15,5939.27001953125,5947.6201171875,5907.9501953125,5933.06982421875,74070300,0.006450835241394383,100.37009519279785,0.0659979853518188
2019-11-18,5929.7900390625,5942.47021484375,5900.35009765625,5939.64013671875,70805300,-0.0015974276712475114,100.20988921816706,0.05973918262688433
2019-11-19,5909.0498046875,5966.7900390625,5895.91015625,5936.990234375,72290900,-0.0035037648733531167,99.85939171734726,0.06317023399381698
2019-11-20,5894.02978515625,5902.9501953125,5859.580078125,5880.68994140625,74180900,-0.002545103169840096,99.6055624108514,0.0652257362590882
2019-11-21,5881.2099609375,5895.56982421875,5834.259765625,5860.5498046875,76235300,-0.0021774213621555145,99.38891508332472,0.06615003467524067
2019-11-22,5893.1298828125,5930.4599609375,5885.60986328125,5885.60986328125,75146000,0.002024729387015041,99.59035460187667,0.06487393550500749
2019-11-25,5924.85986328125,5933.75,5908.2900390625,5917.83984375,62132600,0.005369789176325341,100.12657220936731,0.06380848429905059
2019-11-26,5929.6201171875,5941.509765625,5909.93017578125,5927.41015625,112044300,0.0008031148004726318,100.20701764056356,0.06387500276314767
2019-11-27,5926.83984375,5947.2998046875,5921.919921875,5943.4501953125,68032200,-0.00046898880401403015,100.16003268977565,0.0642849155336651
2019-11-28,5912.72021484375,5919.1298828125,5900.2099609375,5909.9501953125,42729800,-0.0023851622070838675,99.9214194439143,0.06470992692837692
2019-11-29,5905.169921875,5929.7900390625,5885.66015625,5895.89013671875,61639300,-0.0012777735972640625,99.79382402873452,0.05956472510029969
2019-12-02,5786.740234375,5947.68017578125,5781.02978515625,5910.1201171875,99392100,-0.020259091369787523,97.79243345902837,0.09413647343499496
2019-12-03,5727.22021484375,5800.93017578125,5697.06005859375,5787.14013671875,86293300,-0.010338849082610435,96.78658088681273,0.09266998098782717
2019-12-04,5799.68017578125,5812.7099609375,5725.97021484375,5725.97021484375,89688600,0.012572489210988224,98.01111069486097,0.10257015291541283
2019-12-05,5801.5498046875,5849.77978515625,5801.4599609375,5808.259765625,73424300,0.000322315638183899,98.04270630015901,0.1016942962618334
2019-12-06,5871.91015625,5871.91015625,5811.2900390625,5815.75,75933300,0.012054901265523587,99.2317539711528,0.10966758603387314
2019-12-09,5837.25,5870.7900390625,5836.14013671875,5865.72998046875,56245200,-0.005920195303548082,98.64601815332172,0.11147328097897365
2019-12-10,5848.02978515625,5851.10986328125,5776.669921875,5833.47998046875,73070100,0.0018450201300097956,98.82819004628712,0.11168946022343583
2019-12-11,5860.8798828125,5865.8798828125,5825.419921875,5844.02001953125,62940400,0.002194927312557929,99.04534897672019,0.11076545666872764
2019-12-12,5884.259765625,5915.64990234375,5845.0,5871.2001953125,91513000,0.00398120659153554,99.44045495031125,0.11163279327751598
2019-12-13,5919.02001953125,5972.169921875,5907.22021484375,5968.85986328125,113199500,0.00588994839219665,100.02788235839726,0.11353152302419964
2019-12-16,5991.66015625,6003.3798828125,5942.2998046875,5946.64990234375,77242800,0.012197630408058983,101.25545702890435,0.11915949961214126
2019-12-17,5968.259765625,5989.47998046875,5955.35986328125,5989.47998046875,84477400,-0.003913139993920361,100.86000448560253,0.11992064360593134
2019-12-18,5959.60009765625,5983.02001953125,5959.60009765625,5971.39990234375,80799300,-0.0014520072484851172,100.71366129940233,0.11930798866960811
2019-12-19,5972.27978515625,5972.27978515625,5942.8798828125,5963.8701171875,72322800,0.002125346952447248,100.92794040057215,0.11894900269561917
2019-12-20,6021.52978515625,6024.169921875,5966.8798828125,5979.52978515625,151362500,0.008212616104158323,101.76023581263283,0.1212837557890401
2019-12-23,6029.3701171875,6035.9501953125,6005.9599609375,6013.56005859375,46603900,0.001301202931068913,101.89273271372198,0.12124185156336231
2019-12-24,6029.5498046875,6033.990234375,6025.6201171875,6027.18994140625,12440900,2.98015910507688e-05,101.89576932452104,0.12027314122359542
2019-12-27,6037.39013671875,6065.0,6027.72021484375,6039.9501953125,47289800,0.0012994733002080674,102.02826622561022,0.12028382210053448
2019-12-30,5982.22021484375,6037.7001953125,5982.22021484375,6028.9599609375,40318700,-0.009180049553482764,101.09592769037556,0.12517995671769613
2019-12-31,5978.06005859375,5987.22021484375,5958.25,5970.58984375,20670000,-0.0006956620284247598,101.02562354904904,0.12483536833216247
2020-01-02,6041.5,6062.919921875,6011.2099609375,6016.60986328125,63958300,0.010556215070776427,102.09772044597938,0.12933393685989458
2020-01-03,6044.16015625,6044.16015625,5994.58984375,6007.9599609375,60488000,0.0004402169610211088,102.14267548846139,0.1036063347264157
2020-01-06,6013.58984375,6017.97021484375,5955.25,6001.2099609375,69063700,-0.005070660446755967,101.62605557294849,0.09705463574039085
2020-01-07,6012.35009765625,6065.740234375,6000.0,6033.22021484375,69593800,-0.00020617866115786102,101.6051046087668,0.08988159410082326
2020-01-08,6031.0,6031.0,5972.77001953125,5986.81005859375,71431600,0.003097131130516543,101.92027675406796,0.08985387650454026
2020-01-09,6042.5498046875,6071.66015625,6034.14990234375,6066.75,67961100,0.0019132414902831665,102.11546151450659,0.0818482485497426
2020-01-10,6037.10986328125,6057.830078125,6028.2900390625,6056.740234375,64393300,-0.0009006779865536246,102.02352977289641,0.07797485902286151
2020-01-13,6036.14013671875,6058.68994140625,6018.330078125,6040.91015625,65192400,-0.00016064051760472246,102.00714197657312,0.07820565619230675
2020-01-14,6040.89013671875,6046.1201171875,5980.0498046875,6037.4501953125,75439500,0.0007866172622546005,102.087414122914,0.07820186980775332
2020-01-15,6032.60986328125,6053.009765625,6011.27978515625,6042.72021484375,79851500,-0.0013716444669258736,101.94748247636296,0.0782090485851376
2020-01-16,6039.02978515625,6058.97021484375,6021.02978515625,6039.6201171875,76032900,0.0010636371971360812,102.05597529915178,0.07631529540687135
2020-01-17,6100.72021484375,6109.81005859375,6066.2900390625,6066.2900390625,79316600,0.01016346476951955,103.09850649909,0.072783327267522
2020-01-20,6078.5400390625,6094.08984375,6071.169921875,6092.97021484375,41270000,-0.0036422902277384235,102.72367485357867,0.07256529086211005
2020-01-21,6045.990234375,6045.990234375,5994.169921875,6034.240234375,63922800,-0.005369260854066027,102.1736027093172,0.0753608682085436
2020-01-22,6010.97998046875,6069.259765625,6005.77001953125,6053.85009765625,69408800,-0.00580748756633257,101.58195045142378,0.07839992631261022
2020-01-23,5971.7900390625,6024.31982421875,5961.8701171875,5992.47021484375,90037200,-0.006541072068107861,100.91966398581265,0.07628607714088656
2020-01-24,6024.259765625,6064.5498046875,6016.77001953125,6019.60009765625,82330600,0.008747889850859334,101.80637084246334,0.08248214030722015
2020-01-27,5863.02001953125,5942.830078125,5851.0,5924.06005859375,104036300,-0.02712977882112936,99.08151600153636,0.12492791851725482
2020-01-28,5925.81982421875,5933.72021484375,5857.22998046875,5886.81005859375,84491600,0.010654211875677333,100.14279497249498,0.13144527033303816
2020-01-29,5954.89013671875,5969.72998046875,5916.22998046875,5921.97021484375,74107000,0.0048937093172305695,100.63406578916339,0.12928240535407673
2020-01-30,5871.77001953125,5904.080078125,5846.4501953125,5886.02001953125,89992200,-0.014056628789293391,99.22938574479586,0.1379019081147095
2020-01-31,5806.33984375,5894.68994140625,5799.0400390625,5891.7099609375,101862600,-0.011205727846205956,98.12365508260183,0.13580277225924475
2020-02-03,5832.509765625,5857.39990234375,5804.14013671875,5822.0400390625,75677800,0.004497002170528756,98.56591104017642,0.13739782195422656
2020-02-04,5935.0498046875,5935.0498046875,5862.81982421875,5863.35986328125,85595000,0.017428020459278264,100.29877609731834,0.15178905004047297
2020-02-05,5985.39990234375,6004.330078125,5912.490234375,5919.06005859375,107839000,0.00844773449430191,101.14966249886356,0.1550166349858376
2020-02-06,6038.18017578125,6050.93994140625,6008.5498046875,6045.0400390625,106153100,0.008779516935728211,102.0416174111344,0.15777123460435777
2020-02-07,6029.75,6044.97021484375,5999.9501953125,6027.5400390625,82348500,-0.0013971206378769099,101.89915250503086,0.157697134492779
2020-02-10,6015.669921875,6018.31005859375,5993.91015625,6008.47998046875,65703100,-0.002337832077115079,101.6612076436117,0.15786745501379432
2020-02-11,6054.759765625,6060.97021484375,6032.7900390625,6047.9599609375,81568400,0.006476982413675363,102.3218025189679,0.15953776110752463
2020-02-12,6104.72998046875,6104.72998046875,6062.97021484375,6064.25,92681200,0.008219176494704715,103.16626912920421,0.161972454531178
2020-02-13,6093.14013671875,6098.259765625,6028.27978515625,6076.919921875,92665700,-0.0019003067136132551,102.97040773266362,0.16205978017843153
2020-02-14,6069.35009765625,6096.06982421875,6067.14013671875,6096.06982421875,77985500,-0.003912039219663161,102.56837036485726,0.16274736841566828
2020-02-17,6085.9501953125,6088.60009765625,6064.919921875,6079.52978515625,58001900,0.0027313365488559247,102.84890204240156,0.15903049486476414
2020-02-18,6056.81982421875,6079.5,6039.93994140625,6042.3798828125,89930300,-0.00479798710348401,102.3566162715802,0.1594033899929806
2020-02-19,6111.240234375,6111.41015625,6072.66015625,6086.10986328125,80156900,0.008944856081221891,103.27628850905239,0.16122307140119296
2020-02-20,6062.2998046875,6110.9501953125,6062.2998046875,6105.169921875,91055800,-0.008040503123245514,102.44922464929232,0.16250624048321408
2020-02-21,6029.72021484375,6067.2900390625,5995.14013671875,6035.02978515625,97327600,-0.005388623013566207,101.89864915378428,0.16193361272838305
2020-02-24,5791.8701171875,5884.85986328125,5765.169921875,5875.85986328125,175269600,-0.040245380484334445,97.87912539667815,0.21164531949475568
2020-02-25,5679.68017578125,5828.4599609375,5670.7099609375,5825.3701171875,143623800,-0.019560306246258225,95.98318278730198,0.20165220986085197
2020-02-26,5684.5498046875,5707.31005859375,5526.14013671875,5646.14013671875,161976300,0.0008570099712286545,96.065476590289,0.197006384057612
2020-02-27,5495.60009765625,5613.72021484375,5421.31005859375,5571.72021484375,216328100,-0.03380414420066586,92.87234005684097,0.2237839490605921
2020-02-28,5309.89990234375,5376.0498046875,5229.56005859375,5310.81982421875,268468000,-0.034374805544105706,89.73411831922954,0.24550649276606837
2020-03-02,5333.52001953125,5430.0498046875,5197.56982421875,5416.02001953125,201844000,0.004438452327719089,90.13328410943241,0.24633493434631618
2020-03-03,5393.169921875,5509.27978515625,5371.66015625,5408.14990234375,186265500,0.011121887094968558,91.14133162314955,0.25026702451676575
2020-03-04,5464.89013671875,5493.25,5357.35009765625,5400.43017578125,152463500,0.01321069463961985,92.35336016663095,0.24616760853749217
2020-03-05,5361.10009765625,5494.16015625,5329.240234375,5490.52001953125,155475900,-0.019174822232276487,90.59937086045196,0.24726203703431401
2020-03-06,5139.10986328125,5284.080078125,5117.56982421875,5253.81982421875,198425500,-0.04228931000345845,86.84786926466346,0.27273729699060223
2020-03-09,4707.91015625,4863.33984375,4691.2001953125,4845.27001953125,329160800,-0.08763578011350767,79.56085326783075,0.38727611343061447
2020-03-10,4636.60986328125,4924.83984375,4615.16015625,4770.6201171875,280309600,-0.015260639724180906,78.35592115176027,0.38588939564829017
2020-03-11,4610.25,4766.0,4603.0498046875,4716.22021484375,206895800,-0.005701380809240349,77.91045529853122,0.38065385762340265
2020-03-12,4044.260009765625,4404.259765625,4025.889892578125,4374.669921875,371403200,-0.13098349118744465,68.34556449357024,0.5505125894862568
2020-03-13,4118.35986328125,4438.509765625,4055.18994140625,4234.3701171875,326461800,0.018156398379766715,69.59780750098996,0.5628865640352444
2020-03-16,3881.4599609375,3962.010009765625,3632.06005859375,3886.820068359375,311603900,-0.05924363121312828,65.59434147381592,0.5770844388849251
2020-03-17,3991.780029296875,4042.4599609375,3759.0,4041.330078125,225787000,0.028025892597168343,67.45868435206417,0.5966694728052359
2020-03-18,3754.840087890625,3908.719970703125,3726.449951171875,3905.530029296875,214274700,-0.06119155618742112,63.454541688788154,0.6102911538295048
2020-03-19,3855.5,3909.14990234375,3691.080078125,3833.989990234375,199534100,0.026455002428845777,65.15563372994679,0.624602488187651
2020-03-20,4048.800048828125,4109.10986328125,3984.300048828125,4066.7900390625,271872900,0.04891985268675323,68.42228842620567,0.6700789658637535
2020-03-23,3914.31005859375,4097.81982421875,3851.169921875,3869.010009765625,195845200,-0.03378146930949221,66.14948838884214,0.6699116807941552
2020-03-24,4242.7001953125,4242.7001953125,4038.06005859375,4087.610107421875,185439800,0.08056082139722924,71.6990844123343,0.7510169826344393
2020-03-25,4432.2998046875,4453.009765625,4221.31982421875,4339.7099609375,176942500,0.043718687553743966,74.90320390494965,0.7775094376891547
2020-03-26,4543.580078125,4543.580078125,4296.06005859375,4332.7900390625,150657300,0.024796672144987077,76.78377367215549,0.7867903118706896
2020-03-27,4351.490234375,4471.3701171875,4288.66015625,4433.9501953125,144021100,-0.043196895716589745,73.5375707146616,0.7909322640154397
2020-03-30,4378.509765625,4379.14990234375,4216.41015625,4362.08984375,119404100,0.00619006128871521,73.99418456025356,0.7883804096013781
2020-03-31,4396.1201171875,4468.52001953125,4309.72021484375,4437.77978515625,151397700,0.004013930032828724,74.29178892188288,0.788289350502804
2020-04-01,4207.240234375,4266.68994140625,4186.4501953125,4259.93994140625,141856100,-0.04391545390277833,71.09983237578341,0.793447078053253
2020-04-02,4220.9599609375,4265.56005859375,4143.16015625,4243.83984375,135203200,0.0032556746073861345,71.33168751228483,0.790232156152267
2020-04-03,4154.580078125,4214.58984375,4142.27978515625,4204.81005859375,124037700,-0.015851222103427275,70.20990737181847,0.7899516083681076
2020-04-06,4346.14013671875,4353.2099609375,4268.52001953125,4298.5,141469800,0.0450767673323524,73.44715727845094,0.8057554915121526
2020-04-07,4438.27001953125,4527.60009765625,4379.27001953125,4489.39990234375,146543100,0.0209765389733032,75.004096949081,0.7568241408233075
2020-04-08,4442.75,4442.75,4333.08984375,4397.35986328125,96256500,0.0010088888075684387,75.07980592756348,0.7555487343986309
2020-04-09,4506.85009765625,4543.68994140625,4409.0400390625,4512.2998046875,126589000,0.014324929177599102,76.16305906851653,0.7575061963253025
2020-04-14,4523.91015625,4577.83984375,4497.56005859375,4553.5498046875,104764600,0.003778215434431908,76.45136380957366,0.5921091313360194
2020-04-15,4353.72021484375,4525.5,4335.58984375,4511.8701171875,119358000,-0.03834599728553148,73.57525604487734,0.6088107370559976
2020-04-16,4350.16015625,4418.64990234375,4318.89990234375,4402.3798828125,107745200,-0.0008180394583782457,73.51509319342058,0.5661190548702867
2020-04-17,4499.009765625,4550.77978515625,4464.08984375,4470.919921875,134393000,0.03364465852634875,76.03056216742735,0.5692707986133352
2020-04-20,4528.2998046875,4531.33984375,4426.240234375,4531.33984375,79833400,0.006489229513658054,76.52554623099682,0.5147394656982683
2020-04-21,4357.4599609375,4477.31005859375,4357.4599609375,4467.490234375,98896700,-0.0384572401616364,73.63845550713316,0.535569660580159
2020-04-22,4411.7998046875,4417.56982421875,4361.43994140625,4382.2001953125,84195800,0.012393415347664171,74.55676622074165,0.5130111702012308
2020-04-23,4451.0,4495.89990234375,4395.75,4450.18994140625,90083500,0.00884606485610299,75.21922597120817,0.4942723004464534
2020-04-24,4393.31982421875,4448.72998046875,4366.08984375,4387.02978515625,81295300,-0.013043624544465723,74.24446565304397,0.4169530158421166
2020-04-27,4505.259765625,4505.259765625,4448.0498046875,4479.85986328125,75900400,0.025160385534653218,76.13618341261274,0.39788660901763806
2020-04-28,4569.7900390625,4601.93994140625,4493.509765625,4507.419921875,104388900,0.01422170951441905,77.22670626583205,0.3914777876362339
2020-04-29,4671.10986328125,4678.93017578125,4552.81005859375,4566.2900390625,111685100,0.021929440996475275,78.93895042518348,0.3644290971097415
2020-04-30,4572.18017578125,4719.740234375,4554.91015625,4693.27978515625,141611100,-0.02140654785264779,77.26709814045566,0.37415218872845607
2020-05-04,4378.22998046875,4427.740234375,4362.1298828125,4413.14013671875,124810600,-0.04334562501811415,73.98945635919955,0.4056775634418217
2020-05-05,4483.1298828125,4492.52001953125,4419.9501953125,4455.740234375,93373300,0.02367690838770268,75.76220168805874,0.38069327480398935
2020-05-06,4433.3798828125,4484.16015625,4425.77978515625,4484.16015625,83242500,-0.011159190664746006,74.92145657638325,0.3838448317473529
2020-05-07,4501.43994140625,4503.93994140625,4440.97998046875,4456.43994140625,78225400,0.015235086183532328,76.07163067815296,0.3803736507614908
2020-05-08,4549.64013671875,4560.18994140625,4519.58984375,4538.08984375,49408600,0.010650806433444368,76.88618502168639,0.3508743545527412
2020-05-11,4490.22021484375,4569.759765625,4460.240234375,4561.18994140625,83493200,-0.013146392830288624,75.88202403972566,0.3477375215723133
2020-05-12,4472.5,4499.39013671875,4453.64990234375,4473.43017578125,99269700,-0.003954209772944623,75.58256305464582,0.34808059044849904
2020-05-13,4344.9501953125,4422.740234375,4336.56005859375,4420.5,103285300,-0.028933240277845777,73.42704798356685,0.3582542168131865
2020-05-14,4273.1298828125,4313.259765625,4194.580078125,4294.009765625,127632000,-0.016667743758085073,72.21332784983055,0.36127309817191006
2020-05-15,4277.6298828125,4335.77001953125,4255.18994140625,4314.97021484375,111236400,0.0010525381460321506,72.28937514636401,0.3372979589876728
2020-05-18,4498.33984375,4508.9501953125,4354.72998046875,4361.02978515625,119506400,0.05030931458526714,76.01924089020908,0.3810062579365375
2020-05-19,4458.16015625,4536.06982421875,4421.10986328125,4536.06982421875,138767200,-0.008972245194515532,75.34022831022367,0.3640612732075831
2020-05-20,4496.97998046875,4499.7900390625,4396.2001953125,4434.6201171875,107244100,0.008669896124514118,75.99626001772148,0.36466168417701317
2020-05-21,4445.4501953125,4498.080078125,4429.27001953125,4443.919921875,88243500,-0.011524910903687267,75.1254376061475,0.34030270591025374
2020-05-22,4444.56005859375,4475.35009765625,4368.7998046875,4381.81982421875,99188200,-0.0002002554994430125,75.11039483036838,0.33775447050920915
2020-05-25,4539.91015625,4539.91015625,4451.56005859375,4482.5400390625,65971900,0.021226332862224005,76.72175419724823,0.3443359477939941
2020-05-26,4606.240234375,4619.83984375,4573.89013671875,4588.2998046875,140172500,0.014504734386653504,77.84269266841702,0.3434606622529783
2020-05-27,4688.740234375,4711.990234375,4614.41015625,4621.77001953125,177960100,0.01775198276201388,79.23689310486381,0.33815283883337705
2020-05-28,4771.39013671875,4784.08984375,4701.52001953125,4718.10986328125,127442900,0.017473756082328103,80.63362680086308,0.33982931571002944
2020-05-29,4695.43994140625,4768.85009765625,4695.35986328125,4733.97998046875,167179700,-0.01604588320605218,79.35011412870665,0.3372992202922893
2020-06-01,4762.77978515625,4782.02978515625,4721.6298828125,4776.72021484375,75978000,0.014239673756479313,80.48811703230069,0.33100936825347105
2020-06-02,4858.97021484375,4880.14990234375,4795.27978515625,4799.8798828125,126839400,0.019995039244089435,82.11367750566212,0.2922665788717359
2020-06-03,5022.3798828125,5026.4501953125,4909.990234375,4911.4501953125,160112800,0.03307737609392847,84.87520272265189,0.301519174126304
2020-06-04,5011.97998046875,5052.75,4966.81982421875,4994.18017578125,138794600,-0.00207285889867588,84.6994506209954,0.29683481935453754
2020-06-05,5197.7900390625,5199.64990234375,5060.919921875,5060.919921875,186841500,0.03640250005853588,87.83952898205736,0.31384455918060583
2020-06-08,5175.52001953125,5213.669921875,5137.2001953125,5159.2998046875,152914400,-0.004293721795590218,87.46317903114648,0.3158272239513323
2020-06-09,5095.10986328125,5203.419921875,5053.2099609375,5187.08984375,160534800,-0.015658591566687186,86.10429569855856,0.31787323728190614
2020-06-10,5053.419921875,5152.4501953125,5043.56982421875,5119.85986328125,121335100,-0.00821600306722006,85.39976073487327,0.3198942707651493
2020-06-11,4815.60009765625,4956.2998046875,4815.60009765625,4925.9501953125,161274600,-0.04820455797712169,81.3807485806735,0.35165899565880965
2020-06-12,4839.259765625,4940.7900390625,4759.169921875,4774.10986328125,133164300,0.004901099687425781,81.78058275531855,0.3428194814663158
2020-06-15,4815.72021484375,4841.52978515625,4691.81005859375,4716.97998046875,111889900,-0.00487615665083091,81.3827784889794,0.34449220785927737
2020-06-16,4952.4599609375,5006.7900390625,4887.56005859375,4922.7900390625,144445800,0.02799880354705899,83.69359804877978,0.3154917330842402
2020-06-17,4995.97021484375,5026.83984375,4952.56982421875,4952.56982421875,107060900,0.008747215503336249,84.42889520012528,0.31185153573474583
2020-06-18,4958.75,5017.18017578125,4908.60009765625,4978.2998046875,101195000,-0.007477937598466218,83.79989593006711,0.3147370455762444
2020-06-19,4979.4501953125,5040.47021484375,4979.4501953125,4997.52978515625,219575400,0.004165789547657998,84.14971679478494,0.3092188468641609
2020-06-22,4948.7001953125,5006.39990234375,4902.06005859375,4928.009765625,84695500,-0.006194527100969194,83.63006026847295,0.3112775236477227
2020-06-23,5017.68017578125,5046.31005859375,4962.60009765625,4972.8798828125,101534900,0.013842755223628841,84.79578049726837,0.3074904666845981
2020-06-24,4871.35986328125,5004.0400390625,4871.35986328125,4985.6298828125,97104300,-0.029594579693796433,82.32305512092253,0.3272053622651419
2020-06-25,4918.580078125,4941.9599609375,4795.0498046875,4860.16015625,99381800,0.009646756020605059,83.1210483832773,0.323682106706184
2020-06-26,4909.64013671875,5014.830078125,4908.14990234375,4965.72021484375,83954200,-0.0018192396337248977,82.96996874436331,0.3191382649515926
2020-06-29,4945.4599609375,4977.6298828125,4867.330078125,4887.22998046875,94421100,0.007269328895631704,83.57530225417216,0.3132820264903848
2020-06-30,4935.990234375,4967.35009765625,4901.9599609375,4958.93994140625,102399800,-0.0019166679534555991,83.41526956439677,0.3106222982564104
2020-07-01,4926.93994140625,4963.3701171875,4851.3701171875,4939.7998046875,94498400,-0.0018352143526469877,83.2623250503725,0.30354734847507375
2020-07-02,5049.3798828125,5072.7099609375,4956.66015625,4963.1298828125,115448500,0.02454734646527922,85.33148650185267,0.2933361877882449
2020-07-03,5007.14013671875,5062.509765625,4982.240234375,5056.669921875,61984900,-0.008400519148140606,84.61766016925499,0.2947843849524032
2020-07-06,5081.509765625,5121.72021484375,5059.06982421875,5112.5,88519700,0.01474349427703095,85.87446221870324,0.26950572598147626
2020-07-07,5043.72998046875,5056.52001953125,5009.02978515625,5054.0400390625,75993100,-0.007462531541218579,85.23600654653706,0.2702048663784306
2020-07-08,4981.1298828125,5040.52001953125,4969.830078125,5004.81982421875,79877900,-0.012489134451131938,84.17810250442851,0.26828839322658976
2020-07-09,4921.009765625,5014.85009765625,4911.56005859375,5006.52001953125,83118100,-0.012143003039499755,83.16210864234311,0.269944737364673
2020-07-10,4970.47998046875,4974.3701171875,4882.5,4891.60986328125,82357100,0.010002664630798927,83.9981255529646,0.2113627433405094
2020-07-13,5056.22998046875,5060.43017578125,4980.1201171875,5026.2001953125,75191300,0.017104731460963193,85.44724903690778,0.21795645762854024
2020-07-14,5007.4599609375,5007.4599609375,4941.72998046875,4990.47998046875,83503800,-0.009692349746317124,84.62306500641095,0.22051906487845593
2020-07-15,5108.97998046875,5145.330078125,5039.18994140625,5045.919921875,97819900,0.020070979150572158,86.33869234627224,0.21014438343151617
2020-07-16,5085.27978515625,5105.1201171875,5048.31982421875,5076.52001953125,69535800,-0.004649722207803395,85.93817328386544,0.20943145192413867
2020-07-17,5069.419921875,5091.1298828125,5045.06982421875,5088.0,82550600,-0.0031236524238972894,85.6701511225478,0.20778818626779294
2020-07-20,5093.18017578125,5100.7900390625,5015.10986328125,5058.47998046875,65186800,0.004676027192161587,86.07168513910754,0.20789204733939085
2020-07-21,5104.27978515625,5172.97998046875,5097.419921875,5129.77978515625,85782100,0.0021769369629278086,86.25926186922892,0.20621933602608256
2020-07-22,5037.1201171875,5099.2900390625,5028.47998046875,5098.47998046875,75799200,-0.013244847931957165,85.12430382809374,0.20709485839897354
2020-07-23,5033.759765625,5083.97021484375,5019.2099609375,5064.72021484375,79473700,-0.0006673402376577199,85.06751590548704,0.17669753877986463
2020-07-24,4956.43017578125,4982.1201171875,4925.41015625,4973.72998046875,76465000,-0.015481414224023451,83.7606922944518,0.18351940052698326
2020-07-27,4939.6201171875,4957.77001953125,4923.18994140625,4944.2998046875,74167000,-0.0033973300992533773,83.47661240320207,0.1838372079711741
2020-07-28,4928.93994140625,4950.009765625,4893.6298828125,4930.10009765625,78674500,-0.0021644859812486247,83.2961238488318,0.18222196772348653
2020-07-29,4958.740234375,4978.5,4945.580078125,4948.47998046875,75517100,0.006027780565223419,83.79973089687147,0.183331389601803
2020-07-30,4852.93994140625,4952.3798828125,4801.02001953125,4952.080078125,137065700,-0.021567028685861165,82.01176950737778,0.19825226256504178
2020-07-31,4783.68994140625,4902.89990234375,4783.68994140625,4866.240234375,129676300,-0.014372491817272393,80.84148611072396,0.18082774512345778
2020-08-03,4875.93017578125,4899.52001953125,4763.60009765625,4797.06005859375,104619900,0.019098688568249724,82.4002906564643,0.19425618110692053
2020-08-04,4889.52001953125,4920.7998046875,4856.64990234375,4905.66015625,86945300,0.0027832516168728298,82.62995085146423,0.18608401383013867
2020-08-05,4933.33984375,4954.60009765625,4907.41015625,4916.9599609375,74970100,0.008922068626011935,83.37047955511032,0.18848010984955726
2020-08-06,4885.1298828125,4951.85986328125,4860.97998046875,4919.41015625,80015300,-0.009820338550317564,82.55576017838129,0.18665785009073557
2020-08-07,4889.52001953125,4896.2099609375,4843.89990234375,4873.10009765625,62365400,0.0008982699243057087,82.62995085146423,0.18219749353435918
2020-08-10,4909.509765625,4937.6298828125,4878.580078125,4905.27001953125,62044500,0.00407994959931919,82.967765551202,0.17910422000419596
2020-08-11,5027.990234375,5052.1201171875,4949.0498046875,4952.41015625,97809400,0.02384625572425565,84.97001429352528,0.18875753788374186
2020-08-12,5073.31005859375,5096.52978515625,5010.7998046875,5017.72998046875,76792800,0.00897312761499658,85.73589209601587,0.18808686186196685
2020-08-13,5042.3798828125,5079.02001953125,5037.5498046875,5055.419921875,57693500,-0.006115306489541742,85.21319070724503,0.17541704080061857
2020-08-14,4962.93017578125,5018.9501953125,4921.580078125,5018.9501953125,66383400,-0.015881842050835204,83.87053838944458,0.18282315356837234
2020-08-17,4971.93994140625,4995.5498046875,4937.72021484375,4972.58984375,51855600,0.0018137666599993237,84.0227980157071,0.1829548636206615
2020-08-18,4938.06005859375,5001.2900390625,4924.14990234375,4951.97998046875,60466700,-0.006837540829126204,83.45024835020463,0.18286130403880804
2020-08-19,4977.22998046875,4977.22998046875,4917.52978515625,4934.7900390625,53103600,0.007900954079188139,84.11219649776478,0.18535882360275524
2020-08-20,4911.240234375,4937.9501953125,4888.14990234375,4914.68994140625,66410900,-0.013347003993276183,82.99700943346272,0.1854427821365783
2020-08-21,4896.330078125,4939.25,4839.080078125,4927.60986328125,72886800,-0.0030405426138832695,82.74503675041738,0.18553826389211958
2020-08-24,5007.89013671875,5013.7001953125,4948.7099609375,4948.7099609375,68837200,0.02252873514577828,84.63033471867722,0.19543628986950984
2020-08-25,5008.27001953125,5073.60986328125,5008.27001953125,5023.06005859375,64060000,7.58539813174851e-05,84.63675450998615,0.19493512151311002
2020-08-26,5048.43017578125,5050.10009765625,4977.93994140625,4991.6298828125,49317700,0.007986788698176093,85.31543702358034,0.19625098581189704
2020-08-27,5015.97021484375,5052.259765625,5005.4599609375,5052.259765625,67454700,-0.006450473397064976,84.76688318471842,0.19709429090916528
2020-08-28,5002.93994140625,5031.52978515625,4970.64013671875,5031.31005859375,71208000,-0.0026011373654611764,84.5466793918265,0.18053725577427662
2020-08-31,4947.22021484375,5067.5498046875,4942.18017578125,5041.33984375,97432500,-0.011199881837252217,83.60504948767942,0.1773401130717053
2020-09-01,4938.10009765625,4993.56005859375,4892.830078125,4974.419921875,91322100,-0.0018451844728950748,83.4509249863066,0.1657650522607736
2020-09-02,5031.740234375,5062.009765625,4959.64013671875,4969.6201171875,86998900,0.01878523371834686,85.03338704063653,0.17728471472997262
2020-09-03,5009.52001953125,5131.39013671875,4982.33984375,5074.64013671875,93616800,-0.004425789303722264,84.65787875902322,0.1761420474212998
2020-09-04,4965.06982421875,5068.8798828125,4928.7900390625,4974.68994140625,108586000,-0.008912745337444133,83.90669716260099,0.17548393587512268
2020-09-07,5053.72021484375,5064.64013671875,4979.8701171875,4979.8701171875,61686000,0.017697287596217852,85.404835505638,0.18502474794572224
2020-09-08,4973.52001953125,5061.60009765625,4935.3798828125,5052.8798828125,85589800,-0.015996805438971567,84.04950038675551,0.194429058405564
2020-09-09,5042.97998046875,5058.35009765625,4973.35986328125,4980.4599609375,86318500,0.013869330478196206,85.2233319971148,0.18209015153290278
2020-09-10,5023.93017578125,5062.89013671875,5005.83984375,5039.47998046875,70699400,-0.0037846423838438633,84.90140174245373,0.17964047964944924
2020-09-11,5034.14013671875,5053.6298828125,4997.85986328125,5014.97021484375,70572900,0.002030203434092099,85.07394394845576,0.17862594759530112
2020-09-14,5051.8798828125,5087.52001953125,5034.91015625,5071.8701171875,57540800,0.0035176936695104125,85.37373499992681,0.16940270329208387
2020-09-15,5067.93017578125,5087.990234375,5035.10009765625,5056.89990234375,79316700,0.003172056853619425,85.64497530855868,0.16956575127798001
2020-09-16,5074.419921875,5091.52001953125,5029.56005859375,5065.75,81456400,0.001279732392780695,85.75464811869608,0.16720736940421985
2020-09-17,5039.5,5053.31982421875,4995.64990234375,5005.89013671875,85821100,-0.006905346473811585,85.164522417862,0.167705130803384
2020-09-18,4978.18017578125,5041.330078125,4978.18017578125,5035.93994140625,279158000,-0.012242473110735877,84.12825422769689,0.16658831961081086
2020-09-21,4792.0400390625,4949.759765625,4779.2099609375,4949.759765625,128894100,-0.03810818152680174,80.98259774462359,0.21392795842051615
2020-09-22,4772.83984375,4827.0,4772.83984375,4809.56982421875,92909500,-0.004014733344679274,80.65812597875023,0.19612420469565328
2020-09-23,4802.259765625,4871.4501953125,4802.259765625,4824.169921875,86947200,0.006145108804218767,81.15530498382122,0.19816270516373075
2020-09-24,4762.6201171875,4806.830078125,4744.0400390625,4746.10009765625,97836800,-0.008288630043340671,80.48541873955261,0.19583427799952774
2020-09-25,4729.66015625,4758.0498046875,4666.259765625,4754.81005859375,96957900,-0.006944610241786127,79.92841520107586,0.19595856655640856
2020-09-28,4843.27001953125,4849.97021484375,4788.18017578125,4806.14013671875,96864500,0.023736765117903815,81.84835363709257,0.21646046320388998
2020-09-29,4832.06982421875,4846.6298828125,4806.4501953125,4832.8701171875,73788000,-0.002315205563069377,81.6590770650565,0.2136366380415202
2020-09-30,4803.43994140625,4854.02001953125,4782.68994140625,4793.18994140625,98788900,-0.005942595205207839,81.17524924550973,0.21428206888825124
2020-10-01,4824.0400390625,4871.830078125,4804.77001953125,4850.2001953125,90319600,0.004279443662639182,81.52337851997264,0.20271576585064063
2020-10-02,4824.8798828125,4824.8798828125,4757.22021484375,4769.43017578125,78027700,0.00017408036524727355,81.53757137479442,0.20265055789096686
2020-10-05,4871.8701171875,4876.85986328125,4842.259765625,4863.6298828125,73984600,0.009692031291289366,82.33167810539274,0.20464767974840925
2020-10-06,4895.4599609375,4925.7099609375,4850.35986328125,4881.7998046875,88768400,0.004830366011729319,82.73033229268924,0.19451605780937192
2020-10-07,4882.0,4915.6298828125,4865.259765625,4888.490234375,90531200,-0.0027532650594342513,82.50286703919083,0.18737155083564183
2020-10-08,4911.93994140625,4936.0400390625,4877.10009765625,4910.490234375,76900000,0.006113991886915273,83.00883406192762,0.18151156597246276
2020-10-09,4946.81005859375,4954.02001953125,4918.06005859375,4925.41015625,82326900,0.007073972379646799,83.59811809346415,0.18349062559486412
2020-10-12,4979.2900390625,4998.509765625,4944.0,4952.47021484375,74090900,0.006544382198992097,84.14701025037705,0.18500835897422382
2020-10-13,4947.60986328125,4976.580078125,4928.64013671875,4976.27978515625,81146200,-0.006382714370952207,83.61163431218395,0.18546299832949875
2020-10-14,4941.66015625,4965.31982421875,4928.43017578125,4956.68994140625,71558400,-0.0012032653041842004,83.51108783776337,0.18484317384910648
2020-10-15,4837.419921875,4881.31005859375,4808.580078125,4873.02978515625,106038500,-0.021319834159869436,81.74949050126712,0.19718724361776566
2020-10-16,4935.85986328125,4957.60009765625,4875.759765625,4904.10009765625,103413300,0.02014539085345565,83.41306637123549,0.21097184218716045
2020-10-19,4942.6201171875,4993.39013671875,4881.4599609375,4955.39013671875,44905900,0.00136868323364421,83.52731060089107,0.2070567706703206
2020-10-20,4929.27978515625,4968.60986328125,4914.490234375,4932.8701171875,89484700,-0.0027026895093389854,83.30186700403878,0.15562406829629644
2020-10-21,4853.9501953125,4945.330078125,4849.009765625,4945.330078125,77277800,-0.015400042472733948,82.02884219146284,0.16526342608816535
2020-10-22,4851.3798828125,4873.89990234375,4783.64990234375,4830.43994140625,89673900,-0.0005296703026896817,81.98540545438036,0.16415837635820663
2020-10-23,4909.64013671875,4934.7099609375,4843.14013671875,4843.27978515625,80388100,0.011937470806150622,82.96996874436333,0.16548540487665891
2020-10-26,4816.1201171875,4896.47021484375,4814.990234375,4844.64013671875,0,-0.01923199823783859,81.38953659833932,0.17831378472433024
2020-10-27,4730.66015625,4818.97998046875,4723.7001953125,4818.97998046875,0,-0.017903888289272217,79.94531460030552,0.16911620353624315
2020-10-28,4571.1201171875,4640.6298828125,4521.60986328125,4635.18994140625,0,-0.03430648358001197,77.24918378707308,0.2045603534153084
2020-10-29,4569.669921875,4606.72021484375,4512.56982421875,4571.1298828125,0,-0.0003173019659065967,77.22467635752618,0.20434533346168213
2020-10-30,4594.240234375,4601.740234375,4519.3701171875,4519.3701171875,0,0.005362420835382581,77.63989987766115,0.20482362462545461
2020-11-02,4691.14013671875,4705.10986328125,4581.85986328125,4614.9501953125,0,0.02087225645572476,79.27745001268308,0.2199926892582774
2020-11-03,4805.60986328125,4812.2900390625,4730.22998046875,4743.85986328125,0,0.024108304579555026,81.21191962157255,0.23430331285281863
2020-11-04,4922.85009765625,4926.56005859375,4730.31005859375,4736.4599609375,0,0.024103693915688437,83.19320914805436,0.24903481551054088
2020-11-05,4983.990234375,4998.18994140625,4942.18017578125,4956.02001953125,0,0.012343171165042716,84.2264407274204,0.25219965840534686
2020-11-06,4960.8798828125,4997.740234375,4915.240234375,4964.259765625,0,-0.004647701355767114,83.83588967002795,0.2521970713044605
2020-11-09,5336.31982421875,5387.490234375,5021.330078125,5036.919921875,0,0.07295312315724624,90.18059912661161,0.35587109627147684
2020-11-10,5418.97021484375,5439.080078125,5327.22021484375,5351.31005859375,0,0.015369556248840564,91.57734107427069,0.3580944127302624
2020-11-11,5445.2099609375,5462.9501953125,5408.669921875,5433.66015625,0,0.004830515822105952,92.02077701919382,0.35608741297852015
2020-11-12,5362.56982421875,5421.39990234375,5348.6298828125,5394.3701171875,0,-0.015293010957895531,90.62420835639014,0.36225408693461536
2020-11-13,5380.16015625,5411.1201171875,5343.25,5343.31982421875,0,0.0032748375476146833,90.92147439996847,0.3505147199667854
2020-11-16,5471.47998046875,5518.91015625,5402.31005859375,5430.56982421875,0,0.016831000444959145,92.46472456702331,0.34890217007733615
2020-11-17,5483.0,5487.31005859375,5441.259765625,5468.2900390625,0,0.0021032534266389805,92.65940597621535,0.3488176068446716
2020-11-18,5511.4501953125,5521.009765625,5452.1201171875,5468.169921875,0,0.005175385455271669,93.14019718496304,0.34770828100386014
2020-11-19,5474.66015625,5490.18017578125,5449.4501953125,5458.02001953125,0,-0.006697580018968086,92.51846762717115,0.3424423802826865
2020-11-20,5495.89013671875,5524.25,5461.39013671875,5463.990234375,0,0.003870363182042173,92.87724154275038,0.3417674516231883
2020-11-23,5492.14990234375,5555.830078125,5492.14990234375,5543.830078125,95986700,-0.000680782834092215,92.81403382883477,0.3417726139259583
2020-11-24,5558.419921875,5574.68994140625,5536.10986328125,5546.06982421875,0,0.011994098954500336,93.9339573458506,0.3304156224646008
2020-11-25,5571.2900390625,5589.77978515625,5545.009765625,5577.97021484375,0,0.0023127508208800216,94.15145459433465,0.3185595398726075
2020-11-26,5566.7900390625,5592.77978515625,5559.72021484375,5589.3798828125,65753800,-0.0008080387666965145,94.07540729780118,0.2817993243012983
2020-11-27,5598.18017578125,5612.759765625,5556.6201171875,5563.0400390625,84633600,0.005622983102022408,94.60588175008489,0.27996801798939447
2020-11-30,5518.5498046875,5599.93994140625,5518.5498046875,5564.16015625,0,-0.014326467086023219,93.26017631816578,0.2918381871833791
2020-12-01,5581.64013671875,5589.68017578125,5529.25,5542.4599609375,0,0.011367555284630229,94.32636502669355,0.2886955080634206
2020-12-02,5583.009765625,5585.8701171875,5549.7900390625,5563.0498046875,0,0.0002453509828075577,94.34951093237676,0.2840035184953798
2020-12-03,5574.35986328125,5584.10009765625,5546.2900390625,5581.52978515625,0,-0.0015505274745583662,94.20333277937218,0.27854801256828626
2020-12-04,5609.14990234375,5616.6201171875,5574.1201171875,5574.1201171875,0,0.006221687469612953,94.79126353870477,0.2775744894272541
2020-12-07,5573.3798828125,5595.830078125,5535.419921875,5594.5,86156600,-0.006397504360497495,94.18677169819351,0.278455391530821
2020-12-08,5560.669921875,5574.56982421875,5521.8701171875,5553.7900390625,0,-0.0022830805827709698,93.97198099411733,0.1328844042875423
2020-12-09,5546.81982421875,5599.41015625,5545.93994140625,5590.18994140625,90861600,-0.0024938316669002136,93.73792266445462,0.12430422685486413
2020-12-10,5549.64990234375,5572.7998046875,5511.47998046875,5558.9599609375,0,0.0005100862267191206,93.78574928454012,0.12357390538203761
2020-12-11,5507.5498046875,5532.81005859375,5466.56005859375,5528.14013671875,96872800,-0.0076150023901448115,93.07428292663955,0.11333095839971837
2020-12-14,5527.83984375,5577.18017578125,5527.83984375,5547.2998046875,0,0.0036772715006779693,93.4171723971421,0.11342917676712093
2020-12-15,5530.31005859375,5565.52001953125,5517.06005859375,5521.7900390625,0,0.0004467682038411949,93.45891754396966,0.09833955776251775
2020-12-16,5547.68017578125,5589.759765625,5515.5,5551.4501953125,0,0.0031359716077143693,93.75246208898716,0.09861515723124781
2020-12-17,5549.4599609375,5585.509765625,5547.58984375,5578.7900390625,0,0.0003207646564038609,93.78253938888564,0.09717478032341355
2020-12-18,5527.83984375,5581.9599609375,5519.169921875,5533.77978515625,173234900,-0.0039035044679594567,93.4171723971421,0.09508940548397526
2020-12-21,5393.33984375,5422.10009765625,5306.580078125,5392.5498046875,122849400,-0.024632284135925345,91.14420320075308,0.12783384512222395
2020-12-22,5466.85986328125,5477.8701171875,5411.14990234375,5411.14990234375,0,0.013539556297202434,92.38664736218392,0.1372791640545891
2020-12-23,5527.58984375,5539.16015625,5472.02978515625,5472.14013671875,59208500,0.011047501193154315,93.41294754733468,0.13625332416284663
2020-12-24,5522.009765625,5545.7099609375,5517.009765625,5542.490234375,0,-0.0010100055742515296,93.31864757936762,0.13594713993103125
2020-12-28,5588.3798828125,5601.0,5547.89990234375,5562.0400390625,44706900,0.011947538975448029,94.44026268663838,0.14251435621661684
2020-12-29,5611.7900390625,5625.52001953125,5603.740234375,5610.1298828125,0,0.004180327710132367,94.83588026313579,0.14190699359016304
2020-12-30,5599.41015625,5625.60009765625,5594.10986328125,5603.72021484375,35280300,-0.0022084857336663066,94.62666768107097,0.13224792225378482
2020-12-31,5551.41015625,5598.93017578125,5551.41015625,5573.2001953125,0,-0.008609285260385109,93.8154965180474,0.1300172785438531
2021-01-04,5588.9599609375,5656.419921875,5567.97021484375,5614.0400390625,82741000,0.006741238665222503,94.45006565845713,0.13226241727896285
2021-01-05,5564.60009765625,5603.66015625,5530.47998046875,5561.60009765625,79263400,-0.004368094471353493,94.0383986036874,0.13305000705975437
2021-01-06,5630.60009765625,5648.419921875,5553.39013671875,5601.009765625,116286300,0.011790903867112758,95.15375895284485,0.13769309235809032
2021-01-07,5669.85009765625,5689.27978515625,5629.490234375,5651.0400390625,91729600,0.006946653833930592,95.81706037260892,0.13741819594142496
2021-01-08,5706.8798828125,5721.89013671875,5676.14990234375,5711.580078125,87558400,0.0065097644028521565,96.44284149535285,0.13829162248830526
2021-01-11,5662.43017578125,5704.08984375,5629.4599609375,5684.66015625,76382800,-0.007819284244631164,95.69166815059042,0.14129909102542904
2021-01-12,5650.97021484375,5679.06005859375,5636.75,5672.2001953125,73935200,-0.0020259098876407476,95.49800169555131,0.14167846188067415
2021-01-13,5662.669921875,5679.06982421875,5643.75,5648.9599609375,109764000,0.002068248779433021,95.69571971554244,0.13830958652216627
2021-01-14,5681.14013671875,5690.490234375,5656.75,5662.169921875,104615600,0.003256442248326901,96.00785525004451,0.13822697412289967
2021-01-15,5611.68994140625,5656.4501953125,5563.740234375,5648.7001953125,127619000,-0.012300029386317463,94.83418867288084,0.14605266076927925
2021-01-18,5617.27001953125,5618.419921875,5584.58984375,5584.85009765625,62122300,0.0009938727368763566,94.9284886408479,0.1457899531398322
2021-01-19,5598.60986328125,5655.22021484375,5592.2001953125,5647.75,89498100,-0.003327456010943827,94.61314321069136,0.14642236581801585
2021-01-20,5628.43994140625,5646.06005859375,5602.490234375,5615.41015625,78552400,0.005313978086845196,95.11725360997761,0.14647461323267663
2021-01-21,5590.7900390625,5665.97998046875,5589.7998046875,5660.27001953125,87605000,-0.006711698350680652,94.48099287931295,0.1174599105910888
2021-01-22,5559.56982421875,5573.7099609375,5511.43994140625,5568.8798828125,89454700,-0.005599872436696649,93.95339000463272,0.11175034159024587
2021-01-25,5472.35986328125,5584.39990234375,5453.240234375,5579.72998046875,103153900,-0.015810792878076057,92.47959405794703,0.11920266443752102
2021-01-26,5523.52001953125,5555.27978515625,5471.08984375,5473.25,84017800,0.009305399105809799,93.34416996306747,0.12388672663157355
2021-01-27,5459.6201171875,5545.4501953125,5401.43017578125,5517.52978515625,123358200,-0.011636130022568504,92.26430000262427,0.12218596442778198
2021-01-28,5510.52001953125,5525.9501953125,5379.22021484375,5407.740234375,113180800,0.009279784392311903,93.12447777308192,0.12617965433954592
2021-01-29,5399.2099609375,5474.7998046875,5399.2099609375,5421.52978515625,109393800,-0.020406356785215077,91.2434046546295,0.14321438614673193
2021-02-01,5461.68017578125,5481.669921875,5429.77978515625,5441.43017578125,75051100,0.011503827584669963,92.29911375523655,0.14791868357802163
2021-02-02,5563.10986328125,5574.77001953125,5509.240234375,5510.6201171875,92321700,0.018400812903810782,94.0132145380385,0.16037457024455815
2021-02-03,5563.0498046875,5626.41015625,5554.08984375,5610.58984375,81321400,-1.079592519666702e-05,94.01219958388555,0.1596635264216884
2021-02-04,5608.5400390625,5613.9501953125,5566.580078125,5568.39013671875,84653400,0.008143959174256043,94.78095721563939,0.15673929058096123
2021-02-05,5659.259765625,5673.02978515625,5627.83984375,5638.740234375,90026000,0.00900265712943789,95.63809012363816,0.15807444849678848
2021-02-08,5686.02978515625,5714.27978515625,5673.6298828125,5688.68017578125,75598300,0.0047191513434668994,96.09048737108252,0.15725217503911204
2021-02-09,5691.5400390625,5703.52978515625,5674.43017578125,5703.52978515625,74734600,0.000968617098765656,96.18360735170101,0.15479648279027455
2021-02-10,5670.7998046875,5719.31982421875,5647.27978515625,5719.31982421875,80605800,-0.003650701826391832,95.83310985088123,0.155198513556788
2021-02-11,5669.81982421875,5692.0,5656.7998046875,5684.93994140625,85822100,-0.00017282661851943017,95.81654876970255,0.15504664924478512
2021-02-12,5703.669921875,5705.02001953125,5627.990234375,5651.669921875,74872400,0.0059524734025809605,96.38859508395842,0.15602514775073523
2021-02-15,5786.25,5801.3798828125,5722.16015625,5732.2998046875,95598000,0.01437459975973219,97.78414879260914,0.15648482119240714
2021-02-16,5786.52978515625,5797.919921875,5768.9599609375,5796.43017578125,69738200,4.8352282078917354e-05,97.78887699366314,0.15655447179446227
2021-02-17,5765.83984375,5790.27001953125,5752.85009765625,5762.009765625,89772300,-0.00358194278618164,97.43922941380069,0.15665402941362896
2021-02-18,5728.330078125,5779.009765625,5720.580078125,5757.75,95205800,-0.0065267694901891965,96.80533690949291,0.1582893133904419
2021-02-19,5773.5498046875,5784.89990234375,5733.83984375,5737.18994140625,95515600,0.007863055432457387,97.56952312172858,0.15758113975325755
2021-02-22,5767.43994140625,5776.64013671875,5703.47998046875,5737.47021484375,83870900,-0.0010588110701895775,97.46627010290011,0.1557663841092388
2021-02-23,5779.83984375,5804.89990234375,5721.919921875,5781.240234375,0,0.0021476758753025565,97.67582100301591,0.14208083408653102
2021-02-24,5797.97998046875,5804.14013671875,5758.2998046875,5769.2099609375,83298700,0.003133604052929888,97.98237841550666,0.14000592667726422
2021-02-25,5783.89013671875,5834.35986328125,5783.89013671875,5824.72021484375,99039600,-0.002433087326713964,97.74426852089191,0.13184781158306183
2021-02-26,5703.22021484375,5768.02978515625,5688.259765625,5715.68994140625,126426700,-0.01404552504390169,96.38099530530096,0.14167927712071945
2021-03-01,5792.7900390625,5804.35009765625,5765.7998046875,5770.89013671875,83783600,0.015583082264444274,97.89467152370392,0.12499697902393413
2021-03-02,5809.72998046875,5835.740234375,5773.52001953125,5774.6201171875,78464500,0.0029200472680960886,98.18094635645515,0.12142805663866563
2021-03-03,5830.06005859375,5871.43017578125,5788.66015625,5841.2001953125,91437400,0.0034932071334467067,98.52451246305966,0.10772231549109194
2021-03-04,5830.64990234375,5844.68994140625,5797.669921875,5800.72998046875,96687500,0.00010116772520350977,98.53448046807404,0.10769363926441525
2021-03-05,5782.64990234375,5837.5498046875,5755.60009765625,5794.47998046875,99553700,-0.008266431443691791,97.72330930505045,0.11129624601175235
2021-03-08,5902.990234375,5912.5,5799.0498046875,5822.919921875,0,0.02059700367126617,99.75698861947615,0.12729896222643342
2021-03-09,5924.97021484375,5937.81005859375,5895.330078125,5903.259765625,98009300,0.003716618070267994,100.12843708447765,0.12707710294790484
2021-03-10,5990.5498046875,5993.6298828125,5912.35009765625,5915.169921875,84108900,0.011007535030283603,101.23669275456439,0.13079413878378168
2021-03-11,6033.759765625,6033.759765625,5995.41015625,6004.16015625,85660900,0.0071871314831071,101.96691513514513,0.12982160063147288
2021-03-12,6046.5498046875,6046.5498046875,6017.41015625,6030.6298828125,72235700,0.0021175026628370178,102.18305911142525,0.1293681162549128
2021-03-15,6035.97021484375,6089.2001953125,6018.5498046875,6069.08984375,78751000,-0.0017512228459663317,102.00427039896967,0.1299515271352817
2021-03-16,6055.43017578125,6061.18994140625,6034.759765625,6050.39990234375,846600,0.003218812893541187,102.33313204784602,0.12287313300324151
2021-03-17,6054.81982421875,6062.35986328125,6037.25,6048.31005859375,806600,-0.00010079916814540657,102.32281747312089,0.12290659262205116
2021-03-18,6062.7900390625,6082.919921875,6044.31982421875,6076.2099609375,91171900,0.0013154765804530872,102.45750931571158,0.12118345431627688
2021-03-19,5997.9599609375,6047.64990234375,5983.60986328125,6021.1298828125,212881400,-0.010750691711759778,101.36191994338728,0.12589202705224287
2021-03-22,5968.47998046875,5987.22998046875,5943.7099609375,5960.85009765625,76067200,-0.004927119553070359,100.86372598416334,0.12642567523756418
2021-03-23,5945.2998046875,5968.56005859375,5921.830078125,5943.31005859375,75656900,-0.003891326757686274,100.47199493942233,0.12754674207850064
2021-03-24,5947.2900390625,5948.669921875,5890.5498046875,5901.64013671875,80552800,0.0003347015948129597,100.50562870468605,0.12757574606076194
2021-03-25,5952.41015625,5952.41015625,5886.0,5911.0400390625,73423600,0.0008605456304668026,100.59215560914025,0.12742047606748433
2021-03-26,5988.81005859375,6002.9501953125,5962.4599609375,5979.22998046875,80680200,0.0060965319172588735,101.20729209076787,0.1277379711971373
2021-03-29,6015.509765625,6029.58984375,5985.35986328125,5995.0,67745900,0.004448357166379629,101.65850109920387,0.11446724396606507
2021-03-30,6088.0400390625,6095.080078125,6041.39013671875,6044.5400390625,76904000,0.011985102355821802,102.88421914626042,0.10988795219975452
2021-03-31,6067.22998046875,6097.740234375,6060.240234375,6085.02001953125,85387300,-0.0034240422289012434,102.53254165809207,0.11166895115036758
2021-04-01,6102.9599609375,6106.1201171875,6063.85986328125,6079.669921875,75221700,0.005871737959200202,103.13635686250137,0.11235408358127906
2021-04-06,6131.33984375,6159.10009765625,6125.740234375,6155.22021484375,73632700,0.004639404652456926,103.61595983224072,0.11239673700826444
2021-04-07,6130.66015625,6154.3798828125,6118.91015625,6137.6298828125,0,-0.000110860789544307,103.6044735218268,0.10601954813233683
2021-04-08,6165.72021484375,6171.4501953125,6146.22021484375,6153.35986328125,66071200,0.005702516113611591,104.19696744901779,0.08494656975892174
2021-04-09,6169.41015625,6188.47998046875,6161.419921875,6171.60009765625,65261400,0.0005982817214420916,104.25932524197606,0.08487341966681541
2021-04-12,6161.68017578125,6183.02001953125,6151.52001953125,6167.31982421875,0,-0.001253738521598211,104.1286932159972,0.07874796724516145
2021-04-13,6184.10009765625,6193.240234375,6156.490234375,6171.8798828125,74722300,0.0036320015461711783,104.50757642646057,0.07634907772552323
2021-04-14,6208.580078125,6217.740234375,6194.5498046875,6214.490234375,0,0.003950721226112456,104.92127338953621,0.07689727735615016
2021-04-15,6234.14013671875,6244.22998046875,6209.58984375,6219.0400390625,66204600,0.004108441579554561,105.35322302404543,0.07668559969085215
2021-04-16,6287.06982421875,6299.56005859375,6229.2998046875,6229.64990234375,86378000,0.008454454951173161,106.24770294420898,0.08019569770049513
2021-04-19,6296.68994140625,6319.080078125,6293.169921875,6294.740234375,58527600,0.001528973731349749,106.41027714519664,0.07991036591582121
2021-04-20,6165.10986328125,6285.2900390625,6154.02978515625,6281.10009765625,0,-0.021118132256229525,104.18665287429268,0.11285233250632548
2021-04-21,6210.5498046875,6227.0400390625,6178.66015625,6180.68994140625,77394900,0.007343470461669859,104.95456058508917,0.10676621108565147
2021-04-22,6267.27978515625,6274.18994140625,6225.58984375,6230.2099609375,67091000,0.009092987036040334,105.91326317332125,0.1069159270652952
2021-04-23,6257.93994140625,6280.81005859375,6227.18994140625,6259.6298828125,61769900,-0.001491366328897568,105.75542542504739,0.10547086596281462
2021-04-26,6275.52001953125,6288.7900390625,6240.990234375,6256.0400390625,64366500,0.0028053051127151936,106.05251818377035,0.10519622627517193
2021-04-27,6273.759765625,6282.52001953125,6255.41015625,6273.35986328125,66019200,-0.0002805346518573367,106.02277095026305,0.10550206234834032
2021-04-28,6306.97998046875,6320.10986328125,6283.6201171875,6293.2099609375,69450200,0.005281134929194206,106.58417262340258,0.10518954307986941
2021-04-29,6302.56982421875,6352.35986328125,6287.43994140625,6341.1201171875,78833300,-0.0006994946684269538,106.50964363226866,0.10547770828235506
2021-04-30,6269.47998046875,6320.14013671875,6268.85986328125,6316.31982421875,80057800,-0.005264045350515481,105.95044515229041,0.10223105486872548
2021-05-03,6307.89990234375,6314.919921875,6252.66015625,6285.509765625,49980000,0.006109387127305891,106.59971875042831,0.10189827945084147
2021-05-04,6251.75,6355.8701171875,6238.7900390625,6319.490234375,85369200,-0.008941376052703795,105.65081913401497,0.10731273602346168
2021-05-05,6339.47021484375,6339.47021484375,6275.14013671875,6284.5400390625,83862000,0.01393377807449869,107.13323806517087,0.11563142600061915
2021-05-06,6357.08984375,6377.580078125,6321.72021484375,6348.89990234375,86375500,0.0027754982665921966,107.43099920833603,0.11552884188679437
2021-05-07,6385.509765625,6390.0400390625,6342.3701171875,6388.919921875,78606600,0.004460623400119285,107.91127881417735,0.11506957120096363
2021-05-10,6385.990234375,6395.60009765625,6367.0400390625,6395.3798828125,76551300,7.524077050108156e-05,107.91939844740097,0.11514507205744197
2021-05-11,6267.39013671875,6324.31005859375,6226.10986328125,6314.27001953125,100699500,-0.01874654321433888,105.91512804843157,0.13493446406632628
2021-05-12,6279.35009765625,6299.240234375,6233.9599609375,6259.6298828125,80897700,0.0019064656375393553,106.1172442030855,0.13461177457188916
2021-05-13,6288.330078125,6303.7001953125,6150.43017578125,6219.72998046875,64872900,0.0014290595991306159,106.26900047810143,0.13413364767675917
2021-05-14,6385.14013671875,6385.669921875,6301.18994140625,6335.81982421875,66935700,0.01527788995645186,107.90503230772384,0.14308824766629888
2021-05-17,6367.35009765625,6410.2099609375,6349.330078125,6397.22021484375,62538700,-0.002790051241117178,107.60439133529542,0.14113391105087664
2021-05-18,6353.669921875,6412.91015625,6343.5498046875,6406.18017578125,74129300,-0.0021507993909109426,107.37320458323619,0.1414054998660465
2021-05-19,6262.5498046875,6310.490234375,6192.330078125,6292.0498046875,92757600,-0.014445167190420943,105.83332934503137,0.13002508526876355
2021-05-20,6343.580078125,6343.580078125,6267.5498046875,6296.25,68528400,0.012855870945360457,107.20269228554005,0.13486115189735529
2021-05-21,6386.41015625,6402.10009765625,6351.9501953125,6360.8798828125,75862000,0.006729029472592185,107.92649487481188,0.1333155149710441
2021-05-24,6408.490234375,6408.490234375,6382.7099609375,6395.9599609375,34996500,0.0034513906899206613,108.29963493006827,0.13329947446637255
2021-05-25,6390.27001953125,6422.830078125,6390.27001953125,6416.60986328125,59097400,-0.0028471862572245136,107.9917242453736,0.13384248971397772
2021-05-26,6391.60009765625,6413.72021484375,6375.14013671875,6403.9501953125,58338700,0.00020811948761895283,108.0142017666146,0.13380058865379751
2021-05-27,6435.7099609375,6467.72021484375,6379.830078125,6379.830078125,0,0.006877519440476058,108.75963195617007,0.13457334369288987
2021-05-28,6484.10986328125,6493.72021484375,6448.8701171875,6453.1201171875,64752500,0.007492384478434909,109.57756122855358,0.13628002292728245
2021-05-31,6447.169921875,6496.31982421875,6441.759765625,6483.31982421875,41777500,-0.005713284764008345,108.95329841120918,0.1365634223754067
2021-06-01,6489.39990234375,6521.56982421875,6464.7099609375,6470.419921875,61099200,0.00652879875386179,109.66695971061125,0.13675592999995312
2021-06-02,6521.52001953125,6521.81982421875,6482.10009765625,6489.89990234375,55390700,0.00493741912680226,110.2097703942662,0.13196205703519914
2021-06-03,6507.919921875,6522.22998046875,6473.669921875,6518.580078125,55257300,-0.0020875958838715903,109.97993691441089,0.1252230051955924
2021-06-04,6515.66015625,6517.93017578125,6497.39013671875,6514.27001953125,51796200,0.0011886493943921476,110.11074222524515,0.12509982959359783
2021-06-07,6543.56005859375,6560.39013671875,6485.7998046875,6509.97998046875,57848800,0.0042728347225007585,110.58223381342064,0.12503932857938252
2021-06-08,6551.009765625,6574.2099609375,6540.7099609375,6545.68994140625,65450600,0.0011378316256268075,110.70812938668573,0.12497688248196327
2021-06-09,6563.4501953125,6570.81982421875,6533.3701171875,6561.93017578125,61452400,0.001897208646953382,110.91836517456328,0.10172909501251184
2021-06-10,6546.490234375,6574.58984375,6526.22998046875,6574.58984375,75224400,-0.0025873451507722085,110.63175202376105,0.1030735010884919
2021-06-11,6600.66015625,6607.60986328125,6549.830078125,6550.2998046875,68896800,0.008240603752253254,111.54719115976607,0.10528849814272304
2021-06-14,6616.35009765625,6650.16015625,6599.27001953125,6625.5498046875,64515600,0.0023742054329976563,111.81234174348025,0.0941613903120132
2021-06-15,6639.52001953125,6655.66015625,6634.4501953125,6643.419921875,67447800,0.003495801522809134,112.20389950336586,0.0928991296159818
2021-06-16,6652.64990234375,6659.3798828125,6632.35986328125,6657.52001953125,69886300,0.0019755821901289547,112.42578663485293,0.09167150092039203
2021-06-17,6666.259765625,6674.3701171875,6631.6298828125,6636.7001953125,70681800,0.0020436910163865152,112.65578514790384,0.06895046511144497
2021-06-18,6569.16015625,6687.2900390625,6560.1201171875,6657.22998046875,170613700,-0.014672953640289154,111.01486008403188,0.08362694143181477
2021-06-21,6602.5400390625,6607.990234375,6511.93017578125,6525.02978515625,78939300,0.005068435171707104,111.57896004991952,0.08255057518436212
2021-06-22,6611.5,6622.2001953125,6583.5,6609.97998046875,65102500,0.001356127616412287,111.73037800688445,0.08227226216179745
2021-06-23,6551.06982421875,6619.02001953125,6551.06982421875,6616.72998046875,70376800,-0.009182188762995409,110.70914434083872,0.08911748084815799
2021-06-24,6631.14990234375,6639.830078125,6572.81005859375,6576.06982421875,74425300,0.012149860174709133,112.06244955141528,0.0967454809873641
2021-06-25,6622.8701171875,6641.89990234375,6604.85986328125,6637.68017578125,0,-0.0012493999890012305,111.92252615652403,0.0954073757926235
2021-06-28,6558.02001953125,6633.72998046875,6556.8798828125,6611.990234375,63796100,-0.009840097331145698,110.82659846614875,0.10015623319001744
2021-06-29,6567.43017578125,6599.8798828125,6561.08984375,6564.06982421875,61812500,0.0014338796341847291,110.98562445343096,0.0975604142670494
2021-06-30,6507.830078125,6575.83984375,6474.43017578125,6562.169921875,88781800,-0.009116531416482193,109.97841860901138,0.10113489758927643
2021-07-01,6553.81982421875,6588.14013671875,6502.0498046875,6549.81982421875,69789700,0.007041979610242234,110.75561768872026,0.10264555992373828
2021-07-02,6552.85986328125,6582.7900390625,6540.1201171875,6572.0,57451500,-0.00014648422973696426,110.73939492559259,0.1023117824087523
2021-07-05,6567.5400390625,6582.8701171875,6520.3798828125,6545.97998046875,45905300,0.0022377643999481733,110.9874810768815,0.10248741415411988
2021-07-06,6507.47998046875,6561.509765625,6483.2001953125,6551.0,72349800,-0.009187057600829248,109.97250216894905,0.1065668431208826
2021-07-07,6527.72021484375,6550.9501953125,6497.75,6529.490234375,82080600,0.003105475993939193,110.31454997015402,0.1071094097055706
2021-07-08,6396.72998046875,6483.31982421875,6348.64013671875,6479.39990234375,110791300,-0.020270838258307625,108.10089370426441,0.12733776450924278
2021-07-09,6529.419921875,6532.56005859375,6429.669921875,6435.2900390625,84934900,0.020531187312243276,110.34327399784856,0.14776652106969687
2021-07-12,6559.25,6567.97998046875,6479.5400390625,6525.10986328125,61855900,0.004558160600107234,110.84738439713485,0.14567574875327707
2021-07-13,6558.47021484375,6569.3701171875,6536.4501953125,6561.740234375,62056500,-0.00011889034746847798,110.83420649646601,0.1453548078676974
2021-07-14,6558.3798828125,6565.2001953125,6530.91015625,6533.7998046875,0,-1.3773433496463423e-05,110.83267993940669,0.14467082682195384
2021-07-15,6493.35986328125,6554.7900390625,6471.06982421875,6538.41015625,0,-0.009963508111786513,109.73388067142793,0.1478837458566942
2021-07-16,6460.080078125,6526.759765625,6418.25,6524.9501953125,0,-0.005138381546601677,109.17147229579523,0.1480197076082088
2021-07-19,6295.97021484375,6403.509765625,6253.25,6398.83984375,0,-0.025731933414616874,106.39811419868077,0.1644678272296965
2021-07-20,6346.85009765625,6386.4599609375,6304.85009765625,6325.16015625,82160100,0.00804886192144656,107.2579536510874,0.16639967525247712
2021-07-21,6464.47998046875,6471.64990234375,6381.93994140625,6382.35986328125,82556600,0.018363930647180202,109.24582800207376,0.18040884653721428
2021-07-22,6481.58984375,6525.2099609375,6474.0498046875,6498.31005859375,58412300,0.0026432536631555894,109.53497441242848,0.1783486994709753
2021-07-23,6568.81982421875,6574.85986328125,6510.27001953125,6518.60009765625,56119000,0.013368358814574465,111.00910867716516,0.17948465628396015
2021-07-26,6578.60009765625,6588.08984375,6517.0498046875,6532.009765625,0,0.001487786242422682,111.17438942256071,0.17958142512329892
2021-07-27,6531.919921875,6578.0400390625,6516.56982421875,6565.18994140625,60870400,-0.007121055911130213,110.38552249592274,0.17800519098660608
2021-07-28,6609.31005859375,6609.31005859375,6530.740234375,6547.47021484375,55290600,0.011778354312920835,111.69336931277071,0.18273815408158162
2021-07-29,6633.77001953125,6671.1201171875,6633.77001953125,6647.080078125,94988900,0.0036940029974223635,112.10672795779537,0.1797826001154586
2021-07-30,6612.759765625,6648.2001953125,6596.990234375,6608.16015625,97436800,-0.0031721925463526614,111.75166728911717,0.1788744869382535
2021-08-02,6675.89990234375,6690.7998046875,6639.31005859375,6657.9501953125,72373600,0.00950293159057964,112.8186976669425,0.1815877947278906
2021-08-03,6723.81005859375,6749.8798828125,6688.1201171875,6692.60009765625,76009700,0.00715095484174786,113.62835052456657,0.18284197186720208
2021-08-04,6746.22998046875,6766.60986328125,6730.60009765625,6751.14990234375,68209400,0.003328860569603775,114.00723373502993,0.17905354824586628
2021-08-05,6781.18994140625,6788.68994140625,6750.85986328125,6750.85986328125,62368500,0.005168766693476179,114.59803607196599,0.17939764739416794
2021-08-06,6816.9599609375,6832.93994140625,6763.009765625,6772.490234375,67227300,0.005261024814814704,115.20252791247725,0.16061305229629755
2021-08-09,6813.18017578125,6832.77001953125,6806.97998046875,6818.5400390625,47885100,-0.0005546216275440324,115.13865181411944,0.14775768165827724
2021-08-10,6820.2099609375,6833.1201171875,6811.77001953125,6817.6298828125,48652800,0.0010312601207427723,115.25745095997364,0.14750093590444235
2021-08-11,6857.990234375,6867.10986328125,6821.2099609375,6840.27978515625,54453800,0.00552417262135924,115.8959148837996,0.14784302181707007
2021-08-12,6882.47021484375,6891.2900390625,6854.990234375,6861.43994140625,53045300,0.003563200295920772,116.30961184687523,0.14770974893836483
2021-08-13,6896.0400390625,6913.669921875,6885.64013671875,6888.47998046875,49869700,0.0019697091131025937,116.53893372382417,0.1408548488999092
2021-08-16,6838.77001953125,6863.740234375,6817.43017578125,6849.68017578125,49720100,-0.008339445714449232,115.57110479987527,0.14355718768415582
2021-08-17,6819.83984375,6827.490234375,6789.10986328125,6812.419921875,56251300,-0.0027719055001211345,115.25119620186032,0.10235613170544873
2021-08-18,6770.10986328125,6828.330078125,6759.740234375,6824.64013671875,55662800,-0.007318673507181471,114.41078940823581,0.10801674192422964
2021-08-19,6605.89013671875,6671.169921875,6560.740234375,6665.1201171875,96566200,-0.024555618753798986,111.63557468767084,0.1312849538462699
2021-08-20,6626.10986328125,6633.18994140625,6567.93017578125,6602.9501953125,66755800,0.00305618837676371,111.97727591916504,0.13135664509766043
2021-08-23,6683.10009765625,6699.31982421875,6657.14013671875,6699.31982421875,56007000,0.008564081994916534,112.94037664205996,0.1266498980667186
2021-08-24,6664.31005859375,6717.77001953125,6634.68994140625,6717.77001953125,48958200,-0.0028155351870204777,112.6228362704019,0.12724050390530825
2021-08-25,6676.47998046875,6684.2099609375,6667.25,6683.18017578125,48823600,0.0018244684482980756,112.82850063876128,0.12412163767340362
2021-08-26,6666.02978515625,6673.93994140625,6618.68994140625,6646.3701171875,50801600,-0.0015664515346712335,112.65189861614743,0.11803726488300106
2021-08-27,6681.919921875,6682.14990234375,6644.68017578125,6658.27001953125,43959300,0.0023809116117362475,112.92043238037147,0.11766357519662635
2021-08-30,6687.2998046875,6697.52001953125,6675.31982421875,6690.27978515625,37296500,0.0008048163188168531,113.01134916782867,0.11697043438433563
2021-08-31,6680.18017578125,6708.14013671875,6650.89990234375,6692.85009765625,96775900,-0.0010652164192300195,112.89103171657496,0.11239958825052646
2021-09-01,6758.68994140625,6784.66015625,6730.169921875,6736.43994140625,75866000,0.0116841160169583,114.21779958929869,0.1170199533280291
2021-09-02,6763.080078125,6778.330078125,6747.169921875,6753.18017578125,56090600,0.0006493435203625605,114.29199026238163,0.11649758253903966
2021-09-03,6689.990234375,6758.3798828125,6667.39013671875,6758.3798828125,63290200,-0.010866004740075683,113.05681581321707,0.12089862660223888
2021-09-06,6743.5,6756.39990234375,6700.4501953125,6704.35009765625,41892000,0.007966663570382232,113.96109870519939,0.12291050887376812
2021-09-07,6726.06982421875,6749.14013671875,6721.35009765625,6731.35986328125,48024800,-0.0025880834708036406,113.66653920602892,0.12312024794460401
2021-09-08,6668.89013671875,6712.0498046875,6628.97998046875,6688.83984375,68566500,-0.008537544715879058,112.70023683913932,0.12594010608494974
2021-09-09,6684.72021484375,6708.330078125,6605.08984375,6618.81982421875,63555000,0.002370907211394639,112.96775564921037,0.12432362955055043
2021-09-10,6663.77001953125,6722.72998046875,6651.06005859375,6707.330078125,70636600,-0.003138963605121975,112.61370993468513,0.12323870008658361
2021-09-13,6676.93017578125,6722.0,6670.85009765625,6688.77001953125,61573900,0.0019729340028815977,112.83610866907856,0.12323985704026279
2021-09-14,6652.97021484375,6677.06982421875,6613.52001953125,6672.18994140625,63626300,-0.003594923598705484,112.43119972366873,0.1210162919209506
2021-09-15,6583.6201171875,6659.27001953125,6577.02001953125,6654.830078125,81904200,-0.010478639963890844,111.25922473675998,0.12506504411103248
2021-09-16,6622.58984375,6663.41015625,6612.16015625,6613.7099609375,79574500,0.005901744677579821,111.91778970381027,0.12593495369996702
2021-09-17,6570.18994140625,6697.080078125,6551.6201171875,6679.4501953125,214025500,-0.007943766021699019,111.03226283450816,0.09659597539087984
2021-09-20,6455.81005859375,6471.08984375,6389.6201171875,6450.39013671875,120069400,-0.01756223286743604,109.0993115310182,0.11273948038689978
2021-09-21,6552.72998046875,6570.1298828125,6513.75,6513.75,136740400,0.014901244102119472,110.7371999840911,0.12148153518566672
2021-09-22,6637.0,6642.31005859375,6595.93017578125,6612.10009765625,91076800,0.012778300438572993,112.16131268724077,0.13014611917918192
2021-09-23,6701.97998046875,6718.7998046875,6667.35986328125,6691.080078125,82926000,0.009742948048801714,113.25943531911757,0.134512172277329
2021-09-24,6638.4599609375,6678.64990234375,6625.43017578125,6675.72998046875,70090500,-0.009522999218752581,112.18598514998331,0.1385773541457847
2021-09-27,6650.91015625,6688.759765625,6647.080078125,6683.85009765625,89455000,0.0018737079101875521,112.39638597105646,0.13846954883550705
2021-09-28,6506.5,6643.580078125,6491.419921875,6634.72021484375,117799600,-0.021952033669349617,109.9559410877704,0.15747932638845488
2021-09-29,6560.7998046875,6590.81005859375,6538.10986328125,6549.41015625,86064200,0.008310839735772414,110.87357516527692,0.16097005313624624
2021-09-30,6520.009765625,6621.75,6509.22998046875,6615.990234375,112651000,-0.0062366432377621885,110.18424801056636,0.15524442623102874
2021-10-01,6517.68994140625,6535.4599609375,6412.7001953125,6421.10009765625,94022900,-0.0003558640397248598,110.14504437495107,0.15509074761522582
2021-10-04,6477.66015625,6540.9599609375,6452.77978515625,6484.89990234375,73993600,-0.006160651534841678,109.46856505451818,0.15244366694581946
2021-10-05,6576.27978515625,6577.2900390625,6481.72021484375,6481.72021484375,86146000,0.01510984509522669,111.13517753528564,0.1598809056379764
2021-10-06,6493.1201171875,6510.47021484375,6421.64013671875,6509.60009765625,98813600,-0.01272603040827392,109.7298291064759,0.1647754787729726
2021-10-07,6600.18994140625,6616.52978515625,6545.740234375,6563.240234375,91000400,0.016355254774147863,111.53924481139788,0.17402323682256068
2021-10-08,6559.990234375,6617.33984375,6559.990234375,6609.509765625,70183900,-0.006109313326677291,110.8598939133615,0.1747427098015445
2021-10-11,6570.5400390625,6574.22021484375,6522.5498046875,6546.06982421875,68968500,0.0016069125523369976,111.03817927457047,0.17474883304367422
2021-10-12,6548.10986328125,6548.10986328125,6491.580078125,6495.14990234375,69996000,-0.0034195893336067926,110.65912277925172,0.17471928492589422
2021-10-13,6597.3798828125,6606.35986328125,6510.27001953125,6539.60986328125,75938000,0.00749614524807618,111.49175650936338,0.17679789948990582
2021-10-14,6685.2099609375,6692.93994140625,6618.7900390625,6651.18017578125,71368900,0.013225035070604041,112.97603206396983,0.17882758839722365
2021-10-15,6727.52001953125,6746.81005859375,6703.259765625,6714.259765625,84105700,0.006308961560277824,113.69104663557583,0.17898149738340158
2021-10-18,6673.10009765625,6697.60009765625,6642.16015625,6697.2900390625,64526000,-0.008122045183206193,112.77138264976341,0.17909162269802495
2021-10-19,6669.85009765625,6692.14013671875,6650.83984375,6690.9501953125,63597900,-0.00048714864654356344,112.71645960226702,0.16642466162618982
2021-10-20,6705.60986328125,6715.52001953125,6636.60986328125,6636.60986328125,65963400,0.005347083529226869,113.32077815792287,0.1599337622410227
2021-10-21,6686.169921875,6699.2099609375,6658.9501953125,6673.14013671875,63926300,-0.0029032668357744477,112.9922548270975,0.15464173806792586
2021-10-22,6733.68994140625,6765.4599609375,6716.14990234375,6720.919921875,65949700,0.007082073677688362,113.79531460855725,0.15287018865635005
2021-10-25,6712.8701171875,6752.97998046875,6707.31982421875,6752.97998046875,58586000,-0.0030966791157783675,113.44347208719327,0.1492858977649336
2021-10-26,6766.509765625,6775.81982421875,6711.2099609375,6723.06005859375,79339600,0.007958812948899274,114.3499499206771,0.15144817779165953
2021-10-27,6753.52001953125,6771.18994140625,6731.85986328125,6755.6298828125,68739200,-0.0019215564310270342,114.13043101554692,0.12750025523156897
2021-10-28,6804.22021484375,6804.22021484375,6750.77978515625,6750.77978515625,75981000,0.007479186173466454,114.98723385715451,0.12699459077843983
2021-10-29,6830.33984375,6830.33984375,6748.52978515625,6778.7900390625,89550100,0.003831390341313751,115.42863989377172,0.12378021948018227
2021-11-01,6893.2900390625,6908.64990234375,6859.43994140625,6870.27978515625,67294100,0.009174050503682522,116.49246037594261,0.125674815104851
2021-11-02,6927.02978515625,6933.35009765625,6879.68994140625,6883.06005859375,64187800,0.004882638542803343,117.06264181508818,0.1216580063704556
2021-11-03,6950.64990234375,6955.10009765625,6917.75,6919.47021484375,65516400,0.0034040474384234463,117.46180760529106,0.11370988857791724
2021-11-04,6987.7900390625,6993.009765625,6962.009765625,6977.6201171875,76559800,0.005329179560071228,118.08945360314532,0.0992573429568932
2021-11-05,7040.7900390625,7063.39990234375,6983.7998046875,6983.7998046875,79993700,0.007556039437859652,118.98512176231716,0.08904928396052725
2021-11-08,7047.47998046875,7067.10009765625,7037.669921875,7041.60009765625,66513600,0.0009497180136121621,119.0981777529644,0.08302747089285174
2021-11-09,7043.27001953125,7079.580078125,7016.72998046875,7023.580078125,71276900,-0.0005975496070499553,119.02703194234033,0.08397755934680251
2021-11-10,7045.16015625,7053.27001953125,7014.93994140625,7046.169921875,85630200,0.0002683246758520936,119.05897411734911,0.08117986096920102
2021-11-11,7059.5498046875,7072.6298828125,7032.35009765625,7038.83984375,74342900,0.002040404016765687,119.30215053106885,0.07997340533243082
2021-11-12,7091.39990234375,7097.4599609375,7056.93017578125,7062.5400390625,64249000,0.004501486062515091,119.84039804686543,0.07148731742227397
2021-11-15,7128.6298828125,7136.1298828125,7088.7099609375,7090.9599609375,64255100,0.005236285169246482,120.4695623501192,0.07091988574717488
2021-11-16,7152.60009765625,7164.27001953125,7136.2998046875,7146.3701171875,69021700,0.0033568869608484177,120.87464458038441,0.05885266466456949
2021-11-17,7156.85009765625,7167.7998046875,7147.009765625,7149.2998046875,68243500,0.0005940130566806565,120.94646702711047,0.0580892638056289
2021-11-18,7141.97998046875,7181.5498046875,7136.85986328125,7155.0498046875,75845600,-0.0020799075822216795,120.6951709801671,0.060527702773853304
2021-11-19,7112.2900390625,7183.080078125,7068.43017578125,7172.72021484375,117988000,-0.004165767072071455,120.19342880723774,0.06221423634468112
2021-11-22,7105.0,7143.60009765625,7087.669921875,7130.240234375,85214100,-0.0010255174764491367,120.07023152672076,0.06175398180473207
2021-11-23,7044.6201171875,7112.490234375,7002.56005859375,7064.3798828125,73747800,-0.008534539981947937,119.04984778163235,0.0703065049771089
2021-11-24,7042.22998046875,7089.10986328125,6983.97998046875,7052.18017578125,75264400,-0.0003393429652642528,119.00945590700873,0.06771530015922804
2021-11-25,7075.8701171875,7079.490234375,7047.85986328125,7067.60986328125,57485800,0.004765542126927917,119.57795400755917,0.06691534551475543
2021-11-26,6739.72998046875,6861.14990234375,6725.080078125,6814.89990234375,159605400,-0.04867055885206973,113.89738764003717,0.18673516785018368
2021-11-29,6776.25,6841.7900390625,6760.31005859375,6831.41015625,108062500,0.00540398971570093,114.51455402997067,0.18726854303144486
2021-11-30,6721.16015625,6780.8798828125,6655.85986328125,6679.02978515625,182689600,-0.008163069659212268,113.58356876693993,0.18574958184787624
2021-12-01,6881.8701171875,6902.4599609375,6750.64990234375,6774.7998046875,101765800,0.023629652434513183,116.29947055700549,0.20395066905618064
2021-12-02,6795.75,6850.3701171875,6762.740234375,6794.77001953125,101894500,-0.012593017579569155,114.84409231494898,0.20777134117440085
2021-12-03,6765.52001953125,6872.7900390625,6730.6298828125,6860.72998046875,83342600,-0.004458289009359491,114.33322380630283,0.2067349714378417
2021-12-06,6865.77978515625,6888.06982421875,6776.169921875,6810.93017578125,84991100,0.014710493505577236,116.02755361227166,0.21211648076489945
2021-12-07,7065.39013671875,7066.9501953125,6934.68017578125,6934.68017578125,96223300,0.02865861437757511,119.40084863369876,0.23602308288259508
2021-12-08,7014.56982421875,7104.06005859375,7014.56982421875,7064.1201171875,80200900,-0.0072188462659528935,118.54201588378525,0.23738758708121974
2021-12-09,7008.22998046875,7044.990234375,6983.330078125,7035.93017578125,64070600,-0.0009042194526434679,118.43487633320035,0.23739353635052599
2021-12-10,6991.68017578125,7025.8798828125,6960.39013671875,6960.39013671875,63499000,-0.002364274086326905,118.15519457661343,0.23734836251712432
2021-12-13,6942.91015625,7029.3798828125,6929.1298828125,7004.759765625,75947300,-0.006999878361160733,117.33101054611662,0.23766280147181293
2021-12-14,6895.31005859375,6993.2998046875,6891.33984375,6978.77001953125,88567300,-0.006879538647612265,116.52659749245294,0.23735778666947088
2021-12-15,6927.6298828125,6949.919921875,6904.93994140625,6923.52001953125,74220800,0.004676267603247467,117.07278310495795,0.23774756805450997
2021-12-16,7005.06982421875,7054.919921875,6987.9501953125,7054.919921875,101536900,0.011116401056363865,118.3814715911035,0.2416890496333871
2021-12-17,6926.6298828125,7011.60986328125,6884.91015625,6982.06982421875,148484800,-0.011260760988782297,117.05588370572828,0.24427463433937452
2021-12-20,6870.10009765625,6872.75,6747.68994140625,6783.830078125,86311700,-0.008194710135315027,116.10056429800602,0.24523419402810767
2021-12-21,6964.990234375,6967.93017578125,6888.52001953125,6935.66015625,75487700,0.013717528747248046,117.704150601373,0.2509582271817854
2021-12-22,7051.669921875,7051.669921875,6963.7099609375,6982.52978515625,55611500,0.012368251995361011,119.16898524553751,0.2534300754570035
2021-12-23,7106.14990234375,7119.8701171875,7049.919921875,7071.93017578125,54434100,0.007696135429222603,120.08966418550288,0.2548004519692913
2021-12-24,7086.580078125,7116.8798828125,7086.580078125,7091.60009765625,11954300,-0.002757726899356123,119.75894591317599,0.25452024889218505
2021-12-27,7140.39013671875,7149.14013671875,7062.39990234375,7070.14013671875,34917800,0.007564550199523045,120.66830357592309,0.18345269285847618
2021-12-28,7181.10986328125,7187.759765625,7141.669921875,7141.85009765625,36149600,0.005686532317248189,121.35644249162527,0.18350680072469633
2021-12-29,7161.52001953125,7201.64990234375,7137.35009765625,7179.10986328125,37481200,-0.0027316965008436227,121.0253859012474,0.18036973050568517
2021-12-30,7173.22998046875,7189.83984375,7156.7900390625,7167.52978515625,35427000,0.0016337869223033226,121.22327720609391,0.164061901320554
2021-12-31,7153.02978515625,7163.72998046875,7139.60009765625,7153.66015625,18788700,-0.002820025467900324,120.88190604099091,0.15644408427966022
2022-01-03,7217.22021484375,7245.66015625,7195.81982421875,7197.39990234375,54644700,0.00893385384761054,121.96668573900328,0.1558811071808783
2022-01-04,7317.41015625,7332.2099609375,7250.240234375,7273.56982421875,77540000,0.013786594604738652,123.65983555762354,0.15504297451834673
2022-01-05,7376.3701171875,7384.85986328125,7313.52978515625,7320.47998046875,0,0.008025201993962283,124.65622347607139,0.1257901968116098
2022-01-06,7249.66015625,7316.06005859375,7240.8798828125,7264.0,89793800,-0.017327070804954783,122.51490125981421,0.13932192946221142
2022-01-07,7219.47998046875,7269.64990234375,7178.18017578125,7250.7900390625,78597800,-0.004171667322920678,122.00487442046561,0.1405077302587273
2022-01-10,7115.77001953125,7250.240234375,7105.5498046875,7245.2099609375,80610700,-0.014469474947923786,120.25223838649055,0.1505107105559291
2022-01-11,7183.3798828125,7227.7099609375,7160.43994140625,7185.2099609375,71633500,0.009456557569495386,121.394804457943,0.1505090284411671
2022-01-12,7237.18994140625,7249.8798828125,7183.3798828125,7235.47021484375,85271800,0.007462993349232872,122.30416212069007,0.14848893483067102
2022-01-13,7201.14013671875,7227.35009765625,7166.93994140625,7215.47998046875,81834900,-0.0049936356081472745,121.69494207912481,0.1503098716753633
2022-01-14,7143.0,7171.39990234375,7119.009765625,7132.58984375,79772300,-0.008106509634817294,120.71240869744774,0.1501184006389985
2022-01-17,7201.64013671875,7213.7001953125,7148.97998046875,7167.52978515625,53465300,0.008175940673923354,121.70339177873963,0.1452535516355427
2022-01-18,7133.830078125,7175.4599609375,7098.18994140625,7172.43017578125,78561500,-0.009460528791287356,120.55744252677734,0.14641845530989236
2022-01-19,7172.97998046875,7211.240234375,7104.10986328125,7104.10986328125,84173800,0.005472918128392723,121.2190523562865,0.1406297316680715
2022-01-20,7194.16015625,7199.97021484375,7123.6201171875,7190.02001953125,76932800,0.0029484213174368014,121.57698460256816,0.13504873786428084
2022-01-21,7068.58984375,7122.06005859375,7013.490234375,7088.43994140625,110697300,-0.01760860381644039,119.45492176023774,0.14704394727038275
2022-01-24,6787.7900390625,7070.919921875,6754.240234375,7014.83984375,0,-0.04053558798417405,114.70957375721365,0.20281281302119242
2022-01-25,6837.9599609375,6890.5400390625,6776.7998046875,6870.27001953125,98212900,0.007364020123073643,115.55741529630004,0.2026941718560184
2022-01-26,6981.9599609375,7024.14013671875,6901.740234375,6901.740234375,0,0.020840238230424035,117.99092878537083,0.21633091883790603
2022-01-27,7023.7998046875,7053.4501953125,6873.60009765625,6879.64013671875,100076500,0.005974680261903256,118.6979970086086,0.2177227019031938
2022-01-28,6965.8798828125,7053.0,6846.22021484375,7043.43017578125,106663500,-0.008280425872582766,117.71918512549236,0.21895998763692265
2022-01-31,6999.2001953125,7043.22021484375,6937.10009765625,7039.7099609375,90912900,0.0047719562713875825,118.28227838888682,0.21991552827733543
2022-02-01,7099.490234375,7105.22998046875,7035.91015625,7052.2998046875,81607500,0.014227098779427417,119.97711979776201,0.2236712690538685
2022-02-02,7115.27001953125,7150.5400390625,7109.2998046875,7117.4501953125,0,0.002220198069654666,120.2437886868757,0.2176867354453453
2022-02-03,7005.6298828125,7125.580078125,6995.41015625,7115.2998046875,88710000,-0.015529086786428567,118.39093624487127,0.22020414584298087
2022-02-04,6951.3798828125,7066.43994140625,6914.77001953125,7049.7998046875,0,-0.007773910618585721,117.47414383666231,0.21448745288371202
2022-02-07,7009.25,7025.58984375,6929.7099609375,6987.169921875,72651700,0.008290521149433513,118.45211405048097,0.2172251152277657
2022-02-08,7028.41015625,7085.64013671875,6994.14990234375,7008.2001953125,95664200,0.0027298236223256317,118.77590918025236,0.2123089273485972
2022-02-09,7130.8798828125,7146.31005859375,7086.33984375,7086.33984375,86888200,0.014474103605678692,120.50758599838593,0.2159798023892326
2022-02-10,7101.5498046875,7169.6298828125,7051.60009765625,7141.68994140625,86508200,-0.004121589958902008,120.01192529871449,0.21442259751310253
2022-02-11,7011.60009765625,7071.009765625,6992.08984375,7025.5,82859100,-0.012747108283428888,118.49182928900264,0.2179406019087252
2022-02-14,6852.2001953125,6875.31005859375,6757.330078125,6868.06982421875,117972900,-0.022996137196467058,115.79806670212709,0.2296162939084252
2022-02-15,6979.97021484375,6983.14013671875,6823.4501953125,6830.740234375,92474100,0.018474852453214213,117.9573032717669,0.23797487581655052
2022-02-16,6964.97998046875,7031.93017578125,6931.08984375,7009.68994140625,74789000,-0.0021499166277343163,117.70397731651762,0.2362303226011161
2022-02-17,6946.81982421875,7017.06982421875,6905.68994140625,6999.1298828125,90183200,-0.002610757316811046,117.39708158597591,0.2350354766629015
2022-02-18,6929.6298828125,6995.6201171875,6895.08984375,6951.830078125,87348900,-0.0024775717942771267,117.10658190341725,0.23448500851380633
2022-02-21,6788.33984375,6986.830078125,6744.1298828125,6984.31005859375,0,-0.020599992320524087,114.71886512612608,0.23724145694722049
2022-02-22,6787.60009765625,6834.77001953125,6633.740234375,6633.740234375,101457400,-0.00010897898748446202,114.70636386155921,0.19121222615357705
2022-02-23,6780.669921875,6904.81005859375,6768.3798828125,6801.66015625,86393600,-0.0010215268967850456,114.58924805430017,0.189339665519008
2022-02-24,6521.0498046875,6617.08984375,6432.89013671875,6496.25,207949400,-0.03904052964095606,110.20182404589798,0.2163922186662724
2022-02-25,6752.43017578125,6762.77978515625,6521.56005859375,6571.9501953125,152427400,0.034867090166039116,114.11201331091772,0.25211261389915157
2022-02-28,6658.830078125,6684.5400390625,6516.16015625,6620.47998046875,171929700,-0.013958660955896318,112.53022789268977,0.25468423050652167
2022-03-01,6396.490234375,6662.25,6396.490234375,6646.16015625,171611200,-0.0401943661164254,108.09684213931239,0.2851102342297868
2022-03-02,6498.02001953125,6544.14990234375,6312.2998046875,6359.97998046875,169994900,0.015748079058049713,109.81263451236927,0.2864005291898602
2022-03-03,6378.3701171875,6543.77001953125,6361.60009765625,6488.25,132457000,-0.01858492092416769,107.79062304487263,0.2895605877951984
2022-03-04,6061.66015625,6321.08984375,6061.66015625,6308.33984375,180586100,-0.0509288814543701,102.43841497498039,0.3287732511272241
2022-03-07,5982.27001953125,6115.22998046875,5756.3798828125,5887.830078125,243010200,-0.013183617879212153,101.09676935967312,0.3294894027185066
2022-03-08,5962.9599609375,6169.60009765625,5903.10009765625,5906.6201171875,168209400,-0.0032331023255159157,100.77044097034924,0.3250739537702875
2022-03-09,6387.830078125,6387.830078125,6122.7998046875,6131.27978515625,189777300,0.06882763429594767,107.9504907014524,0.41889119621294196
2022-03-10,6207.2001953125,6380.77001953125,6166.10986328125,6376.56982421875,148747200,-0.028684689767613406,104.89795419899761,0.4208687952316477
2022-03-11,6260.25,6466.1201171875,6165.41015625,6233.1201171875,136389500,0.008510180353741084,105.79446402746706,0.42407086832191465
2022-03-14,6369.93994140625,6421.080078125,6271.81982421875,6298.9599609375,113227400,0.017369920772138885,107.64815813876906,0.43081686700921473
2022-03-15,6355.0,6383.75,6206.0498046875,6294.72021484375,102702800,-0.002348136547540202,107.39568210447716,0.4255957391562015
2022-03-16,6588.64013671875,6680.0,6481.7001953125,6484.330078125,145251100,0.036105070032910545,111.34406005095923,0.44120666297967903
2022-03-17,6612.52001953125,6635.31005859375,6530.7900390625,6617.22998046875,100583800,0.0036178500338622777,111.7476157241651,0.44175715459490195
2022-03-18,6620.240234375,6620.240234375,6499.58984375,6613.9501953125,191790200,0.0011668337628039603,111.87808271694837,0.44193607920639505
2022-03-21,6582.330078125,6642.4599609375,6574.06982421875,6608.7900390625,78342900,-0.005742860601198375,111.2374238516209,0.4420979910080161
2022-03-22,6659.41015625,6666.83984375,6578.91015625,6586.64990234375,79017900,0.011642117632752021,112.54003086450852,0.43951920794206384
2022-03-23,6581.43017578125,6684.7001953125,6559.31005859375,6674.68017578125,76824400,-0.011778841840393945,111.22221604264617,0.44110642780173526
2022-03-24,6555.77001953125,6636.580078125,6541.31982421875,6593.14990234375,82199900,-0.003906492784022475,110.78857481788202,0.44118277140739626
2022-03-25,6553.68017578125,6615.89990234375,6538.7998046875,6569.4501953125,73936900,-0.0003188301166818348,110.75325771402316,0.419650757144392
2022-03-28,6589.10986328125,6683.7001953125,6572.009765625,6578.72021484375,78385700,0.005391514772501525,111.3519981476677,0.40101157932108106
2022-03-29,6792.16015625,6829.39990234375,6658.77978515625,6675.14990234375,110146300,0.030350763328124992,114.78342611224565,0.4124146443796678
2022-03-30,6741.58984375,6771.08984375,6705.68994140625,6771.08984375,80090300,-0.007473249891594712,113.92881821213959,0.38602111093524594
2022-03-31,6659.8701171875,6776.1298828125,6658.740234375,6759.419921875,81436400,-0.012195796532147179,112.5478039280214,0.3860765038485732
2022-04-01,6684.31005859375,6708.56005859375,6635.27001953125,6672.97998046875,65149500,0.003663015398709954,112.96082425499505,0.37936564333151673
2022-04-04,6731.3701171875,6745.22021484375,6641.60986328125,6709.60009765625,65186300,0.007015708633823618,113.75611097294194,0.32647355980740395
2022-04-05,6645.509765625,6743.6201171875,6603.43994140625,6731.33984375,103817600,-0.012837303083254464,112.30512261388846,0.3262327678342437
2022-04-06,6498.830078125,6643.75,6442.43994140625,6634.830078125,104806100,-0.022319230666571464,109.82632401594445,0.338765844677699
2022-04-07,6461.68017578125,6582.33984375,6451.10009765625,6530.81982421875,94476400,-0.005732799613621007,109.19851298489462,0.24464494720209096
2022-04-08,6548.22021484375,6581.56005859375,6494.6298828125,6540.2001953125,91669300,0.01330391669175882,110.660987654362,0.22377857220164474
2022-04-11,6555.81005859375,6614.9599609375,6502.14013671875,6558.52978515625,87321100,0.0011583985140984536,110.78925145398398,0.2227568932762836
2022-04-12,6537.41015625,6570.75,6424.97021484375,6454.25,84720600,-0.0028106018464983166,110.4783041584902,0.21631312398424057
2022-04-13,6542.14013671875,6563.9599609375,6478.4501953125,6519.16015625,72469400,0.0007232635020311222,110.5582379867801,0.21593327269283363
2022-04-14,6589.35009765625,6607.5498046875,6541.89990234375,6557.66015625,79048700,0.0071903742068536326,111.35605796427947,0.1770845355158491
2022-04-19,6534.7900390625,6566.7998046875,6494.330078125,6545.97021484375,0,-0.008314506297712848,110.43402575211016,0.17883282223287145
2022-04-20,6624.91015625,6636.5498046875,6542.2099609375,6557.9599609375,87010800,0.013696592581623994,111.9570015910853,0.18550292616663855
2022-04-21,6715.10009765625,6757.75,6636.7900390625,6642.7099609375,88762200,0.013521925980286545,113.48115741740898,0.18989633099315997
2022-04-22,6581.419921875,6654.64013671875,6572.8701171875,6618.68994140625,83469100,-0.020108220784701463,111.22204275779077,0.19900635559230004
2022-04-25,6449.3798828125,6512.259765625,6408.7099609375,6450.89990234375,94933200,-0.020266531669049567,108.99064542337393,0.20704445896225218
2022-04-26,6414.56982421875,6535.919921875,6412.490234375,6520.009765625,95230800,-0.005412045966089864,108.40237634599038,0.2073793691519572
2022-04-27,6445.259765625,6474.9599609375,6338.60986328125,6427.39990234375,92040000,0.004773002543389482,108.9210179181494,0.20834935741915203
2022-04-28,6508.14013671875,6575.9501953125,6435.75,6520.52978515625,76048900,0.00970878155459604,109.98365841297174,0.2104901768467249
2022-04-29,6533.77001953125,6601.14990234375,6514.10009765625,6557.66015625,83799400,0.003930392940851114,110.41678803482952,0.17911783642993226
2022-05-02,6425.60986328125,6474.81005859375,6308.47021484375,6469.31005859375,87523700,-0.016692568427167976,108.58894637361858,0.18550013801667498
2022-05-03,6476.18017578125,6507.1298828125,6423.02978515625,6463.72998046875,83360000,0.007839310875308245,109.44355427372463,0.18499681169289023
2022-05-04,6395.68017578125,6494.990234375,6395.68017578125,6482.259765625,72296900,-0.01250806757206788,108.08315263573715,0.18795318046913942
2022-05-05,6368.39990234375,6558.91015625,6350.66015625,6549.490234375,96424000,-0.00427454462972131,107.62213240382259,0.1850998133818691
2022-05-06,6258.35986328125,6322.43017578125,6213.64013671875,6318.66015625,113118300,-0.01743009719262494,105.76252185245822,0.188932099548146
2022-05-09,6086.02001953125,6260.85009765625,6086.02001953125,6207.14990234375,91595000,-0.027923807203312154,102.85008202975008,0.19703007776438228
2022-05-10,6116.91015625,6206.56005859375,6116.91015625,6151.52001953125,90242000,0.005062751692205275,103.37210678241895,0.19877114723961709
2022-05-11,6269.72998046875,6269.72998046875,6137.240234375,6173.10009765625,106223700,0.02467619580002551,105.95467000209777,0.21359506285277896
2022-05-12,6206.259765625,6238.25,6098.22021484375,6130.68994140625,105839000,-0.010174866076793248,104.88206150226107,0.2150401740783668
2022-05-13,6362.68017578125,6363.240234375,6238.7900390625,6250.16015625,85955800,0.024891277544882774,107.5254724611584,0.2351816575321809
2022-05-16,6347.77001953125,6369.0498046875,6286.02001953125,6315.68017578125,75092100,-0.002346126669010601,107.27349977811306,0.23509091353405703
2022-05-17,6430.18994140625,6448.330078125,6373.72998046875,6379.33984375,86952900,0.012900504489207558,108.66634694235593,0.23853790468244565
2022-05-18,6352.93994140625,6455.7998046875,6342.669921875,6440.2998046875,80314700,-0.012086389030080415,107.36086835186485,0.24031373875369896
2022-05-19,6272.7099609375,6288.990234375,6196.18994140625,6279.68994140625,86227400,-0.012709216715172339,106.00502988173575,0.23687451007740773
2022-05-20,6285.240234375,6377.580078125,6264.83984375,6305.4599609375,92863400,0.001995592815863671,106.21678397501285,0.23026199261162597
2022-05-23,6358.740234375,6358.740234375,6263.9599609375,6350.8798828125,82641900,0.011626216615785716,107.4588898183927,0.22703311550002614
2022-05-24,6253.14013671875,6322.740234375,6243.83984375,6282.31982421875,72012900,-0.016746521924487386,105.67431160940886,0.22369708363560636
2022-05-25,6298.64013671875,6319.2900390625,6229.83984375,6296.27978515625,75143000,0.007249999332055937,106.44323427435829,0.22518199567972474
2022-05-26,6410.580078125,6424.8798828125,6298.4501953125,6301.490234375,66120600,0.017616003861657292,108.33495203392704,0.23347821056603435
2022-05-27,6515.75,6519.72998046875,6424.85009765625,6445.25,70892100,0.016272560261972276,110.11226053064462,0.23807030685214248
2022-05-30,6562.39013671875,6582.0498046875,6536.77001953125,6547.85986328125,69803300,0.0071325637987956275,110.90045082118061,0.23898365888315007
2022-05-31,6468.7998046875,6543.419921875,6457.52978515625,6539.85986328125,162340000,-0.014364296994814691,109.31883043614825,0.23703719972851112
2022-06-01,6418.89013671875,6510.259765625,6414.22021484375,6509.18994140625,74750900,-0.007745362854762894,108.47538703172468,0.23695514221533326
2022-06-02,6500.43994140625,6506.60009765625,6447.2998046875,6447.3701171875,57959900,0.012624631047847201,109.85352973823936,0.23679874184687846
2022-06-03,6485.2998046875,6547.81982421875,6473.740234375,6545.0,48236300,-0.0023318107208297584,109.59767052343761,0.2363721426361959
2022-06-06,6548.77978515625,6593.14990234375,6533.81982421875,6533.81982421875,60142400,0.009740692766409275,110.6704440564699,0.22848036797130633
2022-06-07,6500.35009765625,6523.60009765625,6459.919921875,6523.16015625,66096000,-0.007422703321014588,109.85201143283983,0.20421722612318632
2022-06-08,6448.6298828125,6517.5498046875,6413.8701171875,6517.5498046875,73239600,-0.007988349655306983,108.9779708739516,0.20764164940604027
2022-06-09,6358.4599609375,6456.91015625,6342.990234375,6412.580078125,72804300,-0.014081483450074107,107.45415336567889,0.1987361210421756
2022-06-10,6187.22998046875,6325.89013671875,6177.31005859375,6316.41015625,103756400,-0.027298716101258703,104.56046956565095,0.21839001188254628
2022-06-13,6022.31982421875,6122.259765625,6006.27978515625,6088.0498046875,106541000,-0.02701494947073235,101.7735869981569,0.21742880057288586
2022-06-14,5949.83984375,6075.3701171875,5934.1201171875,6063.7998046875,85949300,-0.012108235773180431,100.54871887205768,0.21989087335955465
2022-06-15,6030.1298828125,6062.6201171875,5972.31005859375,6022.83984375,93774600,0.013404247766886887,101.9055722963397,0.22035865971243626
2022-06-16,5886.240234375,6018.10009765625,5872.2001953125,6003.66015625,99480100,-0.024151086428222873,99.47392368237924,0.23032427732870622
2022-06-17,5882.64990234375,5974.06005859375,5870.64013671875,5906.85986328125,181205900,-0.000610139461057478,99.41324922801613,0.22811997002264364
2022-06-20,5920.08984375,5920.08984375,5855.93017578125,5901.580078125,65998500,0.006344301033808091,100.04596174497536,0.22982466855092934
2022-06-21,5964.66015625,6032.240234375,5943.080078125,5943.52001953125,63109500,0.007500455869671963,100.79917324970347,0.2269769785217523
2022-06-22,5916.6298828125,5938.4599609375,5834.4599609375,5879.08984375,87617200,-0.008085070714996008,99.98749048377351,0.22232528217954964
2022-06-23,5883.330078125,5957.1298828125,5830.8701171875,5880.2998046875,89899600,-0.005644068826711059,99.4247437900898,0.21957221924305942
2022-06-24,6073.35009765625,6085.990234375,5914.669921875,5918.259765625,85414200,0.03178742205866742,102.63596796177583,0.24098320294922723
2022-06-27,6047.31005859375,6156.60009765625,6030.60986328125,6105.2001953125,66242800,-0.004296808720090534,102.19590694570275,0.23104409343494622
2022-06-28,6086.02001953125,6141.93994140625,6077.9501953125,6099.14990234375,64300400,0.006380786152853427,102.85008202975004,0.2306203007778361
2022-06-29,6031.47998046875,6071.91015625,5995.75,6021.68994140625,0,-0.009001924054415522,101.92838813563169,0.22819869411112959
2022-06-30,5922.85986328125,5931.5498046875,5852.2998046875,5926.740234375,115328200,-0.018172999593217182,100.0927734109079,0.23353558955586834
2022-07-01,5931.06005859375,5975.830078125,5857.33984375,5875.60009765625,72811500,0.0013835417608021696,100.231351785255,0.22670262495164176
2022-07-04,5954.64990234375,6002.06982421875,5943.91015625,5983.97998046875,54436800,0.003969451518177206,100.6300059725515,0.22845879101175207
2022-07-05,5794.9599609375,5981.509765625,5786.5,5979.2001953125,104293700,-0.027183843015654595,97.93134189976658,0.23602600157791784
2022-07-06,5912.3798828125,5927.5,5846.10009765625,5872.27001953125,89619400,0.020059870283335654,99.91566803704745,0.25231749896597677
2022-07-07,6006.7001953125,6024.31005859375,5967.97998046875,5985.08984375,94857900,0.015827107593724982,101.50962465345106,0.26150619816656495
2022-07-08,6033.1298828125,6053.169921875,5952.89013671875,6007.64013671875,76855400,0.004390382552275882,101.95627049402867,0.25980537780086777
2022-07-11,5996.2998046875,6004.52001953125,5909.72998046875,5923.830078125,59496400,-0.006123348182175756,101.3338643001348,0.244227416974269
2022-07-12,6044.2001953125,6053.330078125,5930.97998046875,5960.08984375,71122100,0.007956587073351585,102.14335212456325,0.22766365310731954
2022-07-13,6000.240234375,6025.72998046875,5922.93994140625,6015.52978515625,70802000,-0.007299659356463495,101.40045519456027,0.2249890042321136
2022-07-14,5915.41015625,5997.31005859375,5874.68017578125,5979.990234375,72944000,-0.014238670746712371,99.9668778376428,0.2252376790409433
2022-07-15,6036.0,6043.7998046875,5901.3798828125,5935.27978515625,76205700,0.020180704163301755,102.00477375021615,0.21990194154247145
2022-07-18,6091.91015625,6136.02001953125,6059.8701171875,6070.2099609375,59881400,0.009220146193546256,102.94962180167747,0.22151514656766816
2022-07-19,6201.22021484375,6213.8798828125,6028.7900390625,6031.60009765625,74716500,0.01778439443334308,104.79689612167056,0.2280101146398339
2022-07-20,6184.66015625,6245.47021484375,6151.35986328125,6229.7900390625,76814600,-0.002674023640658978,104.51704108022824,0.22775909773813674
2022-07-21,6201.10986328125,6233.97998046875,6143.06005859375,6160.3701171875,78627800,0.0026562283454510567,104.79503124656024,0.22495195097880413
2022-07-22,6216.81982421875,6247.35009765625,6168.77001953125,6174.2900390625,68727100,0.0025302074845070725,105.06052014832538,0.22311863378995736
2022-07-25,6237.5498046875,6260.1298828125,6177.14013671875,6198.830078125,60387200,0.003328952043407197,105.4108443642898,0.19643565834275553
2022-07-26,6211.4501953125,6243.85986328125,6194.9599609375,6225.169921875,60556300,-0.004193051267502297,104.96977664572356,0.1963989325510113
2022-07-27,6257.93994140625,6267.7998046875,6199.93017578125,6206.25,69640600,0.007456653612218346,105.7554254250473,0.1967863064762295
2022-07-28,6339.2099609375,6339.2099609375,6236.56982421875,6304.1298828125,92169500,0.012903100735009039,107.128839930508,0.19693005814678693
2022-07-29,6448.5,6472.27001953125,6397.91015625,6413.10009765625,103116600,0.017093396777385625,108.97577593245009,0.18828060863022977
2022-08-01,6436.85986328125,6484.080078125,6434.1201171875,6447.18017578125,64439900,-0.0018067232904032723,108.77906461495215,0.18917189644004384
2022-08-02,6409.7998046875,6429.0498046875,6381.43017578125,6424.68017578125,66079400,-0.004212783605065945,108.32176588159842,0.1912445125791533
2022-08-03,6472.06005859375,6475.5400390625,6398.990234375,6404.10009765625,78438000,0.00966642074429021,109.37392676850001,0.15610589574089007
2022-08-04,6513.39013671875,6555.7099609375,6475.0498046875,6476.72021484375,75071500,0.006365619530319028,110.07238025892735,0.1466725328070264
2022-08-05,6472.35009765625,6523.02978515625,6449.72021484375,6512.6201171875,71657900,-0.006320806509246973,109.37882825440941,0.1453914068793314
2022-08-08,6524.43994140625,6564.240234375,6503.27001953125,6510.4501953125,57501500,0.008015844298040819,110.25911531975116,0.14619395616019704
2022-08-09,6490.0,6530.35009765625,6480.06005859375,6514.52001953125,60132500,-0.0052925860742441865,109.67710100048092,0.14551533811203657
2022-08-10,6523.43994140625,6545.64013671875,6453.7900390625,6467.10009765625,67978700,0.005139304466666651,110.2422159205215,0.1448190611249857
2022-08-11,6544.669921875,6562.31982421875,6499.6298828125,6560.2099609375,63494500,0.0032491308027964814,110.60098983610074,0.13928940470173035
2022-08-12,6553.85986328125,6587.83984375,6539.75,6553.240234375,59404000,0.0014032022012977772,110.75629432482212,0.12286090628866618
2022-08-15,6569.9501953125,6586.9599609375,6532.47998046875,6582.6298828125,41045400,0.002452083658880223,111.02821126955595,0.10968578858330354
2022-08-16,6592.580078125,6608.830078125,6568.580078125,6580.990234375,56347800,0.003438534178376102,111.41064269372475,0.10805944896486396
2022-08-17,6528.31982421875,6608.64013671875,6517.990234375,6608.64013671875,62910000,-0.009795176881744097,110.32468300836385,0.10515785757562349
2022-08-18,6557.39990234375,6576.3701171875,6519.56982421875,6530.580078125,52233900,0.004444558893747679,110.81611885822788,0.10367001886583964
2022-08-19,6495.830078125,6549.1298828125,6488.0,6520.43994140625,65894600,-0.009433723442874468,109.77562581825535,0.11198770852372993
2022-08-22,6378.740234375,6459.35986328125,6352.97021484375,6448.81005859375,78589600,-0.01818982216045215,107.79687780298582,0.13238745670341182
2022-08-23,6362.02001953125,6402.22021484375,6331.169921875,6331.169921875,60089800,-0.0026246823751918708,107.51431621713563,0.1328007402990059
2022-08-24,6386.759765625,6396.6298828125,6319.7001953125,6332.43017578125,52703400,0.003881120792017616,107.93240306321428,0.131809510203469
2022-08-25,6381.56005859375,6440.68994140625,6361.52978515625,6432.16015625,49495300,-0.0008144700932111492,107.84453113821593,0.1300643154279879
2022-08-26,6274.259765625,6429.7900390625,6252.58984375,6420.75,67384400,-0.01695707833440334,106.03122064987775,0.13641093370343665
2022-08-29,6222.27978515625,6232.25,6153.43994140625,6199.10986328125,54873600,-0.008319147879940553,105.15279020798651,0.12286948119936568
2022-08-30,6210.22021484375,6303.66015625,6182.6298828125,6243.080078125,65574600,-0.001940007897818394,104.94899071473745,0.12287180009478187
2022-08-31,6125.10009765625,6230.89990234375,6125.10009765625,6226.990234375,109610300,-0.013801257872401614,103.51051187191061,0.1296389056294524
2022-09-01,6034.31005859375,6072.93017578125,6009.08984375,6068.33984375,74056000,-0.01493357410583825,101.97621475571717,0.12936219081435177
2022-09-02,6167.509765625,6178.2900390625,6051.02001953125,6075.72998046875,76451600,0.021833628155107466,104.22720978211176,0.15292773157958534
2022-09-05,6093.22021484375,6105.58984375,6018.02001953125,6048.22021484375,65693400,-0.012118439938979588,102.97176100486747,0.15599390026668689
2022-09-06,6104.60986328125,6138.22021484375,6060.43994140625,6083.02001953125,54762700,0.0018674881802221745,103.16423922089824,0.15198817129741454
2022-09-07,6105.919921875,6119.9501953125,6045.27001953125,6059.64013671875,71611100,0.00021457850262465592,103.18637842408825,0.1522149349871007
2022-09-08,6125.89990234375,6143.2900390625,6034.7900390625,6136.93017578125,75081400,0.0032668889054409626,103.52402809063041,0.151102253596143
2022-09-09,6212.330078125,6239.10986328125,6138.8798828125,6140.8701171875,72211000,0.014010370968705816,104.98464613664729,0.16098013236247868
2022-09-12,6333.58984375,6352.4501953125,6224.509765625,6242.4599609375,77476100,0.019331151883871002,107.03386332643892,0.1775574861262394
2022-09-13,6245.68994140625,6394.18017578125,6245.68994140625,6360.31005859375,79001400,-0.013975574839506797,105.54840778448393,0.18186818260652574
2022-09-14,6222.41015625,6249.2900390625,6183.5498046875,6210.77001953125,75468700,-0.003734299857547818,105.1549934011478,0.18065502009378698
2022-09-15,6157.83984375,6249.52001953125,6143.35986328125,6212.2099609375,74835300,-0.010431275297080666,104.06379391182652,0.18098064832951302
2022-09-16,6077.2998046875,6114.35986328125,6052.419921875,6100.7900390625,153174600,-0.013165555068351627,102.70271563773707,0.18239624463422036
2022-09-19,6061.58984375,6093.39990234375,5974.72021484375,6049.0,51601200,-0.00258837013325525,102.43722673597193,0.18118478030535456
2022-09-20,5979.47021484375,6118.25,5970.22998046875,6084.41015625,77470600,-0.013640144924685968,101.04945434249385,0.17711172684547452
2022-09-21,6031.330078125,6034.27001953125,5915.56982421875,5928.5,70185800,0.008635592016620227,101.92585487607917,0.18171056891548157
2022-09-22,5918.5,6022.39013671875,5918.5,5928.5400390625,72756700,-0.018884524807279028,100.01909434073129,0.188555608992213
2022-09-23,5783.41015625,5913.7099609375,5765.64990234375,5906.18017578125,92468500,-0.02308953727383677,97.7361571393279,0.19982295442535655
2022-09-26,5769.39013671875,5828.0498046875,5736.0,5744.490234375,78603600,-0.0024271217468114785,97.49922723206168,0.19485831127331282
2022-09-27,5753.81982421875,5852.60986328125,5753.81982421875,5809.81982421875,85032200,-0.002702427887500827,97.23609830499367,0.1942581960908291
2022-09-28,5765.009765625,5773.080078125,5651.490234375,5692.5400390625,106668700,0.0019428961664890824,97.42520159217435,0.19517184995356002
2022-09-29,5676.8701171875,5746.2900390625,5628.419921875,5746.2900390625,102422800,-0.015406802519487601,95.93569448526733,0.19631112190546804
2022-09-30,5762.33984375,5770.77978515625,5688.33984375,5712.2001953125,102731500,0.014943569944226307,97.38008151649673,0.20181885811858347
2022-10-03,5794.14990234375,5804.27001953125,5654.43994140625,5697.47021484375,80848100,0.005505155913408895,97.91765239619133,0.18450634355984655
2022-10-04,6039.68994140625,6039.68994140625,5852.919921875,5859.4501953125,95391900,0.0415039054165161,102.06713154317437,0.23704354977359599
2022-10-05,5985.4599609375,6034.93017578125,5953.5498046875,6006.1201171875,75121600,-0.009019488080896781,101.1506774530164,0.2387139088470082
2022-10-06,5936.419921875,6018.47021484375,5917.27001953125,6004.10986328125,63735200,-0.008226943425143202,100.32193025466118,0.23998776249842363
2022-10-07,5866.93994140625,5956.9501953125,5855.66015625,5911.9599609375,65700300,-0.01177305170611609,99.14776032625093,0.24199639838670103
2022-10-10,5840.5498046875,5883.85009765625,5796.31005859375,5806.56982421875,64916700,-0.004508256165580968,98.70178287011552,0.23490313229813814
2022-10-11,5833.2001953125,5849.580078125,5770.47998046875,5796.830078125,66016800,-0.0012591687068972263,98.57757888710536,0.22070741546049835
2022-10-12,5818.47021484375,5872.490234375,5788.66015625,5842.10009765625,70096900,-0.0025283908310713464,98.32865106651887,0.21767692189096713
2022-10-13,5879.18994140625,5899.81982421875,5704.8701171875,5792.5400390625,86713000,0.01038160984398329,99.35477796681424,0.22281424338210165
2022-10-14,5931.919921875,6044.75,5921.14990234375,5965.7998046875,80215500,0.00892893748471262,100.24588295812771,0.22443925102184742
2022-10-17,6040.66015625,6068.3701171875,5910.39013671875,5949.64990234375,63825900,0.018165378528777573,102.08352759115742,0.2305712246275697
2022-10-18,6067.0,6139.77978515625,6057.3798828125,6098.60009765625,66543800,0.004350945593577991,102.52865512633551,0.23095164989698283
2022-10-19,6040.72021484375,6109.97021484375,6040.72021484375,6092.77001953125,66384700,-0.004341003253893953,102.08454254531038,0.22620784338024938
2022-10-20,6086.89990234375,6103.5,6029.52978515625,6046.81005859375,62634500,0.007615659172813701,102.86495152067374,0.22577198723191202
2022-10-21,6035.39013671875,6056.0400390625,5952.8798828125,6021.580078125,72699400,-0.008498406732408323,101.99446742715075,0.2172797552602931
2022-10-24,6131.35986328125,6175.6201171875,6041.14013671875,6076.2001953125,78770900,0.015776064602309833,103.61629815029157,0.20447635655846674
2022-10-25,6250.5498046875,6253.1201171875,6135.3798828125,6172.64990234375,78255100,0.019252865880304632,105.63053655427535,0.2111986884907971
2022-10-26,6276.31005859375,6282.75,6219.330078125,6244.64013671875,68833800,0.004112808876132615,106.0658693692944,0.2098642996468958
2022-10-27,6244.02978515625,6272.2001953125,6194.330078125,6253.85009765625,85178900,-0.0051564646592148315,105.52035214123157,0.21222799249390323
2022-10-28,6273.0498046875,6278.77001953125,6183.41015625,6192.18017578125,72520200,0.004636875769404059,106.01077303694262,0.20039931340551792
2022-10-31,6266.77001953125,6293.14990234375,6244.080078125,6279.7001953125,66506100,-0.0010015751054233022,105.90464844051067,0.19778031960214226
2022-11-01,6328.25,6383.7001953125,6306.0498046875,6329.759765625,60553400,0.009762663128012125,106.94362317508366,0.1987372131389295
2022-11-02,6276.8798828125,6376.2900390625,6273.5498046875,6351.31005859375,68322300,-0.008150713568025134,106.07549905625777,0.14967872241359786
2022-11-03,6243.27978515625,6245.68994140625,6191.72998046875,6209.6298828125,70824300,-0.005367372176047104,105.5076775918093,0.1468498041727086
2022-11-04,6416.43994140625,6466.31982421875,6289.06982421875,6291.39013671875,99100700,0.02735778674048637,108.433980202948,0.1660780438155596
2022-11-07,6416.60986328125,6442.41015625,6363.7001953125,6379.490234375,74724700,2.648191623902242e-05,108.43685178055149,0.15700627356980862
2022-11-08,6441.5,6451.16015625,6378.31982421875,6391.75,63537800,0.003871512698591652,108.85748013784242,0.15375646135826293
2022-11-09,6430.56982421875,6446.5,6405.83984375,6426.7998046875,65301500,-0.001698278296736115,108.67276673366474,0.15397695428295569
2022-11-10,6556.830078125,6573.85009765625,6381.419921875,6396.58984375,115490300,0.01944411241696211,110.80648917126446,0.15978639298378444
2022-11-11,6594.6201171875,6636.81005859375,6573.8701171875,6612.93017578125,98336500,0.005746916501071923,111.44511812828604,0.1588753944550161
2022-11-14,6609.169921875,6662.06982421875,6603.56005859375,6622.419921875,78284400,0.002203883965681905,111.69100108641365,0.1587376307820628
2022-11-15,6641.66015625,6684.08984375,6621.81982421875,6626.81982421875,75504200,0.004903888932872604,112.24006652818193,0.15151832587222674
2022-11-16,6607.22021484375,6656.330078125,6587.2001953125,6647.39990234375,85200600,-0.005198932742146469,111.6580522089117,0.15521620943683198
2022-11-17,6576.1201171875,6634.72998046875,6522.27978515625,6624.47021484375,70512200,-0.004718099444424528,111.13247924253736,0.15547870880478035
2022-11-18,6644.4599609375,6667.2001953125,6601.56005859375,6620.580078125,83554600,0.010338495293068585,112.28738154536106,0.1565492688932609
2022-11-21,6634.4501953125,6649.759765625,6613.919921875,6625.10009765625,65020100,-0.0015076188336485817,112.1182225198689,0.15120097830890705
2022-11-22,6657.52978515625,6669.169921875,6615.580078125,6643.7001953125,63964600,0.003472712578883279,112.5082537226952,0.14554766095496688
2022-11-23,6679.08984375,6681.41015625,6642.02978515625,6677.97021484375,55283400,0.0032332147088969163,112.8726057602858,0.13443994015380797
2022-11-24,6707.31982421875,6730.16015625,6679.7998046875,6683.43994140625,53784900,0.0042177137885058,113.34967547047266,0.1344498212089764
2022-11-25,6712.47998046875,6725.0,6686.6298828125,6710.35986328125,47928700,0.0007690362865941845,113.43687901102884,0.13136152436925969
2022-11-28,6665.2001953125,6693.919921875,6641.2998046875,6678.10986328125,66210300,-0.007068487419370823,112.6378790461809,0.13619262253790093
2022-11-29,6668.97021484375,6695.85986328125,6649.8798828125,6686.9599609375,64658900,0.000565467444279079,112.70159011134311,0.13573621726280152
2022-11-30,6738.5498046875,6743.60009765625,6678.75,6706.669921875,137628600,0.01037928183423737,113.87744337834849,0.13614167481746378
2022-12-01,6753.97021484375,6791.31005859375,6730.5498046875,6784.60009765625,76833000,0.0022857726870767767,114.13803904586403,0.1300431032955629
2022-12-02,6742.25,6767.72021484375,6689.759765625,6728.85986328125,73971700,-0.0017368148419886482,113.93997445616215,0.12751141257248272
2022-12-05,6696.9599609375,6738.97021484375,6685.52001953125,6728.7099609375,64996300,-0.006740010855704252,113.17460000491815,0.09924494275850432
2022-12-06,6687.7900390625,6704.740234375,6656.93017578125,6677.490234375,68966200,-0.0013702046447905988,113.01963383424776,0.09971836777024894
2022-12-07,6660.58984375,6696.64990234375,6642.43994140625,6687.33984375,70960500,-0.00407543585049624,112.55996687453715,0.10159243390712859
2022-12-08,6647.31005859375,6679.56982421875,6629.35986328125,6677.0,67338600,-0.0019957753907999805,112.3355464834976,0.10171900940258216
2022-12-09,6677.64013671875,6680.08984375,6618.27001953125,6671.77978515625,73547100,0.004552381819205899,112.8481065823987,0.07939442308642829
2022-12-12,6650.5498046875,6681.2998046875,6634.97021484375,6647.89990234375,62590500,-0.004065123539880131,112.3902962461386,0.07907437290138916
2022-12-13,6744.97998046875,6823.10009765625,6642.08984375,6672.22021484375,86739300,0.014098992953482088,113.98610948599274,0.09214531448094725
2022-12-14,6730.7900390625,6733.85009765625,6694.330078125,6727.75,76945400,-0.0021059941851633277,113.74630800112308,0.09157103376919694
2022-12-15,6522.77001953125,6680.22021484375,6503.0,6674.2900390625,103759900,-0.031393392078238554,110.23089464330323,0.14307303246544162
2022-12-16,6452.6298828125,6515.7001953125,6418.9501953125,6505.6298828125,156200000,-0.010811353860636246,109.04556847087025,0.1467849798371864
2022-12-19,6473.2900390625,6510.4599609375,6470.93017578125,6470.93017578125,64477300,0.003196704601076851,109.39471269948613,0.1418970597221409
2022-12-20,6450.43017578125,6468.93994140625,6388.22998046875,6418.68994140625,74259100,-0.0035376635739982343,109.00839474356087,0.14211887835500386
2022-12-21,6580.240234375,6586.47998046875,6467.56982421875,6469.10986328125,70962400,0.019924431950880433,111.20210674776199,0.15950152733061224
2022-12-22,6517.97021484375,6614.35009765625,6503.8798828125,6587.5,56190600,-0.009508243726505682,110.14978082766478,0.16177823114753662
2022-12-23,6504.89990234375,6533.580078125,6476.0498046875,6513.2001953125,42984900,-0.0020072866842655314,109.92890039867089,0.16060249999527937
2022-12-27,6550.66015625,6579.330078125,6543.259765625,6559.6298828125,33013100,0.007010107738787762,110.70222119828314,0.1631288583145647
2022-12-28,6510.490234375,6572.1201171875,6505.669921875,6561.5,40109400,-0.006151073577490232,110.02337365149334,0.1627408179656102
2022-12-29,6573.47021484375,6577.080078125,6474.72998046875,6486.64990234375,41261600,0.009627125844038648,111.0876974849108,0.16689650229989225
2022-12-30,6473.759765625,6540.509765625,6470.64013671875,6533.1201171875,42838300,-0.015284836798084352,109.40265079619462,0.1691193404437535
2023-01-02,6594.56982421875,6601.10986328125,6518.2099609375,6521.06982421875,47388200,0.018489509227697855,111.44426820732878,0.18293421713437175
2023-01-03,6623.89013671875,6696.10009765625,6580.08984375,6580.08984375,73986700,0.004436274826757168,111.93976387380462,0.18392649467411812
2023-01-04,6776.43017578125,6780.830078125,6659.830078125,6660.60009765625,94387100,0.02276760923927018,114.51759889242943,0.19973146831852917
2023-01-05,6761.5,6792.08984375,6732.0400390625,6744.5,71666600,-0.0022056816131228664,114.26528789133312,0.19985422465665922
2023-01-06,6860.9501953125,6860.9501953125,6757.4599609375,6772.93994140625,0,0.014601185650779204,115.94593644538654,0.20485051733615867
2023-01-09,6907.35986328125,6928.43017578125,6851.66015625,6861.58984375,78531000,0.006741545409955759,116.73023195250632,0.20525507536350018
2023-01-10,6869.14013671875,6885.43994140625,6845.81005859375,6882.009765625,64470300,-0.005548553640849728,116.08434153487828,0.20654385474253154
2023-01-11,6924.18994140625,6946.669921875,6874.7099609375,6879.10009765625,76436500,0.007982132909800745,117.01465016180703,0.2067827680513838
2023-01-12,6975.68017578125,7015.7001953125,6946.2998046875,6947.33984375,82168400,0.007408769933106091,117.88480418893883,0.2030835641523943
2023-01-13,7023.5,7035.81982421875,6977.85986328125,6989.58984375,76364900,0.00683183009475828,118.69293048950358,0.2033875653636858
2023-01-16,7043.31005859375,7052.52001953125,7016.31982421875,7036.47998046875,56440600,0.0028165691592383158,119.02770857844224,0.1630915423587327
2023-01-17,7077.16015625,7104.89990234375,7020.81982421875,7036.91015625,82336900,0.004794480917987845,119.59975489269814,0.15437540169665337
2023-01-18,7083.39013671875,7115.2001953125,7072.4501953125,7073.6201171875,68097000,0.0008799066055786597,119.70503781983253,0.15481080639627676
2023-01-19,6951.8701171875,7056.14013671875,6946.740234375,7047.64013671875,80486000,-0.018741920981182637,117.48242850308151,0.1724504807647025
2023-01-20,6995.990234375,7015.9599609375,6965.4501953125,6996.22021484375,64034900,0.0063264562779963415,118.22803197749236,0.1623334205143568
2023-01-23,7032.02001953125,7044.509765625,6988.509765625,7014.91015625,51105500,0.0051368460289284296,118.83691370100667,0.1560131812758063
2023-01-24,7050.47998046875,7064.68994140625,7011.39990234375,7053.0400390625,57820900,0.002621689545298839,119.14887595065338,0.15473016237770057
2023-01-25,7043.8798828125,7070.83984375,6999.93017578125,7057.81982421875,55620400,-0.0009365587657344019,119.03733826540565,0.15512391920682753
2023-01-26,7095.990234375,7117.52978515625,7078.02001953125,7095.10986328125,68505600,0.0073707307139191155,119.91797190045818,0.15160347812265607
2023-01-27,7097.2099609375,7117.47998046875,7062.68994140625,7085.47021484375,68167800,0.00017187477788210492,119.9385845465889,0.15079670475541404
2023-01-30,7082.009765625,7103.66015625,7030.9501953125,7054.240234375,60633400,-0.0021440109439437383,119.68171037763418,0.13616687423107934
2023-01-31,7082.419921875,7088.97021484375,7025.52978515625,7075.08984375,78055900,5.7913556586925826e-05,119.68864177184946,0.12655579396663053
2023-02-01,7077.10986328125,7110.2099609375,7059.60986328125,7087.2001953125,63651600,-0.0007500332176634094,119.59890497174082,0.12729302497728343
2023-02-02,7166.27001953125,7184.68994140625,7079.41015625,7110.02978515625,95949900,0.012519685858216363,121.10565804758824,0.1113461031320687
2023-02-03,7233.93994140625,7233.93994140625,7113.419921875,7136.39990234375,89988400,0.009398532407297667,122.24923907319362,0.1122049594327414
2023-02-06,7137.10009765625,7187.27001953125,7104.52001953125,7181.97021484375,68293300,-0.013477286166139054,120.61270389232467,0.1183003056258644
2023-02-07,7132.35009765625,7154.509765625,7108.4599609375,7145.83984375,73508000,-0.0006657579809216604,120.53243174598379,0.11724219318299241
2023-02-08,7119.830078125,7190.85986328125,7119.830078125,7181.580078125,84748800,-0.0017569273749549214,120.32085093756208,0.11507497303953763
2023-02-09,7188.35986328125,7225.8798828125,7179.64013671875,7179.64013671875,81784900,0.009579172412949548,121.47896313604025,0.11629877483260534
2023-02-10,7129.72998046875,7182.919921875,7074.6298828125,7165.41015625,79146100,-0.008189669313082619,120.48815333960374,0.11930523831026289
2023-02-13,7208.58984375,7213.93994140625,7138.91015625,7147.47998046875,57944800,0.01099998596972332,121.82083765238984,0.12268074038216692
2023-02-14,7213.81005859375,7271.47998046875,7204.509765625,7225.2998046875,73276800,0.0007239038033977073,121.90905614709895,0.12255571501950485
2023-02-15,7300.85986328125,7318.77978515625,7200.72998046875,7206.830078125,75504300,0.011994878128083867,123.38014554937678,0.1276923601850879
2023-02-16,7366.16015625,7387.2900390625,7325.75,7346.2998046875,91730300,0.008904429713295789,124.48368127006933,0.13021645563761036
2023-02-17,7347.72021484375,7368.0,7267.77001953125,7311.14013671875,80226800,-0.002506470162199739,124.1720573384736,0.10811491689573013
2023-02-20,7335.60986328125,7363.41015625,7318.72998046875,7361.2099609375,48622700,-0.0016495378424460417,123.96739967260741,0.10821595730719402
2023-02-21,7308.64990234375,7342.68017578125,7241.2099609375,7319.93017578125,68754800,-0.0036819875947388878,123.51179252950861,0.10956286559457622
2023-02-22,7299.259765625,7307.81982421875,7231.6298828125,7282.490234375,83809200,-0.0012856237785611898,123.35310486027737,0.11004543706259155
2023-02-23,7317.43017578125,7357.68017578125,7301.419921875,7309.02978515625,79939200,0.0024862564081302744,123.66017387567447,0.10966937039724536
2023-02-24,7187.27001953125,7366.06982421875,7187.27001953125,7359.759765625,94517800,-0.01794778912283428,121.46054543141105,0.12717917165063358
2023-02-27,7295.5498046875,7324.02978515625,7243.02978515625,7243.02978515625,69314300,0.014953138137914986,123.29040874926814,0.13650523492410924
2023-02-28,7267.93017578125,7317.97998046875,7249.47021484375,7253.5400390625,102729300,-0.003793003053751254,122.8236536138064,0.1371493485019237
2023-03-01,7234.25,7327.2900390625,7219.39990234375,7279.33984375,79246600,-0.00464485145352521,122.254478877154,0.13861714301489952
2023-03-02,7284.22021484375,7286.240234375,7169.66015625,7176.41015625,70461500,0.006883702129149643,123.09894548739031,0.13991215787677092
2023-03-03,7348.1201171875,7358.0400390625,7308.14990234375,7313.47998046875,0,0.008734120053177438,124.17881544783351,0.13668971950370057
2023-03-06,7373.2099609375,7401.14990234375,7349.97998046875,7385.75,68683500,0.0034086414623874916,124.6028187339745,0.13370147141980512
2023-03-07,7339.27001953125,7398.02978515625,7336.2001953125,7355.8701171875,64092400,-0.004613770303519632,124.02925411431906,0.1249228009186832
2023-03-08,7324.759765625,7346.6201171875,7305.919921875,7305.919921875,56907200,-0.0019790274371622217,123.78403954063364,0.12526953012964345
2023-03-09,7315.8798828125,7333.22021484375,7274.0498046875,7317.43017578125,64735900,-0.001213045893432506,123.63397485587262,0.12511814926355364
2023-03-10,7220.669921875,7256.47998046875,7166.89013671875,7193.3701171875,99781300,-0.013099576406587798,122.02498371534965,0.13073315925650236
2023-03-13,7011.5,7211.43994140625,6979.5498046875,7211.43994140625,141250200,-0.029396077379018837,118.49013769874763,0.16425101709200585
2023-03-14,7141.56982421875,7162.56982421875,6989.9599609375,7029.22021484375,100862300,0.018380957336482835,120.68823958595173,0.17270278236443004
2023-03-15,6885.7099609375,7123.2001953125,6861.6298828125,7123.2001953125,174797900,-0.03648437159962336,116.36436160951615,0.212941047482667
2023-03-16,7025.72021484375,7063.31005859375,6876.60986328125,6987.6298828125,132832700,0.02012948772933565,118.73045078652366,0.22147505005876247
2023-03-17,6925.39990234375,7104.75,6895.72998046875,7086.10009765625,203828600,-0.014381933613825231,117.0350977747421,0.22194492880714192
2023-03-20,7013.14013671875,7049.759765625,6796.2099609375,6900.89990234375,0,0.012589753739228625,118.51785502394901,0.22838239391114273
2023-03-21,7112.91015625,7150.330078125,7083.81005859375,7089.009765625,94861700,0.014125912973185255,120.20390841515838,0.2353112526786654
2023-03-22,7131.1201171875,7157.72998046875,7080.18017578125,7105.31982421875,65186100,0.0025568565228502598,120.51164581499766,0.23556398548905816
2023-03-23,7139.25,7149.919921875,7073.5,7118.14013671875,0,0.0011394075451846748,120.64903595033643,0.2356988621772662
2023-03-24,7015.10009765625,7108.66015625,6953.580078125,7108.16015625,0,-0.01754274627620525,118.55097718630634,0.2420335888791657
2023-03-27,7078.27001953125,7119.58984375,7039.08984375,7103.52978515625,80202400,0.008964547782891661,119.6185109153783,0.23761770033364288
2023-03-28,7088.33984375,7154.56005859375,7066.27001953125,7145.66015625,71634200,0.0014216281823076426,119.78868489502344,0.23089460202378517
2023-03-29,7186.990234375,7201.25,7125.1201171875,7141.0498046875,78047700,0.013821321188824596,121.45581723035703,0.2365605259072062
2023-03-30,7263.3701171875,7292.39013671875,7222.68994140625,7222.68994140625,73846100,0.010571444901752523,122.74659136311999,0.23908728332629423
2023-03-31,7322.39013671875,7341.7900390625,7264.81982421875,7271.18994140625,84335300,0.008092871489413036,123.74399423572078,0.23954999242776262
2023-04-03,7345.9599609375,7362.39013671875,7332.64013671875,7341.68994140625,64074600,0.003213700838518273,124.14231010496628,0.23784339011810107
2023-04-04,7344.9599609375,7399.58984375,7344.33984375,7375.7900390625,66324100,-0.0001361385137026307,124.12541070573664,0.23751741926723363
2023-04-05,7316.2998046875,7359.39990234375,7300.330078125,7350.02978515625,76911000,-0.003909649404605507,123.6410712832835,0.2373643853451705
2023-04-06,7324.75,7344.33984375,7312.60986328125,7328.56982421875,67271300,0.0011543156212855262,123.78387450743801,0.23730821187425777
2023-04-11,7390.27978515625,7403.669921875,7370.08984375,7381.77001953125,73186100,0.008906569582589114,124.89128850822722,0.2392378292834159
2023-04-12,7396.93994140625,7463.669921875,7379.7900390625,7396.81005859375,63577700,0.0009007990445148178,125.00384114762785,0.23408378610447902
2023-04-13,7480.830078125,7485.58984375,7450.759765625,7450.759765625,59146200,0.011277365585729485,126.42153405946863,0.20818227589971997
2023-04-14,7519.60986328125,7533.41015625,7491.43017578125,7500.77001953125,71857700,0.005170497892427917,127.07688913086446,0.20085340052107373
2023-04-17,7498.18017578125,7552.0,7498.06982421875,7535.39013671875,67745800,-0.00285390886266135,126.71474028643514,0.14461145419189475
2023-04-18,7533.6298828125,7559.35009765625,7509.0,7509.0,67638400,0.004716633939993971,127.31381903813069,0.132366187581505
2023-04-19,7549.43994140625,7558.9501953125,7513.77001953125,7530.5400390625,0,0.0020963987528122645,127.58099953015073,0.1158743606829287
2023-04-20,7538.7099609375,7546.06982421875,7506.919921875,7541.68017578125,72892900,-0.0014223058952957622,127.3996693064829,0.11308466749911848
2023-04-21,7577.0,7577.0,7518.31982421875,7551.5,73188400,0.0050662682812591545,128.0467479631193,0.10645994062141105
2023-04-24,7573.85986328125,7581.259765625,7545.60009765625,7545.60009765625,63568000,-0.0004145159802213718,127.99368153907345,0.10711481530659786
2023-04-25,7531.60986328125,7541.72021484375,7504.259765625,7528.14990234375,73945200,-0.00559401474329363,127.27968192162041,0.11095501510133424
2023-04-26,7466.66015625,7508.1298828125,7427.52978515625,7496.47998046875,91913500,-0.008661013964020522,126.18207089264996,0.09360025232120059
2023-04-27,7483.83984375,7507.259765625,7446.66015625,7450.10009765625,78104400,0.0022982101015478966,126.47239729035324,0.09103491704907186
2023-04-28,7491.5,7505.0498046875,7403.2001953125,7498.6201171875,87006000,0.0010230361378131653,126.60184932898355,0.09111329667721306
2023-05-02,7383.2001953125,7505.919921875,7374.06005859375,7466.81982421875,83037300,-0.01456186907819431,124.7716476930755,0.09983600575100371
2023-05-03,7403.830078125,7445.9501953125,7395.81982421875,7410.56005859375,61108100,0.0027902690148982985,125.12028031878498,0.0941933134038692
2023-05-04,7340.77001953125,7393.02001953125,7316.14013671875,7381.39990234375,79974300,-0.008553700020641125,124.05460321316355,0.09584039398740979
2023-05-05,7432.93017578125,7437.60009765625,7354.60009765625,7388.009765625,70692800,0.012476407468005372,125.61205448669999,0.10458121863779996
2023-05-08,7440.91015625,7456.4599609375,7416.22021484375,7427.9599609375,46786900,0.0010730223071212042,125.74691136248629,0.10456361789396873
2023-05-09,7397.169921875,7419.89990234375,7358.4501953125,7415.009765625,63457500,-0.005895690121963351,125.00772767938433,0.10586541099461247
2023-05-10,7361.2001953125,7416.31982421875,7337.66015625,7403.6201171875,75389600,-0.004874494608687365,124.39986091002302,0.10746069666914283
2023-05-11,7381.77978515625,7436.93994140625,7333.919921875,7383.580078125,0,0.002791783375891347,124.74764361477517,0.10324958294692639
2023-05-12,7414.85009765625,7463.7001953125,7395.60009765625,7420.41015625,58340400,0.004469986453146662,125.30651202836222,0.104399691568991
2023-05-15,7418.2099609375,7455.6298828125,7397.85986328125,7443.3798828125,48638700,0.00045302362768581347,125.36329169930916,0.09623169572076436
2023-05-16,7406.009765625,7427.56982421875,7377.81005859375,7394.85009765625,61261800,-0.001645981817861735,125.1571157280434,0.09413388998446982
2023-05-17,7399.43994140625,7422.580078125,7354.5400390625,7378.830078125,57783800,-0.0008874873482361187,125.04608964570207,0.09381945124192502
2023-05-18,7446.89013671875,7481.77978515625,7426.39013671875,7440.75,59991600,0.006392200177618599,125.84796943981327,0.09519238286195052
2023-05-19,7491.9599609375,7523.56005859375,7463.9599609375,7469.77978515625,67973200,0.00603392639552499,126.60962239249645,0.09752114623838153
2023-05-22,7478.16015625,7493.3798828125,7452.68994140625,7467.93017578125,57439200,-0.0018436470099515284,126.37641398379107,0.09758965988099652
2023-05-23,7378.7099609375,7459.3701171875,7378.7099609375,7457.18017578125,65786700,-0.013387972023683865,124.69576542973766,0.10524168936816544
2023-05-24,7253.4599609375,7308.58984375,7223.580078125,7306.14013671875,77511200,-0.017120230274649727,122.57911567622297,0.11860723182856002
2023-05-25,7229.27001953125,7261.0498046875,7197.39990234375,7261.0498046875,59437600,-0.0033405254304567675,122.17032019905672,0.11801621886026473
2023-05-26,7319.18017578125,7334.31005859375,7208.43994140625,7256.5,58221500,0.012360258270273696,123.6897478243264,0.1252038809191025
2023-05-29,7303.81005859375,7356.56982421875,7292.10986328125,7352.93017578125,33459400,-0.0021021860237111587,123.4300020777682,0.1246923511866574
2023-05-30,7209.75,7296.3798828125,7195.3798828125,7279.8798828125,69222900,-0.012961861201292543,121.8404435960274,0.1308661009003877
2023-05-31,7098.7001953125,7185.1298828125,7083.60009765625,7136.169921875,214675800,-0.01552258042693111,119.96376861223777,0.13208088187621367
2023-06-01,7137.43017578125,7171.60009765625,7090.4599609375,7139.39013671875,58144900,0.005441096001639629,120.61828201433605,0.13357047913400713
2023-06-02,7270.68994140625,7278.0,7179.31005859375,7181.7998046875,71138500,0.018498397367669835,122.8702919948836,0.14826083420631558
2023-06-05,7200.91015625,7294.81005859375,7193.3701171875,7294.81005859375,54498100,-0.009643760951134417,121.69105554736836,0.14367869900395683
2023-06-06,7209.0,7219.3701171875,7175.60009765625,7189.6298828125,53479000,0.0011228167992995502,121.82776904660516,0.14369008210468007
2023-06-07,7202.7900390625,7227.58984375,7170.93994140625,7198.240234375,50824500,-0.0008617890359216883,121.72282443752177,0.14280859074973307
2023-06-08,7222.14990234375,7236.14990234375,7184.18994140625,7196.22021484375,51059700,0.0026842226011276203,122.04999449614323,0.14280388463752466
2023-06-09,7213.14013671875,7239.52001953125,7185.259765625,7230.9501953125,57292200,-0.0012482973006530766,121.8977348698807,0.1421693715990493
2023-06-12,7250.35009765625,7283.330078125,7237.85009765625,7250.14990234375,56911400,0.005145375345593239,122.52656085508346,0.14252162116800676
2023-06-13,7290.7998046875,7308.0,7244.419921875,7290.31005859375,65501800,0.005563495547155046,123.21013660292728,0.14429740768359584
2023-06-14,7328.52978515625,7358.990234375,7288.4599609375,7290.93994140625,66153600,0.005161668188169468,123.8477506057959,0.14572928839942978
2023-06-15,7290.91015625,7313.47021484375,7246.330078125,7304.97021484375,60422800,-0.005146532574747274,123.21200147803759,0.14661582806140408
2023-06-16,7388.64990234375,7403.8798828125,7297.72998046875,7312.06982421875,170731900,0.013316637565641382,124.86374446788129,0.15267535893850248
2023-06-19,7314.0498046875,7362.43994140625,7302.6298828125,7353.31005859375,0,-0.010147896554186044,123.60304763501684,0.15439881503306743
2023-06-20,7294.169921875,7322.56982421875,7281.1201171875,7303.240234375,55853400,-0.002721740972810784,123.26708955872958,0.15447886142450812
2023-06-21,7260.97021484375,7297.85009765625,7246.85986328125,7273.89013671875,48414000,-0.004561929915691307,122.7060344553008,0.14860904114250878
2023-06-22,7203.27978515625,7206.89013671875,7145.06005859375,7194.259765625,53704500,-0.007977010298304714,121.7311008522812,0.13899517110234053
2023-06-23,7163.419921875,7193.77978515625,7128.64013671875,7165.3798828125,51938700,-0.005548938360260556,121.05749310945177,0.13980590917587715
2023-06-26,7184.35009765625,7203.4599609375,7105.72021484375,7175.8798828125,52606600,0.0029175531249008963,121.41120050592602,0.13255482446947373
2023-06-27,7215.580078125,7236.2099609375,7161.72021484375,7212.830078125,49886400,0.004337525120085181,121.93896841380185,0.1336823027140649
2023-06-28,7286.31982421875,7292.89013671875,7250.68017578125,7250.68017578125,53588400,0.009756005440832398,123.13442762444478,0.1302879882647381
2023-06-29,7312.72998046875,7349.18017578125,7288.64990234375,7295.759765625,60930900,0.00361806904056516,123.58074339863117,0.11679663842400839
2023-06-30,7400.06005859375,7419.35986328125,7337.27978515625,7339.89013671875,84279200,0.01187145381943504,125.05656925362278,0.12161469889557709
2023-07-03,7386.7001953125,7426.60009765625,7386.7001953125,7415.169921875,46756600,-0.0018070039260979103,124.83079559037928,0.10560672105038353
2023-07-04,7369.93017578125,7401.4599609375,7368.97021484375,7390.91015625,38120100,-0.002272880234714159,124.54739233523154,0.09936513302970695
2023-07-05,7310.81005859375,7352.1201171875,7294.60009765625,7327.77978515625,60271900,-0.008054149291311371,123.5482978723758,0.10430658475086224
2023-07-06,7082.2900390625,7240.2001953125,7065.259765625,7239.89990234375,83220200,-0.031756775499904716,119.68644683034795,0.15337775070117307
2023-07-07,7111.8798828125,7151.06982421875,7052.77001953125,7098.75,55691900,0.004169301449311886,120.18649741302241,0.1538886617529242
2023-07-10,7143.68994140625,7173.64990234375,7082.4599609375,7082.4599609375,41303800,0.004462832672757155,120.724068292717,0.15491583185313212
2023-07-11,7220.009765625,7244.9599609375,7172.14013671875,7176.18017578125,43936800,0.010626864110047556,122.01382747132699,0.1585366332166486
2023-07-12,7333.009765625,7348.06005859375,7231.330078125,7241.06005859375,60353600,0.015529735363985615,123.92345958427838,0.1666529163696415
2023-07-13,7369.7998046875,7409.009765625,7335.60986328125,7346.56005859375,53762900,0.005004501441783846,124.54518914207027,0.16659572739468698
2023-07-14,7374.5400390625,7403.14990234375,7353.919921875,7353.919921875,38957900,0.0006429904069695439,124.62529625521552,0.165428192184539
2023-07-17,7291.66015625,7332.5,7268.72998046875,7314.169921875,35648100,-0.011302281978172148,123.22467602745981,0.16344699752231018
2023-07-18,7319.18017578125,7326.72021484375,7275.52001953125,7280.18994140625,36847300,0.0037670731388748384,123.6897478243264,0.16031421444537097
2023-07-19,7326.93994140625,7382.89013671875,7317.5400390625,7369.7998046875,44834900,0.0010596343999616086,123.82088320155182,0.1600302930120672
2023-07-20,7384.91015625,7391.4501953125,7301.1201171875,7302.22021484375,52025800,0.007880791944961453,124.80054500562541,0.1611527131960846
2023-07-21,7432.77001953125,7433.31005859375,7379.6201171875,7389.509765625,50212100,0.006459854598687043,125.60934794229209,0.15898411210368465
2023-07-24,7427.31005859375,7435.93017578125,7390.81982421875,7405.66015625,0,-0.0007348494967045541,125.51707788263093,0.15716140554600466
2023-07-25,7415.4501953125,7450.3701171875,7401.830078125,7449.93994140625,46585200,-0.0015980674217418336,125.31665331823191,0.1575069147514933
2023-07-26,7315.06982421875,7369.06982421875,7251.02001953125,7363.5400390625,61674900,-0.013629108107790387,123.62028535229742,0.16553179361521056
2023-07-27,7465.240234375,7477.10986328125,7340.02978515625,7358.66015625,81038100,0.020321032129073772,126.15807506600937,0.17653335445442517
2023-07-28,7476.47021484375,7498.93994140625,7416.2001953125,7449.2001953125,68278600,0.0015031722936209736,126.34785498929202,0.1763134670059744
2023-07-31,7497.77978515625,7526.0498046875,7464.64990234375,7473.1201171875,60786100,0.00284616387433228,126.70797392541544,0.17205733350369032
2023-08-01,7406.080078125,7499.52978515625,7403.16015625,7478.10009765625,53827600,-0.012305653037068192,125.15830396705165,0.17767873634564363
2023-08-02,7312.83984375,7377.009765625,7287.0400390625,7312.91015625,66100000,-0.012669609197184763,123.58260002208166,0.18301643565763714
2023-08-03,7260.52978515625,7271.830078125,7213.8701171875,7256.06005859375,70017100,-0.007178886500738742,122.69859145817905,0.18257800863480045
2023-08-04,7315.06982421875,7323.18994140625,7244.18994140625,7286.97998046875,67381300,0.0074837804379644345,123.62028535229739,0.1439947478136925
2023-08-07,7319.759765625,7330.240234375,7269.47998046875,7290.3701171875,40392600,0.0006409287567042252,123.6995425444853,0.14370140210556534
2023-08-08,7269.47021484375,7325.72998046875,7219.1201171875,7271.0498046875,59934000,-0.00689409242718144,122.8496793487528,0.14599060105466855
2023-08-09,7322.0400390625,7381.3798828125,7317.3798828125,7351.02001953125,49539900,0.0072055669024990625,123.7380777956584,0.14355892214899169
2023-08-10,7433.6201171875,7464.7900390625,7368.9501953125,7373.5498046875,55462200,0.015123986835002655,125.62371408196921,0.14303559969979127
2023-08-11,7340.18994140625,7406.89013671875,7317.759765625,7391.25,45994600,-0.012648249973911084,124.04480024134475,0.1492013156052971
2023-08-14,7348.83984375,7371.93017578125,7309.93994140625,7326.77978515625,37852500,0.001177736510864886,124.19097839434932,0.14925050101497928
2023-08-15,7267.7001953125,7357.7099609375,7236.56005859375,7355.080078125,36007600,-0.011102556652135238,122.81976708204989,0.1490642216432325
2023-08-16,7260.25,7301.10986328125,7241.10009765625,7246.72998046875,35669800,-0.0010256362205858362,122.69386325712503,0.14839771049146716
2023-08-17,7191.740234375,7261.89990234375,7183.5,7229.06005859375,44487100,-0.009481085679415788,121.53608937669786,0.1515633235781577
2023-08-18,7164.10986328125,7172.990234375,7092.72021484375,7163.2099609375,49419000,-0.003849358278844186,121.06915270472096,0.14842800264412695
2023-08-21,7198.06005859375,7259.31982421875,7165.06982421875,7165.06982421875,39845700,0.0047277338638304035,121.64289060923178,0.14738321389518416
2023-08-22,7240.8798828125,7293.6298828125,7223.06982421875,7227.10009765625,0,0.005931176377462613,122.36651991364822,0.14962710796564047
2023-08-23,7246.6201171875,7295.35986328125,7224.06982421875,7265.97998046875,39128000,0.0007924396445745552,122.46352642602314,0.14977816887326217
2023-08-24,7214.4599609375,7343.77001953125,7210.0,7309.60986328125,37453800,-0.004447829497580947,121.92003910626622,0.14333683206120137
2023-08-25,7229.60009765625,7287.56005859375,7196.83984375,7199.58984375,32957800,0.002096383177885336,122.17589832106796,0.1220473829280152
2023-08-28,7324.7099609375,7340.35009765625,7261.5,7294.33984375,35231600,0.013069835229302365,123.78319787133603,0.13184970962731749
2023-08-29,7373.43017578125,7378.0498046875,7322.4501953125,7345.56982421875,47511000,0.006629463704572533,124.60654023253525,0.13386769237501225
2023-08-30,7364.39990234375,7405.4501953125,7321.35009765625,7396.14013671875,37841600,-0.0012254551069899042,124.45393403656195,0.12720132543123275
2023-08-31,7316.7001953125,7386.9501953125,7316.7001953125,7372.64990234375,97985800,-0.0064981335949114115,123.64783764430314,0.12127912451440881
2023-09-01,7296.77001953125,7358.52978515625,7294.490234375,7310.68017578125,45903600,-0.002727646184655362,123.31102964705853,0.11890460401009048
2023-09-04,7279.509765625,7358.89013671875,7267.25,7332.2001953125,34351600,-0.002368267106276192,123.01934172549154,0.11620633668183679
2023-09-05,7254.72021484375,7288.35009765625,7183.7998046875,7241.2001953125,51494100,-0.0034111989218188255,122.60041321011532,0.11666964679632569
2023-09-06,7194.08984375,7221.43994140625,7168.83984375,7217.43994140625,50998000,-0.008392487231353055,121.57579636355973,0.11782622120480828
2023-09-07,7196.10009765625,7240.72021484375,7165.97998046875,7165.97998046875,50965400,0.00027939227036090185,121.60976844687441,0.11451807592199603
2023-09-08,7240.77001953125,7246.740234375,7136.56005859375,7219.91015625,45098500,0.006188330859366881,122.36466329019768,0.1023762970777155
2023-09-11,7278.27001953125,7316.5,7253.64990234375,7275.3701171875,45367500,0.005165642258184185,122.99839076130988,0.09577521042905866
2023-09-12,7252.8798828125,7297.8701171875,7241.990234375,7290.6201171875,49023200,-0.003494584080175932,122.5693127044041,0.0961701111618409
2023-09-13,7222.56982421875,7249.33984375,7184.56005859375,7224.6201171875,53756100,-0.004187794300609275,122.05709092355399,0.08942526801949101
2023-09-14,7308.669921875,7323.68017578125,7184.25,7216.080078125,68698900,0.011850483065873742,123.5121308475595,0.09874139440126041
2023-09-15,7378.81982421875,7435.35986328125,7366.2099609375,7381.31982421875,154925000,0.009552406432718489,124.69762205318806,0.09694216466563965
2023-09-18,7276.14013671875,7353.5498046875,7255.02978515625,7353.5498046875,73474400,-0.014013189804863152,122.96239702134903,0.10925461383875269
2023-09-19,7282.1201171875,7306.02001953125,7247.02001953125,7250.0498046875,53260300,0.000821524097080256,123.063455098676,0.10829138756212954
2023-09-20,7330.7900390625,7351.2900390625,7272.68017578125,7278.919921875,58755900,0.0066612469823550185,123.8859475389179,0.10877669491557941
2023-09-21,7213.89990234375,7270.06005859375,7199.10986328125,7252.41015625,60321000,-0.016073584768696064,121.91057445249844,0.12312140533471456
2023-09-22,7184.81982421875,7203.97021484375,7133.64990234375,7157.39013671875,53604800,-0.004039264353444301,121.41913860263442,0.1229524629468684
2023-09-25,7123.8798828125,7199.9501953125,7087.6298828125,7157.22998046875,50383800,-0.008517938193273547,120.38929020377822,0.1259209824471244
2023-09-26,7074.02001953125,7095.4599609375,7033.830078125,7083.85986328125,49374400,-0.007023583571180933,119.54668846865222,0.11716600852976554
2023-09-27,7071.7900390625,7106.3701171875,7053.10986328125,7070.39013671875,52633000,-0.0003152849469893521,119.50900313843647,0.11338519729364728
2023-09-28,7116.240234375,7117.330078125,7042.740234375,7068.02978515625,53878800,0.006265893134876369,120.26018473485868,0.1169349970381352
2023-09-29,7135.06005859375,7204.9599609375,7135.06005859375,7152.2998046875,62306100,0.0026411393728085746,120.57822845776332,0.1164279082124366
2023-10-02,7068.16015625,7197.0,7035.64990234375,7164.0498046875,0,-0.009420454810040816,119.44766029963117,0.11979618022735204
2023-10-03,6997.0498046875,7075.490234375,6989.77001953125,7031.58984375,60270400,-0.010111609801307937,118.24593807921514,0.12343817475254237
2023-10-04,6996.72998046875,7050.68994140625,6948.02978515625,6959.52001953125,53552300,-4.5709482886763676e-05,118.24053324205917,0.12346425819743112
2023-10-05,6998.25,7025.5,6970.58984375,7009.81982421875,62848100,0.00021722353863283948,118.26622065895462,0.12118654276633167
2023-10-06,7060.14990234375,7064.43994140625,6981.490234375,7022.06982421875,60655400,0.008806166106231252,119.31229182093853,0.12609951144730758
2023-10-09,7021.39990234375,7057.81005859375,6980.330078125,7041.3798828125,52188000,-0.00550366946111695,118.65744010078927,0.12430044358582408
2023-10-10,7162.43017578125,7170.31982421875,7085.1298828125,7086.72021484375,62230600,0.019886718966097644,121.04076699507745,0.14321626068982304
2023-10-11,7131.2099609375,7166.5,7080.009765625,7090.18017578125,59889100,-0.004368413391291734,120.5131641203972,0.14345797022688897
2023-10-12,7104.52978515625,7182.2998046875,7097.52978515625,7175.77001953125,51297700,-0.0037483414975671234,120.0622851783524,0.1433354511797776
2023-10-13,7003.52978515625,7108.759765625,6997.47998046875,7097.14990234375,67408900,-0.014318301538662684,118.35544585615693,0.14293500378925963
2023-10-16,7022.18994140625,7048.33984375,6963.02001953125,7029.75,51422100,0.002660849870590489,118.6707912863135,0.13779953821125335
2023-10-17,7029.7001953125,7051.18017578125,6969.06982421875,7016.25,44928500,0.001068931588318485,118.7977100653913,0.1314874450557501
2023-10-18,6965.990234375,7045.18017578125,6954.10009765625,7021.1298828125,49961000,-0.009104288398383589,117.72105000060256,0.13362376652345628
2023-10-19,6921.3701171875,6938.31005859375,6875.77001953125,6918.080078125,62442600,-0.006426026199707186,116.96699682657687,0.13044824867363236
2023-10-20,6816.22021484375,6880.64013671875,6816.169921875,6850.1298828125,79130900,-0.015308646323698443,115.19002664791027,0.1294862089866397
2023-10-23,6850.47021484375,6855.93017578125,6773.81982421875,6820.25,53038700,0.005012196900030857,115.76883107152605,0.13207722683613793
2023-10-24,6893.64990234375,6909.080078125,6833.91015625,6865.10009765625,58807000,0.006283389434383184,116.49854184920044,0.1332013741159339
2023-10-25,6915.06982421875,6927.27001953125,6846.509765625,6859.68994140625,69113800,0.0031023787113177207,116.86052566043415,0.13258950674886563
2023-10-26,6888.9599609375,6915.240234375,6825.58984375,6835.52978515625,71582200,-0.0037829380007105107,116.4192846570125,0.13288061322966108
2023-10-27,6795.3798828125,6898.97998046875,6784.6201171875,6898.97998046875,68755200,-0.013677172298518168,114.83783755683554,0.1365799869838144
2023-10-30,6825.06982421875,6854.60009765625,6809.83984375,6826.9501953125,59561000,0.004359619406035136,115.33957972976489,0.1374738122408861
2023-10-31,6885.64990234375,6903.2001953125,6831.669921875,6840.72998046875,66344100,0.008836950002046602,116.36334665536316,0.13977828511011844
2023-11-01,6932.6298828125,6954.83984375,6873.5498046875,6914.31982421875,50434500,0.006799712006594166,117.15728010110611,0.13853360453484062
2023-11-02,7060.68994140625,7097.39013671875,6982.0400390625,6991.4501953125,67508200,0.018303538459890644,119.32141815665528,0.1530177279105551
2023-11-03,7047.5,7086.7099609375,7046.85986328125,7084.509765625,67586800,-0.0018698281358533661,119.09851607101527,0.1532255206535553
2023-11-06,7013.72998046875,7069.66015625,7006.52978515625,7066.18017578125,49088200,-0.004803290253482714,118.52782302896333,0.15098029325526272
2023-11-07,6986.22998046875,7011.7900390625,6963.8798828125,6970.66015625,55272500,-0.003928587716800556,118.06308955014772,0.1503955978122447
2023-11-08,7034.16015625,7068.0400390625,6950.9501953125,6951.47998046875,52404100,0.0068372366293553925,118.87308072582276,0.13432789140378643
2023-11-09,7113.66015625,7122.509765625,7025.60986328125,7043.8798828125,54999000,0.01123859859965855,120.2165829645806,0.13995459070766034
2023-11-10,7045.0400390625,7083.1201171875,7006.08984375,7079.39990234375,0,-0.009693072599991392,119.05694420904311,0.14337125413948
2023-11-13,7087.06005859375,7103.669921875,7056.08984375,7069.8798828125,48080100,0.005946765600848936,119.76705729473973,0.13555740741671812
2023-11-14,7185.68017578125,7207.77001953125,7083.22998046875,7098.72021484375,65725700,0.013819586864224919,121.43367802716696,0.14303667100243425
2023-11-15,7209.60986328125,7245.3701171875,7198.91015625,7214.68994140625,73269900,0.0033246582009810446,121.83807536967042,0.14324459067212386
2023-11-16,7168.39990234375,7210.009765625,7168.39990234375,7203.9599609375,53810200,-0.005732375266986705,121.14165178754901,0.14063991527062125
2023-11-17,7233.91015625,7246.72021484375,7196.68994140625,7196.68994140625,63665900,0.0090972497385811,122.24873572194697,0.1400854087456947
2023-11-20,7246.93017578125,7267.0400390625,7236.02001953125,7242.39990234375,41813900,0.0017982413646242673,122.4687662299835,0.12501823580223034
2023-11-21,7229.4501953125,7248.06005859375,7214.39013671875,7231.0400390625,39932500,-0.0024149667963986395,122.17336506151545,0.12609324807417713
2023-11-22,7260.72998046875,7274.77001953125,7243.830078125,7252.009765625,40263400,0.004317383685253535,122.70197463868885,0.12554530001580255
2023-11-23,7277.93017578125,7285.2900390625,7263.669921875,7274.25,31465600,0.0023661332134291583,122.99264760610289,0.12552451090545513
2023-11-24,7292.7998046875,7298.91015625,7268.580078125,7275.0,37987800,0.0020410280182484703,123.24393540138647,0.12349412007779373
2023-11-27,7265.490234375,7307.669921875,7265.490234375,7292.91015625,38503700,-0.0037517596191118095,122.7824200698851,0.11105635347622257
2023-11-28,7250.1298828125,7253.419921875,7213.740234375,7230.740234375,42470600,-0.0021163900917605533,122.52283935652252,0.11245063933723758
2023-11-29,7267.64013671875,7296.39990234375,7241.41015625,7241.41015625,53866700,0.002412252346420893,122.81875212789693,0.11034280955859768
2023-11-30,7310.77001953125,7321.47021484375,7255.0400390625,7276.8701171875,126882100,0.005916970119995322,123.54762123627371,0.10995826252651264
2023-12-01,7346.14990234375,7360.10009765625,7313.18994140625,7336.5498046875,53497400,0.004827747128053414,124.14552000062066,0.09440929164942732
2023-12-04,7332.58984375,7354.31982421875,7313.7099609375,7331.7998046875,46578000,-0.0018475785640497207,123.91636315686736,0.09439816577434297
2023-12-05,7386.990234375,7392.64013671875,7320.490234375,7320.490234375,57280900,0.007391601937014254,124.83569707628858,0.09294716166697183
2023-12-06,7435.990234375,7455.0,7384.990234375,7400.2099609375,60289800,0.006611380024022249,125.66376763854183,0.09095602692725205
2023-12-07,7428.52001953125,7436.9501953125,7415.66015625,7424.81982421875,52251300,-0.0010051075138085756,125.537525495566,0.09081272617685358
2023-12-08,7526.5498046875,7545.68017578125,7437.97021484375,7441.0,59298200,0.013110094486147287,127.19416997131907,0.09325507045351496
2023-12-11,7551.52978515625,7559.9501953125,7527.580078125,7534.22998046875,50140300,0.0033134197460599926,127.61631663400952,0.0816633868238452
2023-12-12,7543.5498046875,7582.47021484375,7542.52978515625,7557.31982421875,51465600,-0.0010572956789845441,127.48145975822322,0.08241051349048485
2023-12-13,7531.22021484375,7579.25,7529.10986328125,7542.10009765625,62227400,-0.0016357918000850153,127.27309709711577,0.07371050296049449
2023-12-14,7575.85009765625,7653.990234375,7547.0,7626.5400390625,91147700,0.005908493404225247,128.02731530433707,0.0747275339897824
2023-12-15,7596.91015625,7641.91015625,7587.68017578125,7607.919921875,134492900,0.0027760370250448393,128.38321764231284,0.06868707053652931
2023-12-18,7568.85986328125,7580.64013671875,7548.18017578125,7563.31005859375,53706600,-0.0036991626430896455,127.90918454292506,0.06812373856615131
2023-12-19,7574.669921875,7579.85986328125,7553.080078125,7560.56982421875,48691300,0.0007673321822928283,128.00737104264857,0.0682852458776344
2023-12-20,7583.43017578125,7604.9599609375,7552.2900390625,7595.25,43864700,0.001155851303938324,128.15541407076344,0.06640061223009097
2023-12-21,7571.39990234375,7574.7099609375,7537.81005859375,7557.16015625,36202800,-0.0015876490732618786,127.95210967710118,0.06725882442754627
2023-12-22,7568.81982421875,7589.0,7557.580078125,7560.97021484375,31755700,-0.0003408243997211027,127.90850790682309,0.06772276122051506
2023-12-27,7571.81982421875,7603.27001953125,7560.5400390625,7580.97021484375,31599200,0.00039628445150539324,127.95920610451208,0.06790868323054332
2023-12-28,7535.16015625,7593.9599609375,7531.7099609375,7591.85009765625,31277400,-0.004853351229173034,127.33967973988148,0.06913705855620564
2023-12-29,7543.18017578125,7569.919921875,7530.93017578125,7547.52978515625,27796000,0.00106378024516666,127.47521325176972,0.06776878039991942
2024-01-02,7530.85986328125,7610.10009765625,7482.06005859375,7577.330078125,43443100,-0.00163464011127026,127.26700737219807,0.06881538575722189
2024-01-03,7411.85986328125,7532.60009765625,7380.06005859375,7522.81005859375,63685500,-0.015927825453723312,125.25597886386875,0.0902069543717147
2024-01-04,7450.6298828125,7455.3701171875,7410.18017578125,7419.85009765625,51878000,0.005217175336485381,125.911168902069,0.09044376417701014
2024-01-05,7420.68994140625,7441.10009765625,7350.2998046875,7398.39990234375,43819900,-0.00402653997245035,125.4052018793322,0.09151734977059378
2024-01-08,7450.240234375,7451.169921875,7376.2001953125,7406.240234375,37426500,0.003974241222843804,125.90458407756446,0.08903929849504959
2024-01-09,7426.6201171875,7460.18017578125,7400.6201171875,7457.259765625,45159400,-0.003175419608262887,125.50541828736159,0.08687322055267484
2024-01-10,7426.080078125,7454.31982421875,7409.52978515625,7428.259765625,43697000,-7.27193110527726e-05,125.49629195164478,0.08680543305766063
2024-01-11,7387.6201171875,7479.419921875,7382.8798828125,7466.10986328125,57821000,-0.0051924970592877855,124.84634171740493,0.07416925942532225
2024-01-12,7465.14013671875,7478.66015625,7408.4599609375,7412.68017578125,50299100,0.01043856119799126,126.15638347575442,0.08285243592228249
2024-01-15,7411.68017578125,7479.27001953125,7401.06982421875,7467.7998046875,40568900,-0.007187045340474388,125.25294225306969,0.08598894034378672
2024-01-16,7398.0,7399.2900390625,7343.52001953125,7364.10986328125,49822800,-0.0018474645650531038,125.02175550101042,0.08601675122499074
2024-01-17,7318.68994140625,7323.25,7281.10009765625,7313.259765625,59431200,-0.010778351207283996,123.68146315790707,0.08887260256595628
2024-01-18,7401.35009765625,7409.64013671875,7326.4501953125,7346.7099609375,51151100,0.01123108699518901,125.07837013876176,0.09847874321579408
2024-01-19,7371.64013671875,7446.81982421875,7350.68017578125,7446.81982421875,51572100,-0.004022205460161384,124.57628964778138,0.09858660767026736
2024-01-22,7413.25,7453.2099609375,7390.68017578125,7436.60986328125,47900000,0.005628715905891264,125.27947133926271,0.10124693023718079
2024-01-23,7388.0400390625,7449.3798828125,7373.22021484375,7449.3798828125,50061200,-0.003406457849133562,124.85343814481583,0.10124177631168307
2024-01-24,7455.64013671875,7466.919921875,7403.8701171875,7414.759765625,58529300,0.009108329498677131,125.99583918307266,0.10737714085158474
2024-01-25,7464.2001953125,7466.27001953125,7410.89013671875,7448.0498046875,48432800,0.0011474733432128281,126.1404990306777,0.10756934799000974
2024-01-26,7634.14013671875,7645.740234375,7553.64990234375,7555.0498046875,67454400,0.02251202643678093,129.01238194556663,0.13427838407409762
2024-01-29,7640.81005859375,7649.18994140625,7620.52978515625,7643.0400390625,55590300,0.0008733150961061627,129.1250996181629,0.13291913040315984
2024-01-30,7677.47021484375,7686.02978515625,7644.72998046875,7660.64990234375,49655300,0.004786467617350457,129.7446342344533,0.13368392393210415
2024-01-31,7656.75,7702.9501953125,7653.4501953125,7691.66015625,66991100,-0.002702482051793539,129.39447505168445,0.13398385929334938
2024-02-01,7588.75,7620.93017578125,7570.06982421875,7590.14990234375,73997400,-0.008920724272590639,128.24531590406772,0.12485571577072815
2024-02-02,7592.259765625,7644.1298828125,7588.5,7624.4501953125,54022500,0.00046238896380669986,128.30462883456715,0.12397456696023434
2024-02-05,7589.9599609375,7606.1201171875,7558.22998046875,7591.77001953125,51727200,-0.0003029602714900165,128.26576351700285,0.12277664875061384
2024-02-06,7638.97021484375,7641.6298828125,7592.08984375,7634.18994140625,56890100,0.006436489305784487,129.09400736411146,0.12380150523380866
2024-02-07,7611.259765625,7652.85009765625,7610.18017578125,7632.83984375,62951100,-0.00363410646938012,128.62571741993062,0.12401536804228118
2024-02-08,7665.6298828125,7685.4599609375,7607.4599609375,7628.60009765625,76648600,0.0071179864484188045,129.54453973644547,0.12559937697482845
2024-02-09,7647.52001953125,7668.18994140625,7617.740234375,7652.4501953125,65846200,-0.0023652706124758674,129.23849392686114,0.12407040104390976
2024-02-12,7689.7998046875,7693.080078125,7663.3798828125,7674.14013671875,54098400,0.005513335150926905,129.95299689556074,0.12080282090179302
2024-02-13,7625.31005859375,7691.18994140625,7598.02001953125,7689.0498046875,61423400,-0.008421764889225821,128.8631589301032,0.12198021351547449
2024-02-14,7677.35009765625,7681.02978515625,7610.06005859375,7610.06005859375,53510400,0.006801463163254429,129.7426043261474,0.12279755605192524
2024-02-15,7743.419921875,7752.35009765625,7724.490234375,7724.490234375,70689400,0.00856899213382591,130.85914466265336,0.11599798545899077
2024-02-16,7768.18017578125,7800.91015625,7756.580078125,7774.39013671875,62292000,0.003192484950616386,131.2775780784428,0.11180348372941303
2024-02-19,7768.5498046875,7769.1298828125,7727.9599609375,7742.8701171875,40789600,4.758130015572337e-05,131.2838245848963,0.10977258902582905
2024-02-20,7795.22021484375,7804.5400390625,7757.490234375,7764.5,58213500,0.0034272462557206973,131.7345384937455,0.10924494134428232
2024-02-21,7812.08984375,7821.93017578125,7788.68017578125,7802.0400390625,56413900,0.0021617607919016107,132.01962508748844,0.10720456100938494
2024-02-22,7911.60009765625,7923.9599609375,7855.009765625,7875.8798828125,69989500,0.01265753558419667,133.7012885956948,0.11054832260746347
2024-02-23,7966.68017578125,7976.39990234375,7907.83984375,7921.9501953125,56243600,0.006937816704133678,134.6321088255299,0.1112575910760636
2024-02-26,7929.81982421875,7953.14990234375,7922.89013671875,7950.14990234375,50915600,-0.004637551363517909,134.00919102872967,0.08912882860835604
2024-02-27,7948.39990234375,7955.47998046875,7917.080078125,7926.68017578125,50397300,0.002340323654087215,134.3231831866823,0.08907953250931847
2024-02-28,7954.39013671875,7956.72998046875,7931.669921875,7947.22998046875,52757500,0.0007533564416806908,134.42441454886463,0.08851494216233288
2024-02-29,7927.43017578125,7977.68017578125,7927.43017578125,7972.85986328125,108526900,-0.0033950751618214495,133.96880740576586,0.0889790317697068
2024-03-01,7934.169921875,7964.77978515625,7900.47998046875,7950.66015625,51109100,0.000849819243691855,134.08270506571066,0.08036827986042411
2024-03-04,7956.41015625,7956.41015625,7916.7099609375,7934.35009765625,44552100,0.0027991739492668364,134.45855166537496,0.08016856189269214
2024-03-05,7932.81982421875,7963.9599609375,7923.7099609375,7946.89013671875,49947000,-0.0029693508613481395,134.05988922641868,0.0817469933354608
2024-03-06,7954.740234375,7969.4501953125,7919.3701171875,7925.7900390625,53369000,0.0027594449978330044,134.43033098892698,0.08027051767159041
2024-03-07,8016.22021484375,8029.3701171875,7905.41015625,7925.41015625,63194300,0.007699009004259456,135.46930572349999,0.07997430260585577
2024-03-08,8028.009765625,8048.08984375,8008.0400390625,8018.10009765625,50762700,0.0014696315021090647,135.66854204889066,0.07821082830982433
2024-03-11,8019.72998046875,8025.41015625,7984.06005859375,7985.3701171875,50594200,-0.0010318943380125947,135.5286186539994,0.07736204754956483
2024-03-12,8087.47998046875,8094.06982421875,8000.22998046875,8052.16015625,68922600,0.008412431415971674,136.67355295180874,0.07951856892321577
2024-03-13,8137.580078125,8156.64013671875,8090.31005859375,8104.33984375,63153200,0.006175663659192898,137.52021450354655,0.06999275949743043
2024-03-14,8161.419921875,8218.0703125,8153.68994140625,8158.27001953125,62287100,0.002925315755657606,137.9230935406505,0.0686829888329265
2024-03-15,8164.35009765625,8212.6904296875,8155.68994140625,8163.18994140625,151117200,0.00035896325982886514,137.97261175099092,0.06599799764875217
2024-03-18,8148.14013671875,8184.33984375,8134.14013671875,8175.97998046875,44608500,-0.0019874300048872296,137.69867314961095,0.06774966377862518
2024-03-19,8201.0498046875,8202.3603515625,8140.60009765625,8145.5,51448700,0.006472473910933115,138.5928147517235,0.06873788050098112
2024-03-20,8161.41015625,8168.22998046875,8125.64990234375,8149.7099609375,44956100,-0.004845203726147007,137.92292850745488,0.07327661485433784
2024-03-21,8179.72021484375,8229.25,8139.52001953125,8228.7099609375,60104600,0.0022409791539119333,138.2323574975491,0.07327679838746566
2024-03-22,8151.919921875,8179.31982421875,8129.169921875,8149.22998046875,50219300,-0.003404473719416875,137.76254924796874,0.06502608389426155
2024-03-25,8151.60009765625,8165.9501953125,8101.830078125,8147.7998046875,45329300,-3.92337628203184e-05,137.75714441081274,0.061994004039134534
2024-03-26,8184.75,8188.52978515625,8136.64013671875,8160.64013671875,54983800,0.004058427696042344,138.31735784494396,0.05911836343216226
2024-03-27,8204.8095703125,8230.3798828125,8174.259765625,8186.06982421875,49550700,0.002447848612745528,138.65635253203033,0.05913863569549832
2024-03-28,8205.8095703125,8253.58984375,8205.8095703125,8216.76953125,63579600,0.00012187230629968253,138.67325193125995,0.05928097914422428
2024-04-02,8130.0498046875,8253.0498046875,8121.39013671875,8195.650390625,71702800,-0.009275338019439043,137.39295740641776,0.06820437468149403
2024-04-03,8153.22998046875,8160.0400390625,8120.9501953125,8144.9599609375,63544700,0.002847115783236587,137.78468845115873,0.06842507146965865
2024-04-04,8151.5498046875,8189.66015625,8137.97998046875,8154.41015625,49450700,-0.00020609610302457814,137.7562944898554,0.06838567584766143
2024-04-05,8061.31005859375,8062.009765625,8019.2900390625,8050.25,65166400,-0.011131987661303612,136.23129699423416,0.07952530137059269
2024-04-08,8119.2998046875,8145.22021484375,8049.509765625,8050.02001953125,49226900,0.007167837907982777,137.21128886469893,0.08233488479564988
2024-04-09,8049.169921875,8103.2001953125,8032.27001953125,8090.47021484375,52222200,-0.008674948686975796,136.02613597712136,0.08498142956277932
2024-04-10,8045.3798828125,8101.47021484375,7976.009765625,8101.0400390625,56907100,-0.0004709717486416215,135.96208659390817,0.08488060612810831
2024-04-11,8023.740234375,8092.81982421875,7974.06005859375,8048.16015625,62259400,-0.002693322516830925,135.59638953577343,0.08535428447626328
2024-04-12,8010.830078125,8118.02001953125,7980.39013671875,8092.4501953125,59193000,-0.0016102906143538541,135.37821565118742,0.07982528697178955
2024-04-15,8045.10986328125,8126.3798828125,8028.83984375,8051.259765625,53987200,0.00427005050685992,135.9575234260498,0.07808528876381854
2024-04-16,7932.60986328125,7975.9599609375,7899.35986328125,7899.35986328125,73138700,-0.014082342298850326,134.05634101271323,0.08989673566991398
2024-04-17,7981.509765625,8060.990234375,7958.0,7958.52001953125,59951900,0.006145493107315539,134.88271998471157,0.09345068130526661
2024-04-18,8023.259765625,8039.18994140625,7976.39990234375,8013.91015625,57583000,0.0052172066106578536,135.5882699025498,0.0958691703831638
2024-04-19,8022.41015625,8039.47998046875,7946.83984375,7971.68017578125,65692000,-0.00010589889732632294,135.57391201453243,0.0922783862500592
2024-04-22,8040.35986328125,8071.81005859375,8007.4501953125,8068.14013671875,56900500,0.0022349463362753464,135.8772512797089,0.09186662286503663
2024-04-23,8105.77978515625,8111.169921875,8052.56982421875,8064.31982421875,64048300,0.008103519639169323,136.98280865704754,0.0963748303602742
2024-04-24,8091.85986328125,8146.9599609375,8078.77001953125,8105.22021484375,69590900,-0.0017187597210338026,136.74757034003628,0.09589553802126673
2024-04-25,8016.64990234375,8095.43017578125,7955.509765625,8094.5498046875,70130400,-0.009337984524192416,135.47656718410647,0.10079798266800984
2024-04-26,8088.240234375,8114.6298828125,8024.6201171875,8072.22998046875,65898300,0.008890567147935787,136.68640078608635,0.1050305748600061
2024-04-29,8065.14990234375,8128.0,8065.14990234375,8116.43017578125,55164400,-0.002858885665819248,136.2961880467449,0.10472093317397482
2024-04-30,7984.93017578125,8081.7099609375,7971.7998046875,8073.64013671875,76456900,-0.00999626097425277,134.9405228614712,0.1093410549478231
2024-05-02,7914.64990234375,7956.52001953125,7908.6298828125,7954.009765625,75730100,-0.008840577024780671,133.75282846268135,0.10895113473921512
2024-05-03,7957.56982421875,8003.9501953125,7921.2099609375,7943.8701171875,69643700,0.005408194597421364,134.47814935735272,0.11052299596367082
2024-05-06,7996.64013671875,8033.22998046875,7961.4501953125,7975.85986328125,43781100,0.004897815773909887,135.13841416631772,0.11247308921134902
2024-05-07,8075.68017578125,8077.64013671875,8006.31005859375,8036.75,58688300,0.009835627304114754,136.47414334156267,0.11192265167762562
2024-05-08,8131.41015625,8157.47998046875,8089.27978515625,8093.6201171875,53988400,0.006877261615830058,137.41594653056512,0.1116952440529449
2024-05-09,8187.64990234375,8191.919921875,8114.8798828125,8123.919921875,39071500,0.006892550004873098,138.366364452378,0.10932958458142152
2024-05-10,8219.1396484375,8259.1904296875,8211.2001953125,8232.650390625,57091000,0.0038386284730769714,138.89852224325688,0.10971082899755336
2024-05-13,8209.2802734375,8223.8095703125,8186.77001953125,8211.0703125,48113100,-0.0012002829524165302,138.73190472897693,0.10919522761339656
2024-05-14,8225.7998046875,8233.1796875,8187.68994140625,8213.8095703125,51519900,0.002010277617720404,139.01107488265748,0.1087872131964164
2024-05-15,8239.990234375,8253.099609375,8203.400390625,8241.6796875,54875300,0.0017236261566575335,139.25088461918696,0.10825608101146622
2024-05-16,8188.490234375,8239.76953125,8183.18994140625,8239.76953125,50655300,-0.0062696204673694635,138.38056555885956,0.09723635271459344
2024-05-17,8167.5,8192.919921875,8135.7998046875,8176.7900390625,63196600,-0.002566673811555409,138.02584320823232,0.0966872028838952
2024-05-20,8195.9697265625,8221.2998046875,8175.4599609375,8178.6298828125,34697000,0.0034796721923241888,138.5069644833712,0.09593869448593857
2024-05-21,8141.4599609375,8167.5,8097.97998046875,8163.169921875,0,-0.0066730163728678914,137.58578219215926,0.09953451949137287
2024-05-22,8092.10986328125,8128.580078125,8078.5,8128.580078125,51869500,-0.006080024321990823,136.75179518984365,0.10205617346889659
2024-05-23,8102.330078125,8135.81005859375,8082.47998046875,8104.31005859375,45130000,0.0012621882865431159,136.92451068070108,0.0981464157050647
2024-05-24,8094.97021484375,8104.06982421875,8042.2998046875,8053.7900390625,39404700,-0.0009087766053176644,136.80013341283552,0.09800981045026966
2024-05-27,8132.490234375,8132.490234375,8086.759765625,8088.33984375,31032900,0.004624270878236574,137.43419920199867,0.09302290001425083
2024-05-28,8057.7998046875,8148.759765625,8041.02001953125,8134.72021484375,45666700,-0.009226636382423553,136.17197581207492,0.09404754320843392
2024-05-29,7935.02978515625,8040.02978515625,7926.419921875,8033.56005859375,62601300,-0.015353434553385129,134.0972362385834,0.10752640006750867
2024-05-30,7978.509765625,7981.080078125,7914.169921875,7914.85009765625,49494400,0.005464540245993745,134.83202178702254,0.10410314846452118
2024-05-31,7992.8701171875,7996.89013671875,7960.169921875,7972.5498046875,150576300,0.0017982610817192032,135.07470310115548,0.09917563193654126
2024-06-03,7998.02001953125,8072.31005859375,7995.080078125,8069.6201171875,51288400,0.000644104546746982,135.16173335685627,0.09754540522486208
2024-06-04,7937.89990234375,7984.25,7914.27001953125,7974.43994140625,60129200,-0.007545269141319194,134.14573949477088,0.09956401099238904
2024-06-05,8006.56982421875,8036.39990234375,7957.919921875,7983.02978515625,53117100,0.008613688336597942,135.3062199196059,0.09806748677907723
2024-06-06,8040.1201171875,8055.52001953125,8015.68994140625,8044.2900390625,51759100,0.004181590344023212,135.8731997147568,0.0959658842222672
2024-06-07,8001.7998046875,8048.58984375,7943.2900390625,8046.919921875,67501500,-0.004777531065407848,135.22560945521406,0.09305174213283056
2024-06-10,7893.97998046875,7893.97998046875,7812.52001953125,7812.52001953125,105503100,-0.013566050769110792,133.40351920086982,0.10065060423888866
2024-06-11,7789.2099609375,7931.72021484375,7759.83984375,7921.08984375,95660700,-0.013361003535047357,131.63296881351215,0.1080922112846873
2024-06-12,7864.7001953125,7875.18017578125,7802.009765625,7813.77001953125,81844200,0.009644979283910615,132.90870842215574,0.1151146351681531
2024-06-13,7708.02001953125,7858.31982421875,7692.72021484375,7855.3701171875,96876000,-0.02012306915287516,130.26090758025538,0.12981883475026113
2024-06-14,7503.27001953125,7686.89013671875,7464.83984375,7685.5,158952700,-0.02692241966452389,126.80075558798289,0.15355919854420721
2024-06-17,7571.56982421875,7580.93994140625,7482.3798828125,7539.02978515625,78514600,0.009061492226763753,127.95498125470463,0.16021959168567396
2024-06-18,7628.7998046875,7641.1201171875,7564.02001953125,7636.68994140625,74421300,0.007530113055110319,128.92213354255156,0.16306627479606797
2024-06-19,7570.2001953125,7626.1298828125,7566.08984375,7617.35009765625,59199000,-0.007711020426998642,127.93183534902144,0.16336696532506628
2024-06-20,7671.33984375,7682.64013671875,7577.919921875,7585.97998046875,67208700,0.013271773421208714,129.64103464591398,0.17293659381257762
2024-06-21,7628.56982421875,7673.72998046875,7601.81982421875,7653.14013671875,147594900,-0.005590899798588867,128.91824701079514,0.17266596349381264
2024-06-24,7706.89013671875,7725.27978515625,7629.27001953125,7633.990234375,60676900,0.010214365092329213,130.24181323952422,0.17845927777999976
2024-06-25,7662.2998046875,7671.06005859375,7617.16015625,7648.14013671875,66819100,-0.0058025774050372335,129.4882634167451,0.17698187485383787
2024-06-26,7609.14990234375,7707.14990234375,7559.6298828125,7703.7998046875,66431400,-0.0069607166265055155,128.59006199802076,0.1761229149279027
2024-06-27,7530.72021484375,7626.3798828125,7522.16015625,7619.10009765625,63132200,-0.010360774363600295,127.26464739750092,0.17242371651455993
2024-06-28,7479.39990234375,7544.39990234375,7456.47021484375,7544.39990234375,82277400,-0.0068381214909567865,126.3973649479726,0.17052854937366468
2024-07-01,7561.1298828125,7688.2001953125,7561.1298828125,7673.47998046875,0,0.01086807261393551,127.77855251694616,0.17658203468715886
2024-07-02,7538.2900390625,7543.14990234375,7477.27001953125,7517.64990234375,65355700,-0.0030252633926038767,127.39257287907189,0.17617808658842535
2024-07-03,7632.080078125,7662.06005859375,7566.41015625,7579.64013671875,68453700,0.012365055477766902,128.97756819295432,0.18282341982662448
2024-07-04,7695.77978515625,7701.35009765625,7667.0498046875,7677.33984375,50797600,0.008311672251399472,130.05405497288766,0.1826080541808156
2024-07-05,7675.6201171875,7738.18994140625,7643.68994140625,7720.5400390625,52526100,-0.0026230115220934255,129.71336869554642,0.18127607324273529
2024-07-08,7627.4501953125,7746.06005859375,7627.4501953125,7637.89013671875,59228600,-0.006295479271110165,128.89932595491933,0.18162297796968066
2024-07-09,7508.66015625,7601.85009765625,7484.6201171875,7595.97021484375,70427400,-0.015696566062541772,126.89184566029546,0.18343180698732783
2024-07-10,7573.5498046875,7580.1201171875,7487.39013671875,7525.18017578125,54983100,0.00860484623837891,127.98844173511293,0.18264846938282336
2024-07-11,7627.1298828125,7645.97998046875,7577.0,7613.08984375,56787300,0.007049724240094583,128.89391286610356,0.18089516219572535
2024-07-12,7724.31982421875,7737.16015625,7659.08984375,7664.93994140625,0,0.012662157880611811,130.53636448703486,0.17378958032960468
2024-07-15,7632.7099609375,7712.85009765625,7618.72998046875,7682.33984375,50572200,-0.011930816211125085,128.98821283407062,0.15063471034924486
2024-07-16,7580.02978515625,7603.419921875,7556.5498046875,7583.5,41896500,-0.006925824964653952,128.0979495120547,0.14978446891290167
2024-07-17,7570.81005859375,7603.4599609375,7524.8798828125,7556.1298828125,47867600,-0.0012170583011407838,127.94214167208675,0.14732756595786783
2024-07-18,7586.5498046875,7653.22021484375,7559.10009765625,7606.240234375,54718600,0.0020768460857601896,128.20813392509848,0.14506104559071248
2024-07-19,7534.52001953125,7570.330078125,7513.66015625,7565.8798828125,62735500,-0.006881786950365127,127.3288618139097,0.13866701940164589
2024-07-22,7622.02001953125,7650.93017578125,7566.5400390625,7573.41015625,50270200,0.01154629907295653,128.80755924650478,0.1439039896298613
2024-07-23,7598.6298828125,7661.77001953125,7572.97998046875,7628.02001953125,51052600,-0.003073476531062515,128.41227998805834,0.13925927475902783
2024-07-24,7513.72998046875,7539.9501953125,7464.10009765625,7500.669921875,54742100,-0.011235941481286945,126.97752264379231,0.14300230309132062
2024-07-25,7427.02001953125,7430.93994140625,7341.25,7416.7001953125,86626400,-0.01160730679093088,125.51217639672146,0.14633738330664392
2024-07-26,7517.68017578125,7526.27001953125,7427.47021484375,7444.41015625,61161100,0.012132898916004234,127.04427857141339,0.14922213309653773
2024-07-29,7443.83984375,7547.64013671875,7429.43017578125,7547.4501953125,47280100,-0.009870779368661384,125.79642132116678,0.15130727601859514
2024-07-30,7474.93994140625,7501.56005859375,7450.93017578125,7461.60986328125,44704300,0.004169260912019142,126.32199428754109,0.146831301301679
2024-07-31,7531.490234375,7584.490234375,7518.47021484375,7565.10009765625,69658700,0.0075368438724452,127.27766026497413,0.14912483556766543
2024-08-01,7370.4501953125,7487.1201171875,7358.08984375,7478.14013671875,80103000,-0.021614139341136075,124.55618035289721,0.15958869312829904
2024-08-02,7251.7998046875,7350.2900390625,7227.7900390625,7330.60009765625,104422800,-0.01622910220096788,122.55106003297047,0.16287465304391144
2024-08-05,7148.990234375,7158.60009765625,7029.91015625,7099.58984375,102112900,-0.014278566209279482,120.81364005962992,0.16762364256774065
2024-08-06,7130.0400390625,7184.2900390625,7070.02001953125,7160.06982421875,69660300,-0.0026542707838272577,120.49339314356398,0.1673012089855003
2024-08-07,7266.009765625,7287.85009765625,7145.8798828125,7161.93994140625,77887500,0.018890427827534462,122.7911998358911,0.177377373693038
2024-08-08,7247.4501953125,7262.080078125,7168.990234375,7223.009765625,48242600,-0.002557568006416437,122.47755424764928,0.17348609674179444
2024-08-09,7269.7099609375,7319.509765625,7233.68994140625,7259.7001953125,43632200,0.00306668560940143,122.85373091370477,0.1713763090724071
2024-08-12,7250.669921875,7307.4501953125,7234.2001953125,7296.83984375,38393400,-0.0026225278028159803,122.5319656922393,0.16252954666526617
2024-08-13,7275.8701171875,7282.85009765625,7222.080078125,7277.7001953125,40391200,0.0034695420277839123,122.95783385349057,0.16062729185253
2024-08-14,7333.35986328125,7333.35986328125,7295.89013671875,7330.16015625,41049100,0.007870372761119859,123.92937602434056,0.1633890653500784
2024-08-15,7423.3701171875,7437.33984375,7318.14013671875,7356.06982421875,48261500,0.012199365351761197,125.45049523986516,0.17022674300799634
2024-08-16,7449.7001953125,7460.330078125,7421.47998046875,7442.2998046875,49398000,0.0035406415862006776,125.89545774184761,0.17062828719447265
2024-08-19,7484.169921875,7484.419921875,7444.72021484375,7445.31005859375,9965800,0.004616323498966065,126.47797541236446,0.1701694409475994
2024-08-20,7485.72998046875,7531.7001953125,7481.669921875,7518.7001953125,38041400,0.00020842605622938213,126.50433946536188,0.16465126278338885
2024-08-21,7524.72021484375,7530.47998046875,7486.91015625,7486.91015625,36452200,0.0051950902950669165,127.16325100212293,0.16573799055771174
2024-08-22,7524.10986328125,7568.6298828125,7523.52978515625,7527.9599609375,31263100,-8.111614785546534e-05,127.15293642739782,0.16104235152716784
2024-08-23,7577.0400390625,7583.5,7534.2998046875,7544.72998046875,38259400,0.007010114180699568,128.04742459922113,0.15689941089162995
2024-08-26,7590.3701171875,7608.31982421875,7577.6298828125,7578.02001953125,28200300,0.0017577267865418746,128.27269491121805,0.15161112993833142
2024-08-27,7565.77978515625,7625.080078125,7565.77978515625,7601.27001953125,35794200,-0.003244934071895724,127.8571330730321,0.1476079575211164
2024-08-28,7577.669921875,7611.919921875,7577.669921875,7587.47021484375,37593000,0.0015703342887061122,128.0580692403375,0.1471284460923733
2024-08-29,7640.9501953125,7644.68017578125,7576.35986328125,7577.169921875,39821600,0.008316212330931558,129.1274678445197,0.14761208331639342
2024-08-30,7630.9501953125,7693.81982421875,7630.9501953125,7645.52978515625,78196800,-0.0013095948995761237,128.95847385222314,0.12379679728030173
2024-09-02,7646.419921875,7649.10009765625,7572.77001953125,7628.85986328125,32455100,0.002025182571487814,129.21990293737647,0.10534663478514933
2024-09-03,7575.10009765625,7671.52978515625,7564.990234375,7659.81005859375,51982000,-0.009370988710924438,128.0146407549148,0.09648331925982775
2024-09-04,7500.97021484375,7530.830078125,7482.39990234375,7490.10009765625,54004600,-0.009834191365280017,126.76189027041858,0.10443522140964712
2024-09-05,7431.9599609375,7498.080078125,7431.9599609375,7464.27978515625,63444800,-0.00924276004517837,125.59565843871678,0.09340283381735508
2024-09-06,7352.2998046875,7466.14013671875,7341.93017578125,7424.08984375,60963800,-0.010776451230586554,124.24944965555109,0.10142546354140743
2024-09-09,7425.259765625,7445.0498046875,7369.89990234375,7376.72021484375,48487900,0.009874506467026131,125.48242916321416,0.1060756938214299
2024-09-10,7407.5498046875,7476.5400390625,7386.52978515625,7414.39990234375,0,-0.002387945354404898,125.1831414629897,0.1059775941463391
2024-09-11,7396.830078125,7452.68017578125,7363.31005859375,7419.0400390625,57055800,-0.0014481833782753867,125.00198452417726,0.10591417120545862
2024-09-12,7435.06982421875,7484.16015625,7391.5400390625,7478.91015625,53483400,0.005156430541534658,125.64821325985629,0.10402706129618154
2024-09-13,7465.25,7490.83984375,7438.64990234375,7441.56005859375,51699000,0.004050948893599528,126.15824009920489,0.09616681509564999
2024-09-16,7449.43994140625,7480.60009765625,7430.06005859375,7432.169921875,39034700,-0.002120066133137756,125.89105960718483,0.09573778123097339
2024-09-17,7487.419921875,7523.8701171875,7473.89990234375,7485.14013671875,54489600,0.005085414560726845,126.53289845986082,0.09603620658430458
2024-09-18,7444.89990234375,7495.31005859375,7444.18017578125,7489.85009765625,45990000,-0.0056950473810784595,125.81433567454938,0.09804709868433036
2024-09-19,7615.41015625,7615.41015625,7520.080078125,7557.0400390625,68585500,0.022644625423321085,128.69585652806146,0.1251639783864741
2024-09-20,7500.259765625,7603.2001953125,7500.259765625,7597.52001953125,126034400,-0.015236191159299898,126.7498841054385,0.1366418284286965
2024-09-23,7508.080078125,7518.77001953125,7456.43994140625,7499.919921875,63937800,0.0010421290148245957,126.88204268847669,0.13424373634479483
2024-09-24,7604.009765625,7634.22998046875,7575.35986328125,7608.47021484375,60274300,0.01269592452611802,128.50319677551553,0.14163905748279465
2024-09-25,7565.6201171875,7595.77001953125,7546.85986328125,7549.259765625,58321800,-0.0050613931504689645,127.854434780284,0.14231537661438967
2024-09-26,7742.08984375,7742.08984375,7652.60986328125,7663.02978515625,78593100,0.023057341059511627,130.83666714141228,0.1632323529316749
2024-09-27,7791.7900390625,7804.64013671875,7743.8798828125,7762.4501953125,72880900,0.0063989634625360794,131.6765705837902,0.1622852509270433
2024-09-30,7635.75,7763.89013671875,7634.81982421875,7748.06982421875,103180100,-0.020229454598382834,129.03958766786158,0.17804565248211277
2024-10-01,7574.06982421875,7654.580078125,7547.1201171875,7623.330078125,68819000,-0.008110617300500757,127.99722975277874,0.1800650969299449
2024-10-02,7577.58984375,7623.31982421875,7548.97998046875,7594.81005859375,58414400,0.0004646381547254972,128.05671596813352,0.17712664965898278
2024-10-03,7477.77978515625,7555.240234375,7458.490234375,7555.22998046875,77402000,-0.013259258767217882,126.36998594082216,0.17990213861770654
2024-10-04,7541.35986328125,7571.759765625,7460.2900390625,7464.8701171875,73424000,0.008466591218217911,127.44445106410937,0.17907880234570717
2024-10-07,7576.02001953125,7585.330078125,7509.8701171875,7571.97021484375,54781900,0.004585479395348063,128.03018688194047,0.17452770169531645
2024-10-08,7521.31982421875,7542.0498046875,7475.77978515625,7480.35986328125,54049900,-0.007246367272196972,127.10578644341426,0.17416351059175433
2024-10-09,7560.08984375,7567.580078125,7504.6298828125,7527.02978515625,50003800,0.005141443113087772,127.76097648161449,0.1744820895832548
2024-10-10,7541.58984375,7563.35986328125,7515.89990234375,7543.39990234375,47654900,-0.00245005981283232,127.44833759586582,0.17469148027326772
2024-10-11,7577.89013671875,7587.52001953125,7504.0400390625,7530.8798828125,52952500,0.004801800427590537,128.06179073889828,0.17458748228757795
2024-10-14,7602.06005859375,7613.14990234375,7544.5400390625,7583.47998046875,43689100,0.0031844560738513474,128.47024789801355,0.17441653493990897
2024-10-15,7521.97021484375,7601.52978515625,7511.240234375,7595.06005859375,73146200,-0.010591170601978787,127.11677765424136,0.17866007743576007
2024-10-16,7492.0,7511.10009765625,7420.85009765625,7420.85009765625,64497000,-0.0039923157195303136,126.61029902859822,0.17846708325130659
2024-10-17,7583.72998046875,7624.22021484375,7507.9501953125,7510.1298828125,60446900,0.012169375895901072,128.16048058986837,0.1819429190736615
2024-10-18,7613.0498046875,7644.0498046875,7566.8701171875,7566.8701171875,62952600,0.003858693882926159,128.6559680046844,0.1644219453582507
2024-10-21,7536.22998046875,7620.4599609375,7529.68017578125,7579.080078125,47261500,-0.010141799974134145,127.35775912645961,0.15934837077145564
2024-10-22,7535.10009765625,7545.35986328125,7472.16015625,7517.02978515625,50562200,-0.00014993803582822072,127.33866478572844,0.15932512009730868
2024-10-23,7497.47998046875,7544.7001953125,7468.580078125,7493.25,51669200,-0.005005154874131647,126.70290740631036,0.15348453572090884
2024-10-24,7503.27978515625,7565.39013671875,7503.02001953125,7527.64013671875,63318800,0.0007732681633614711,126.80092062117845,0.1527108755766022
2024-10-25,7497.5400390625,7518.75,7459.41015625,7489.8701171875,50453400,-0.0007652576913952245,126.70392236046331,0.1266975611812393
2024-10-28,7556.93994140625,7580.68017578125,7494.93017578125,7542.1298828125,53209700,0.007891366646292992,127.70774502437305,0.1279731864604143
2024-10-29,7511.10986328125,7618.31982421875,7506.52001953125,7593.85986328125,55427600,-0.006083099013343707,126.93324423741225,0.10993877736045295
2024-10-30,7428.35986328125,7470.68994140625,7377.39013671875,7452.10009765625,69878300,-0.01107815040384659,125.53481895115806,0.1128721812929015
2024-10-31,7350.3701171875,7393.25,7315.97021484375,7384.10009765625,103047400,-0.010554421140791657,124.2168390961001,0.11752141983202867
2024-11-01,7409.10986328125,7434.259765625,7358.2001953125,7364.080078125,56971200,0.007959637642600995,125.20950551598715,0.11357570811797013
2024-11-04,7371.7099609375,7445.9599609375,7371.7099609375,7386.31982421875,45718400,-0.005060609980422591,124.5774696351299,0.10981516014637652
2024-11-05,7407.14990234375,7414.81982421875,7350.0,7377.580078125,47126000,0.004796041056829568,125.17638335362979,0.10995445301804685
2024-11-06,7369.60986328125,7572.14013671875,7338.35009765625,7444.3701171875,108204000,-0.005080967738497189,124.54197924641565,0.10867108419295143
2024-11-07,7425.60009765625,7450.0,7354.27978515625,7373.18994140625,86926000,0.007568733638705318,125.48818057008091,0.11069755393637502
2024-11-08,7338.669921875,7440.9501953125,7330.2099609375,7440.1201171875,67218200,-0.01177588600389382,124.01911282444922,0.11692954255223091
2024-11-11,7426.8798828125,7452.60009765625,7387.52001953125,7395.08984375,56318000,0.011948218861584873,125.50980817036456,0.1240323916455998
2024-11-12,7226.97998046875,7365.27978515625,7217.77978515625,7346.72021484375,78448900,-0.02728459331931902,122.13161991468786,0.15278523353193393
2024-11-13,7216.830078125,7256.47021484375,7158.25,7217.490234375,62925600,-0.0014054330503219027,121.96009266283878,0.14987310216338412
2024-11-14,7311.7998046875,7319.08984375,7220.0498046875,7247.919921875,71041000,0.013073645624097206,123.56502398674994,0.15839209474729668
2024-11-15,7269.6298828125,7319.52978515625,7236.47998046875,7256.580078125,66901200,-0.005784074723364264,122.85237764150084,0.15141234396116104
2024-11-18,7278.22998046875,7289.77978515625,7234.58984375,7274.39990234375,50146900,0.001182318050750497,122.99771412520786,0.15038468433844643
2024-11-19,7229.64013671875,7301.18994140625,7134.830078125,7287.4599609375,64615700,-0.006698436784872891,122.17657495716989,0.14853836364902448
2024-11-20,7198.4501953125,7280.39013671875,7188.419921875,7272.72998046875,55750600,-0.004323509109507456,121.64948368539604,0.14859485632654104
2024-11-21,7213.31982421875,7223.60009765625,7131.2099609375,7185.2001953125,53383700,0.002063540309425472,121.90077148067961,0.1489166079945548
2024-11-22,7255.009765625,7271.06005859375,7156.22998046875,7250.64013671875,71958600,0.005762939879043325,122.60530644436489,0.15100826365238074
2024-11-25,7257.47021484375,7333.22998046875,7239.3798828125,7329.47998046875,122963000,0.00033908046669285473,122.64688655799685,0.1511337962300145
2024-11-26,7194.509765625,7256.77978515625,7185.490234375,7201.64990234375,68773200,-0.008713110262281134,121.58289279097056,0.14899488882591513
2024-11-27,7143.02978515625,7156.419921875,7091.14990234375,7150.02001953125,77023300,-0.007181176591482327,120.71291204869416,0.1493904710415248
2024-11-28,7179.25,7207.06982421875,7161.72021484375,7170.91015625,56381700,0.005057894777006373,121.32501191952268,0.14802100054017797
2024-11-29,7235.10986328125,7241.06982421875,7147.740234375,7151.2998046875,66530400,0.007750624161750842,122.26901005002664,0.14768804913426203
2024-12-02,7236.89013671875,7275.97021484375,7146.02001953125,7147.3701171875,98817900,0.00024603005064679476,122.29909560158492,0.14433378607614947
2024-12-03,7255.419921875,7319.8701171875,7228.919921875,7244.740234375,73182500,0.0025571900102689215,122.61223783858017,0.14412538810935324
2024-12-04,7303.27978515625,7322.85986328125,7257.43017578125,7261.72021484375,73097300,0.006574767891323264,123.42104077524687,0.14511723317581704
2024-12-05,7330.5400390625,7351.0,7282.72021484375,7282.72021484375,82651900,0.003725655470119877,123.88172268911042,0.1449528543448919
2024-12-06,7426.8798828125,7444.72021484375,7334.14013671875,7334.27001953125,72204700,0.01305664715002355,125.50980817036456,0.14984813397769353
2024-12-09,7480.14013671875,7511.02001953125,7444.81005859375,7484.5,70243900,0.0071456911525789,126.40987446419922,0.1453679511204812
2024-12-10,7394.77978515625,7460.22998046875,7384.8798828125,7458.2900390625,62092200,-0.011477209830511363,124.96733580476057,0.1456032527300755
2024-12-11,7423.39990234375,7437.580078125,7367.10986328125,7372.240234375,62203700,0.0038628432613347,125.45099859111173,0.10764786197153223
2024-12-12,7420.93994140625,7455.2001953125,7410.72998046875,7454.7099609375,61838000,-0.0003314342013066207,125.40942672913955,0.10737460513437472
2024-12-13,7409.56982421875,7460.60986328125,7388.60009765625,7408.16015625,82858600,-0.0015333416847989076,125.2172785795,0.09882399633069484
2024-12-16,7357.080078125,7394.33984375,7339.31005859375,7382.240234375,135807000,-0.0071092587034744525,124.33023340479832,0.10000767702442886
2024-12-17,7365.7001953125,7381.14013671875,7316.47998046875,7321.93994140625,94104400,0.0011709905347237427,124.47590820655634,0.10000681001174824
2024-12-18,7384.6201171875,7397.35009765625,7360.06005859375,7379.330078125,81504900,0.0025653588329292813,124.79564351971591,0.09661593878561957
2024-12-19,7294.3701171875,7326.81005859375,7261.27978515625,7289.10986328125,86813900,-0.012296641085202788,123.27047273923925,0.10568403818826701
2024-12-20,7274.47998046875,7289.330078125,7194.490234375,7244.14990234375,156262400,-0.0027305036352558306,122.93434137809662,0.10616856918690501
2024-12-23,7272.31982421875,7291.68994140625,7233.18994140625,7259.3701171875,46296600,-0.0002969940185994358,122.89783603522943,0.10437324989824162
2024-12-24,7282.68994140625,7316.58984375,7282.68994140625,7296.68994140625,20579600,0.001424955270960957,123.07308478563934,0.10447056089541358
2024-12-27,7355.3701171875,7355.3701171875,7278.419921875,7289.5400390625,46195200,0.009930383227544033,124.30133609224838,0.104469558766499
2024-12-30,7313.56005859375,7372.64990234375,7299.39013671875,7325.5,41887400,-0.005700507305379762,123.59477122025721,0.10311623294857968
2024-12-31,7380.740234375,7381.259765625,7287.14013671875,7289.7900390625,23241400,0.009143769013933527,124.73007583110316,0.10601128628755375
2025-01-02,7393.759765625,7399.25,7285.2998046875,7374.58984375,52769000,0.0017624331950419508,124.95009808747992,0.10343114998313274
2025-01-03,7282.22021484375,7387.97021484375,7270.56982421875,7387.97021484375,61578200,-0.015200579258523987,123.06514668893085,0.11776020962373146
2025-01-06,7445.68994140625,7454.8701171875,7304.47021484375,7313.35986328125,78726100,0.022199543343011944,125.82768686007357,0.14005686985437374
2025-01-07,7489.35009765625,7516.9501953125,7417.419921875,7451.33984375,68128400,0.00584669080340139,126.56551727097158,0.1397292883230982
2025-01-08,7452.419921875,7496.509765625,7396.68017578125,7489.2001953125,68013600,-0.0049432230496673215,125.94141948682278,0.1409747911617957
2025-01-09,7490.27978515625,7504.10986328125,7413.14990234375,7421.2001953125,46769000,0.005067349948458084,126.5812284311929,0.1347932792574736
2025-01-10,7431.0400390625,7521.22021484375,7417.58984375,7495.2099609375,65416600,-0.007940324051841505,125.58011231169104,0.1354164145398231
2025-01-13,7408.64013671875,7424.509765625,7353.0498046875,7409.56005859375,61436800,-0.0030189221183926497,125.20156741927866,0.1296788622206052
2025-01-14,7423.669921875,7499.77001953125,7423.490234375,7481.9501953125,75439900,0.0020266283864209893,125.4555617589701,0.1291605583706365
2025-01-15,7474.58984375,7514.91015625,7415.52001953125,7447.39013671875,90347900,0.006835713828832116,126.31607784747874,0.13129619986673188
2025-01-16,7634.740234375,7634.740234375,7567.669921875,7591.35009765625,74666800,0.021199667719204014,129.0225232354363,0.14955016270405314
2025-01-17,7709.75,7732.31982421875,7667.85009765625,7685.0400390625,93238600,0.00977684653881151,130.29014321085626,0.14884596826916455
2025-01-20,7733.5,7766.240234375,7707.2900390625,7722.1201171875,66371900,0.00307577986806504,130.69150394256062,0.14882151922515913
2025-01-21,7770.9501953125,7774.759765625,7713.259765625,7724.33984375,62824400,0.004830905665663434,131.32438974437522,0.14907523201122413
2025-01-22,7837.39990234375,7873.97998046875,7773.64013671875,7783.2998046875,70350300,0.00851468708497864,132.4473498721901,0.14035086701888033
2025-01-23,7892.60986328125,7896.97021484375,7829.39990234375,7851.39990234375,67604300,0.007019727066041868,133.38036504352675,0.13902567765164678
2025-01-24,7927.6201171875,7988.85009765625,7904.169921875,7958.919921875,65431800,0.004426017965937173,133.97201730142015,0.13819643020106692
2025-01-27,7906.580078125,7928.41015625,7844.41015625,7873.7001953125,87932900,-0.0026575452104930218,133.61645328149538,0.1399082941986753
2025-01-28,7897.3701171875,7955.4599609375,7879.330078125,7899.27978515625,73336500,-0.0011655265761137364,133.46081047472302,0.1391743246834968
2025-01-29,7872.47998046875,7891.58984375,7848.759765625,7874.72021484375,61912300,-0.0031566764722530853,133.0401821174321,0.13734875381198747
2025-01-30,7941.64013671875,7951.85009765625,7889.22021484375,7904.47021484375,71722800,0.008746689244711186,134.20894720868634,0.13715016039243663
2025-01-31,7950.169921875,7996.41015625,7928.83984375,7954.43017578125,77134700,0.0010734819940482632,134.35309545338504,0.13728007554135685
2025-02-03,7854.919921875,7875.580078125,7785.8701171875,7786.31982421875,85149300,-0.012053225144651781,132.74342767676012,0.1322310322887064
2025-02-04,7906.39990234375,7915.52978515625,7808.10986328125,7870.2900390625,83795000,0.006532468614366006,133.61340841903652,0.11440805188615658
2025-02-05,7891.68017578125,7900.7099609375,7858.22021484375,7888.60009765625,63874400,-0.0018634835055038623,133.3646538833054,0.11498717190903414
2025-02-06,8007.6201171875,8024.8798828125,7906.35986328125,7918.35986328125,104325900,0.014584540751268459,135.3239692397928,0.11890878037120883
2025-02-07,7973.02978515625,8027.0498046875,7954.89990234375,7998.3798828125,86935500,-0.00432903370798013,134.7394134093103,0.12169273043391524
2025-02-10,8006.22021484375,8014.1298828125,7971.14990234375,7977.759765625,69365400,0.004154197151814923,135.30031173120324,0.11505606043274201
2025-02-11,8028.89990234375,8037.240234375,7995.64990234375,8013.009765625,63982300,0.0028287536928359607,135.68358482466962,0.11260645810337788
2025-02-12,8042.18994140625,8067.06982421875,7984.72021484375,8039.60986328125,83614200,0.0016539067631610566,135.9081785005646,0.11268898189955161
2025-02-13,8164.10986328125,8176.1201171875,8091.419921875,8120.81005859375,100733100,0.015046275023983662,137.96855193437892,0.11888493975916975
2025-02-14,8178.5400390625,8212.6396484375,8155.4501953125,8164.6201171875,84064800,0.0017659534552390192,138.2124132358604,0.10169226232555705
2025-02-17,8189.1298828125,8199.0400390625,8165.89990234375,8181.39990234375,57770100,0.0012939954530125136,138.39137523317135,0.09907188484939373
2025-02-18,8206.5595703125,8225.1298828125,8160.60986328125,8205.9404296875,71132800,0.0021261312756189993,138.68592648068204,0.09910194216572733
2025-02-19,8110.5400390625,8208.669921875,8097.14013671875,8205.4404296875,76876600,-0.011769326891179563,137.06325408824367,0.11085948955515552
2025-02-20,8122.580078125,8172.759765625,8107.31005859375,8140.77978515625,80101800,0.0014833921246657198,137.26672351510155,0.10832950240189583
2025-02-21,8154.509765625,8180.72021484375,8126.8701171875,8138.240234375,85167900,0.003923272373847715,137.80631605144225,0.10693636867474358
2025-02-24,8090.990234375,8150.64013671875,8064.669921875,8138.85986328125,70669300,-0.00781999383790078,136.73287413396775,0.11112520890688979
2025-02-25,8051.06982421875,8107.10986328125,8043.1298828125,8065.35986328125,84120800,-0.004946145832305517,136.05824318532558,0.11234301223697202
2025-02-26,8143.919921875,8169.35009765625,8084.0498046875,8103.72998046875,89949900,0.011466646965291049,137.6273540541313,0.11785700698016002
2025-02-27,8102.52001953125,8136.85986328125,8048.27001953125,8104.22998046875,93870400,-0.0050965001691686595,136.9277205763554,0.1190012567695044
2025-02-28,8111.6298828125,8111.6298828125,8031.47998046875,8047.0400390625,132221800,0.0011236931069087681,137.08167179287284,0.11593901113703309
2025-03-03,8199.7099609375,8257.8798828125,8087.31005859375,8139.1298828125,91389800,0.010799963105372479,138.5701721972867,0.12080161113131133
2025-03-04,8047.919921875,8136.27001953125,8001.14990234375,8112.1298828125,109307000,-0.01868511978462681,136.0050117280841,0.13183758176424198
2025-03-05,8173.75,8245.240234375,8151.47021484375,8174.080078125,114727300,0.015514136650701065,138.13146445341752,0.13987893926371306
2025-03-06,8197.669921875,8229.4404296875,8103.5400390625,8226.1904296875,111802200,0.002922158128027727,138.53569676272537,0.1393744455271644
2025-03-07,8120.7998046875,8177.85009765625,8066.14990234375,8163.2998046875,103415600,-0.009421310584186453,137.23663796354322,0.13643156146196211
2025-03-10,8047.60009765625,8174.58984375,8039.35986328125,8161.52978515625,104956400,-0.009054724969416878,135.9996068909281,0.13955887881664022
2025-03-11,7941.91015625,8111.22021484375,7921.0498046875,8092.02001953125,102843400,-0.01322010230696092,134.21351037654472,0.14654121037743237
2025-03-12,7988.9599609375,8072.4501953125,7938.85009765625,8006.0400390625,89409700,0.005906763552531908,135.00862380963622,0.1477742181046397
2025-03-13,7938.2099609375,8032.64990234375,7927.830078125,7983.56982421875,82347100,-0.006372779596763255,134.15097929873107,0.14908983105722454
2025-03-14,8028.27978515625,8044.43994140625,7916.580078125,7924.22021484375,80007200,0.011282477375675115,135.67310521674884,0.14460944103189716
2025-03-17,8073.97998046875,8087.60009765625,8010.7099609375,8034.22998046875,68242800,0.00567626142944298,136.4454110622081,0.14610995525727047
2025-03-18,8114.56982421875,8140.08984375,8090.6298828125,8100.89013671875,78614400,0.00501464668521868,137.13135503640882,0.14728547913227216
2025-03-19,8171.47021484375,8181.85009765625,8096.5,8104.66015625,67187300,0.006987655932672765,138.0929374539042,0.14929989136475733
2025-03-20,8094.2001953125,8167.47998046875,8062.14013671875,8164.08984375,71330200,-0.009501065599785427,136.78712054536214,0.14727906844744126
2025-03-21,8042.9501953125,8075.43994140625,8010.259765625,8062.27001953125,145105800,-0.006351824339358136,135.92102633484214,0.1487143506963146
2025-03-24,8022.330078125,8114.4501953125,8002.33984375,8104.7099609375,61431800,-0.0025670424866436913,135.57255874232823,0.14799676892589353
2025-03-25,8108.58984375,8142.509765625,8042.72998046875,8042.72998046875,66802100,0.010695061195727905,137.03029695908185,0.1507686143140539
2025-03-26,8030.68017578125,8127.91015625,8025.2099609375,8121.990234375,68178000,-0.009654745606656691,135.71367037622784,0.1536111867856327
2025-03-27,7990.10986328125,8015.89013671875,7926.93017578125,7968.7998046875,71336700,-0.005064718921444358,135.02805646841836,0.1484878136551086
2025-03-28,7916.080078125,7975.5498046875,7894.6201171875,7949.22998046875,74145700,-0.009308366108825699,133.7769975741771,0.15068535546802764
2025-03-31,7790.7099609375,7853.2099609375,7753.740234375,7849.31982421875,93214500,-0.015964150466784236,131.65831791235652,0.1588986670246929
2025-04-01,7876.35986328125,7884.35009765625,7814.72998046875,7837.4501953125,73679000,0.010933857649807244,133.10574980604474,0.15903436109025726
2025-04-02,7858.830078125,7859.41015625,7792.97998046875,7850.8798828125,66242600,-0.00222810051529659,132.80950696827915,0.1469266214484952
2025-04-03,7598.97998046875,7740.91015625,7585.0,7689.60986328125,115848900,-0.03362372515164619,128.41819642812052,0.1730580097677624
2025-04-04,7274.9501953125,7552.52001953125,7215.759765625,7546.43017578125,177451600,-0.043577058159717214,122.94228772646474,0.22000580194562322
2025-04-07,6927.1201171875,7285.72998046875,6763.759765625,6804.83984375,197563800,-0.04899280770467248,117.06416837214721,0.2663041864038844
2025-04-08,7100.419921875,7179.490234375,6952.1201171875,7036.169921875,118583500,0.024709766900097893,119.99283095798303,0.28867922829751197
2025-04-09,6863.02001953125,6999.35009765625,6792.56982421875,6902.419921875,122317100,-0.034006345278800136,115.98091523119416,0.30384527873771777
2025-04-10,7126.02001953125,7384.47021484375,7126.02001953125,7296.5,125588200,0.037605295598580196,120.42545722859424,0.33860253580212346
2025-04-11,7104.7998046875,7204.60009765625,7007.6298828125,7191.47998046875,89406900,-0.0029822920722342113,120.06684834621058,0.33868894377685965
2025-04-14,7273.1201171875,7308.759765625,7222.85986328125,7238.009765625,77135600,0.02341479205803557,122.91136050560887,0.3486269885527416
2025-04-15,7335.39990234375,7344.2001953125,7239.72998046875,7255.06005859375,76652500,0.008526553325755505,123.96385145890167,0.3498340419973835
2025-04-16,7329.97021484375,7332.14013671875,7243.77001953125,7276.39013671875,69618700,-0.0007404774246687225,123.87209300214688,0.34841283820073327
2025-04-17,7285.85986328125,7331.64013671875,7257.77001953125,7311.91015625,60437800,-0.006035987726989768,123.12665456093164,0.3457518254498823
2025-04-22,7326.47021484375,7326.47021484375,7218.2998046875,7284.7099609375,75618400,0.0055583819831775,123.81294510484311,0.347466770167234
2025-04-23,7482.35986328125,7555.169921875,7403.93017578125,7403.93017578125,94945000,0.02105438528619522,126.44738650955946,0.3586598981835088
2025-04-24,7502.77978515625,7507.2998046875,7411.02978515625,7448.4599609375,70597400,0.0027253579203497824,126.79247092156352,0.3592902874658128
2025-04-25,7536.259765625,7574.25,7525.1298828125,7565.35009765625,71766900,0.004452416747047152,127.35826247770608,0.35689367373031666
2025-04-28,7573.759765625,7618.5498046875,7564.259765625,7564.259765625,67007800,0.004963604039581637,127.99198994881826,0.3573021827837234
2025-04-29,7555.8701171875,7588.43017578125,7533.56982421875,7572.22998046875,69142800,-0.002364850550001993,127.68966563779473,0.35720795529584876
2025-04-30,7593.8701171875,7609.31982421875,7512.22998046875,7586.64990234375,111554900,0.005016598186534215,128.33184280852174,0.3572958582846214
2025-05-02,7770.47998046875,7779.7001953125,7679.009765625,7710.080078125,80868800,0.022990577702795913,131.3164433960069,0.36351221791580757
2025-05-05,7727.93017578125,7747.490234375,7713.16015625,7735.58984375,46759300,-0.005490874375345238,130.59737725944888,0.36166502314206145
2025-05-06,7696.919921875,7746.27978515625,7647.77978515625,7743.06982421875,60335900,-0.004020822956271027,130.07332259847408,0.3618008925189512
2025-05-07,7626.83984375,7678.9501953125,7613.2001953125,7668.18017578125,61695900,-0.009146654317039975,128.8890113801941,0.34345452714884184
2025-05-08,7694.43994140625,7719.830078125,7646.009765625,7657.02978515625,62217600,0.00882439812756222,130.03141241845094,0.3051845527315558
2025-05-09,7743.75,7767.06982421875,7723.14013671875,7732.02001953125,55902300,0.006388083896658945,130.86472278466454,0.24050403502381185
2025-05-12,7850.10009765625,7880.2900390625,7783.68994140625,7800.18017578125,86218100,0.01364021661149424,132.6619755430706,0.23216392690265847
2025-05-13,7873.830078125,7879.39013671875,7840.85986328125,7842.7900390625,57046800,0.0030183291605965375,133.06299795672402,0.1848292217718439
2025-05-14,7836.7900390625,7877.740234375,7805.7001953125,7875.39013671875,66229500,-0.00471529543903948,132.43704354912472,0.15008878888088076
2025-05-15,7853.47021484375,7853.47021484375,7800.3701171875,7806.1201171875,62402300,0.0021261829689373513,132.7189284988729,0.14789539174811359
2025-05-16,7886.68994140625,7915.43017578125,7855.72021484375,7874.93017578125,67204200,0.004221021330884327,133.2803219203527,0.13143831663220384
2025-05-19,7883.6298828125,7883.6298828125,7824.419921875,7854.10986328125,56011100,-0.0003880781957834292,133.22860876851078,0.1310748150879118
2025-05-20,7942.419921875,7955.52978515625,7878.56982421875,7899.85986328125,65943600,0.007429562046637986,134.22212510935515,0.13085299748984805
2025-05-21,7910.490234375,7930.60986328125,7873.169921875,7913.740234375,57998400,-0.004028248487076734,133.68253257301444,0.1291206846269139
2025-05-22,7864.43994140625,7887.10009765625,7807.0498046875,7870.56982421875,61205200,-0.00583843139288808,132.9043102874928,0.13326424131161457
2025-05-23,7734.39990234375,7888.97021484375,7620.39990234375,7876.8701171875,79976100,-0.01667342609827334,130.70671175153527,0.13427845705585728
2025-05-26,7828.1298828125,7840.2998046875,7799.81005859375,7833.1298828125,45804600,0.012045742576688381,132.29069211126475,0.1390780941207962
2025-05-27,7826.7900390625,7856.39990234375,7808.1201171875,7816.509765625,51608000,-0.00017117222700057899,132.26804955682812,0.13898202120900652
2025-05-28,7788.10009765625,7853.66015625,7787.580078125,7825.419921875,59924500,-0.00495552901673537,131.6142127908318,0.1403787958801084
2025-05-29,7779.72021484375,7869.919921875,7779.72021484375,7866.77001953125,38396900,-0.0010765647924549204,131.47259780568564,0.14002215879680904
2025-05-30,7751.89013671875,7811.490234375,7747.89990234375,7776.0400390625,126162300,-0.0035836732031680044,131.00228620485868,0.1403846777975046
2025-06-02,7737.2001953125,7744.27978515625,7668.89990234375,7714.91015625,59191900,-0.0018968119490242465,130.75403502037418,0.11548462759230257
2025-06-03,7763.83984375,7765.4599609375,7699.240234375,7752.27978515625,58270900,0.003437146745901829,131.2042290746572,0.11447194732922336
2025-06-04,7804.669921875,7843.2099609375,7779.35986328125,7795.06005859375,60842600,0.005245225439135397,131.89423286546972,0.11464603797064632
2025-06-05,7790.27001953125,7848.08984375,7761.5400390625,7811.18017578125,53717400,-0.0018467408647123021,131.65088316689457,0.10944770438646545
2025-06-06,7804.8701171875,7815.0,7769.83984375,7794.8798828125,43299700,0.0018723912441610934,131.89761604597956,0.1057813246271487
2025-06-09,7791.47021484375,7812.72998046875,7772.08984375,7796.259765625,39647500,-0.001718339732992107,131.6711657466341,0.10398032167753397
2025-06-10,7804.330078125,7815.43994140625,7769.509765625,7784.580078125,61379600,0.001649144763876708,131.88848971026277,0.09221716230099916
2025-06-11,7775.89990234375,7840.02001953125,7775.89990234375,7810.83984375,58253000,-0.0036495234501749256,131.40803681956606,0.09210629607762642
2025-06-12,7765.10986328125,7783.64013671875,7698.22998046875,7741.0400390625,57177200,-0.0013885894107252019,131.22569164174527,0.09094524873492782
2025-06-13,7684.68017578125,7713.68017578125,7659.1298828125,7670.0400390625,74634100,-0.010411845583307601,129.86647824276614,0.09668210275782718
2025-06-16,7742.240234375,7769.31982421875,7705.27978515625,7706.83984375,66005300,0.007462322248616075,130.83920865262442,0.09951273880770024
2025-06-17,7683.72998046875,7702.75,7646.759765625,7687.169921875,63015300,-0.007585977890813251,129.85042051283403,0.10215295917000661
2025-06-18,7656.1201171875,7710.14013671875,7641.1298828125,7687.419921875,56555500,-0.003599760482685154,129.38383041056792,0.09741709412643688
2025-06-19,7553.4501953125,7618.759765625,7553.4501953125,7605.8798828125,54333600,-0.01350090492620585,127.64877041192449,0.1054093551080076
2025-06-20,7589.66015625,7636.830078125,7575.990234375,7597.18017578125,150191600,0.004782376818285858,128.26069699789764,0.10719495398869969
2025-06-23,7537.56982421875,7597.93994140625,7505.27001953125,7549.919921875,53135000,-0.006886989619130255,127.38040168089609,0.09458192050945537
2025-06-24,7615.990234375,7678.77978515625,7606.31982421875,7656.5400390625,69697400,0.010350189648719706,128.7056594998801,0.0917229474428893
2025-06-25,7558.16015625,7658.5,7557.240234375,7630.33984375,53189500,-0.00762222023922268,127.7283659221634,0.09415842028247595
2025-06-26,7557.31005859375,7594.89990234375,7532.25,7587.240234375,70187900,-0.00011248047795579433,127.71399978248625,0.09351707410098924
2025-06-27,7691.5498046875,7691.5498046875,7609.9599609375,7613.35009765625,60467400,0.017606983762102693,129.9825708442125,0.11446356071096585
2025-06-30,7665.91015625,7714.56005859375,7660.77978515625,7714.56005859375,63121500,-0.0033390511614084955,129.54927618915912,0.11438478574334444
2025-07-01,7662.58984375,7675.68994140625,7612.39013671875,7674.5400390625,56189700,-0.000433220804635731,129.49316490265437,0.11427691873278693
2025-07-02,7738.419921875,7770.4501953125,7674.22998046875,7710.72021484375,64521800,0.00984749598478446,130.7746476665049,0.11908863512475044
2025-07-03,7754.5498046875,7766.919921875,7717.06982421875,7763.25,51421200,0.0020822203780114824,131.04723299568093,0.11777786499102037
2025-07-04,7696.27001953125,7713.5400390625,7656.68994140625,7713.5400390625,39006400,-0.007543944232892061,130.06233963930674,0.12034206866432869
2025-07-07,7723.47021484375,7730.97998046875,7682.1201171875,7704.2099609375,49271000,0.0035279742864097337,130.52200659901737,0.12090219351335903
2025-07-08,7766.7099609375,7771.6201171875,7696.3798828125,7743.56982421875,54942400,0.00558287352538978,131.2527323308447,0.12260803804934994
2025-07-09,7878.4599609375,7886.7900390625,7790.5498046875,7799.330078125,59300100,0.014285802082705256,133.14124019475898,0.13237211952138916
2025-07-10,7902.25,7940.6201171875,7885.8701171875,7909.85986328125,52841500,0.0030150807085044438,133.54327756256535,0.13178332485257999
2025-07-11,7829.2900390625,7881.18994140625,7815.18994140625,7873.43017578125,48937000,-0.00927569505204161,132.3102980549023,0.13616851147770365
2025-07-14,7808.169921875,7810.5498046875,7764.7998046875,7774.0400390625,40409300,-0.002701222587600574,131.95338076277355,0.13098108548563558
2025-07-15,7766.2099609375,7836.1298828125,7766.2099609375,7818.08984375,48694900,-0.005388344547416723,131.24428263122988,0.13025736805131866
2025-07-16,7722.08984375,7778.1298828125,7722.08984375,7740.14990234375,64253700,-0.005697234310173513,130.49867915681904,0.12900278773159427
2025-07-17,7822.0,7822.02001953125,7783.64990234375,7794.419921875,52115700,0.012855243781701402,132.18710077438527,0.13527709658626952
2025-07-18,7822.669921875,7873.2998046875,7815.22998046875,7857.68994140625,51242500,8.564218724395828e-05,132.19842205160356,0.12467196469171923
2025-07-21,7798.22021484375,7838.60986328125,7757.68017578125,7825.72998046875,47487000,-0.0031303884456205027,131.7852366914343,0.12519331905945735
2025-07-22,7744.41015625,7782.66015625,7726.740234375,7775.0400390625,47029700,-0.006924217111446555,130.87587902868725,0.1252240220805316
2025-07-23,7850.43017578125,7869.9599609375,7816.27001953125,7839.7099609375,66792400,0.013597016791961873,132.66755366508198,0.12864266628357982
2025-07-24,7818.27978515625,7898.02978515625,7797.27978515625,7873.5,74863300,-0.004103775719311524,132.12423137852065,0.12607005351778935
2025-07-25,7834.580078125,7851.4599609375,7759.58984375,7782.39013671875,59054700,0.002082724690993011,132.39969653695994,0.1259211214295016
2025-07-28,7800.8798828125,7931.14990234375,7794.66015625,7924.52978515625,54179100,-0.004310745904875104,131.83018348225656,0.11332982461546597
2025-07-29,7857.35986328125,7924.6201171875,7833.02001953125,7834.83984375,57353300,0.007214121936561871,132.78466122068124,0.11451356079124993
2025-07-30,7861.9599609375,7921.60986328125,7853.5400390625,7856.009765625,51555900,0.0005852794954241421,132.86240010746963,0.1143876569820219
2025-07-31,7771.97021484375,7906.3701171875,7771.97021484375,7876.58984375,84917700,-0.011512235113393764,131.34162746165578,0.1179711901096394
2025-08-01,7546.16015625,7691.1201171875,7523.60986328125,7676.39013671875,91055600,-0.029484853831122794,127.52557313140753,0.15614882461600482
2025-08-04,7632.009765625,7632.77001953125,7571.759765625,7582.77001953125,57746900,0.01131236839845397,128.97637995394584,0.16025246558709597
2025-08-05,7621.0400390625,7670.2001953125,7610.56982421875,7670.2001953125,48283700,-0.0014383652573397186,128.790998165326,0.15964124171335134
2025-08-06,7635.02978515625,7672.14990234375,7620.97021484375,7658.919921875,46905700,0.0018339913458942046,129.02741646968582,0.15832400302111746
2025-08-07,7709.31982421875,7737.6298828125,7645.2099609375,7651.39990234375,55875200,0.009683123941197153,130.28287349858988,0.15352291517790181
2025-08-08,7743.0,7770.89013671875,7710.669921875,7733.7099609375,50735400,0.004359245666644066,130.8520482352423,0.1540392891444624
2025-08-11,7698.52001953125,7764.240234375,7694.33984375,7764.240234375,41752100,-0.005761104274427537,130.1003632875735,0.15212056177091873
2025-08-12,7753.419921875,7759.740234375,7702.509765625,7730.22021484375,45578600,0.0071059211415400135,131.02813865494977,0.15435502118572914
2025-08-13,7804.97021484375,7819.68994140625,7769.06982421875,7775.22998046875,48809400,0.006626711524898011,131.8993076362345,0.15500898552358236
2025-08-14,7870.33984375,7871.39013671875,7818.56982421875,7822.9501953125,45938800,0.008340505879552831,133.00401509261584,0.15586281460203047
2025-08-15,7923.4501953125,7945.27001953125,7896.56005859375,7917.06005859375,45150600,0.006725498011945383,133.901548126898,0.15132162945770902
2025-08-18,7884.0498046875,7929.419921875,7856.89990234375,7929.419921875,39333100,-0.004985035232452968,133.23570519592164,0.15255898877463062
2025-08-19,7979.080078125,7986.81005859375,7892.72021484375,7894.68994140625,45661000,0.011981419930555206,134.84165972564554,0.15710126139792627
2025-08-20,7973.02978515625,8004.33984375,7932.06005859375,7949.14013671875,42249900,-0.000758557120120247,134.73941340931023,0.15456877592311247
2025-08-21,7938.2900390625,7970.75,7910.33984375,7970.75,36764300,-0.004366677519980808,134.152332570935,0.14911679390633614
2025-08-22,7969.68994140625,7997.35009765625,7923.39013671875,7923.39013671875,40033500,0.003947697088016768,134.68297205641431,0.14857172444793404
2025-08-25,7843.0400390625,7946.06982421875,7836.9599609375,7943.0,48417900,-0.016019069546807114,132.54266479431007,0.15960026183926226
2025-08-26,7709.81005859375,7749.240234375,7668.080078125,7726.240234375,131793500,-0.017132967736187277,130.2911581650091,0.1698665656920811
2025-08-27,7743.93017578125,7765.169921875,7703.93017578125,7718.2900390625,57293600,0.004415781825334486,130.8677676471234,0.16852435704972735
2025-08-28,7762.60009765625,7833.0400390625,7734.9599609375,7770.68994140625,51176800,0.0024080088281841264,131.18327811047556,0.16881651699736042
2025-08-29,7703.89990234375,7764.2900390625,7702.2099609375,7743.43994140625,53287000,-0.0075906607392564425,130.1912800750307,0.1661497284712974
2025-09-01,7707.89990234375,7744.64013671875,7697.81982421875,7724.9599609375,33581700,0.0005190827989602458,130.25887767194934,0.12818668627890675
2025-09-02,7654.25,7738.18017578125,7648.1298828125,7730.60986328125,64400100,-0.006984715134196518,129.35222655361017,0.12529515170788522
2025-09-03,7719.7099609375,7736.759765625,7671.52978515625,7699.6201171875,58857500,0.008515744374027925,130.4584605670508,0.12842244419707996
2025-09-04,7698.919921875,7727.759765625,7676.83984375,7701.4599609375,63711400,-0.0026967443696384852,130.10712139693342,0.12883788111831065
2025-09-05,7674.77978515625,7732.0400390625,7649.39990234375,7723.97021484375,55619600,-0.0031404485606954195,129.69916758906476,0.12478630162213965
2025-09-08,7734.83984375,7745.0498046875,7682.31005859375,7706.7900390625,47203800,0.0077951778392876345,130.7141464969972,0.12692222168137246
2025-09-09,7749.39013671875,7791.64990234375,7729.8798828125,7750.919921875,49086400,0.0018793698194585287,130.9600377067846,0.1253403263107319
2025-09-10,7761.31982421875,7823.33984375,7750.60009765625,7774.35986328125,51828200,0.0015382519410649948,131.16164225853214,0.1230007692419765
2025-09-11,7823.52001953125,7848.3798828125,7773.56982421875,7781.7998046875,54251700,0.007982183480124163,132.21278819128077,0.12399973764918933
2025-09-12,7825.240234375,7842.6201171875,7768.91015625,7830.7001953125,48520500,0.00021985317977500564,132.24185878868607,0.12034784041938669
2025-09-15,7896.93017578125,7935.31005859375,7843.4599609375,7848.2001953125,49857700,0.009119661776432255,133.4533757292611,0.12237101973471942
2025-09-16,7818.22021484375,7903.0400390625,7811.1201171875,7890.52978515625,59036100,-0.010017163965959055,132.12322467602752,0.1260572874993646
2025-09-17,7786.97998046875,7846.08984375,7777.9599609375,7841.5498046875,53227000,-0.004003828943867309,131.59528348329627,0.11819257181085169
2025-09-18,7854.60986328125,7887.10986328125,7818.740234375,7822.56982421875,56679400,0.008647497464133467,132.7381878727997,0.12298958708465553
2025-09-19,7853.58984375,7934.919921875,7853.58984375,7873.3701171875,138907700,-0.0001298709657004487,132.72095015551906,0.12227716406659908
2025-09-22,7830.10986328125,7850.22021484375,7801.169921875,7847.759765625,42599900,-0.0029941912239084345,132.32415259167308,0.12144970077649563
2025-09-23,7872.02001953125,7919.06982421875,7857.10986328125,7867.68994140625,48991400,0.005338161903549466,133.03240905391917,0.10979499615879627
2025-09-24,7827.4501953125,7872.56982421875,7810.0498046875,7871.22021484375,52936900,-0.005677891463503624,132.27920580085083,0.0929146390292221
2025-09-25,7795.419921875,7819.7001953125,7760.06982421875,7797.97021484375,51878400,-0.00410043968565645,131.73791342259543,0.09333023603766105
2025-09-26,7870.68017578125,7875.0400390625,7821.25,7822.169921875,52920700,0.009608113367380265,133.00976649948254,0.09855094137579568
2025-09-29,7880.8701171875,7901.22998046875,7870.47021484375,7899.02001953125,46221000,0.0012938336402735973,133.1819703874336,0.0938755288626358
2025-09-30,7895.93994140625,7895.93994140625,7831.080078125,7865.43994140625,60290200,0.0019103771606482965,133.43664136322704,0.09389421918027709
2025-10-01,7966.9501953125,7984.81982421875,7865.39990234375,7894.2900390625,63080400,0.008953063108467624,134.63667199338815,0.09272548675191239
2025-10-02,8056.6298828125,8088.52978515625,8023.02001953125,8025.5,64288600,0.011193581389212712,136.1522048352416,0.09555131487755376
2025-10-03,8081.5400390625,8097.240234375,8040.35986328125,8093.009765625,52963700,0.0030871128701650263,136.57317151058353,0.09403157517333768
2025-10-06,7971.77978515625,8035.72021484375,7909.4599609375,8035.330078125,80272100,-0.013674674834056206,134.71828916027317,0.10779781955225247
2025-10-07,7974.85009765625,8005.740234375,7934.1298828125,7974.91015625,55312500,0.0003850735309594615,134.7701755969705,0.10564692992260617
2025-10-08,8060.1298828125,8070.64013671875,7983.3701171875,7983.3701171875,58212000,0.010636818919446258,136.2113527325454,0.11034133262724176
2025-10-09,8041.35986328125,8109.77001953125,8041.35986328125,8074.1201171875,50470000,-0.0023314647687424513,135.89415067893833,0.1112990053684721
2025-10-10,7918.0,8082.52978515625,7905.830078125,8049.56982421875,61196100,-0.015459557428884555,133.80944310043245,0.12354519292947005
2025-10-13,7934.259765625,7995.490234375,7902.1201171875,7959.27001953125,47157200,0.002051413687078264,134.08422337111,0.12364236350004247
2025-10-14,7919.6201171875,7932.8798828125,7825.97021484375,7862.91015625,61249500,-0.00184682269661843,133.83682210758286,0.11996835158400895
2025-10-15,8077.0,8130.72021484375,8024.5400390625,8029.97021484375,72826600,0.019677276785760502,136.4964475779481,0.13181594444411843
2025-10-16,8188.58984375,8188.58984375,8053.06982421875,8093.4599609375,56494100,0.01372118632979263,138.3822488974545,0.1366182177077034
2025-10-17,8174.2001953125,8224.5595703125,8080.830078125,8092.52978515625,67602100,-0.001758826228612965,138.13907248373476,0.1353672981606136
2025-10-20,8206.0703125,8239.669921875,8151.35009765625,8213.2001953125,62656300,0.003891285847489051,138.6776583175823,0.1353245511795867
2025-10-21,8258.8603515625,8271.48046875,8198.26953125,8206.349609375,58317200,0.006412443639252422,139.56977826304873,0.13479319945425122
2025-10-22,8206.8701171875,8248.900390625,8193.349609375,8222.73046875,61261000,-0.006314983383235756,138.6911745363021,0.13775569461682602
2025-10-23,8225.7802734375,8257.4697265625,8215.5302734375,8225.4501953125,66578600,0.0023015355585183704,139.01074481626608,0.13490770610483294
2025-10-24,8225.6298828125,8263.91015625,8169.22998046875,8263.91015625,55232000,-1.828300718005871e-05,139.00820330505383,0.13317317872626858
2025-10-27,8239.1796875,8252.6396484375,8202.7197265625,8237.2001953125,46330600,0.001645911261655512,139.23718686395176,0.13069534313885578
2025-10-28,8216.580078125,8243.6396484375,8204.009765625,8219.5302734375,52319200,-0.0027467128720050577,138.85526704268932,0.1317850561872782
2025-10-29,8200.8798828125,8226.3203125,8186.009765625,8198.7099609375,51921600,-0.0019126223101455417,138.58994317411975,0.13247647020601505
2025-10-30,8157.2900390625,8206.83984375,8114.740234375,8180.35009765625,74718500,-0.00532944053417094,137.8533010022301,0.13200363570560408
2025-10-31,8121.06982421875,8161.81005859375,8106.9501953125,8150.22021484375,60682000,-0.004450113515352481,137.2412011314016,0.1280317847833936
2025-11-03,8109.7900390625,8151.0,8094.41015625,8118.83984375,47263500,-0.0013899185954644676,137.05057953882135,0.12777782169787033
2025-11-04,8067.52978515625,8067.580078125,7963.68994140625,8014.47021484375,54448200,-0.005224641720198097,136.33640663651292,0.11931775993969346
2025-11-05,8074.22998046875,8097.83984375,8005.81982421875,8008.06005859375,49985700,0.000830169175429399,136.44963591201554,0.11931909824807235
2025-11-06,7964.77001953125,8044.85986328125,7950.7998046875,8016.669921875,62779100,-0.01364943704260467,134.59982833246994,0.1231501840573473
2025-11-07,7950.18017578125,8000.990234375,7908.58984375,7986.06982421875,52404200,-0.001833477033619009,134.35326873824036,0.12307232721934891
2025-11-10,8055.509765625,8077.18017578125,8017.47021484375,8044.08984375,52949300,0.013161708211305287,136.13327552770605,0.11924045460577658
2025-11-11,8156.22998046875,8169.7998046875,8078.22021484375,8080.60009765625,47538300,0.012425749777025983,137.8353866488475,0.1258243615076226
2025-11-12,8241.240234375,8280.9697265625,8185.02978515625,8190.68017578125,61916100,0.010368796457725099,139.27200886822382,0.12903274090358202
2025-11-13,8232.490234375,8314.23046875,8227.8798828125,8270.849609375,54230000,-0.0010622974364483855,139.1241391249643,0.11188226241430331
2025-11-14,8170.08984375,8202.48046875,8084.22998046875,8186.14013671875,54654300,-0.007608643440842542,138.06961001170583,0.10530880037237773
2025-11-17,8119.02001953125,8176.10009765625,8109.81982421875,8155.93017578125,42960200,-0.006270445958024672,137.2065606636447,0.10734020986157355
2025-11-18,7967.93017578125,8032.509765625,7925.06005859375,8017.72998046875,68564200,-0.018784702476209655,134.6532330745668,0.1236300802452989
2025-11-19,7953.77001953125,8005.75,7919.35986328125,7964.77001953125,55042800,-0.0017787246097708004,134.4139349409437,0.12031803418305385
2025-11-20,7981.06982421875,8057.7001953125,7981.06982421875,8044.85009765625,60357000,0.003426433106890766,134.87528523924945,0.12043651123399814
2025-11-21,7982.64990234375,7996.4599609375,7875.8701171875,7881.10009765625,64784800,0.00019795864087127082,134.9019876102979,0.11985667825719577
2025-11-24,7959.669921875,8033.3798828125,7958.60986328125,8030.4599609375,112183000,-0.002882892406852956,134.51363974606673,0.11984272880431272
2025-11-25,8025.7998046875,8038.669921875,7942.72021484375,7981.89013671875,60730300,0.008273796290076562,135.63119503672567,0.12420040129275084
2025-11-26,8096.43017578125,8098.669921875,8027.60986328125,8075.47021484375,53500500,0.008761917308408263,136.82480587557785,0.12876685918300948
2025-11-27,8099.47021484375,8115.4599609375,8080.83984375,8098.68017578125,31913000,0.00037540847064760073,136.87618070936878,0.1287396281344433
2025-11-28,8122.7099609375,8132.169921875,8084.22998046875,8105.009765625,42475900,0.0028651835623059053,137.26891845660296,0.12806840937356406
2025-12-01,8097.0,8114.14013671875,8043.81005859375,8078.39990234375,53441200,-0.0031702148228381247,136.83443556254122,0.1276094367373919
2025-12-02,8074.60986328125,8135.7998046875,8072.06005859375,8084.77001953125,49999600,-0.00276906890715981,136.45605570332444,0.1278686303330349
2025-12-03,8087.419921875,8103.14013671875,8051.4501953125,8071.77978515625,60034900,0.0015852045128662128,136.67253799765552,0.12667205720204147
2025-12-04,8122.02978515625,8137.64990234375,8098.08984375,8115.169921875,60726200,0.004270338167132923,137.25742389452927,0.12747404086369016
2025-12-05,8114.740234375,8160.81005859375,8114.740234375,8148.06982421875,49530600,-0.0008979065740587333,137.13423486567206,0.11715134835674877
2025-12-08,8108.43017578125,8110.759765625,8080.85009765625,8098.9599609375,45305200,-0.0007779069999788384,137.02759866633374,0.11689914081705956
2025-12-09,8052.509765625,8135.97998046875,8044.990234375,8117.43017578125,50232800,-0.006920467935808281,136.08257733001705,0.11099168515778574
2025-12-10,8022.68994140625,8045.22021484375,8005.10986328125,8035.08984375,50663900,-0.0037100451585828347,135.57864021558618,0.10190056265432726
2025-12-11,8085.759765625,8104.759765625,8009.0400390625,8046.169921875,57698900,0.007830691053557142,136.64448235440315,0.09872972112670814
2025-12-12,8068.6201171875,8155.39013671875,8068.6201171875,8100.52978515625,56113400,-0.0021219823965036,136.35483259280187,0.09881892973420808
2025-12-15,8124.8798828125,8161.02978515625,8086.06982421875,8087.06982421875,57678300,0.0069484659872342475,137.30558883266576,0.09933865947262831
2025-12-16,8106.16015625,8150.22021484375,8086.7001953125,8114.39013671875,61766000,-0.0023066587005611166,136.98923670001605,0.0972458928347774
2025-12-17,8086.0498046875,8136.06982421875,8074.0400390625,8116.259765625,54621500,-0.0024839551798230895,136.64938384031257,0.07042716311812733
2025-12-18,8150.64013671875,8166.72021484375,8086.58984375,8087.43017578125,62013200,0.007956137978700057,137.74092164768484,0.07408735977760082
2025-12-19,8151.3798828125,8177.75,8131.06005859375,8131.240234375,124305200,9.075514486812244e-05,137.7534229122517,0.07370417596360791
2025-12-22,8121.06982421875,8143.3798828125,8099.4501953125,8135.52001953125,36792900,-0.003725326449695153,137.2412011314016,0.0754774606721648
2025-12-23,8103.85009765625,8127.06982421875,8088.41015625,8120.080078125,32689700,-0.002122627798568414,136.95019809759637,0.07505242591553848
2025-12-24,8103.580078125,8135.7099609375,8103.580078125,8109.2998046875,8940000,-3.332046207774958e-05,136.94563492973793,0.07005630909369709
2025-12-29,8112.02001953125,8132.58984375,8087.47998046875,8127.58984375,34001400,0.0010409657511971132,137.08826486903712,0.06330729653222565
2025-12-30,8168.14990234375,8184.02978515625,8095.02001953125,8097.43994140625,28781500,0.006895518349967741,138.03682616739948,0.06756172658636024
2025-12-31,8149.5,8149.5,8118.47998046875,8147.0498046875,16721000,-0.0022858574091325344,137.72165402209833,0.06755190593514436
2026-01-02,8195.2099609375,8221.7802734375,8113.33984375,8127.27001953125,44149100,0.005593256804744334,138.4941249007532,0.06892101004326572
2026-01-05,8211.5,8253.8701171875,8174.43994140625,8247.16015625,51835400,0.0019857783131837074,138.7694167743371,0.06797662964551801
2026-01-06,8237.4296875,8255.76953125,8158.08984375,8216.580078125,60302300,0.003152753336626997,139.20761291529985,0.06842006445792125
2026-01-07,8233.919921875,8257.330078125,8211.6201171875,8251.4404296875,58547000,-0.0004261661322667049,139.14829998480045,0.0674104340751022
2026-01-08,8243.4697265625,8255.51953125,8203.7099609375,8210.900390625,52767100,0.0011591406115313595,139.30968594677978,0.06719095886758934
2026-01-09,8362.08984375,8362.08984375,8271.650390625,8271.650390625,60143000,0.014287038554927177,141.31429466380018,0.08159781048536575
2026-01-12,8358.759765625,8378.08984375,8313.3095703125,8342.3798828125,48217000,-0.0003983144692791644,141.25801834409987,0.07609295335739273
2026-01-13,8347.2001953125,8352.7998046875,8308.669921875,8346.8095703125,57006000,-0.0013838860124624974,141.06266855046562,0.07438681118330465
2026-01-14,8330.9697265625,8396.7197265625,8327.2197265625,8368.990234375,56945700,-0.0019463135283583515,140.78838337937486,0.07222439975102626
2026-01-15,8313.1201171875,8366.2998046875,8290.6103515625,8366.2998046875,50823000,-0.0021448593927987625,140.4867357044533,0.07223858854201778
2026-01-16,8258.9404296875,8313.6396484375,8234.26953125,8304.4599609375,59759000,-0.006538701736287875,139.5711315352527,0.07431546293844506
2026-01-19,8112.02001953125,8165.4599609375,8092.0498046875,8125.509765625,48166100,-0.01794938729039534,137.08826486903715,0.09836464572197605
2026-01-20,8062.580078125,8062.580078125,7996.58984375,8054.240234375,56758100,-0.006113300493605416,136.25275956132202,0.10031947868953117
2026-01-21,8069.169921875,8090.490234375,8014.14013671875,8050.77001953125,61605600,0.0008170030054465345,136.3641239617143,0.09601741765595624
2026-01-22,8148.89013671875,8190.080078125,8142.43994140625,8163.56005859375,63848100,0.009831121187227338,137.71134769903298,0.10245749406269307
2026-01-23,8143.0498046875,8156.0498046875,8095.0,8116.81005859375,51901000,-0.0007169597116648532,137.61264959640312,0.10161114119368002
2026-01-26,8131.14990234375,8159.2900390625,8106.06005859375,8130.5498046875,49897300,-0.0014624257633336364,137.41154839590212,0.10145244563602973
2026-01-27,8152.81982421875,8173.56982421875,8117.580078125,8142.72998046875,60299800,0.0026615051526928226,137.77775705694324,0.10181652841710027
2026-01-28,8066.68017578125,8112.5,8020.75,8096.43017578125,58105900,-0.010621838936723365,136.32204874849555,0.10852510146606988
2026-01-29,8071.35986328125,8145.43994140625,8068.93017578125,8127.9501953125,64808400,0.0005799573702681002,136.4011326558281,0.10543443092024651
2026-01-30,8126.52978515625,8143.31982421875,8070.85986328125,8070.85986328125,63740300,0.006812015196088218,137.33347119106273,0.10823929662238542
2026-02-02,8181.169921875,8201.8798828125,8080.66015625,8084.91015625,57400400,0.006701170878947423,138.25685667543598,0.10904305663805733
2026-02-03,8179.5,8234.5,8129.330078125,8219.259765625,66506400,-0.00020413856996976117,138.228635998988,0.10878347336251952
2026-02-04,8262.16015625,8298.41015625,8203.26953125,8219.9599609375,83480800,0.010055049417488783,139.6255429798427,0.11395730902396331
2026-02-05,8238.169921875,8312.6796875,8193.2001953125,8288.4697265625,72419400,-0.00290785107518746,139.2201224315265,0.11443667427822615
2026-02-06,8273.83984375,8287.919921875,8175.08984375,8214.849609375,104872600,0.004320488888719079,139.82292268178284,0.11535193264283546
2026-02-09,8323.2802734375,8323.2802734375,8258.75,8294.830078125,65503700,0.005957729482838726,140.65843624115774,0.10571907954543765
2026-02-10,8327.8798828125,8369.7099609375,8316.6103515625,8348.8203125,67132400,0.0005524671492952321,140.73616687628635,0.105750346027818
2026-02-11,8313.240234375,8358.23046875,8277.9599609375,8344.25,83638500,-0.0017594551461739107,140.48876561275918,0.10581237089511332
2026-02-12,8340.5595703125,8437.349609375,8332.73046875,8432.150390625,84767100,0.003280856112523792,140.95044597745613,0.1062700880775388
2026-02-13,8311.740234375,8331.9599609375,8275.0400390625,8315.5,80704400,-0.003461307452829367,140.4634165139147,0.10671035595133933
2026-02-16,8316.5,8354.75,8313.9404296875,8322.849609375,50019300,0.000572491819688884,140.54385369345118,0.10403651563950132
2026-02-17,8361.4599609375,8368.25,8292.1298828125,8310.8896484375,58135600,0.0053915550767609345,141.30365002268383,0.08129564209841368
2026-02-18,8429.0302734375,8438.51953125,8365.6298828125,8370.48046875,68796900,0.008048684264830267,142.4455477096941,0.07949403784566092
2026-02-19,8398.7802734375,8415.8798828125,8350.3603515625,8412.25,72333000,-0.0035952428272761207,141.93434088299693,0.08183773473241092
2026-02-20,8515.490234375,8529.0,8421.1103515625,8442.1796875,72160200,0.01380039572750365,143.90666910695754,0.08763073334658553
2026-02-23,8497.169921875,8532.9501953125,8485.23046875,8496.33984375,58801900,-0.0021537278019274756,143.59706683200795,0.08835013258947168
2026-02-24,8519.2099609375,8548.2900390625,8461.8798828125,8471.4404296875,59104100,0.0025904512639164804,143.96953025116238,0.08744406891185251
2026-02-25,8559.0703125,8560.91015625,8528.6298828125,8539.6201171875,61295000,0.004667966950272327,144.64314624565156,0.08784700668939235
2026-02-26,8620.9296875,8642.23046875,8562.8603515625,8568.759765625,75205600,0.007201355335609641,145.68853251987372,0.07561950560181292
2026-02-27,8580.75,8638.9296875,8553.9404296875,8609.4599609375,109240900,-0.004671608971116511,145.00951993988832,0.07994542770935542
2026-03-02,8394.3203125,8461.75,8378.1796875,8404.9501953125,97231700,-0.02196599838628664,141.8589702225654,0.11620103710534897
2026-03-03,8103.83984375,8298.3095703125,8086.68017578125,8292.419921875,111030800,-0.035217319746866205,136.95002481274093,0.17070649799802087
2026-03-04,8167.72998046875,8210.41015625,8089.81005859375,8122.60009765625,80568200,0.007853017963245229,138.02972973998854,0.1731187380413477
2026-03-05,8045.7998046875,8215.01953125,8028.1298828125,8135.06982421875,80365500,-0.015040830225388815,135.96918302131883,0.1764239043075523
2026-03-06,7993.490234375,8104.77001953125,7913.02001953125,8083.669921875,82534400,-0.006522702145418932,135.085182709076,0.1772906663709125
2026-03-09,7915.35986328125,7929.52978515625,7768.10986328125,7809.740234375,80316200,-0.00982233144062137,133.7648263760014,0.1782714079120145
2026-03-10,8057.35986328125,8107.18994140625,7995.81005859375,8064.81982421875,81753500,0.0177807841862845,136.16454106661286,0.18937155071766515
2026-03-11,8041.81005859375,8057.22021484375,7961.31982421875,7992.66015625,61992200,-0.0019317529535398386,135.90175870925557,0.18922013116460804
2026-03-12,7984.43994140625,8037.830078125,7916.5,8006.72998046875,78924200,-0.007159549145834531,134.93223819505172,0.19017652464591375
2026-03-13,7911.52978515625,8016.43017578125,7872.72998046875,7907.81982421875,70483500,-0.009173478410236385,133.70010035668622,0.19077638989890588
2026-03-16,7935.97021484375,7968.64990234375,7856.60986328125,7921.02001953125,60060700,0.0030844548432753436,134.1131289353197,0.19171242151721352
2026-03-17,7974.490234375,8022.27001953125,7919.8701171875,7919.8701171875,58874400,0.004842109367725379,134.7640941237125,0.1930570833066326
2026-03-18,7969.8798828125,8066.6201171875,7944.33984375,8008.93017578125,76335300,-0.0005783046501183607,134.68618195206875,0.19127666816604647
2026-03-19,7807.8701171875,7887.9501953125,7774.43994140625,7871.759765625,95463500,-0.020537207132328893,131.94831424366856,0.19735581135666524
2026-03-20,7665.6201171875,7883.27001953125,7660.47021484375,7869.68017578125,175748400,-0.018386802901534483,129.54437470324967,0.20385331054333436
2026-03-23,7726.2001953125,7876.7001953125,7505.27001953125,7542.35986328125,97910300,0.0078717643155188,130.56814162884797,0.19815731926769883
2026-03-24,7743.919921875,7773.6298828125,7660.240234375,7743.5498046875,62099000,0.0022908334489424326,130.86759436226802,0.19945158370294738
2026-03-25,7846.5498046875,7884.14013671875,7792.3701171875,7837.0400390625,63113200,0.013165910598869722,132.60197772480947,0.20734362774103093
2026-03-26,7769.31005859375,7843.06982421875,7756.169921875,7795.77978515625,67009300,-0.009892554963494516,131.29667241917377,0.2058775679406728
2026-03-27,7701.9501953125,7785.4599609375,7677.31982421875,7774.39990234375,63971600,-0.008707795979041984,130.15833119752872,0.2017113888451975
2026-03-30,7772.4501953125,7775.259765625,7680.2099609375,7689.0498046875,70054300,0.009111886212088707,131.34973884321963,0.20786785632934024
2026-03-31,7816.93994140625,7850.14013671875,7751.56982421875,7765.16015625,79609800,0.005707711011864441,132.10158882408402,0.2009128427705446
2026-04-01,7981.27001953125,8006.47021484375,7918.52001953125,8004.81005859375,77803600,0.020804382981719192,134.8786684197593,0.18193371079184853
2026-04-02,7962.39013671875,7993.080078125,7856.89013671875,7877.5,64754700,-0.0023683258990964667,134.55960974270172,0.17928716754333152
2026-04-07,7908.740234375,8075.18017578125,7881.0400390625,7997.91015625,67821300,-0.0067607165259763015,133.65295862436253,0.17343932997161793
2026-04-08,8263.8701171875,8305.4697265625,8111.169921875,8111.169921875,116465900,0.04392450830260545,139.65444029239265,0.23101571758130235
2026-04-09,8245.7998046875,8254.5595703125,8183.35986328125,8251.2099609375,65416300,-0.002189058872958157,139.34906286725047,0.22775720745986253
2026-04-10,8259.599609375,8320.3896484375,8242.75,8250.990234375,66317300,0.0016721567963053708,139.58227127595583,0.2203631157344906
2026-04-13,8235.98046875,8235.98046875,8163.3701171875,8178.22021484375,56841900,-0.0028636952025157683,139.18312198907253,0.2205525236589957
2026-04-14,8327.8603515625,8336.0498046875,8249.7900390625,8254.3798828125,64631600,0.011094144913493396,140.73583680989518,0.22096569815118028
2026-04-15,8274.5703125,8295.2802734375,8258.2900390625,8283.419921875,56143400,-0.006419568694652723,139.83526716481393,0.21941069982257963
2026-04-16,8262.7001953125,8331.080078125,8262.7001953125,8286.5,62275800,-0.0014355596614832222,139.63466931555953,0.21972310245339582
2026-04-17,8425.1298828125,8455.650390625,8263.5703125,8265.26953125,94163700,0.019467458205591488,142.3796334513706,0.22786304589131137
2026-04-20,8331.0498046875,8356.8095703125,8310.73046875,8313.7802734375,58215400,-0.011229417265852554,140.78973665157883,0.23268164645769285
2026-04-21,8235.7197265625,8357.9501953125,8230.7900390625,8320.0703125,53546700,-0.011508716911052402,139.17871560274997,0.22353110987479724
2026-04-22,8156.43017578125,8266.91015625,8156.43017578125,8266.91015625,66214200,-0.009674163504039952,137.83876982935737,0.21513328671787196
2026-04-23,8227.3203125,8242.2197265625,8142.490234375,8186.2001953125,67293000,0.008653766934346155,139.03677055121258,0.21537538308157753
2026-04-24,8157.81982421875,8224.2197265625,8116.9501953125,8167.06005859375,60608700,-0.008483406857620519,137.8622540530916,0.21902074249222167
2026-04-27,8141.919921875,8214.6298828125,8127.830078125,8160.18017578125,45059700,-0.001950940031505751,137.59355525567196,0.21596614287085877
2026-04-28,8104.08984375,8172.89013671875,8090.7001953125,8129.35009765625,54923600,-0.004657161610258361,136.95424966254842,0.2131501648848117
2026-04-29,8072.1298828125,8110.6201171875,8036.4599609375,8088.97998046875,57015000,-0.003951479772589493,136.41414552330136,0.2107604462194261
2026-04-30,8114.83984375,8115.080078125,7957.830078125,7962.83984375,98730200,0.00527709148449974,137.13591820426726,0.2095994120938825
